区,園名,年齢,weighted_score,weight,待機人数,受入可能数,入所児童数,通過率,難易度スコア
鶴見区,ＳＥＡ　ＫＩＤ保育園,2歳,147.5,29.5,0.43478260869565216,0.0,14.91304347826087,0.0,5.0
鶴見区,Ｐ’ｓスマイル保育園,1歳,147.5,29.5,8.695652173913043,0.0,8.0,0.0,5.0
鶴見区,Ｐ’ｓスマイル保育園,0歳,147.5,29.5,0.0,0.0,0.0,0.0,5.0
鶴見区,Ｊキッズプラネット鶴見保育園,2歳,147.5,29.5,1.1304347826086956,0.0,13.91304347826087,0.0,5.0
鶴見区,Ｊキッズプラネット鶴見保育園,1歳,147.5,29.5,9.869565217391305,0.0,8.0,0.0,5.0
鶴見区,Ｊキッズプラネット鶴見保育園,0歳,147.5,29.5,20.043478260869566,0.0,6.0,0.0,5.0
鶴見区,鶴見Ａｓａ保育園,5歳,147.5,29.5,0.0,0.0,0.0,0.0,5.0
鶴見区,鶴見Ａｓａ保育園,4歳,147.5,29.5,0.0,0.0,0.0,0.0,5.0
鶴見区,鶴見Ａｓａ保育園,3歳,147.5,29.5,0.0,0.0,0.0,0.0,5.0
鶴見区,鶴見Ａｓａ保育園,2歳,147.5,29.5,0.21739130434782608,0.0,4.086956521739131,0.0,5.0
鶴見区,鶴見Ａｓａ保育園,1歳,147.5,29.5,0.0,0.0,4.956521739130435,0.0,5.0
中区,うみの風保育園,2歳,147.5,29.5,1.0434782608695652,0.0,8.0,0.0,5.0
中区,うちゅう保育園やました,5歳,147.5,29.5,0.0,0.0,9.521739130434783,0.0,5.0
中区,うちゅう保育園やました,1歳,147.5,29.5,5.3478260869565215,0.0,10.0,0.0,5.0
中区,うちゅうこども園やまて,5歳,147.5,29.5,0.30434782608695654,0.0,12.434782608695652,0.0,5.0
鶴見区,鶴見乳幼児福祉センター保育園,1歳,147.5,29.5,2.9565217391304346,0.0,20.0,0.0,5.0
鶴見区,鶴見中央ハート保育園,5歳,147.5,29.5,0.0,0.0,0.0,0.0,5.0
鶴見区,鶴見中央ハート保育園,4歳,147.5,29.5,0.0,0.0,0.0,0.0,5.0
鶴見区,鶴見中央ハート保育園,3歳,147.5,29.5,0.0,0.0,0.0,0.0,5.0
中区,こもれび保育園根岸園,5歳,147.5,29.5,0.0,0.0,0.0,0.0,5.0
中区,こもれび保育園根岸園,4歳,147.5,29.5,0.0,0.0,0.0,0.0,5.0
中区,こもれび保育園根岸園,3歳,147.5,29.5,0.0,0.0,0.0,0.0,5.0
鶴見区,鶴見中央はなかご保育園,0歳,147.5,29.5,0.0,0.0,0.0,0.0,5.0
鶴見区,鶴見ルーナ保育園,5歳,147.5,29.5,0.17391304347826086,0.0,19.47826086956522,0.0,5.0
鶴見区,鶴見ポケット保育園,5歳,147.5,29.5,0.0,0.0,12.0,0.0,5.0
鶴見区,鶴見ハート保育園,5歳,55.0,11.0,0.0,0.0,0.0,0.0,5.0
鶴見区,鶴見ハート保育園,4歳,55.0,11.0,0.0,0.0,0.0,0.0,5.0
鶴見区,鶴見ハート保育園,3歳,55.0,11.0,0.0,0.0,0.0,0.0,5.0
鶴見区,鶴見ハート保育園,2歳,55.0,11.0,0.0,0.0,1.0,0.0,5.0
鶴見区,鶴見サンフラワー保育園,5歳,147.5,29.5,0.0,0.0,0.0,0.0,5.0
鶴見区,鶴見サンフラワー保育園,4歳,147.5,29.5,0.0,0.0,0.0,0.0,5.0
鶴見区,鶴見サンフラワー保育園,3歳,147.5,29.5,0.0,0.0,0.0,0.0,5.0
鶴見区,鶴見ぬくもり保育園,5歳,147.5,29.5,0.0,0.0,0.0,0.0,5.0
鶴見区,鶴見ぬくもり保育園,4歳,147.5,29.5,0.0,0.0,0.0,0.0,5.0
鶴見区,鶴見ぬくもり保育園,3歳,147.5,29.5,0.0,0.0,0.0,0.0,5.0
中区,ほんもくはら保育園,4歳,147.5,29.5,0.0,0.0,0.0,0.0,5.0
中区,ほんもくはら保育園,3歳,147.5,29.5,0.0,0.0,0.0,0.0,5.0
中区,のぞみ山手駅前保育園,5歳,147.5,29.5,0.0,0.0,0.0,0.0,5.0
中区,のぞみ山手駅前保育園,4歳,147.5,29.5,0.0,0.0,0.0,0.0,5.0
中区,のぞみ山手駅前保育園,3歳,147.5,29.5,0.0,0.0,0.0,0.0,5.0
中区,にじいろ保育園関内,5歳,147.5,29.5,0.0,0.0,9.91304347826087,0.0,5.0
中区,にじいろ保育園関内,4歳,147.5,29.5,0.043478260869565216,0.0,9.0,0.0,5.0
中区,にじいろ保育園関内,2歳,147.5,29.5,1.826086956521739,0.0,8.652173913043478,0.0,5.0
中区,にじいろ保育園関内,1歳,147.5,29.5,3.260869565217391,0.0,7.0,0.0,5.0
鶴見区,鶴見なのはな保育園,5歳,147.5,29.5,0.0,0.0,0.0,0.0,5.0
鶴見区,鶴見なのはな保育園,4歳,147.5,29.5,0.0,0.0,0.0,0.0,5.0
鶴見区,鶴見なのはな保育園,3歳,147.5,29.5,0.0,0.0,0.0,0.0,5.0
鶴見区,鶴見どろんこ保育園,2歳,147.5,29.5,4.043478260869565,0.0,17.956521739130434,0.0,5.0
鶴見区,鶴見どろんこ保育園,1歳,147.5,29.5,6.3478260869565215,0.0,16.0,0.0,5.0
鶴見区,鶴見どろんこ保育園,0歳,147.5,29.5,13.695652173913043,0.0,6.0,0.0,5.0
中区,アスクバイリンガル保育園　山下町,2歳,10.0,2.0,1.0,0.0,10.0,0.0,5.0
中区,アスクバイリンガル保育園　山下町,1歳,10.0,2.0,0.0,0.0,10.0,0.0,5.0
中区,ほんもくはら保育園,5歳,147.5,29.5,0.0,0.0,0.0,0.0,5.0
鶴見区,鶴見すずらん保育園,1歳,147.5,29.5,3.0869565217391304,0.0,15.91304347826087,0.0,5.0
鶴見区,鶴見あけぼの保育園,5歳,147.5,29.5,0.0,0.0,11.869565217391305,0.0,5.0
鶴見区,鶴見あけぼの保育園,4歳,147.5,29.5,0.0,0.0,10.478260869565217,0.0,5.0
鶴見区,駒岡こども園,3歳,55.0,11.0,0.7272727272727273,0.0,6.0,0.0,5.0
鶴見区,駒岡こども園,2歳,55.0,11.0,0.45454545454545453,0.0,6.0,0.0,5.0
鶴見区,駒岡こども園,1歳,55.0,11.0,0.6363636363636364,0.0,6.818181818181818,0.0,5.0
鶴見区,駒岡こども園,0歳,55.0,11.0,3.0,0.0,4.0,0.0,5.0
鶴見区,馬場どろんこ保育園,4歳,147.5,29.5,1.0434782608695652,0.0,13.956521739130435,0.0,5.0
鶴見区,馬場どろんこ保育園,0歳,147.5,29.5,16.304347826086957,0.0,6.0,0.0,5.0
鶴見区,豊岡ひまわり保育園,3歳,147.5,29.5,0.5217391304347826,0.0,12.0,0.0,5.0
鶴見区,豊岡ひまわり保育園,2歳,147.5,29.5,0.43478260869565216,0.0,10.0,0.0,5.0
鶴見区,認定こども園　ＹＭＣＡつるみ保育園,5歳,147.5,29.5,0.4782608695652174,0.0,10.0,0.0,5.0
鶴見区,認定こども園　ＹＭＣＡつるみ保育園,4歳,147.5,29.5,0.5652173913043478,0.0,9.956521739130435,0.0,5.0
鶴見区,認定こども園　ＹＭＣＡつるみ保育園,3歳,147.5,29.5,0.8260869565217391,0.0,10.565217391304348,0.0,5.0
鶴見区,認定こども園　ＹＭＣＡつるみ保育園,2歳,147.5,29.5,0.6521739130434783,0.0,11.130434782608695,0.0,5.0
鶴見区,認定こども園　若葉幼稚園,5歳,137.5,27.5,0.0,0.0,1.5909090909090908,0.0,5.0
鶴見区,認定こども園　若葉幼稚園,4歳,137.5,27.5,0.0,0.0,0.22727272727272727,0.0,5.0
鶴見区,認定こども園　若葉幼稚園,3歳,137.5,27.5,0.0,0.0,0.0,0.0,5.0
中区,アミー保育室　本牧原,5歳,55.0,11.0,0.0,0.0,0.0,0.0,5.0
中区,アミー保育室　本牧原,4歳,55.0,11.0,0.0,0.0,0.0,0.0,5.0
中区,アミー保育室　本牧原,3歳,55.0,11.0,0.0,0.0,0.0,0.0,5.0
中区,アミー保育室　本牧原,1歳,55.0,11.0,0.0,0.0,0.0,0.0,5.0
中区,アミー保育室　本牧原,0歳,55.0,11.0,0.0,0.0,0.0,0.0,5.0
鶴見区,認定こども園　若葉幼稚園,2歳,137.5,27.5,0.0,0.0,0.0,0.0,5.0
鶴見区,認定こども園　若葉幼稚園,1歳,137.5,27.5,0.0,0.0,0.0,0.0,5.0
鶴見区,認定こども園　若葉幼稚園,0歳,137.5,27.5,0.0,0.0,0.0,0.0,5.0
鶴見区,花月園前ここわ保育園,5歳,147.5,29.5,0.0,0.0,13.869565217391305,0.0,5.0
鶴見区,花月園前ここわ保育園,1歳,147.5,29.5,1.2173913043478262,0.0,11.956521739130435,0.0,5.0
鶴見区,花月園前ここわ保育園,0歳,147.5,29.5,11.826086956521738,0.0,7.0,0.0,5.0
中区,キディ石川町・横浜,2歳,147.5,29.5,1.5217391304347827,0.0,12.0,0.0,5.0
中区,キッズパートナー横浜市役所,5歳,147.5,29.5,0.0,0.0,0.0,0.0,5.0
中区,キッズパートナー横浜市役所,4歳,147.5,29.5,0.0,0.0,0.0,0.0,5.0
中区,キッズパートナー横浜市役所,3歳,147.5,29.5,0.0,0.0,0.0,0.0,5.0
鶴見区,矢向つぼみ保育園,5歳,147.5,29.5,0.0,0.0,0.0,0.0,5.0
鶴見区,矢向つぼみ保育園,4歳,147.5,29.5,0.0,0.0,0.0,0.0,5.0
鶴見区,矢向つぼみ保育園,3歳,147.5,29.5,0.0,0.0,0.0,0.0,5.0
鶴見区,矢向あけぼの保育園,5歳,147.5,29.5,0.0,0.0,9.73913043478261,0.0,5.0
鶴見区,矢向あけぼの保育園,4歳,147.5,29.5,0.0,0.0,11.173913043478262,0.0,5.0
鶴見区,生麦保育園,0歳,147.5,29.5,0.0,0.0,0.0,0.0,5.0
鶴見区,生麦ポケット保育園,1歳,147.5,29.5,1.391304347826087,0.0,7.956521739130435,0.0,5.0
鶴見区,横浜市馬場保育園,2歳,147.5,29.5,0.9565217391304348,0.0,9.0,0.0,5.0
鶴見区,横浜市馬場保育園,0歳,147.5,29.5,0.0,0.0,0.0,0.0,5.0
鶴見区,横浜市潮田保育園,2歳,147.5,29.5,2.1739130434782608,0.0,18.0,0.0,5.0
鶴見区,桑の実鶴見保育園,1歳,147.5,29.5,3.782608695652174,0.0,10.0,0.0,5.0
鶴見区,桑の実鶴見保育園,0歳,147.5,29.5,6.434782608695652,0.0,6.0,0.0,5.0
鶴見区,桑の実馬場保育園,5歳,147.5,29.5,0.0,0.0,0.0,0.0,5.0
鶴見区,桑の実馬場保育園,4歳,147.5,29.5,0.0,0.0,0.0,0.0,5.0
鶴見区,桑の実馬場保育園,3歳,147.5,29.5,0.0,0.0,0.0,0.0,5.0
鶴見区,桑の実馬場保育園,2歳,147.5,29.5,0.0,0.0,7.521739130434782,0.0,5.0
鶴見区,桑の実馬場保育園,0歳,147.5,29.5,1.9130434782608696,0.0,3.0,0.0,5.0
中区,スターチャイルド《桜木町ステーションナーサリー》,0歳,147.5,29.5,86.52173913043478,0.0,3.0,0.0,5.0
中区,シュハリィ本牧保育園,5歳,147.5,29.5,0.0,0.0,0.0,0.0,5.0
中区,シュハリィ本牧保育園,4歳,147.5,29.5,0.0,0.0,0.0,0.0,5.0
中区,シュハリィ本牧保育園,3歳,147.5,29.5,0.0,0.0,0.0,0.0,5.0
中区,シュハリィ本牧保育園,0歳,147.5,29.5,0.0,0.0,0.13043478260869565,0.0,5.0
中区,クラウン保育園,0歳,147.5,29.5,0.0,0.0,0.0,0.0,5.0
鶴見区,東寺尾どろんこ保育園,1歳,147.5,29.5,6.0,0.0,24.0,0.0,5.0
鶴見区,末吉にこにこ保育園,4歳,147.5,29.5,0.30434782608695654,0.0,12.0,0.0,5.0
鶴見区,末吉にこにこ保育園,1歳,147.5,29.5,5.0,0.0,9.956521739130435,0.0,5.0
鶴見区,末吉いづみ保育園,5歳,147.5,29.5,0.2608695652173913,0.0,36.47826086956522,0.0,5.0
鶴見区,末吉いづみ保育園,4歳,147.5,29.5,0.34782608695652173,0.0,36.0,0.0,5.0
中区,ポピンズナーサリースクール馬車道,2歳,147.5,29.5,4.565217391304348,0.0,8.73913043478261,0.0,5.0
中区,ポピンズナーサリースクール馬車道,1歳,147.5,29.5,4.826086956521739,0.0,9.0,0.0,5.0
中区,ニチイキッズ桜木町保育園,5歳,147.5,29.5,0.0,0.0,0.0,0.0,5.0
中区,ニチイキッズ桜木町保育園,4歳,147.5,29.5,0.0,0.0,0.0,0.0,5.0
中区,ニチイキッズ桜木町保育園,3歳,147.5,29.5,0.0,0.0,0.0,0.0,5.0
中区,ニチイキッズ桜木町保育園,0歳,147.5,29.5,1.6956521739130435,0.0,4.739130434782608,0.0,5.0
中区,スターチャイルド《桜木町ステーションナーサリー》,5歳,147.5,29.5,0.0,0.0,10.0,0.0,5.0
中区,スターチャイルド《桜木町ステーションナーサリー》,3歳,147.5,29.5,0.043478260869565216,0.0,10.0,0.0,5.0
鶴見区,明日葉保育園鶴見園,0歳,147.5,29.5,0.0,0.0,0.0,0.0,5.0
鶴見区,明日葉保育園駒岡園,3歳,147.5,29.5,0.34782608695652173,0.0,10.956521739130435,0.0,5.0
鶴見区,新鶴見はなかご保育園,4歳,147.5,29.5,0.8260869565217391,0.0,12.0,0.0,5.0
鶴見区,幼保連携型認定こども園　あさひ台幼稚園,5歳,147.5,29.5,1.0,0.0,10.0,0.0,5.0
鶴見区,幼保連携型認定こども園　あさひ台幼稚園,4歳,147.5,29.5,1.0,0.0,10.0,0.0,5.0
鶴見区,幼保連携型認定こども園　あさひ台幼稚園,1歳,147.5,29.5,3.5217391304347827,0.0,10.0,0.0,5.0
鶴見区,幼保連携型認定こども園　あさひ台幼稚園,0歳,147.5,29.5,0.0,0.0,0.0,0.0,5.0
鶴見区,市場保育園,5歳,147.5,29.5,0.0,0.0,24.82608695652174,0.0,5.0
中区,ララランド横浜伊勢佐木,3歳,147.5,29.5,0.43478260869565216,0.0,16.782608695652176,0.0,5.0
中区,ラフ・クルー元町保育園,5歳,147.5,29.5,0.0,0.0,11.0,0.0,5.0
中区,ヨコハマきぼう保育園,1歳,147.5,29.5,1.0869565217391304,0.0,12.0,0.0,5.0
鶴見区,尻手スマイル保育園,5歳,147.5,29.5,0.0,0.0,0.0,0.0,5.0
鶴見区,尻手スマイル保育園,4歳,147.5,29.5,0.0,0.0,0.0,0.0,5.0
鶴見区,尻手スマイル保育園,3歳,147.5,29.5,0.0,0.0,0.0,0.0,5.0
鶴見区,太陽の子　鶴見市場保育園,5歳,147.5,29.5,0.043478260869565216,0.0,11.08695652173913,0.0,5.0
鶴見区,太陽の子　鶴見市場保育園,3歳,147.5,29.5,0.9565217391304348,0.0,13.0,0.0,5.0
鶴見区,太陽の子　鶴見市場保育園,1歳,147.5,29.5,3.4782608695652173,0.0,8.0,0.0,5.0
鶴見区,北寺尾４丁目むつみ小規模保育施設,5歳,147.5,29.5,0.0,0.0,0.0,0.0,5.0
鶴見区,北寺尾４丁目むつみ小規模保育施設,4歳,147.5,29.5,0.0,0.0,0.0,0.0,5.0
鶴見区,北寺尾４丁目むつみ小規模保育施設,3歳,147.5,29.5,0.0,0.0,0.0,0.0,5.0
鶴見区,北寺尾４丁目むつみ小規模保育施設,2歳,147.5,29.5,0.7391304347826086,0.0,4.0,0.0,5.0
鶴見区,北寺尾４丁目むつみ小規模保育施設,1歳,147.5,29.5,1.5217391304347827,0.0,4.0,0.0,5.0
鶴見区,北寺尾４丁目むつみ小規模保育施設,0歳,147.5,29.5,0.0,0.0,0.0,0.0,5.0
鶴見区,北寺尾第二むつみ保育園,5歳,147.5,29.5,0.0,0.0,13.043478260869565,0.0,5.0
鶴見区,北寺尾第二むつみ保育園,1歳,147.5,29.5,2.0,0.0,8.956521739130435,0.0,5.0
鶴見区,北寺尾むつみ小規模保育施設,5歳,147.5,29.5,0.0,0.0,0.0,0.0,5.0
鶴見区,北寺尾むつみ小規模保育施設,4歳,147.5,29.5,0.0,0.0,0.0,0.0,5.0
鶴見区,北寺尾むつみ小規模保育施設,3歳,147.5,29.5,0.0,0.0,0.0,0.0,5.0
鶴見区,北寺尾むつみ小規模保育施設,1歳,147.5,29.5,1.0434782608695652,0.0,4.0,0.0,5.0
中区,保育ルーム山下公園,2歳,55.0,11.0,0.0,0.0,0.0,0.0,5.0
中区,保育ルーム山下公園,1歳,55.0,11.0,0.0,0.0,0.0,0.0,5.0
中区,保育ルーム山下公園,0歳,55.0,11.0,0.0,0.0,0.0,0.0,5.0
中区,伊勢佐木町保育園,5歳,147.5,29.5,0.0,0.0,0.0,0.0,5.0
中区,伊勢佐木町保育園,4歳,147.5,29.5,0.0,0.0,0.0,0.0,5.0
中区,伊勢佐木町保育園,3歳,147.5,29.5,0.0,0.0,0.0,0.0,5.0
中区,ル・ボワ保育園,5歳,147.5,29.5,0.0,0.0,0.0,0.0,5.0
中区,ル・ボワ保育園,4歳,147.5,29.5,0.0,0.0,0.0,0.0,5.0
中区,ル・ボワ保育園,3歳,147.5,29.5,0.0,0.0,0.0,0.0,5.0
鶴見区,北寺尾むつみ小規模保育施設,0歳,147.5,29.5,0.0,0.0,0.0,0.0,5.0
鶴見区,北寺尾むつみ保育園,3歳,147.5,29.5,0.7391304347826086,0.0,15.478260869565217,0.0,5.0
鶴見区,北寺尾むつみ保育園,2歳,147.5,29.5,2.130434782608696,0.0,9.0,0.0,5.0
鶴見区,北寺尾むつみ保育園,1歳,147.5,29.5,1.4782608695652173,0.0,8.782608695652174,0.0,5.0
鶴見区,入船の森保育園,0歳,147.5,29.5,0.0,0.0,0.0,0.0,5.0
鶴見区,保育室ベルファミーユ,5歳,55.0,11.0,0.0,0.0,0.0,0.0,5.0
鶴見区,保育室ベルファミーユ,4歳,55.0,11.0,0.0,0.0,0.0,0.0,5.0
鶴見区,保育室ベルファミーユ,3歳,55.0,11.0,0.0,0.0,0.0,0.0,5.0
中区,保育園ばんびーな,2歳,147.5,29.5,0.8695652173913043,0.0,9.0,0.0,5.0
中区,保育園ばんびーな,0歳,147.5,29.5,0.0,0.0,0.0,0.0,5.0
中区,保育園ころころキッズガーデン,5歳,147.5,29.5,0.0,0.0,0.0,0.0,5.0
中区,保育園ころころキッズガーデン,4歳,147.5,29.5,0.0,0.0,0.0,0.0,5.0
中区,保育園ころころキッズガーデン,3歳,147.5,29.5,0.0,0.0,0.0,0.0,5.0
中区,保育ルーム山下公園,5歳,55.0,11.0,0.0,0.0,0.0,0.0,5.0
中区,保育ルーム山下公園,4歳,55.0,11.0,0.0,0.0,0.0,0.0,5.0
中区,保育ルーム山下公園,3歳,55.0,11.0,0.0,0.0,0.0,0.0,5.0
鶴見区,保育室ベルファミーユ,2歳,55.0,11.0,0.9090909090909091,0.0,4.090909090909091,0.0,5.0
鶴見区,保育室ベルファミーユ,1歳,55.0,11.0,0.2727272727272727,0.0,3.0,0.0,5.0
鶴見区,保育室ベルファミーユ,0歳,55.0,11.0,0.9090909090909091,0.0,0.0,0.0,5.0
鶴見区,保育園スカイ・ウイング,5歳,147.5,29.5,0.0,0.0,22.304347826086957,0.0,5.0
鶴見区,上末吉白百合保育園,5歳,147.5,29.5,0.0,0.0,12.0,0.0,5.0
鶴見区,三色えのぐの保育園,5歳,147.5,29.5,0.0,0.0,0.0,0.0,5.0
中区,太陽の子　不動下保育園,4歳,147.5,29.5,0.08695652173913043,0.0,9.956521739130435,0.0,5.0
中区,太陽の子　不動下保育園,3歳,147.5,29.5,1.4782608695652173,0.0,10.0,0.0,5.0
中区,太陽の子　不動下保育園,2歳,147.5,29.5,4.173913043478261,0.0,9.0,0.0,5.0
中区,太陽の子　不動下保育園,1歳,147.5,29.5,6.608695652173913,0.0,8.0,0.0,5.0
中区,太陽の子　不動下保育園,0歳,147.5,29.5,8.652173913043478,0.0,3.0,0.0,5.0
中区,保育園小紅,5歳,147.5,29.5,0.0,0.0,0.0,0.0,5.0
中区,保育園小紅,4歳,147.5,29.5,0.0,0.0,0.0,0.0,5.0
中区,保育園小紅,3歳,147.5,29.5,0.0,0.0,0.0,0.0,5.0
鶴見区,三色えのぐの保育園,4歳,147.5,29.5,0.0,0.0,0.0,0.0,5.0
鶴見区,三色えのぐの保育園,3歳,147.5,29.5,0.0,0.0,0.0,0.0,5.0
鶴見区,ルーチェ保育園　鶴見,5歳,147.5,29.5,0.043478260869565216,0.0,12.0,0.0,5.0
鶴見区,ルーチェ保育園　鶴見,1歳,147.5,29.5,40.08695652173913,0.0,12.0,0.0,5.0
鶴見区,ルーチェ保育園　鶴見,0歳,147.5,29.5,118.3913043478261,0.0,6.0,0.0,5.0
鶴見区,リュミエール小規模保育園,5歳,147.5,29.5,0.0,0.0,0.0,0.0,5.0
鶴見区,リュミエール小規模保育園,4歳,147.5,29.5,0.0,0.0,0.0,0.0,5.0
鶴見区,リュミエール小規模保育園,3歳,147.5,29.5,0.0,0.0,0.0,0.0,5.0
鶴見区,リュミエール小規模保育園,2歳,147.5,29.5,0.0,0.0,3.739130434782609,0.0,5.0
中区,打越保育園,0歳,147.5,29.5,0.0,0.0,0.0,0.0,5.0
中区,徳育ナーサリー山下公園,5歳,147.5,29.5,0.0,0.0,0.0,0.0,5.0
中区,徳育ナーサリー山下公園,4歳,147.5,29.5,0.0,0.0,0.0,0.0,5.0
中区,徳育ナーサリー山下公園,3歳,147.5,29.5,0.0,0.0,0.0,0.0,5.0
中区,山元町保育園,0歳,147.5,29.5,3.652173913043478,0.0,3.0,0.0,5.0
鶴見区,リュミエール小規模保育園,0歳,147.5,29.5,0.0,0.0,0.0,0.0,5.0
鶴見区,ヨコハマさくら保育園,1歳,147.5,29.5,0.6956521739130435,0.0,14.08695652173913,0.0,5.0
鶴見区,ユニコーン・キッズクラブ,5歳,147.5,29.5,0.0,0.0,0.0,0.0,5.0
鶴見区,ユニコーン・キッズクラブ,4歳,147.5,29.5,0.0,0.0,0.0,0.0,5.0
鶴見区,ユニコーン・キッズクラブ,3歳,147.5,29.5,0.0,0.0,0.0,0.0,5.0
鶴見区,ポピンズナーサリースクール鶴見,1歳,147.5,29.5,1.6521739130434783,0.0,8.0,0.0,5.0
鶴見区,ベネッセ菊名保育園,5歳,147.5,29.5,0.043478260869565216,0.0,11.0,0.0,5.0
鶴見区,ベネッセ菊名保育園,4歳,147.5,29.5,0.6521739130434783,0.0,11.0,0.0,5.0
鶴見区,ベネッセ菊名保育園,3歳,147.5,29.5,0.7391304347826086,0.0,11.0,0.0,5.0
鶴見区,ベネッセ菊名保育園,2歳,147.5,29.5,1.9565217391304348,0.0,11.0,0.0,5.0
鶴見区,ベネッセ菊名保育園,1歳,147.5,29.5,5.043478260869565,0.0,10.0,0.0,5.0
鶴見区,ベネッセ菊名保育園,0歳,147.5,29.5,12.91304347826087,0.0,6.0,0.0,5.0
中区,新山下二丁目保育所,3歳,147.5,29.5,0.0,0.0,18.652173913043477,0.0,5.0
鶴見区,フラッフィー小規模保育園,5歳,147.5,29.5,0.0,0.0,0.0,0.0,5.0
鶴見区,フラッフィー小規模保育園,4歳,147.5,29.5,0.0,0.0,0.0,0.0,5.0
鶴見区,フラッフィー小規模保育園,3歳,147.5,29.5,0.0,0.0,0.0,0.0,5.0
鶴見区,フラッフィー小規模保育園,1歳,147.5,29.5,1.434782608695652,0.0,5.0,0.0,5.0
鶴見区,フラッフィー小規模保育園,0歳,147.5,29.5,0.0,0.0,0.0,0.0,5.0
鶴見区,フェアリーテイルみらい,0歳,147.5,29.5,0.0,0.0,0.0,0.0,5.0
鶴見区,スターチャイルド≪矢向ナーサリー≫,1歳,147.5,29.5,4.260869565217392,0.0,7.913043478260869,0.0,5.0
鶴見区,オハナ鶴見保育園,2歳,147.5,29.5,0.08695652173913043,0.0,14.91304347826087,0.0,5.0
鶴見区,オハナ鶴見保育園,0歳,147.5,29.5,3.260869565217391,0.0,3.9130434782608696,0.0,5.0
鶴見区,わくわくの森保育園,1歳,147.5,29.5,1.4782608695652173,0.0,13.0,0.0,5.0
中区,横浜市竹之丸保育園,1歳,147.5,29.5,3.9565217391304346,0.0,16.0,0.0,5.0
中区,横浜市山手保育園,0歳,147.5,29.5,0.0,0.0,0.0,0.0,5.0
中区,木下の保育園　本牧,2歳,147.5,29.5,0.5217391304347826,0.0,12.608695652173912,0.0,5.0
鶴見区,わおわお江ヶ崎保育園,5歳,147.5,29.5,0.0,0.0,13.91304347826087,0.0,5.0
鶴見区,わおわお江ヶ崎保育園,1歳,147.5,29.5,1.826086956521739,0.0,12.0,0.0,5.0
鶴見区,わおわお江ヶ崎保育園,0歳,147.5,29.5,8.217391304347826,0.0,6.0,0.0,5.0
鶴見区,わおわお東寺尾保育園,5歳,147.5,29.5,0.043478260869565216,0.0,14.0,0.0,5.0
鶴見区,わおわお東寺尾保育園,4歳,147.5,29.5,1.173913043478261,0.0,13.956521739130435,0.0,5.0
鶴見区,わおわお東寺尾保育園,2歳,147.5,29.5,3.130434782608696,0.0,11.91304347826087,0.0,5.0
鶴見区,わおわお東寺尾保育園,1歳,147.5,29.5,5.782608695652174,0.0,8.0,0.0,5.0
鶴見区,わおわお東寺尾保育園,0歳,147.5,29.5,8.73913043478261,0.0,6.0,0.0,5.0
鶴見区,みんなのいえ東寺尾,5歳,92.5,18.5,0.0,0.0,0.0,0.0,5.0
鶴見区,みんなのいえ東寺尾,4歳,92.5,18.5,0.0,0.0,0.0,0.0,5.0
鶴見区,みんなのいえ東寺尾,3歳,92.5,18.5,0.0,0.0,0.0,0.0,5.0
鶴見区,みゆさと保育園,5歳,147.5,29.5,0.043478260869565216,0.0,12.0,0.0,5.0
中区,高風保育園,0歳,147.5,29.5,0.0,0.0,0.0,0.0,5.0
中区,横濱中華幼保園,2歳,147.5,29.5,4.6521739130434785,0.0,20.0,0.0,5.0
中区,横浜市錦保育園,0歳,147.5,29.5,0.0,0.0,0.0,0.0,5.0
鶴見区,みつる保育園,3歳,147.5,29.5,0.6956521739130435,0.0,22.043478260869566,0.0,5.0
鶴見区,みつる保育園,2歳,147.5,29.5,0.8260869565217391,0.0,20.0,0.0,5.0
鶴見区,みつる保育園,1歳,147.5,29.5,3.0434782608695654,0.0,20.0,0.0,5.0
鶴見区,みつる保育園,0歳,147.5,29.5,5.869565217391305,0.0,7.565217391304348,0.0,5.0
鶴見区,みつばち保育園,5歳,147.5,29.5,0.0,0.0,16.043478260869566,0.0,5.0
鶴見区,みつばち保育園,4歳,147.5,29.5,1.0869565217391304,0.0,15.608695652173912,0.0,5.0
鶴見区,まなびの森　駒岡こども園,5歳,92.5,18.5,0.0,0.0,6.0,0.0,5.0
鶴見区,まなびの森　駒岡こども園,4歳,92.5,18.5,0.3333333333333333,0.0,6.0,0.0,5.0
鶴見区,まなびの森　駒岡こども園,3歳,92.5,18.5,0.0,0.0,6.083333333333333,0.0,5.0
鶴見区,まなびの森　駒岡こども園,2歳,92.5,18.5,0.0,0.0,6.916666666666667,0.0,5.0
鶴見区,まなびの森　駒岡こども園,1歳,92.5,18.5,2.0833333333333335,0.0,6.0,0.0,5.0
鶴見区,まなびの森　駒岡こども園,0歳,92.5,18.5,2.1666666666666665,0.0,4.0,0.0,5.0
鶴見区,ぶれすと尻手ほいくえん附属元宮,5歳,147.5,29.5,0.0,0.0,0.0,0.0,5.0
鶴見区,ぶれすと尻手ほいくえん附属元宮,4歳,147.5,29.5,0.0,0.0,0.0,0.0,5.0
鶴見区,ぶれすと尻手ほいくえん附属元宮,3歳,147.5,29.5,0.0,0.0,0.0,0.0,5.0
鶴見区,ぶれすと尻手ほいくえん附属元宮,2歳,147.5,29.5,0.0,0.0,8.0,0.0,5.0
保土ケ谷区,あーす保育園保土ケ谷,0歳,147.5,29.5,0.0,0.0,0.0,0.0,5.0
鶴見区,ぶれすと尻手ほいくえん,2歳,147.5,29.5,1.0434782608695652,0.0,9.043478260869565,0.0,5.0
鶴見区,ひまわりニコニコ保育園,5歳,147.5,29.5,0.0,0.0,0.0,0.0,5.0
鶴見区,ひまわりニコニコ保育園,4歳,147.5,29.5,0.0,0.0,0.0,0.0,5.0
鶴見区,ひまわりニコニコ保育園,3歳,147.5,29.5,0.0,0.0,0.0,0.0,5.0
鶴見区,ひだまりの保育園,5歳,147.5,29.5,0.0,0.0,0.0,0.0,5.0
鶴見区,ひだまりの保育園,4歳,147.5,29.5,0.0,0.0,0.0,0.0,5.0
鶴見区,ひだまりの保育園,3歳,147.5,29.5,0.0,0.0,0.0,0.0,5.0
鶴見区,ねむの樹　北寺尾保育園,5歳,147.5,29.5,0.43478260869565216,0.0,8.0,0.0,5.0
鶴見区,ねむの樹　北寺尾保育園,4歳,147.5,29.5,0.43478260869565216,0.0,7.521739130434782,0.0,5.0
鶴見区,ねむの樹　北寺尾保育園,0歳,147.5,29.5,4.565217391304348,0.0,5.956521739130435,0.0,5.0
鶴見区,ねむの樹　元宮保育園,5歳,147.5,29.5,0.0,0.0,26.73913043478261,0.0,5.0
鶴見区,ねむの樹　元宮保育園,1歳,147.5,29.5,0.0,0.0,0.0,0.0,5.0
鶴見区,ねむの樹　元宮保育園,0歳,147.5,29.5,0.0,0.0,0.0,0.0,5.0
鶴見区,にじの風保育園,2歳,147.5,29.5,1.1304347826086956,0.0,10.0,0.0,5.0
保土ケ谷区,おれんじハウス星川保育園,4歳,147.5,29.5,0.0,0.0,0.0,0.0,5.0
保土ケ谷区,おれんじハウス星川保育園,3歳,147.5,29.5,0.0,0.0,0.0,0.0,5.0
保土ケ谷区,おおきくなぁ～れ　プチベベ保育室,5歳,147.5,29.5,0.0,0.0,0.0,0.0,5.0
保土ケ谷区,おおきくなぁ～れ　プチベベ保育室,4歳,147.5,29.5,0.0,0.0,0.0,0.0,5.0
保土ケ谷区,おおきくなぁ～れ　プチベベ保育室,3歳,147.5,29.5,0.0,0.0,0.0,0.0,5.0
保土ケ谷区,えぶち保育園（分園含む）,1歳,147.5,29.5,11.652173913043478,0.0,10.956521739130435,0.0,5.0
鶴見区,にじいろ保育園駒岡四丁目,1歳,147.5,29.5,1.7391304347826086,0.0,5.0,0.0,5.0
鶴見区,にじいろ保育園駒岡四丁目,0歳,147.5,29.5,0.0,0.0,0.0,0.0,5.0
鶴見区,にじいろ保育園駒岡,0歳,147.5,29.5,0.0,0.0,0.0,0.0,5.0
鶴見区,しおつるばしハート保育園,5歳,147.5,29.5,0.0,0.0,0.0,0.0,5.0
鶴見区,しおつるばしハート保育園,4歳,147.5,29.5,0.0,0.0,0.0,0.0,5.0
鶴見区,しおつるばしハート保育園,3歳,147.5,29.5,0.0,0.0,0.0,0.0,5.0
鶴見区,きらぼし保育園,5歳,147.5,29.5,0.0,0.0,0.0,0.0,5.0
鶴見区,きらぼし保育園,4歳,147.5,29.5,0.0,0.0,0.0,0.0,5.0
鶴見区,きらぼし保育園,3歳,147.5,29.5,0.0,0.0,0.0,0.0,5.0
保土ケ谷区,にじいろ保育園上星川,1歳,147.5,29.5,8.91304347826087,0.0,8.0,0.0,5.0
保土ケ谷区,たしろ保育室,5歳,147.5,29.5,0.0,0.0,0.0,0.0,5.0
保土ケ谷区,たしろ保育室,4歳,147.5,29.5,0.0,0.0,0.0,0.0,5.0
保土ケ谷区,たしろ保育室,3歳,147.5,29.5,0.0,0.0,0.0,0.0,5.0
保土ケ谷区,たしろ保育室,2歳,147.5,29.5,0.0,0.0,3.652173913043478,0.0,5.0
保土ケ谷区,たしろ保育室,1歳,147.5,29.5,0.6086956521739131,0.0,1.0869565217391304,0.0,5.0
保土ケ谷区,おれんじハウス星川保育園,5歳,147.5,29.5,0.0,0.0,0.0,0.0,5.0
鶴見区,きくなハート保育園,4歳,147.5,29.5,0.5652173913043478,0.0,13.0,0.0,5.0
鶴見区,きくなハート保育園,0歳,147.5,29.5,4.304347826086956,0.0,3.0,0.0,5.0
鶴見区,かもめ保育園,2歳,147.5,29.5,0.5217391304347826,0.0,12.0,0.0,5.0
鶴見区,かもめ保育園,1歳,147.5,29.5,1.826086956521739,0.0,12.0,0.0,5.0
鶴見区,おれんじハウス鶴見保育園,5歳,147.5,29.5,0.0,0.0,0.0,0.0,5.0
鶴見区,おれんじハウス鶴見保育園,4歳,147.5,29.5,0.0,0.0,0.0,0.0,5.0
鶴見区,おれんじハウス鶴見保育園,3歳,147.5,29.5,0.0,0.0,0.0,0.0,5.0
鶴見区,おれんじハウス鶴見保育園,2歳,147.5,29.5,0.0,0.0,5.913043478260869,0.0,5.0
鶴見区,おれんじハウス鶴見保育園,1歳,147.5,29.5,0.30434782608695654,0.0,6.0,0.0,5.0
保土ケ谷区,ひかりの風保育園,0歳,147.5,29.5,12.782608695652174,0.0,6.0,0.0,5.0
保土ケ谷区,ばばほいくしつ星川,5歳,147.5,29.5,0.0,0.0,0.0,0.0,5.0
保土ケ谷区,ばばほいくしつ星川,4歳,147.5,29.5,0.0,0.0,0.0,0.0,5.0
保土ケ谷区,ばばほいくしつ星川,3歳,147.5,29.5,0.0,0.0,0.0,0.0,5.0
保土ケ谷区,ばばほいくしつ星川,1歳,147.5,29.5,1.565217391304348,0.0,5.0,0.0,5.0
保土ケ谷区,にじいろ保育園天王町,0歳,147.5,29.5,0.0,0.0,0.0,0.0,5.0
鶴見区,えみ保育園,5歳,147.5,29.5,0.08695652173913043,0.0,19.0,0.0,5.0
鶴見区,えみ保育園,2歳,147.5,29.5,2.739130434782609,0.0,14.91304347826087,0.0,5.0
鶴見区,えみ保育園,1歳,147.5,29.5,4.478260869565218,0.0,11.956521739130435,0.0,5.0
鶴見区,あーす保育園鶴見中央,0歳,147.5,29.5,0.0,0.0,0.0,0.0,5.0
鶴見区,あゆみ保育園　鶴見,4歳,147.5,29.5,0.0,0.0,17.130434782608695,0.0,5.0
鶴見区,Gakkenほいくえん矢向,0歳,147.5,29.5,0.0,0.0,0.0,0.0,5.0
青葉区,ＭＩＷＡあかね台光の子保育園,1歳,147.5,29.5,8.391304347826088,0.0,16.0,0.0,5.0
青葉区,青葉ぽかぽか保育室,5歳,147.5,29.5,0.0,0.0,0.0,0.0,5.0
青葉区,青葉ぽかぽか保育室,4歳,147.5,29.5,0.0,0.0,0.0,0.0,5.0
青葉区,青葉ぽかぽか保育室,3歳,147.5,29.5,0.0,0.0,0.0,0.0,5.0
青葉区,青葉ぽかぽか保育室,2歳,147.5,29.5,0.34782608695652173,0.0,2.5217391304347827,0.0,5.0
青葉区,青葉ぽかぽか保育室,1歳,147.5,29.5,0.7391304347826086,0.0,2.347826086956522,0.0,5.0
保土ケ谷区,まなびの森　星川こども園,2歳,92.5,18.5,1.0833333333333333,0.0,20.833333333333332,0.0,5.0
保土ケ谷区,まなびの森　星川こども園,1歳,92.5,18.5,5.083333333333333,0.0,20.166666666666668,0.0,5.0
保土ケ谷区,まなびの森　星川こども園,0歳,92.5,18.5,9.833333333333334,0.0,6.0,0.0,5.0
保土ケ谷区,ひかりの風保育園,2歳,147.5,29.5,4.130434782608695,0.0,10.0,0.0,5.0
保土ケ谷区,ひかりの風保育園,1歳,147.5,29.5,12.173913043478262,0.0,8.0,0.0,5.0
青葉区,認定こども園大場白ゆり幼稚園,2歳,147.5,29.5,0.0,0.0,0.0,0.0,5.0
青葉区,認定こども園大場白ゆり幼稚園,1歳,147.5,29.5,0.0,0.0,0.0,0.0,5.0
青葉区,認定こども園大場白ゆり幼稚園,0歳,147.5,29.5,0.0,0.0,0.0,0.0,5.0
青葉区,認定こども園三陽幼稚園・三陽保育園,5歳,147.5,29.5,0.9565217391304348,0.0,13.956521739130435,0.0,5.0
青葉区,認定こども園三陽幼稚園・三陽保育園,4歳,147.5,29.5,0.8260869565217391,0.0,14.043478260869565,0.0,5.0
青葉区,認定こども園ナザレ幼稚園,2歳,147.5,29.5,0.0,0.0,0.0,0.0,5.0
青葉区,認定こども園ナザレ幼稚園,1歳,147.5,29.5,0.0,0.0,0.0,0.0,5.0
青葉区,認定こども園ナザレ幼稚園,0歳,147.5,29.5,0.0,0.0,0.0,0.0,5.0
青葉区,認定こども園あざみ野白ゆり幼稚園,0歳,147.5,29.5,0.0,0.0,0.0,0.0,5.0
青葉区,藤が丘もみじ保育センター,5歳,55.0,11.0,0.0,0.0,7.0,0.0,5.0
保土ケ谷区,アミー保育園　三ツ沢園,2歳,147.5,29.5,4.565217391304348,0.0,10.0,0.0,5.0
保土ケ谷区,アミー保育園　三ツ沢園,1歳,147.5,29.5,4.739130434782608,0.0,9.869565217391305,0.0,5.0
保土ケ谷区,アスク和田町保育園,4歳,147.5,29.5,0.0,0.0,11.608695652173912,0.0,5.0
保土ケ谷区,アスク和田町保育園,3歳,147.5,29.5,0.21739130434782608,0.0,11.608695652173912,0.0,5.0
保土ケ谷区,りとる・ルーナ保育園,4歳,55.0,11.0,0.9090909090909091,0.0,13.0,0.0,5.0
保土ケ谷区,りとる・ルーナ保育園,3歳,55.0,11.0,0.0,0.0,13.0,0.0,5.0
保土ケ谷区,りとる・ルーナ保育園,0歳,55.0,11.0,0.0,0.0,0.0,0.0,5.0
青葉区,美しが丘どろんこ保育園,1歳,147.5,29.5,2.217391304347826,0.0,8.0,0.0,5.0
青葉区,江田ひまわり保育園,5歳,147.5,29.5,0.0,0.0,0.0,0.0,5.0
青葉区,江田ひまわり保育園,4歳,147.5,29.5,0.0,0.0,0.0,0.0,5.0
青葉区,江田ひまわり保育園,3歳,147.5,29.5,0.0,0.0,0.0,0.0,5.0
青葉区,横浜市美しが丘保育園,1歳,147.5,29.5,5.3478260869565215,0.0,13.91304347826087,0.0,5.0
青葉区,横浜市奈良保育園,0歳,147.5,29.5,0.0,0.0,0.0,0.0,5.0
青葉区,横浜ナザレ保育園,1歳,147.5,29.5,2.869565217391304,0.0,11.91304347826087,0.0,5.0
保土ケ谷区,ココアンジュ保育園,0歳,92.5,18.5,12.0,0.0,3.0,0.0,5.0
保土ケ谷区,キッズハーモニー・ほどがや,1歳,147.5,29.5,12.782608695652174,0.0,8.0,0.0,5.0
保土ケ谷区,エルアンジュ保育園（分園含む）,1歳,147.5,29.5,7.913043478260869,0.0,12.0,0.0,5.0
青葉区,明日葉保育園青葉台園,1歳,147.5,29.5,21.304347826086957,0.0,7.956521739130435,0.0,5.0
青葉区,幼保連携型認定こども園青葉台幼稚園,4歳,147.5,29.5,3.217391304347826,0.0,29.956521739130434,0.0,5.0
青葉区,幼保連携型認定こども園青葉台幼稚園,0歳,147.5,29.5,18.695652173913043,0.0,2.869565217391304,0.0,5.0
青葉区,市ヶ尾保育園,2歳,147.5,29.5,3.0869565217391304,0.0,10.73913043478261,0.0,5.0
青葉区,市ヶ尾保育園,1歳,147.5,29.5,3.9130434782608696,0.0,10.0,0.0,5.0
青葉区,小桜愛児園,0歳,147.5,29.5,7.826086956521739,0.0,6.0,0.0,5.0
青葉区,小学館アカデミーたまプラーザ保育園,0歳,147.5,29.5,3.608695652173913,0.0,3.130434782608696,0.0,5.0
青葉区,太陽の子　桜台第二保育園,5歳,147.5,29.5,0.7391304347826086,0.0,12.0,0.0,5.0
青葉区,太陽の子　桜台第二保育園,3歳,147.5,29.5,0.8260869565217391,0.0,12.0,0.0,5.0
青葉区,太陽の子　桜台第二保育園,1歳,147.5,29.5,14.304347826086957,0.0,11.956521739130435,0.0,5.0
青葉区,太陽の子　桜台第二保育園,0歳,147.5,29.5,13.695652173913043,0.0,6.0,0.0,5.0
青葉区,太陽の子　桜台保育園,5歳,147.5,29.5,0.2608695652173913,0.0,12.0,0.0,5.0
青葉区,太陽の子　桜台保育園,1歳,147.5,29.5,11.91304347826087,0.0,10.0,0.0,5.0
青葉区,太陽の子　桜台保育園,0歳,147.5,29.5,13.173913043478262,0.0,6.0,0.0,5.0
青葉区,大場りとる・ピッピ,5歳,147.5,29.5,0.0,0.0,0.0,0.0,5.0
青葉区,大場りとる・ピッピ,4歳,147.5,29.5,0.0,0.0,0.0,0.0,5.0
青葉区,大場りとる・ピッピ,3歳,147.5,29.5,0.0,0.0,0.0,0.0,5.0
青葉区,大場りとる・ピッピ,2歳,147.5,29.5,0.0,0.0,2.130434782608696,0.0,5.0
保土ケ谷区,スターチャイルド≪和田町ナーサリー≫,4歳,147.5,29.5,0.4782608695652174,0.0,12.0,0.0,5.0
保土ケ谷区,スターチャイルド≪和田町ナーサリー≫,2歳,147.5,29.5,2.8260869565217392,0.0,10.0,0.0,5.0
保土ケ谷区,スターチャイルド≪和田町ナーサリー≫,1歳,147.5,29.5,7.043478260869565,0.0,8.0,0.0,5.0
保土ケ谷区,ココアンジュ保育園,4歳,92.5,18.5,0.0,0.0,16.0,0.0,5.0
保土ケ谷区,ココアンジュ保育園,3歳,92.5,18.5,2.3333333333333335,0.0,16.0,0.0,5.0
保土ケ谷区,ココアンジュ保育園,2歳,92.5,18.5,1.4166666666666667,0.0,15.0,0.0,5.0
保土ケ谷区,ココアンジュ保育園,1歳,92.5,18.5,9.25,0.0,14.0,0.0,5.0
青葉区,大場りとる・ピッピ,0歳,147.5,29.5,0.9130434782608695,0.0,0.4782608695652174,0.0,5.0
青葉区,保育所まぁむあざみ野園,5歳,147.5,29.5,0.0,0.0,0.0,0.0,5.0
青葉区,保育所まぁむあざみ野園,4歳,147.5,29.5,0.0,0.0,0.0,0.0,5.0
青葉区,保育所まぁむあざみ野園,3歳,147.5,29.5,0.0,0.0,0.0,0.0,5.0
青葉区,京進のほいくえんＨＯＰＰＡ青葉台園,5歳,147.5,29.5,0.0,0.0,0.0,0.0,5.0
青葉区,京進のほいくえんＨＯＰＰＡ青葉台園,4歳,147.5,29.5,0.0,0.0,0.0,0.0,5.0
青葉区,京進のほいくえんＨＯＰＰＡ青葉台園,3歳,147.5,29.5,0.0,0.0,0.0,0.0,5.0
保土ケ谷区,ベネッセ　保土ケ谷保育園,1歳,147.5,29.5,5.391304347826087,0.0,10.0,0.0,5.0
保土ケ谷区,ベイキッズ　おりーぶ保育園,5歳,147.5,29.5,0.0,0.0,0.0,0.0,5.0
保土ケ谷区,ベイキッズ　おりーぶ保育園,4歳,147.5,29.5,0.0,0.0,0.0,0.0,5.0
保土ケ谷区,ベイキッズ　おりーぶ保育園,3歳,147.5,29.5,0.0,0.0,0.0,0.0,5.0
保土ケ谷区,ベイキッズ　おりーぶ保育園,1歳,147.5,29.5,0.043478260869565216,0.0,4.0,0.0,5.0
青葉区,ミアヘルサ保育園ひびき江田,5歳,147.5,29.5,0.0,0.0,0.0,0.0,5.0
青葉区,ミアヘルサ保育園ひびき江田,4歳,147.5,29.5,0.0,0.0,0.0,0.0,5.0
青葉区,ミアヘルサ保育園ひびき江田,3歳,147.5,29.5,0.0,0.0,0.0,0.0,5.0
青葉区,ミアヘルサ保育園ひびき市が尾,5歳,147.5,29.5,0.0,0.0,0.0,0.0,5.0
青葉区,ミアヘルサ保育園ひびき市が尾,4歳,147.5,29.5,0.0,0.0,0.0,0.0,5.0
青葉区,ミアヘルサ保育園ひびき市が尾,3歳,147.5,29.5,0.0,0.0,0.0,0.0,5.0
青葉区,ポピンズナーサリースクールあざみ野,0歳,147.5,29.5,17.130434782608695,0.0,3.0,0.0,5.0
青葉区,ベビーぽけっと松風台,5歳,147.5,29.5,0.0,0.0,0.0,0.0,5.0
青葉区,ベビーぽけっと松風台,4歳,147.5,29.5,0.0,0.0,0.0,0.0,5.0
青葉区,ベビーぽけっと松風台,3歳,147.5,29.5,0.0,0.0,0.0,0.0,5.0
保土ケ谷区,三丁目こども園,0歳,147.5,29.5,0.0,0.0,0.0,0.0,5.0
青葉区,ベネッセ　青葉台保育園,1歳,147.5,29.5,18.434782608695652,0.0,12.0,0.0,5.0
青葉区,ベネッセ　市ヶ尾駅前保育園,0歳,147.5,29.5,21.652173913043477,0.0,2.9565217391304346,0.0,5.0
青葉区,プレスクールあおば,3歳,147.5,29.5,0.0,0.0,8.565217391304348,0.0,5.0
青葉区,プレスクールあおば,1歳,147.5,29.5,5.217391304347826,0.0,9.434782608695652,0.0,5.0
青葉区,ピッピ保育園,1歳,55.0,11.0,0.7272727272727273,0.0,2.0,0.0,5.0
青葉区,ピッピ保育園,0歳,55.0,11.0,0.0,0.0,0.0,0.0,5.0
青葉区,ピッピみんなの保育園,3歳,147.5,29.5,0.08695652173913043,0.0,6.521739130434782,0.0,5.0
青葉区,ピッピみんなの保育園,1歳,147.5,29.5,2.9130434782608696,0.0,4.0,0.0,5.0
青葉区,パレット家庭的保育室　なないろ,5歳,137.5,27.5,0.0,0.0,0.0,0.0,5.0
青葉区,パレット家庭的保育室　なないろ,4歳,137.5,27.5,0.0,0.0,0.0,0.0,5.0
青葉区,パレット家庭的保育室　なないろ,3歳,137.5,27.5,0.0,0.0,0.0,0.0,5.0
青葉区,パレット家庭的保育室　なないろ,2歳,137.5,27.5,0.45454545454545453,0.0,5.636363636363637,0.0,5.0
青葉区,パレット家庭的保育室　なないろ,0歳,137.5,27.5,1.1818181818181819,0.0,0.0,0.0,5.0
青葉区,パレット保育園・たまプラーザ,0歳,147.5,29.5,14.73913043478261,0.0,3.0,0.0,5.0
保土ケ谷区,保育室ピア・ピア,4歳,147.5,29.5,0.0,0.0,0.0,0.0,5.0
保土ケ谷区,保育室ピア・ピア,3歳,147.5,29.5,0.0,0.0,0.0,0.0,5.0
保土ケ谷区,三丁目こども園,5歳,147.5,29.5,0.043478260869565216,0.0,8.0,0.0,5.0
保土ケ谷区,三丁目こども園,4歳,147.5,29.5,0.0,0.0,8.0,0.0,5.0
保土ケ谷区,三丁目こども園,3歳,147.5,29.5,0.21739130434782608,0.0,8.0,0.0,5.0
保土ケ谷区,三丁目こども園,2歳,147.5,29.5,1.1304347826086956,0.0,8.0,0.0,5.0
保土ケ谷区,三丁目こども園,1歳,147.5,29.5,3.6956521739130435,0.0,8.0,0.0,5.0
青葉区,スターチャイルド≪藤が丘小規模保育所≫,5歳,147.5,29.5,0.0,0.0,0.0,0.0,5.0
青葉区,スターチャイルド≪藤が丘小規模保育所≫,4歳,147.5,29.5,0.0,0.0,0.0,0.0,5.0
青葉区,スターチャイルド≪藤が丘小規模保育所≫,3歳,147.5,29.5,0.0,0.0,0.0,0.0,5.0
青葉区,スターチャイルド≪藤が丘小規模保育所≫,0歳,147.5,29.5,0.0,0.0,0.0,0.0,5.0
青葉区,スターチャイルド≪藤が丘ナーサリー≫,3歳,147.5,29.5,0.43478260869565216,0.0,9.217391304347826,0.0,5.0
青葉区,スターチャイルド≪藤が丘ナーサリー≫,0歳,147.5,29.5,14.0,0.0,3.0,0.0,5.0
青葉区,スターチャイルド≪荏田北ナーサリー≫,1歳,147.5,29.5,8.26086956521739,0.0,10.0,0.0,5.0
青葉区,スターチャイルド≪荏田北ナーサリー≫,0歳,147.5,29.5,6.826086956521739,0.0,3.0,0.0,5.0
青葉区,スターチャイルド≪江田ナーサリー≫,1歳,147.5,29.5,6.260869565217392,0.0,5.0,0.0,5.0
保土ケ谷区,向台保育園,0歳,147.5,29.5,0.0,0.0,0.0,0.0,5.0
保土ケ谷区,千丸台保育園,3歳,147.5,29.5,1.7391304347826086,0.0,19.73913043478261,0.0,5.0
保土ケ谷区,千丸台保育園,1歳,147.5,29.5,5.956521739130435,0.0,15.0,0.0,5.0
保土ケ谷区,保育室ピア・ピア,5歳,147.5,29.5,0.0,0.0,0.0,0.0,5.0
青葉区,シャローム保育園,0歳,147.5,29.5,0.0,0.0,0.0,0.0,5.0
青葉区,サンキッズ荏田西保育園,4歳,147.5,29.5,0.043478260869565216,0.0,22.0,0.0,5.0
青葉区,サンキッズ荏田西保育園,1歳,147.5,29.5,4.130434782608695,0.0,14.956521739130435,0.0,5.0
青葉区,グローバルキッズ藤が丘一丁目園,0歳,147.5,29.5,11.956521739130435,0.0,3.0,0.0,5.0
青葉区,グローバルキッズ美しが丘保育園,1歳,147.5,29.5,2.217391304347826,0.0,11.0,0.0,5.0
青葉区,グローバルキッズ美しが丘保育園,0歳,147.5,29.5,4.086956521739131,0.0,4.0,0.0,5.0
青葉区,グローバルキッズ市が尾園,2歳,147.5,29.5,3.391304347826087,0.0,9.565217391304348,0.0,5.0
青葉区,グローバルキッズあざみ野園,1歳,147.5,29.5,6.826086956521739,0.0,10.0,0.0,5.0
青葉区,アスク藤が丘保育園,1歳,147.5,29.5,9.217391304347826,0.0,7.0,0.0,5.0
青葉区,アスクあざみ野保育園,3歳,147.5,29.5,0.43478260869565216,0.0,14.73913043478261,0.0,5.0
青葉区,アスクあざみ野保育園,1歳,147.5,29.5,44.34782608695652,0.0,10.08695652173913,0.0,5.0
青葉区,わいわいＫｉｄｓ青葉台,5歳,10.0,2.0,0.0,0.0,0.0,0.0,5.0
青葉区,わいわいＫｉｄｓ青葉台,4歳,10.0,2.0,0.0,0.0,0.0,0.0,5.0
青葉区,わいわいＫｉｄｓ青葉台,3歳,10.0,2.0,0.0,0.0,0.0,0.0,5.0
保土ケ谷区,天王町駅前もえぎ保育園,5歳,147.5,29.5,0.0,0.0,0.0,0.0,5.0
保土ケ谷区,天王町駅前もえぎ保育園,4歳,147.5,29.5,0.0,0.0,0.0,0.0,5.0
保土ケ谷区,天王町駅前もえぎ保育園,3歳,147.5,29.5,0.0,0.0,0.0,0.0,5.0
青葉区,わいわいＫｉｄｓ青葉台,0歳,10.0,2.0,0.0,0.0,0.0,0.0,5.0
青葉区,わいわいＫｉｄｓつつじが丘保育室,5歳,147.5,29.5,0.0,0.0,0.0,0.0,5.0
青葉区,わいわいＫｉｄｓつつじが丘保育室,4歳,147.5,29.5,0.0,0.0,0.0,0.0,5.0
青葉区,わいわいＫｉｄｓつつじが丘保育室,3歳,147.5,29.5,0.0,0.0,0.0,0.0,5.0
青葉区,わいわいＫｉｄｓつつじが丘保育室,2歳,147.5,29.5,0.043478260869565216,0.0,6.043478260869565,0.0,5.0
青葉区,わいわいＫｉｄｓつつじが丘保育室,0歳,147.5,29.5,1.565217391304348,0.0,0.5217391304347826,0.0,5.0
青葉区,りとる・ピッピ,5歳,147.5,29.5,0.0,0.0,0.0,0.0,5.0
青葉区,りとる・ピッピ,4歳,147.5,29.5,0.0,0.0,0.0,0.0,5.0
青葉区,りとる・ピッピ,3歳,147.5,29.5,0.0,0.0,0.0,0.0,5.0
青葉区,りとる・ピッピ,2歳,147.5,29.5,0.9565217391304348,0.0,6.086956521739131,0.0,5.0
青葉区,りとる・ピッピ,0歳,147.5,29.5,5.608695652173913,0.0,0.5217391304347826,0.0,5.0
保土ケ谷区,川島保育園,0歳,55.0,11.0,0.0,0.0,0.0,0.0,5.0
保土ケ谷区,岩間保育園,2歳,147.5,29.5,0.0,0.0,10.0,0.0,5.0
保土ケ谷区,岩間保育園,1歳,147.5,29.5,0.43478260869565216,0.0,9.0,0.0,5.0
保土ケ谷区,学校法人初音丘学園ＰＩＣＣＯＬＩＮＯ,5歳,147.5,29.5,0.0,0.0,0.0,0.0,5.0
保土ケ谷区,学校法人初音丘学園ＰＩＣＣＯＬＩＮＯ,4歳,147.5,29.5,0.0,0.0,0.0,0.0,5.0
保土ケ谷区,学校法人初音丘学園ＰＩＣＣＯＬＩＮＯ,3歳,147.5,29.5,0.0,0.0,0.0,0.0,5.0
保土ケ谷区,学校法人初音丘学園ＰＩＣＣＯＬＩＮＯ,2歳,147.5,29.5,0.6956521739130435,0.0,18.956521739130434,0.0,5.0
保土ケ谷区,学校法人初音丘学園ＰＩＣＣＯＬＩＮＯ,1歳,147.5,29.5,4.608695652173913,0.0,16.0,0.0,5.0
青葉区,みどり乳児園,5歳,147.5,29.5,0.08695652173913043,0.0,10.478260869565217,0.0,5.0
青葉区,みどり乳児園,4歳,147.5,29.5,0.08695652173913043,0.0,9.652173913043478,0.0,5.0
青葉区,みどり乳児園,3歳,147.5,29.5,0.30434782608695654,0.0,10.217391304347826,0.0,5.0
青葉区,みどり乳児園,2歳,147.5,29.5,0.9130434782608695,0.0,10.0,0.0,5.0
青葉区,みどり乳児園,1歳,147.5,29.5,4.739130434782608,0.0,9.521739130434783,0.0,5.0
青葉区,ぽれぽれ保育園藤が丘,1歳,147.5,29.5,6.565217391304348,0.0,6.0,0.0,5.0
青葉区,ぽれぽれ保育園藤が丘,0歳,147.5,29.5,0.0,0.0,0.0,0.0,5.0
青葉区,ぱぷりか保育園青葉台,5歳,10.0,2.0,0.0,0.0,0.0,0.0,5.0
青葉区,ぱぷりか保育園青葉台,4歳,10.0,2.0,0.0,0.0,0.0,0.0,5.0
青葉区,ぱぷりか保育園青葉台,3歳,10.0,2.0,0.0,0.0,0.0,0.0,5.0
保土ケ谷区,星川こども園,1歳,55.0,11.0,8.181818181818182,0.0,20.272727272727273,0.0,5.0
保土ケ谷区,明神台保育園,4歳,147.5,29.5,0.43478260869565216,0.0,23.0,0.0,5.0
保土ケ谷区,明神台保育園,1歳,147.5,29.5,2.782608695652174,0.0,22.91304347826087,0.0,5.0
保土ケ谷区,新桜ケ丘保育園,0歳,147.5,29.5,3.0,0.0,3.0,0.0,5.0
保土ケ谷区,川島保育園,5歳,55.0,11.0,0.0,0.0,16.0,0.0,5.0
青葉区,ぱぷりか保育園青葉台,0歳,10.0,2.0,0.0,0.0,0.0,0.0,5.0
青葉区,にじいろ保育園青葉台,1歳,147.5,29.5,10.0,0.0,10.91304347826087,0.0,5.0
青葉区,なかがわ家庭保育室,5歳,147.5,29.5,0.0,0.0,0.0,0.0,5.0
青葉区,なかがわ家庭保育室,4歳,147.5,29.5,0.0,0.0,0.0,0.0,5.0
青葉区,なかがわ家庭保育室,3歳,147.5,29.5,0.0,0.0,0.0,0.0,5.0
青葉区,といろきっず青葉台保育園,5歳,147.5,29.5,0.0,0.0,0.0,0.0,5.0
青葉区,といろきっず青葉台保育園,4歳,147.5,29.5,0.0,0.0,0.0,0.0,5.0
青葉区,といろきっず青葉台保育園,3歳,147.5,29.5,0.0,0.0,0.0,0.0,5.0
青葉区,といろきっず青葉台保育園,2歳,147.5,29.5,1.9565217391304348,0.0,5.0,0.0,5.0
青葉区,といろきっず美しが丘保育園,5歳,147.5,29.5,0.0,0.0,0.0,0.0,5.0
青葉区,といろきっず美しが丘保育園,4歳,147.5,29.5,0.0,0.0,0.0,0.0,5.0
青葉区,といろきっず美しが丘保育園,3歳,147.5,29.5,0.0,0.0,0.0,0.0,5.0
青葉区,といろきっず美しが丘保育園,2歳,147.5,29.5,0.21739130434782608,0.0,7.217391304347826,0.0,5.0
保土ケ谷区,星川ルーナ保育園,5歳,55.0,11.0,0.0,0.0,23.0,0.0,5.0
保土ケ谷区,星川ルーナ保育園,4歳,55.0,11.0,0.9090909090909091,0.0,21.363636363636363,0.0,5.0
保土ケ谷区,星川ルーナ保育園,3歳,55.0,11.0,0.0,0.0,20.0,0.0,5.0
保土ケ谷区,星川ルーナ保育園,2歳,55.0,11.0,4.363636363636363,0.0,22.0,0.0,5.0
保土ケ谷区,星川ルーナ保育園,1歳,55.0,11.0,36.54545454545455,0.0,21.363636363636363,0.0,5.0
保土ケ谷区,星川ルーナ保育園,0歳,55.0,11.0,74.36363636363636,0.0,16.0,0.0,5.0
青葉区,といろきっず美しが丘保育園,0歳,147.5,29.5,4.043478260869565,0.0,4.0,0.0,5.0
青葉区,といろきっず田奈保育園,5歳,147.5,29.5,0.0,0.0,0.0,0.0,5.0
青葉区,といろきっず田奈保育園,4歳,147.5,29.5,0.0,0.0,0.0,0.0,5.0
青葉区,といろきっず田奈保育園,3歳,147.5,29.5,0.0,0.0,0.0,0.0,5.0
青葉区,といろきっず田奈保育園,2歳,147.5,29.5,0.6521739130434783,0.0,5.043478260869565,0.0,5.0
青葉区,といろきっず田奈保育園,1歳,147.5,29.5,2.1739130434782608,0.0,5.043478260869565,0.0,5.0
青葉区,といろきっず田奈保育園,0歳,147.5,29.5,4.739130434782608,0.0,1.9130434782608696,0.0,5.0
青葉区,といろきっずたまプラーザ保育園,5歳,147.5,29.5,0.0,0.0,0.0,0.0,5.0
青葉区,といろきっずたまプラーザ保育園,4歳,147.5,29.5,0.0,0.0,0.0,0.0,5.0
青葉区,といろきっずたまプラーザ保育園,3歳,147.5,29.5,0.0,0.0,0.0,0.0,5.0
保土ケ谷区,桜ケ丘保育園,2歳,55.0,11.0,0.9090909090909091,0.0,15.0,0.0,5.0
保土ケ谷区,桜ケ丘保育園,1歳,55.0,11.0,2.6363636363636362,0.0,12.0,0.0,5.0
保土ケ谷区,東戸塚もえぎ保育室,5歳,147.5,29.5,0.0,0.0,0.0,0.0,5.0
保土ケ谷区,東戸塚もえぎ保育室,4歳,147.5,29.5,0.0,0.0,0.0,0.0,5.0
保土ケ谷区,東戸塚もえぎ保育室,3歳,147.5,29.5,0.0,0.0,0.0,0.0,5.0
保土ケ谷区,東戸塚もえぎ保育室,2歳,147.5,29.5,0.0,0.0,4.0,0.0,5.0
青葉区,ちぐさのもり保育園,1歳,147.5,29.5,11.217391304347826,0.0,12.0,0.0,5.0
青葉区,たまプラーザ小桜愛児園,0歳,147.5,29.5,10.347826086956522,0.0,6.0,0.0,5.0
青葉区,たまプラーザベビーリー乳幼児室,5歳,147.5,29.5,0.0,0.0,0.0,0.0,5.0
青葉区,たまプラーザベビーリー乳幼児室,4歳,147.5,29.5,0.0,0.0,0.0,0.0,5.0
青葉区,たまプラーザベビーリー乳幼児室,3歳,147.5,29.5,0.0,0.0,0.0,0.0,5.0
青葉区,たまプラーザもみじ保育園,3歳,147.5,29.5,0.43478260869565216,0.0,22.0,0.0,5.0
青葉区,たまプラーザもみじ保育園,1歳,147.5,29.5,11.956521739130435,0.0,21.17391304347826,0.0,5.0
青葉区,たまプラーザぽんた保育園,5歳,147.5,29.5,0.0,0.0,0.0,0.0,5.0
青葉区,たまプラーザぽんた保育園,4歳,147.5,29.5,0.0,0.0,0.0,0.0,5.0
青葉区,たまプラーザぽんた保育園,3歳,147.5,29.5,0.0,0.0,0.0,0.0,5.0
保土ケ谷区,森のルーナ保育園,0歳,55.0,11.0,12.0,0.0,7.0,0.0,5.0
保土ケ谷区,梅の木保育園,3歳,147.5,29.5,1.8695652173913044,0.0,10.0,0.0,5.0
保土ケ谷区,梅の木保育園,2歳,147.5,29.5,2.4782608695652173,0.0,10.0,0.0,5.0
保土ケ谷区,梅の木保育園,1歳,147.5,29.5,14.0,0.0,10.043478260869565,0.0,5.0
保土ケ谷区,桜ヶ丘保育園,1歳,92.5,18.5,2.5,0.0,12.0,0.0,5.0
保土ケ谷区,桜ケ丘保育園,5歳,55.0,11.0,0.0,0.0,17.0,0.0,5.0
青葉区,しらとり台保育園つつじが丘,3歳,147.5,29.5,0.17391304347826086,0.0,11.0,0.0,5.0
青葉区,しらとり台保育園つつじが丘,1歳,147.5,29.5,6.217391304347826,0.0,11.0,0.0,5.0
青葉区,しらとり台保育園つつじが丘,0歳,147.5,29.5,7.391304347826087,0.0,6.0,0.0,5.0
青葉区,しらとり台保育園さつきが丘,5歳,147.5,29.5,0.0,0.0,14.521739130434783,0.0,5.0
青葉区,しらとり台保育園さつきが丘,4歳,147.5,29.5,0.5217391304347826,0.0,14.521739130434783,0.0,5.0
青葉区,しらとり台保育園さつきが丘,1歳,147.5,29.5,5.173913043478261,0.0,14.0,0.0,5.0
青葉区,しらとり台保育園　青葉台,2歳,147.5,29.5,0.8260869565217391,0.0,11.521739130434783,0.0,5.0
青葉区,しらとり台保育園　青葉台,1歳,147.5,29.5,8.434782608695652,0.0,11.0,0.0,5.0
青葉区,しらとり台保育園,1歳,147.5,29.5,5.478260869565218,0.0,19.0,0.0,5.0
青葉区,こどもの国ほしぞら保育園,5歳,147.5,29.5,0.0,0.0,0.0,0.0,5.0
青葉区,こどもの国ほしぞら保育園,4歳,147.5,29.5,0.0,0.0,0.0,0.0,5.0
青葉区,こどもの国ほしぞら保育園,3歳,147.5,29.5,0.0,0.0,0.0,0.0,5.0
青葉区,こどもの国ほしぞら保育園,1歳,147.5,29.5,2.217391304347826,0.0,5.0,0.0,5.0
青葉区,いずみ青葉台保育園,5歳,147.5,29.5,0.043478260869565216,0.0,15.0,0.0,5.0
青葉区,いずみ青葉台保育園,4歳,147.5,29.5,0.391304347826087,0.0,14.347826086956522,0.0,5.0
青葉区,いずみ青葉台保育園,3歳,147.5,29.5,1.0434782608695652,0.0,15.0,0.0,5.0
青葉区,いずみ青葉台保育園,2歳,147.5,29.5,5.130434782608695,0.0,14.956521739130435,0.0,5.0
青葉区,いずみ青葉台保育園,1歳,147.5,29.5,35.47826086956522,0.0,12.0,0.0,5.0
青葉区,いずみ青葉台保育園,0歳,147.5,29.5,53.869565217391305,0.0,9.0,0.0,5.0
青葉区,あゆみ保育園 藤が丘,1歳,92.5,18.5,0.9166666666666666,0.0,7.0,0.0,5.0
青葉区,あっぷるキッズ青葉台,0歳,147.5,29.5,0.0,0.0,0.0,0.0,5.0
青葉区,あざみ野ひだまり保育園,5歳,147.5,29.5,0.0,0.0,0.0,0.0,5.0
青葉区,あざみ野ひだまり保育園,4歳,147.5,29.5,0.0,0.0,0.0,0.0,5.0
青葉区,あざみ野ひだまり保育園,3歳,147.5,29.5,0.0,0.0,0.0,0.0,5.0
保土ケ谷区,若葉保育園（分園含む）,2歳,147.5,29.5,1.8695652173913044,0.0,12.391304347826088,0.0,5.0
保土ケ谷区,若葉保育園（分園含む）,1歳,147.5,29.5,3.4782608695652173,0.0,12.0,0.0,5.0
青葉区,ChaCha Children Kakinokidai,1歳,147.5,29.5,7.782608695652174,0.0,31.956521739130434,0.0,5.0
金沢区,ＹＭＣＡマナ保育園,1歳,147.5,29.5,5.869565217391305,0.0,12.0,0.0,5.0
金沢区,＋Ｕすくすくキッズ園,5歳,55.0,11.0,0.0,0.0,0.0,0.0,5.0
金沢区,＋Ｕすくすくキッズ園,4歳,55.0,11.0,0.0,0.0,0.0,0.0,5.0
金沢区,＋Ｕすくすくキッズ園,3歳,55.0,11.0,0.0,0.0,0.0,0.0,5.0
金沢区,＋Ｕすくすくキッズ園,2歳,55.0,11.0,0.36363636363636365,0.0,7.0,0.0,5.0
金沢区,関東学院六浦こども園,1歳,147.5,29.5,5.608695652173913,0.0,16.304347826086957,0.0,5.0
金沢区,金沢白百合幼稚園,2歳,147.5,29.5,2.5217391304347827,0.0,12.0,0.0,5.0
金沢区,金沢白百合幼稚園,0歳,147.5,29.5,0.0,0.0,0.0,0.0,5.0
金沢区,金沢愛児園,5歳,147.5,29.5,0.0,0.0,22.434782608695652,0.0,5.0
金沢区,金沢愛児園,4歳,147.5,29.5,0.6086956521739131,0.0,22.47826086956522,0.0,5.0
保土ケ谷区,認定こども園　りとるルーナ,2歳,92.5,18.5,3.25,0.0,9.0,0.0,5.0
保土ケ谷区,認定こども園　りとるルーナ,1歳,92.5,18.5,10.75,0.0,9.0,0.0,5.0
保土ケ谷区,認定こども園　りとるルーナ,0歳,92.5,18.5,0.0,0.0,0.0,0.0,5.0
保土ケ谷区,西谷保育園分園　きらり保育園,5歳,147.5,29.5,0.0,0.0,0.0,0.0,5.0
保土ケ谷区,西谷保育園分園　きらり保育園,4歳,147.5,29.5,0.0,0.0,0.0,0.0,5.0
保土ケ谷区,西谷保育園分園　きらり保育園,3歳,147.5,29.5,0.0,0.0,0.0,0.0,5.0
保土ケ谷区,西谷保育園分園　きらり保育園,1歳,147.5,29.5,10.0,0.0,8.0,0.0,5.0
保土ケ谷区,西谷保育園,2歳,147.5,29.5,1.7826086956521738,0.0,28.0,0.0,5.0
保土ケ谷区,西谷保育園,1歳,147.5,29.5,11.0,0.0,20.0,0.0,5.0
金沢区,金沢八景ＹＭＣＡ保育園,5歳,147.5,29.5,0.08695652173913043,0.0,14.0,0.0,5.0
金沢区,金沢八景ＹＭＣＡ保育園,4歳,147.5,29.5,0.6956521739130435,0.0,14.0,0.0,5.0
金沢区,金沢八景ＹＭＣＡ保育園,2歳,147.5,29.5,1.5217391304347827,0.0,12.0,0.0,5.0
金沢区,金沢八景ＹＭＣＡ保育園,1歳,147.5,29.5,9.173913043478262,0.0,12.0,0.0,5.0
金沢区,金沢ふたば保育園,5歳,147.5,29.5,0.0,0.0,18.91304347826087,0.0,5.0
金沢区,金沢ふたば保育園,4歳,147.5,29.5,0.043478260869565216,0.0,17.91304347826087,0.0,5.0
金沢区,金沢ふたば保育園,2歳,147.5,29.5,2.4782608695652173,0.0,18.347826086956523,0.0,5.0
金沢区,金沢ぴよっこ保育園,5歳,147.5,29.5,0.0,0.0,12.91304347826087,0.0,5.0
金沢区,金沢ぴよっこ保育園,4歳,147.5,29.5,0.08695652173913043,0.0,12.0,0.0,5.0
金沢区,金沢ぴよっこ保育園,3歳,147.5,29.5,0.21739130434782608,0.0,12.521739130434783,0.0,5.0
保土ケ谷区,認定こども園　育和幼稚園,0歳,92.5,18.5,0.0,0.0,0.0,0.0,5.0
保土ケ谷区,認定こども園　森のルーナ,0歳,92.5,18.5,18.833333333333332,0.0,6.0,0.0,5.0
保土ケ谷区,認定こども園　星川ルーナ,2歳,92.5,18.5,4.416666666666667,0.0,20.916666666666668,0.0,5.0
保土ケ谷区,認定こども園　星川ルーナ,0歳,92.5,18.5,34.083333333333336,0.0,16.0,0.0,5.0
保土ケ谷区,認定こども園　りとるルーナ,5歳,92.5,18.5,0.08333333333333333,0.0,12.916666666666666,0.0,5.0
保土ケ谷区,認定こども園　りとるルーナ,3歳,92.5,18.5,0.16666666666666666,0.0,11.916666666666666,0.0,5.0
金沢区,金沢ぴよっこ保育園,2歳,147.5,29.5,0.9130434782608695,0.0,13.0,0.0,5.0
金沢区,金沢ぴよっこ保育園,1歳,147.5,29.5,3.608695652173913,0.0,11.956521739130435,0.0,5.0
金沢区,西柴保育園,1歳,147.5,29.5,4.608695652173913,0.0,13.0,0.0,5.0
金沢区,横浜市金沢さくら保育園,2歳,147.5,29.5,3.869565217391304,0.0,18.0,0.0,5.0
金沢区,横浜市南六浦保育園,1歳,147.5,29.5,18.304347826086957,0.0,17.91304347826087,0.0,5.0
金沢区,明日葉保育園金沢文庫園,4歳,147.5,29.5,0.4782608695652174,0.0,12.043478260869565,0.0,5.0
金沢区,明日葉保育園金沢文庫園,1歳,147.5,29.5,19.82608695652174,0.0,10.956521739130435,0.0,5.0
金沢区,明日葉保育園金沢文庫園,0歳,147.5,29.5,38.21739130434783,0.0,6.0,0.0,5.0
金沢区,明徳釜利谷保育園,4歳,147.5,29.5,0.2608695652173913,0.0,20.956521739130434,0.0,5.0
金沢区,明徳釜利谷保育園,1歳,147.5,29.5,4.608695652173913,0.0,17.869565217391305,0.0,5.0
金沢区,家庭的保育室マリン,5歳,10.0,2.0,0.0,0.0,0.0,0.0,5.0
金沢区,家庭的保育室マリン,4歳,10.0,2.0,0.0,0.0,0.0,0.0,5.0
金沢区,家庭的保育室マリン,3歳,10.0,2.0,0.0,0.0,0.0,0.0,5.0
保土ケ谷区,認定こども園和田愛児園,4歳,147.5,29.5,0.17391304347826086,0.0,20.26086956521739,0.0,5.0
保土ケ谷区,認定こども園和田愛児園,1歳,147.5,29.5,4.086956521739131,0.0,20.08695652173913,0.0,5.0
保土ケ谷区,認定こども園　育和幼稚園,1歳,92.5,18.5,8.75,0.0,8.0,0.0,5.0
金沢区,家庭的保育室マリン,2歳,10.0,2.0,2.0,0.0,5.0,0.0,5.0
金沢区,家庭的保育室マリン,1歳,10.0,2.0,0.0,0.0,5.0,0.0,5.0
金沢区,家庭的保育室マリン,0歳,10.0,2.0,0.0,0.0,0.0,0.0,5.0
金沢区,家庭的保育室　マリン,5歳,137.5,27.5,0.0,0.0,0.0,0.0,5.0
金沢区,家庭的保育室　マリン,4歳,137.5,27.5,0.0,0.0,0.0,0.0,5.0
金沢区,家庭的保育室　マリン,3歳,137.5,27.5,0.0,0.0,0.0,0.0,5.0
金沢区,家庭的保育室　マリン,2歳,137.5,27.5,1.0454545454545454,0.0,4.954545454545454,0.0,5.0
金沢区,家庭的保育室　マリン,0歳,137.5,27.5,0.0,0.0,0.0,0.0,5.0
金沢区,北六浦いちい保育園,0歳,147.5,29.5,2.9130434782608696,0.0,2.0869565217391304,0.0,5.0
保土ケ谷区,ＧＥＮＫＩＤＳ星川保育園,2歳,147.5,29.5,2.5652173913043477,0.0,10.0,0.0,5.0
保土ケ谷区,ＧＥＮＫＩＤＳ星川保育園,0歳,147.5,29.5,14.608695652173912,0.0,6.0,0.0,5.0
保土ケ谷区,霞台保育園（分園含む）,1歳,147.5,29.5,1.8695652173913044,0.0,12.0,0.0,5.0
保土ケ谷区,認定こども園峯岡幼稚園,2歳,147.5,29.5,2.8260869565217392,0.0,9.217391304347826,0.0,5.0
保土ケ谷区,認定こども園峯岡幼稚園,1歳,147.5,29.5,2.347826086956522,0.0,9.26086956521739,0.0,5.0
保土ケ谷区,認定こども園峯岡幼稚園,0歳,147.5,29.5,0.0,0.0,0.0,0.0,5.0
保土ケ谷区,認定こども園和田愛児園,5歳,147.5,29.5,0.0,0.0,20.347826086956523,0.0,5.0
金沢区,京急キッズランド金沢文庫保育園,2歳,147.5,29.5,0.6521739130434783,0.0,10.956521739130435,0.0,5.0
金沢区,並木第二保育園,2歳,15.0,3.0,1.3333333333333333,0.0,18.0,0.0,5.0
金沢区,並木第二保育園,1歳,15.0,3.0,1.3333333333333333,0.0,16.0,0.0,5.0
金沢区,並木第二保育園,0歳,15.0,3.0,0.0,0.0,3.0,0.0,5.0
金沢区,マミーズエンジェル金沢文庫駅前保育園,2歳,147.5,29.5,2.0,0.0,9.956521739130435,0.0,5.0
金沢区,マミーズエンジェル金沢文庫駅前保育園,1歳,147.5,29.5,5.695652173913044,0.0,9.0,0.0,5.0
金沢区,マミングステーション,5歳,147.5,29.5,0.0,0.0,0.0,0.0,5.0
金沢区,マミングステーション,4歳,147.5,29.5,0.0,0.0,0.0,0.0,5.0
金沢区,マミングステーション,3歳,147.5,29.5,0.0,0.0,0.0,0.0,5.0
金沢区,フレンド金沢文庫保育園,5歳,147.5,29.5,0.0,0.0,0.0,0.0,5.0
金沢区,フレンド金沢文庫保育園,4歳,147.5,29.5,0.0,0.0,0.0,0.0,5.0
金沢区,フレンド金沢文庫保育園,3歳,147.5,29.5,0.0,0.0,0.0,0.0,5.0
金沢区,ビアレ横浜スマイル保育園,5歳,147.5,29.5,0.0,0.0,8.0,0.0,5.0
金沢区,ビアレ横浜スマイル保育園,4歳,147.5,29.5,0.5652173913043478,0.0,8.0,0.0,5.0
金沢区,ビアレ横浜スマイル保育園,3歳,147.5,29.5,0.43478260869565216,0.0,8.0,0.0,5.0
南区,こども園　よこはま風の遊育園,0歳,92.5,18.5,4.75,0.0,6.0,0.0,5.0
南区,くらき永田保育園,3歳,147.5,29.5,0.8695652173913043,0.0,18.0,0.0,5.0
南区,くらき永田保育園,2歳,147.5,29.5,5.565217391304348,0.0,16.0,0.0,5.0
南区,くらき永田保育園,1歳,147.5,29.5,7.608695652173913,0.0,16.0,0.0,5.0
南区,きらり保育園吉野町,4歳,147.5,29.5,1.3478260869565217,0.0,8.0,0.0,5.0
南区,きらり保育園吉野町,2歳,147.5,29.5,1.9130434782608696,0.0,8.0,0.0,5.0
南区,きらり保育園吉野町,1歳,147.5,29.5,5.0,0.0,7.913043478260869,0.0,5.0
金沢区,ビアレ横浜スマイル保育園,2歳,147.5,29.5,0.391304347826087,0.0,8.0,0.0,5.0
金沢区,ビアレ横浜スマイル保育園,1歳,147.5,29.5,3.5217391304347827,0.0,8.0,0.0,5.0
南区,つぼみの森保育室,4歳,147.5,29.5,0.0,0.0,0.0,0.0,5.0
南区,つぼみの森保育室,3歳,147.5,29.5,0.0,0.0,0.0,0.0,5.0
南区,つぼみの森保育室,0歳,147.5,29.5,0.0,0.0,0.0,0.0,5.0
南区,たけのこ永田東保育園,5歳,147.5,29.5,0.4782608695652174,0.0,15.956521739130435,0.0,5.0
南区,たけのこ永田東保育園,3歳,147.5,29.5,0.6086956521739131,0.0,15.173913043478262,0.0,5.0
南区,たけのこ永田東保育園,2歳,147.5,29.5,6.217391304347826,0.0,8.0,0.0,5.0
南区,たけのこ永田東保育園,1歳,147.5,29.5,6.173913043478261,0.0,6.0,0.0,5.0
南区,たけのこ永田東保育園,0歳,147.5,29.5,4.391304347826087,0.0,4.0,0.0,5.0
南区,こども園　よこはま風の遊育園,5歳,92.5,18.5,0.0,0.0,15.0,0.0,5.0
南区,こども園　よこはま風の遊育園,4歳,92.5,18.5,0.25,0.0,14.916666666666666,0.0,5.0
南区,こども園　よこはま風の遊育園,3歳,92.5,18.5,1.1666666666666667,0.0,14.083333333333334,0.0,5.0
南区,こども園　よこはま風の遊育園,2歳,92.5,18.5,1.0,0.0,15.0,0.0,5.0
南区,こども園　よこはま風の遊育園,1歳,92.5,18.5,4.416666666666667,0.0,12.0,0.0,5.0
金沢区,アイグラン保育園富岡東,5歳,147.5,29.5,0.0,0.0,12.0,0.0,5.0
金沢区,アイグラン保育園富岡東,4歳,147.5,29.5,0.0,0.0,12.0,0.0,5.0
金沢区,アイグラン保育園富岡東,3歳,147.5,29.5,1.173913043478261,0.0,12.0,0.0,5.0
金沢区,アイグラン保育園富岡東,2歳,147.5,29.5,1.9565217391304348,0.0,12.0,0.0,5.0
南区,ぽかぽか保育園,2歳,147.5,29.5,0.17391304347826086,0.0,5.043478260869565,0.0,5.0
南区,ひびき井土ヶ谷保育園,5歳,147.5,29.5,0.4782608695652174,0.0,15.478260869565217,0.0,5.0
南区,ひびき井土ヶ谷保育園,4歳,147.5,29.5,1.3478260869565217,0.0,15.478260869565217,0.0,5.0
南区,ひびき井土ヶ谷保育園,3歳,147.5,29.5,2.3043478260869565,0.0,15.0,0.0,5.0
南区,ひびき井土ヶ谷保育園,2歳,147.5,29.5,5.521739130434782,0.0,15.0,0.0,5.0
南区,ひびき井土ヶ谷保育園,1歳,147.5,29.5,15.173913043478262,0.0,12.0,0.0,5.0
南区,ばばほいくしつ黄金町,5歳,147.5,29.5,0.0,0.0,0.0,0.0,5.0
南区,ばばほいくしつ黄金町,4歳,147.5,29.5,0.0,0.0,0.0,0.0,5.0
南区,ばばほいくしつ黄金町,3歳,147.5,29.5,0.0,0.0,0.0,0.0,5.0
南区,つぼみの森保育室,5歳,147.5,29.5,0.0,0.0,0.0,0.0,5.0
金沢区,わらべシーサイド保育園,5歳,147.5,29.5,0.0,0.0,14.08695652173913,0.0,5.0
金沢区,わかくさ保育園,4歳,147.5,29.5,0.043478260869565216,0.0,10.565217391304348,0.0,5.0
金沢区,わかくさ保育園,2歳,147.5,29.5,0.8695652173913043,0.0,10.521739130434783,0.0,5.0
金沢区,ゆめ和柳町ほいくえん,3歳,147.5,29.5,0.7391304347826086,0.0,12.0,0.0,5.0
南区,みなみマーノ保育園,0歳,147.5,29.5,23.0,0.0,8.956521739130435,0.0,5.0
南区,まなびの森　プチ・ナーサリー弘明寺寺(寺は一つです),5歳,60.0,12.0,0.375,0.0,15.0,0.0,5.0
南区,まなびの森　プチ・ナーサリー弘明寺寺(寺は一つです),4歳,60.0,12.0,0.25,0.0,14.0,0.0,5.0
南区,まなびの森　プチ・ナーサリー弘明寺寺(寺は一つです),3歳,60.0,12.0,0.75,0.0,13.0,0.0,5.0
南区,まなびの森　プチ・ナーサリー弘明寺寺(寺は一つです),2歳,60.0,12.0,2.5,0.0,12.0,0.0,5.0
南区,まなびの森　プチ・ナーサリー弘明寺寺(寺は一つです),1歳,60.0,12.0,8.125,0.0,12.0,0.0,5.0
南区,まなびの森　プチ・ナーサリー弘明寺寺(寺は一つです),0歳,60.0,12.0,2.875,0.0,6.0,0.0,5.0
南区,まなびの森　プチ・ナーサリー弘明寺,4歳,85.0,17.0,0.7272727272727273,0.0,5.0,0.0,5.0
南区,まなびの森　プチ・ナーサリー弘明寺,3歳,85.0,17.0,2.0,0.0,4.818181818181818,0.0,5.0
南区,まなびの森　プチ・ナーサリー弘明寺,2歳,85.0,17.0,7.818181818181818,0.0,4.363636363636363,0.0,5.0
南区,まなびの森　プチ・ナーサリー弘明寺,1歳,85.0,17.0,25.818181818181817,0.0,4.363636363636363,0.0,5.0
南区,まなびの森　プチ・ナーサリー弘明寺,0歳,85.0,17.0,34.36363636363637,0.0,2.1818181818181817,0.0,5.0
南区,ぽかぽか保育園,5歳,147.5,29.5,0.0,0.0,0.0,0.0,5.0
南区,ぽかぽか保育園,4歳,147.5,29.5,0.0,0.0,0.0,0.0,5.0
南区,ぽかぽか保育園,3歳,147.5,29.5,0.0,0.0,0.0,0.0,5.0
金沢区,ゆめ和柳町ほいくえん,2歳,147.5,29.5,2.4782608695652173,0.0,11.0,0.0,5.0
金沢区,ゆめ和柳町ほいくえん,1歳,147.5,29.5,12.0,0.0,9.391304347826088,0.0,5.0
金沢区,ゆめ和ほいくえん,5歳,147.5,29.5,0.0,0.0,12.521739130434783,0.0,5.0
金沢区,ゆめ和ほいくえん,4歳,147.5,29.5,0.9130434782608695,0.0,12.826086956521738,0.0,5.0
金沢区,ひかりとたねの保育園,5歳,147.5,29.5,0.08695652173913043,0.0,12.173913043478262,0.0,5.0
金沢区,ひかりとたねの保育園,3歳,147.5,29.5,0.2608695652173913,0.0,13.956521739130435,0.0,5.0
金沢区,ひかりとたねの保育園,2歳,147.5,29.5,2.739130434782609,0.0,12.434782608695652,0.0,5.0
金沢区,にじいろ保育園釜利谷,5歳,147.5,29.5,0.0,0.0,13.478260869565217,0.0,5.0
南区,もりた保育室,4歳,147.5,29.5,0.0,0.0,0.0,0.0,5.0
南区,もりた保育室,3歳,147.5,29.5,0.0,0.0,0.0,0.0,5.0
南区,もりた保育室,2歳,147.5,29.5,0.43478260869565216,0.0,2.4782608695652173,0.0,5.0
南区,もりた保育室,1歳,147.5,29.5,0.782608695652174,0.0,2.5217391304347827,0.0,5.0
南区,もりた保育室,0歳,147.5,29.5,0.0,0.0,0.0,0.0,5.0
南区,めいとく保育園,5歳,147.5,29.5,0.0,0.0,8.08695652173913,0.0,5.0
南区,めいとく保育園,4歳,147.5,29.5,0.4782608695652174,0.0,9.347826086956522,0.0,5.0
南区,めいとく保育園,3歳,147.5,29.5,0.6086956521739131,0.0,9.478260869565217,0.0,5.0
南区,みなみマーノ保育園,5歳,147.5,29.5,1.0434782608695652,0.0,20.0,0.0,5.0
南区,みなみマーノ保育園,4歳,147.5,29.5,1.1304347826086956,0.0,20.043478260869566,0.0,5.0
南区,みなみマーノ保育園,3歳,147.5,29.5,1.608695652173913,0.0,20.956521739130434,0.0,5.0
南区,アイン弘明寺保育園,2歳,147.5,29.5,7.173913043478261,0.0,13.0,0.0,5.0
南区,アイン弘明寺保育園,1歳,147.5,29.5,17.608695652173914,0.0,12.0,0.0,5.0
南区,よこはま風の遊育園,5歳,55.0,11.0,0.0,0.0,14.0,0.0,5.0
南区,よこはま風の遊育園,4歳,55.0,11.0,1.4545454545454546,0.0,15.0,0.0,5.0
南区,よこはま風の遊育園,3歳,55.0,11.0,2.272727272727273,0.0,15.0,0.0,5.0
南区,よこはま風の遊育園,2歳,55.0,11.0,5.0,0.0,15.0,0.0,5.0
南区,よこはま風の遊育園,1歳,55.0,11.0,7.636363636363637,0.0,12.0,0.0,5.0
南区,やすらぎ保育園,5歳,147.5,29.5,0.17391304347826086,0.0,14.0,0.0,5.0
南区,やすらぎ保育園,3歳,147.5,29.5,1.3043478260869565,0.0,14.0,0.0,5.0
南区,やすらぎ保育園,0歳,147.5,29.5,4.521739130434782,0.0,3.0,0.0,5.0
南区,もりた保育室,5歳,147.5,29.5,0.0,0.0,0.0,0.0,5.0
金沢区,にじいろ保育園釜利谷,4歳,147.5,29.5,0.0,0.0,13.434782608695652,0.0,5.0
金沢区,にじいろ保育園釜利谷,1歳,147.5,29.5,6.956521739130435,0.0,13.91304347826087,0.0,5.0
金沢区,とみおかスマイル保育園,5歳,147.5,29.5,0.0,0.0,11.0,0.0,5.0
金沢区,とみおかスマイル保育園,1歳,147.5,29.5,7.434782608695652,0.0,9.956521739130435,0.0,5.0
南区,アスクバイリンガル保育園 吉野町,5歳,10.0,2.0,0.0,0.0,8.0,0.0,5.0
南区,アスクバイリンガル保育園 吉野町,3歳,10.0,2.0,2.0,0.0,8.0,0.0,5.0
南区,アスクバイリンガル保育園 吉野町,1歳,10.0,2.0,1.0,0.0,8.0,0.0,5.0
南区,アスクバイリンガル保育園 吉野町,0歳,10.0,2.0,0.0,0.0,8.0,0.0,5.0
南区,アスクいどがや保育園,3歳,147.5,29.5,2.391304347826087,0.0,19.0,0.0,5.0
南区,アスクいどがや保育園,2歳,147.5,29.5,7.521739130434782,0.0,18.0,0.0,5.0
南区,アスクいどがや保育園,1歳,147.5,29.5,17.956521739130434,0.0,16.0,0.0,5.0
南区,アイン弘明寺保育園,5歳,147.5,29.5,0.9565217391304348,0.0,13.478260869565217,0.0,5.0
南区,アイン弘明寺保育園,3歳,147.5,29.5,1.0,0.0,13.521739130434783,0.0,5.0
金沢区,ちゃいれっく並木二丁目保育室,5歳,10.0,2.0,0.0,0.0,0.0,0.0,5.0
金沢区,ちゃいれっく並木二丁目保育室,4歳,10.0,2.0,0.0,0.0,0.0,0.0,5.0
金沢区,ちゃいれっく並木二丁目保育室,3歳,10.0,2.0,0.0,0.0,0.0,0.0,5.0
金沢区,ちゃいれっく並木二丁目保育室,0歳,10.0,2.0,0.0,0.0,0.0,0.0,5.0
金沢区,ちゃいれっく　並木二丁目保育室,5歳,137.5,27.5,0.0,0.0,0.0,0.0,5.0
金沢区,ちゃいれっく　並木二丁目保育室,4歳,137.5,27.5,0.0,0.0,0.0,0.0,5.0
金沢区,ちゃいれっく　並木二丁目保育室,3歳,137.5,27.5,0.0,0.0,0.0,0.0,5.0
金沢区,ちゃいれっく　並木二丁目保育室,2歳,137.5,27.5,0.0,0.0,5.136363636363637,0.0,5.0
金沢区,ちゃいれっく　並木二丁目保育室,1歳,137.5,27.5,1.7272727272727273,0.0,5.0,0.0,5.0
金沢区,ちゃいれっく　並木二丁目保育室,0歳,137.5,27.5,0.0,0.0,0.0,0.0,5.0
金沢区,すくすくキッズとらまる保育園,5歳,92.5,18.5,0.0,0.0,0.0,0.0,5.0
金沢区,すくすくキッズとらまる保育園,4歳,92.5,18.5,0.0,0.0,0.0,0.0,5.0
金沢区,すくすくキッズとらまる保育園,3歳,92.5,18.5,0.0,0.0,0.0,0.0,5.0
南区,キッズパートナー弘明寺,3歳,147.5,29.5,0.5652173913043478,0.0,10.043478260869565,0.0,5.0
南区,キッズパートナー弘明寺,2歳,147.5,29.5,5.391304347826087,0.0,8.869565217391305,0.0,5.0
南区,キッズパートナー弘明寺,1歳,147.5,29.5,14.347826086956522,0.0,8.0,0.0,5.0
南区,キッズパートナー井土ヶ谷,5歳,147.5,29.5,0.0,0.0,0.0,0.0,5.0
南区,キッズパートナー井土ヶ谷,4歳,147.5,29.5,0.0,0.0,0.0,0.0,5.0
南区,キッズパートナー井土ヶ谷,3歳,147.5,29.5,0.0,0.0,0.0,0.0,5.0
南区,アスク吉野町保育園,3歳,137.5,27.5,1.0,0.0,8.5,0.0,5.0
南区,アスク吉野町保育園,2歳,137.5,27.5,3.5,0.0,8.0,0.0,5.0
南区,アスク吉野町保育園,1歳,137.5,27.5,8.181818181818182,0.0,8.0,0.0,5.0
南区,パナマリア保育園弘明寺園,1歳,147.5,29.5,7.6521739130434785,0.0,8.0,0.0,5.0
南区,パナマリア保育園弘明寺園,0歳,147.5,29.5,4.391304347826087,0.0,3.0,0.0,5.0
南区,チームナーサリーＢｉｇＨｕｇ南太田,5歳,147.5,29.5,0.0,0.0,0.0,0.0,5.0
南区,チームナーサリーＢｉｇＨｕｇ南太田,4歳,147.5,29.5,0.0,0.0,0.0,0.0,5.0
南区,チームナーサリーＢｉｇＨｕｇ南太田,3歳,147.5,29.5,0.0,0.0,0.0,0.0,5.0
南区,チームナーサリーＢｉｇＨｕｇ南太田,2歳,147.5,29.5,1.0,0.0,5.043478260869565,0.0,5.0
南区,チームナーサリーＢｉｇＨｕｇ南太田,0歳,147.5,29.5,0.0,0.0,0.0,0.0,5.0
南区,キューピールームＰ-ｋａｂｏｏ園,5歳,147.5,29.5,0.0,0.0,0.0,0.0,5.0
南区,キューピールームＰ-ｋａｂｏｏ園,4歳,147.5,29.5,0.0,0.0,0.0,0.0,5.0
南区,キューピールームＰ-ｋａｂｏｏ園,3歳,147.5,29.5,0.0,0.0,0.0,0.0,5.0
金沢区,すくすくキッズとらまる保育園,1歳,92.5,18.5,1.6666666666666667,0.0,8.0,0.0,5.0
金沢区,すくすくキッズとらまる保育園,0歳,92.5,18.5,0.0,0.0,0.0,0.0,5.0
金沢区,しののめ保育園,5歳,147.5,29.5,0.043478260869565216,0.0,16.130434782608695,0.0,5.0
金沢区,しののめ保育園,4歳,147.5,29.5,0.08695652173913043,0.0,17.869565217391305,0.0,5.0
金沢区,しののめ保育園,2歳,147.5,29.5,2.5217391304347827,0.0,17.608695652173914,0.0,5.0
金沢区,しののめ保育園,1歳,147.5,29.5,7.0,0.0,16.956521739130434,0.0,5.0
金沢区,きらら子どもの家,5歳,147.5,29.5,0.4782608695652174,0.0,14.0,0.0,5.0
南区,ペパンルーム,5歳,147.5,29.5,0.0,0.0,0.0,0.0,5.0
南区,ペパンルーム,4歳,147.5,29.5,0.0,0.0,0.0,0.0,5.0
南区,ペパンルーム,3歳,147.5,29.5,0.0,0.0,0.0,0.0,5.0
南区,ペパンルーム,2歳,147.5,29.5,0.21739130434782608,0.0,1.7826086956521738,0.0,5.0
南区,ペパンルーム,1歳,147.5,29.5,0.5217391304347826,0.0,2.0,0.0,5.0
南区,ペパンルーム,0歳,147.5,29.5,0.08695652173913043,0.0,1.0,0.0,5.0
南区,プチ・ナーサリー弘明寺,5歳,55.0,11.0,0.0,0.0,12.0,0.0,5.0
南区,プチ・ナーサリー弘明寺,4歳,55.0,11.0,1.0909090909090908,0.0,15.0,0.0,5.0
南区,プチ・ナーサリー弘明寺,3歳,55.0,11.0,1.7272727272727273,0.0,14.0,0.0,5.0
南区,プチ・ナーサリー弘明寺,2歳,55.0,11.0,12.636363636363637,0.0,12.0,0.0,5.0
南区,プチ・ナーサリー弘明寺,1歳,55.0,11.0,42.72727272727273,0.0,12.0,0.0,5.0
南区,プチ・ナーサリー弘明寺,0歳,55.0,11.0,53.18181818181818,0.0,6.0,0.0,5.0
南区,パナマリア保育園弘明寺園,5歳,147.5,29.5,0.0,0.0,0.0,0.0,5.0
南区,パナマリア保育園弘明寺園,4歳,147.5,29.5,0.0,0.0,0.0,0.0,5.0
南区,パナマリア保育園弘明寺園,3歳,147.5,29.5,0.0,0.0,0.0,0.0,5.0
南区,上大岡ラビット保育園,4歳,147.5,29.5,0.17391304347826086,0.0,9.0,0.0,5.0
南区,上大岡ラビット保育園,3歳,147.5,29.5,0.7391304347826086,0.0,9.0,0.0,5.0
南区,上大岡ラビット保育園,2歳,147.5,29.5,4.3478260869565215,0.0,7.0,0.0,5.0
南区,上大岡ラビット保育園,1歳,147.5,29.5,10.173913043478262,0.0,7.0,0.0,5.0
南区,三春台保育園,2歳,147.5,29.5,2.1739130434782608,0.0,12.956521739130435,0.0,5.0
南区,三春台保育園,0歳,147.5,29.5,0.0,0.0,0.0,0.0,5.0
南区,ララランド井土ヶ谷,1歳,147.5,29.5,8.434782608695652,0.0,12.0,0.0,5.0
金沢区,きらら子どもの家,4歳,147.5,29.5,0.8695652173913043,0.0,14.0,0.0,5.0
金沢区,きらら子どもの家,3歳,147.5,29.5,2.6956521739130435,0.0,13.956521739130435,0.0,5.0
金沢区,きらら子どもの家,2歳,147.5,29.5,4.695652173913044,0.0,10.0,0.0,5.0
金沢区,きらら子どもの家,1歳,147.5,29.5,8.521739130434783,0.0,8.434782608695652,0.0,5.0
金沢区,きらら保育園,5歳,147.5,29.5,1.2173913043478262,0.0,20.0,0.0,5.0
金沢区,きらら保育園,4歳,147.5,29.5,1.6956521739130435,0.0,20.0,0.0,5.0
金沢区,きらら保育園,3歳,147.5,29.5,2.347826086956522,0.0,20.0,0.0,5.0
金沢区,きらら保育園,2歳,147.5,29.5,7.3478260869565215,0.0,19.347826086956523,0.0,5.0
金沢区,きらら保育園,1歳,147.5,29.5,23.608695652173914,0.0,15.521739130434783,0.0,5.0
金沢区,きらら保育園,0歳,147.5,29.5,38.130434782608695,0.0,9.0,0.0,5.0
金沢区,かまりや保育園,2歳,147.5,29.5,1.0,0.0,13.391304347826088,0.0,5.0
金沢区,かまりや保育園,1歳,147.5,29.5,9.130434782608695,0.0,5.739130434782608,0.0,5.0
南区,京急キッズランド井土ケ谷駅保育園,1歳,147.5,29.5,22.956521739130434,0.0,10.0,0.0,5.0
南区,京急キッズランド井土ケ谷駅保育園,0歳,147.5,29.5,30.304347826086957,0.0,7.0,0.0,5.0
南区,久良岐保育園,5歳,147.5,29.5,0.2608695652173913,0.0,26.17391304347826,0.0,5.0
南区,久良岐保育園,4歳,147.5,29.5,1.5217391304347827,0.0,26.434782608695652,0.0,5.0
南区,久良岐保育園,3歳,147.5,29.5,3.5652173913043477,0.0,24.52173913043478,0.0,5.0
南区,久良岐保育園,2歳,147.5,29.5,7.130434782608695,0.0,21.0,0.0,5.0
南区,久良岐保育園,1歳,147.5,29.5,14.869565217391305,0.0,16.956521739130434,0.0,5.0
南区,久良岐保育園,0歳,147.5,29.5,8.478260869565217,0.0,5.043478260869565,0.0,5.0
金沢区,かまりや保育園,0歳,147.5,29.5,0.0,0.0,0.0,0.0,5.0
金沢区,かのん保育園,5歳,147.5,29.5,0.0,0.0,20.391304347826086,0.0,5.0
金沢区,かのん保育園,1歳,147.5,29.5,6.043478260869565,0.0,14.043478260869565,0.0,5.0
金沢区,かのん保育園,0歳,147.5,29.5,6.521739130434782,0.0,8.782608695652174,0.0,5.0
金沢区,かぜのね保育園,2歳,40.0,8.0,0.875,0.0,17.5,0.0,5.0
金沢区,かぜのね保育園,1歳,40.0,8.0,2.125,0.0,16.0,0.0,5.0
金沢区,かぜのね保育園,0歳,40.0,8.0,9.125,0.0,3.0,0.0,5.0
金沢区,かぜのねこども園,5歳,92.5,18.5,0.0,0.0,19.0,0.0,5.0
金沢区,かぜのねこども園,4歳,92.5,18.5,0.16666666666666666,0.0,19.083333333333332,0.0,5.0
南区,六ツ川台保育園,0歳,147.5,29.5,7.217391304347826,0.0,1.5217391304347827,0.0,5.0
南区,六ツ川みどり保育園,5歳,147.5,29.5,1.173913043478261,0.0,20.0,0.0,5.0
南区,六ツ川みどり保育園,4歳,147.5,29.5,0.6086956521739131,0.0,20.0,0.0,5.0
南区,六ツ川みどり保育園,1歳,147.5,29.5,9.521739130434783,0.0,17.869565217391305,0.0,5.0
南区,京急キッズランド黄金町保育園,2歳,147.5,29.5,1.173913043478261,0.0,10.0,0.0,5.0
南区,京急キッズランド黄金町保育園,1歳,147.5,29.5,4.695652173913044,0.0,10.0,0.0,5.0
南区,京急キッズランド井土ケ谷駅保育園,5歳,147.5,29.5,0.0,0.0,11.0,0.0,5.0
金沢区,かぜのねこども園,0歳,92.5,18.5,1.3333333333333333,0.0,3.0,0.0,5.0
金沢区,おひさま保育室,5歳,147.5,29.5,0.0,0.0,0.0,0.0,5.0
金沢区,おひさま保育室,4歳,147.5,29.5,0.0,0.0,0.0,0.0,5.0
金沢区,おひさま保育室,3歳,147.5,29.5,0.0,0.0,0.0,0.0,5.0
金沢区,おひさま保育室,1歳,147.5,29.5,1.1304347826086956,0.0,2.0,0.0,5.0
金沢区,あおぞら谷津保育園,1歳,147.5,29.5,8.695652173913043,0.0,13.043478260869565,0.0,5.0
南区,別所保育園,2歳,147.5,29.5,4.695652173913044,0.0,20.0,0.0,5.0
南区,別所保育園,1歳,147.5,29.5,11.565217391304348,0.0,16.0,0.0,5.0
南区,別所保育園,0歳,147.5,29.5,7.0,0.0,3.0,0.0,5.0
南区,六ツ川西保育園,4歳,147.5,29.5,0.4782608695652174,0.0,20.0,0.0,5.0
南区,六ツ川西保育園,2歳,147.5,29.5,4.434782608695652,0.0,15.0,0.0,5.0
南区,六ツ川台保育園,5歳,147.5,29.5,1.173913043478261,0.0,10.043478260869565,0.0,5.0
南区,六ツ川台保育園,4歳,147.5,29.5,0.391304347826087,0.0,9.956521739130435,0.0,5.0
南区,六ツ川台保育園,3歳,147.5,29.5,1.0869565217391304,0.0,9.869565217391305,0.0,5.0
南区,六ツ川台保育園,2歳,147.5,29.5,5.043478260869565,0.0,8.434782608695652,0.0,5.0
都筑区,ＫＩＤＳＦＯＲＥ　ＡＣＡＤＥＭＹ,3歳,147.5,29.5,3.3043478260869565,0.0,19.304347826086957,0.0,5.0
都筑区,ＫＩＤＳＦＯＲＥ　ＡＣＡＤＥＭＹ,0歳,147.5,29.5,0.0,0.0,0.0,0.0,5.0
都筑区,鴨居北こども園,2歳,55.0,11.0,3.3636363636363638,0.0,24.0,0.0,5.0
都筑区,鴨居北こども園,1歳,55.0,11.0,10.363636363636363,0.0,24.0,0.0,5.0
都筑区,鴨居北こども園,0歳,55.0,11.0,10.636363636363637,0.0,6.0,0.0,5.0
都筑区,認定こども園エクレス,2歳,147.5,29.5,0.5652173913043478,0.0,13.869565217391305,0.0,5.0
都筑区,認定こども園エクレス,1歳,147.5,29.5,3.0,0.0,11.869565217391305,0.0,5.0
都筑区,認定こども園やまゆりキッズ　横浜みずほ幼稚園,3歳,147.5,29.5,1.6521739130434783,0.0,11.0,0.0,5.0
都筑区,認定こども園やまゆりキッズ　横浜みずほ幼稚園,0歳,147.5,29.5,3.4782608695652173,0.0,1.434782608695652,0.0,5.0
都筑区,認定こども園　横浜黎明幼稚園,5歳,147.5,29.5,0.5217391304347826,0.0,7.0,0.0,5.0
都筑区,認定こども園　横浜黎明幼稚園,3歳,147.5,29.5,5.608695652173913,0.0,6.0,0.0,5.0
南区,大岡はるかぜ保育園,2歳,147.5,29.5,6.391304347826087,0.0,14.956521739130435,0.0,5.0
南区,大岡おひさま保育園,2歳,147.5,29.5,4.260869565217392,0.0,8.0,0.0,5.0
南区,大岡おひさま保育園,1歳,147.5,29.5,7.869565217391305,0.0,8.043478260869565,0.0,5.0
南区,大岡おひさま保育園,0歳,147.5,29.5,6.086956521739131,0.0,3.0,0.0,5.0
南区,南愛児園,1歳,147.5,29.5,0.0,0.0,0.0,0.0,5.0
南区,南愛児園,0歳,147.5,29.5,0.0,0.0,0.0,0.0,5.0
南区,別所保育園,5歳,147.5,29.5,0.0,0.0,21.434782608695652,0.0,5.0
都筑区,認定こども園　横浜黎明幼稚園,2歳,147.5,29.5,0.0,0.0,0.0,0.0,5.0
都筑区,認定こども園　横浜黎明幼稚園,1歳,147.5,29.5,0.0,0.0,0.0,0.0,5.0
都筑区,認定こども園　横浜黎明幼稚園,0歳,147.5,29.5,0.0,0.0,0.0,0.0,5.0
都筑区,第二しらとり台保育園,5歳,147.5,29.5,0.0,0.0,18.52173913043478,0.0,5.0
都筑区,滝ヶ谷保育園,0歳,147.5,29.5,14.91304347826087,0.0,3.0,0.0,5.0
都筑区,池辺保育園,5歳,147.5,29.5,0.0,0.0,11.434782608695652,0.0,5.0
南区,小学館アカデミーまいた保育園,5歳,147.5,29.5,0.5217391304347826,0.0,9.08695652173913,0.0,5.0
南区,小学館アカデミーまいた保育園,4歳,147.5,29.5,1.0,0.0,10.0,0.0,5.0
南区,小学館アカデミーまいた保育園,3歳,147.5,29.5,0.13043478260869565,0.0,10.478260869565217,0.0,5.0
南区,小学館アカデミーまいた保育園,1歳,147.5,29.5,5.6521739130434785,0.0,9.0,0.0,5.0
南区,小さな足あと保育園,5歳,147.5,29.5,0.08695652173913043,0.0,14.043478260869565,0.0,5.0
南区,小さな足あと保育園,2歳,147.5,29.5,4.217391304347826,0.0,14.0,0.0,5.0
南区,小さな足あと保育園,1歳,147.5,29.5,12.478260869565217,0.0,13.956521739130435,0.0,5.0
南区,大岡はるかぜ保育園,5歳,147.5,29.5,0.2608695652173913,0.0,20.347826086956523,0.0,5.0
南区,大岡はるかぜ保育園,4歳,147.5,29.5,0.391304347826087,0.0,20.434782608695652,0.0,5.0
都筑区,池辺保育園,4歳,147.5,29.5,0.0,0.0,14.347826086956522,0.0,5.0
都筑区,池辺保育園,2歳,147.5,29.5,0.08695652173913043,0.0,14.782608695652174,0.0,5.0
都筑区,池辺保育園,1歳,147.5,29.5,1.9130434782608696,0.0,11.130434782608695,0.0,5.0
都筑区,池辺おひさま保育園,5歳,147.5,29.5,0.0,0.0,0.0,0.0,5.0
都筑区,池辺おひさま保育園,4歳,147.5,29.5,0.0,0.0,0.0,0.0,5.0
都筑区,池辺おひさま保育園,3歳,147.5,29.5,0.0,0.0,0.0,0.0,5.0
都筑区,池辺おひさま保育園,2歳,147.5,29.5,0.08695652173913043,0.0,9.0,0.0,5.0
都筑区,池辺おひさま保育園,0歳,147.5,29.5,2.391304347826087,0.0,3.0,0.0,5.0
都筑区,横浜茅ケ崎保育園,1歳,147.5,29.5,1.9130434782608696,0.0,21.652173913043477,0.0,5.0
南区,木の花保育園,4歳,147.5,29.5,0.0,0.0,0.0,0.0,5.0
南区,木の花保育園,3歳,147.5,29.5,0.0,0.0,0.0,0.0,5.0
南区,弘明寺なぎさ保育園,5歳,92.5,18.5,0.0,0.0,0.0,0.0,5.0
南区,弘明寺なぎさ保育園,4歳,92.5,18.5,0.0,0.0,0.0,0.0,5.0
南区,弘明寺なぎさ保育園,3歳,92.5,18.5,0.0,0.0,0.0,0.0,5.0
南区,弘明寺なぎさ保育園,1歳,92.5,18.5,2.4166666666666665,0.0,7.0,0.0,5.0
南区,弘明寺なぎさ保育園,0歳,92.5,18.5,0.0,0.0,0.0,0.0,5.0
南区,幼保連携型認定こども園　睦町保育園,5歳,10.0,2.0,0.0,0.0,18.0,0.0,5.0
南区,幼保連携型認定こども園　睦町保育園,4歳,10.0,2.0,0.0,0.0,14.0,0.0,5.0
南区,幼保連携型認定こども園　睦町保育園,3歳,10.0,2.0,0.0,0.0,14.0,0.0,5.0
南区,幼保連携型認定こども園　睦町保育園,2歳,10.0,2.0,0.0,0.0,15.0,0.0,5.0
南区,幼保連携型認定こども園　睦町保育園,1歳,10.0,2.0,0.0,0.0,12.0,0.0,5.0
南区,横浜市しろばら保育園,0歳,147.5,29.5,0.0,0.0,0.0,0.0,5.0
南区,横浜みなみ薫保育園,2歳,147.5,29.5,2.0434782608695654,0.0,12.0,0.0,5.0
南区,横浜みなみ薫保育園,1歳,147.5,29.5,5.043478260869565,0.0,12.0,0.0,5.0
南区,木の花保育園,5歳,147.5,29.5,0.0,0.0,0.0,0.0,5.0
都筑区,横浜市茅ケ崎南保育園,1歳,147.5,29.5,6.391304347826087,0.0,21.08695652173913,0.0,5.0
都筑区,横浜市大熊保育園,3歳,147.5,29.5,1.826086956521739,0.0,24.695652173913043,0.0,5.0
都筑区,横浜市中川西保育園,1歳,147.5,29.5,1.7391304347826086,0.0,20.608695652173914,0.0,5.0
都筑区,横浜市みどり保育園,1歳,147.5,29.5,11.304347826086957,0.0,17.0,0.0,5.0
都筑区,川和町ぶるーべる保育園,5歳,10.0,2.0,0.0,0.0,0.0,0.0,5.0
都筑区,川和町ぶるーべる保育園,4歳,10.0,2.0,0.0,0.0,0.0,0.0,5.0
都筑区,川和町ぶるーべる保育園,3歳,10.0,2.0,0.0,0.0,0.0,0.0,5.0
都筑区,川和町ぶるーべる保育園,1歳,10.0,2.0,0.0,0.0,11.0,0.0,5.0
都筑区,川和町ぶるーべる保育園,0歳,10.0,2.0,0.0,0.0,0.0,0.0,5.0
都筑区,川和保育園,5歳,147.5,29.5,0.0,0.0,32.65217391304348,0.0,5.0
都筑区,川和保育園,4歳,147.5,29.5,0.043478260869565216,0.0,34.08695652173913,0.0,5.0
都筑区,川和保育園,3歳,147.5,29.5,0.2608695652173913,0.0,31.0,0.0,5.0
都筑区,川和保育園,2歳,147.5,29.5,0.0,0.0,20.434782608695652,0.0,5.0
都筑区,川和保育園,1歳,147.5,29.5,0.6086956521739131,0.0,11.347826086956522,0.0,5.0
都筑区,川和保育園,0歳,147.5,29.5,3.3043478260869565,0.0,2.4782608695652173,0.0,5.0
都筑区,勝田保育園,3歳,147.5,29.5,0.21739130434782608,0.0,19.0,0.0,5.0
南区,横浜市永田保育園,4歳,147.5,29.5,0.2608695652173913,0.0,18.956521739130434,0.0,5.0
南区,横浜市永田保育園,2歳,147.5,29.5,4.260869565217392,0.0,16.0,0.0,5.0
南区,横浜市永田保育園,0歳,147.5,29.5,0.0,0.0,0.0,0.0,5.0
南区,横浜市井土ケ谷保育園,5歳,147.5,29.5,1.0434782608695652,0.0,25.0,0.0,5.0
南区,横浜市井土ケ谷保育園,4歳,147.5,29.5,1.5217391304347827,0.0,25.0,0.0,5.0
都筑区,保育園みんなのおうち,5歳,147.5,29.5,0.0,0.0,0.0,0.0,5.0
都筑区,保育園みんなのおうち,4歳,147.5,29.5,0.0,0.0,0.0,0.0,5.0
都筑区,保育園みんなのおうち,3歳,147.5,29.5,0.0,0.0,0.0,0.0,5.0
都筑区,保育園みんなのおうち,1歳,147.5,29.5,1.0869565217391304,0.0,8.0,0.0,5.0
都筑区,保育ルームキューティー北山田,5歳,147.5,29.5,0.0,0.0,0.0,0.0,5.0
都筑区,保育ルームキューティー北山田,4歳,147.5,29.5,0.0,0.0,0.0,0.0,5.0
都筑区,保育ルームキューティー北山田,3歳,147.5,29.5,0.0,0.0,0.0,0.0,5.0
都筑区,保育ルームキューティーユー,5歳,147.5,29.5,0.0,0.0,0.0,0.0,5.0
都筑区,保育ルームキューティーユー,4歳,147.5,29.5,0.0,0.0,0.0,0.0,5.0
都筑区,保育ルームキューティーユー,3歳,147.5,29.5,0.0,0.0,0.0,0.0,5.0
南区,蒔田ひまわり保育園,4歳,147.5,29.5,0.6956521739130435,0.0,12.0,0.0,5.0
南区,蒔田ひまわり保育園,2歳,147.5,29.5,2.5217391304347827,0.0,12.0,0.0,5.0
南区,竹の子共同保育園,5歳,147.5,29.5,0.0,0.0,0.0,0.0,5.0
南区,竹の子共同保育園,4歳,147.5,29.5,0.0,0.0,0.0,0.0,5.0
南区,竹の子共同保育園,3歳,147.5,29.5,0.0,0.0,0.0,0.0,5.0
南区,竹の子共同保育園,1歳,147.5,29.5,6.0,0.0,7.043478260869565,0.0,5.0
南区,竹の子共同保育園,0歳,147.5,29.5,3.6956521739130435,0.0,3.9565217391304346,0.0,5.0
南区,睦町保育園,2歳,137.5,27.5,3.0,0.0,15.0,0.0,5.0
都筑区,仲町台もみのき保育室,5歳,147.5,29.5,0.0,0.0,0.0,0.0,5.0
都筑区,仲町台もみのき保育室,4歳,147.5,29.5,0.0,0.0,0.0,0.0,5.0
都筑区,仲町台もみのき保育室,3歳,147.5,29.5,0.0,0.0,0.0,0.0,5.0
都筑区,中川小桜愛児園,0歳,147.5,29.5,0.0,0.0,0.0,0.0,5.0
都筑区,中川保育園,0歳,147.5,29.5,0.13043478260869565,0.0,0.34782608695652173,0.0,5.0
戸塚区,あきば幼保連携型認定こども園,1歳,147.5,29.5,12.173913043478262,0.0,17.0,0.0,5.0
戸塚区,あきば幼保連携型認定こども園,0歳,147.5,29.5,14.26086956521739,0.0,9.0,0.0,5.0
戸塚区,あおぞらみらい保育園,5歳,147.5,29.5,0.0,0.0,0.0,0.0,5.0
戸塚区,あおぞらみらい保育園,4歳,147.5,29.5,0.0,0.0,0.0,0.0,5.0
戸塚区,あおぞらみらい保育園,3歳,147.5,29.5,0.0,0.0,0.0,0.0,5.0
南区,認定こども園山王台幼稚園,5歳,147.5,29.5,0.9565217391304348,0.0,4.434782608695652,0.0,5.0
南区,認定こども園山王台幼稚園,4歳,147.5,29.5,0.13043478260869565,0.0,7.608695652173913,0.0,5.0
南区,認定こども園山王台幼稚園,3歳,147.5,29.5,0.9565217391304348,0.0,9.869565217391305,0.0,5.0
南区,認定こども園山王台幼稚園,2歳,147.5,29.5,3.6956521739130435,0.0,13.565217391304348,0.0,5.0
南区,認定こども園山王台幼稚園,1歳,147.5,29.5,6.217391304347826,0.0,13.73913043478261,0.0,5.0
都筑区,ポピンズナーサリースクールセンター南,1歳,147.5,29.5,4.391304347826087,0.0,8.0,0.0,5.0
都筑区,ベイキッズ　あおぞら保育園,5歳,147.5,29.5,0.0,0.0,0.0,0.0,5.0
都筑区,ベイキッズ　あおぞら保育園,4歳,147.5,29.5,0.0,0.0,0.0,0.0,5.0
都筑区,ベイキッズ　あおぞら保育園,3歳,147.5,29.5,0.0,0.0,0.0,0.0,5.0
都筑区,ブライト保育園横浜佐江戸,3歳,147.5,29.5,0.30434782608695654,0.0,11.043478260869565,0.0,5.0
都筑区,ブライト保育園横浜佐江戸,2歳,147.5,29.5,2.9130434782608696,0.0,10.0,0.0,5.0
都筑区,ブライト保育園横浜佐江戸,1歳,147.5,29.5,5.391304347826087,0.0,8.0,0.0,5.0
都筑区,ピノキオ幼児舎センター南園,5歳,147.5,29.5,0.0,0.0,0.0,0.0,5.0
都筑区,ピノキオ幼児舎センター南園,4歳,147.5,29.5,0.0,0.0,0.0,0.0,5.0
都筑区,ピノキオ幼児舎センター南園,3歳,147.5,29.5,0.0,0.0,0.0,0.0,5.0
都筑区,ピノキオ幼児舎センター南園,2歳,147.5,29.5,0.6956521739130435,0.0,6.956521739130435,0.0,5.0
都筑区,ピッコリーノ保育園,5歳,147.5,29.5,0.0,0.0,0.0,0.0,5.0
都筑区,ピッコリーノ保育園,4歳,147.5,29.5,0.0,0.0,0.0,0.0,5.0
都筑区,ピッコリーノ保育園,3歳,147.5,29.5,0.0,0.0,0.0,0.0,5.0
戸塚区,あーす保育園　横濱戸塚,0歳,147.5,29.5,0.0,0.0,0.0,0.0,5.0
戸塚区,あけぼの保育園,4歳,147.5,29.5,0.34782608695652173,0.0,14.0,0.0,5.0
戸塚区,あけぼの保育園,2歳,147.5,29.5,7.913043478260869,0.0,10.0,0.0,5.0
戸塚区,あけぼの保育園,0歳,147.5,29.5,6.0,0.0,8.478260869565217,0.0,5.0
戸塚区,あきば第２保育園,5歳,147.5,29.5,0.0,0.0,0.0,0.0,5.0
戸塚区,あきば第２保育園,4歳,147.5,29.5,0.0,0.0,0.0,0.0,5.0
戸塚区,あきば第２保育園,3歳,147.5,29.5,0.0,0.0,0.0,0.0,5.0
戸塚区,あきば第２保育園,2歳,147.5,29.5,0.782608695652174,0.0,8.0,0.0,5.0
戸塚区,あきば第２保育園,1歳,147.5,29.5,7.478260869565218,0.0,8.0,0.0,5.0
戸塚区,あきば第２保育園,0歳,147.5,29.5,9.08695652173913,0.0,3.0,0.0,5.0
戸塚区,あきば幼保連携型認定こども園,5歳,147.5,29.5,0.5217391304347826,0.0,29.391304347826086,0.0,5.0
戸塚区,あきば幼保連携型認定こども園,4歳,147.5,29.5,1.8695652173913044,0.0,27.130434782608695,0.0,5.0
戸塚区,あーす保育園戸塚Ａｎｎｅｘ,4歳,147.5,29.5,0.0,0.0,0.0,0.0,5.0
戸塚区,あーす保育園戸塚Ａｎｎｅｘ,3歳,147.5,29.5,0.0,0.0,0.0,0.0,5.0
戸塚区,あーす保育園戸塚Ａｎｎｅｘ,2歳,147.5,29.5,3.0869565217391304,0.0,8.0,0.0,5.0
戸塚区,あーす保育園戸塚Ａｎｎｅｘ,1歳,147.5,29.5,9.347826086956522,0.0,8.0,0.0,5.0
戸塚区,あーす保育園戸塚,5歳,147.5,29.5,0.0,0.0,0.0,0.0,5.0
戸塚区,あーす保育園戸塚,4歳,147.5,29.5,0.0,0.0,0.0,0.0,5.0
戸塚区,あーす保育園戸塚,3歳,147.5,29.5,0.0,0.0,0.0,0.0,5.0
戸塚区,あーす保育園戸塚,1歳,147.5,29.5,7.434782608695652,0.0,7.956521739130435,0.0,5.0
戸塚区,あーす保育園　横濱戸塚,5歳,147.5,29.5,0.0,0.0,9.26086956521739,0.0,5.0
戸塚区,あーす保育園　横濱戸塚,4歳,147.5,29.5,0.0,0.0,16.47826086956522,0.0,5.0
戸塚区,あーす保育園　横濱戸塚,2歳,147.5,29.5,6.956521739130435,0.0,10.0,0.0,5.0
戸塚区,あーす保育園　横濱戸塚,1歳,147.5,29.5,13.608695652173912,0.0,8.0,0.0,5.0
戸塚区,おおぞらひまわり保育園,2歳,147.5,29.5,4.043478260869565,0.0,11.782608695652174,0.0,5.0
戸塚区,おおぞらどんぐり保育室,5歳,147.5,29.5,0.0,0.0,0.0,0.0,5.0
戸塚区,おおぞらどんぐり保育室,4歳,147.5,29.5,0.0,0.0,0.0,0.0,5.0
戸塚区,おおぞらどんぐり保育室,3歳,147.5,29.5,0.0,0.0,0.0,0.0,5.0
戸塚区,おおぞらどんぐり保育室,1歳,147.5,29.5,0.782608695652174,0.0,2.9565217391304346,0.0,5.0
戸塚区,おおぞらどんぐり保育室,0歳,147.5,29.5,1.826086956521739,0.0,1.9565217391304348,0.0,5.0
戸塚区,うみのくに保育園とつか,3歳,147.5,29.5,1.0434782608695652,0.0,11.521739130434783,0.0,5.0
戸塚区,うみのくに保育園とつか,1歳,147.5,29.5,3.5217391304347827,0.0,9.0,0.0,5.0
戸塚区,あーす保育園戸塚Ａｎｎｅｘ,5歳,147.5,29.5,0.0,0.0,0.0,0.0,5.0
都筑区,パレット保育園・センター南,5歳,147.5,29.5,0.0,0.0,8.521739130434783,0.0,5.0
都筑区,パレット保育園・センター南,4歳,147.5,29.5,0.0,0.0,9.434782608695652,0.0,5.0
都筑区,パレット保育園・センター南,3歳,147.5,29.5,0.6521739130434783,0.0,8.521739130434783,0.0,5.0
都筑区,スターチャイルド≪川和ナーサリー≫,5歳,147.5,29.5,0.0,0.0,0.0,0.0,5.0
都筑区,スターチャイルド≪川和ナーサリー≫,4歳,147.5,29.5,0.0,0.0,0.0,0.0,5.0
都筑区,スターチャイルド≪川和ナーサリー≫,3歳,147.5,29.5,0.0,0.0,0.0,0.0,5.0
都筑区,シープ保育所,2歳,147.5,29.5,0.4782608695652174,0.0,11.869565217391305,0.0,5.0
都筑区,シープ保育所,1歳,147.5,29.5,1.1304347826086956,0.0,8.956521739130435,0.0,5.0
都筑区,コビープリスクールなかまちだい,5歳,147.5,29.5,0.4782608695652174,0.0,14.0,0.0,5.0
戸塚区,くすのき保育園,0歳,147.5,29.5,10.217391304347826,0.0,11.0,0.0,5.0
戸塚区,おんぷ保育園,5歳,147.5,29.5,0.0,0.0,0.0,0.0,5.0
戸塚区,おんぷ保育園,4歳,147.5,29.5,0.0,0.0,0.0,0.0,5.0
戸塚区,おんぷ保育園,3歳,147.5,29.5,0.0,0.0,0.0,0.0,5.0
戸塚区,おんぷ保育園,0歳,147.5,29.5,0.0,0.0,0.0,0.0,5.0
戸塚区,おれんじハウス戸塚保育園,2歳,10.0,2.0,0.0,0.0,11.0,0.0,5.0
戸塚区,おれんじハウス戸塚保育園,1歳,10.0,2.0,4.0,0.0,10.0,0.0,5.0
戸塚区,おれんじハウス戸塚保育園,0歳,10.0,2.0,1.0,0.0,2.0,0.0,5.0
戸塚区,おおぞらひまわり保育園,5歳,147.5,29.5,0.0,0.0,14.869565217391305,0.0,5.0
都筑区,コビープリスクールなかまちだい,1歳,147.5,29.5,3.869565217391304,0.0,11.0,0.0,5.0
都筑区,グローバルキッズ都筑ふれあいの丘園,4歳,147.5,29.5,0.5217391304347826,0.0,15.0,0.0,5.0
都筑区,クオリスキッズ鴨居駅前保育園,5歳,147.5,29.5,0.0,0.0,11.521739130434783,0.0,5.0
都筑区,キャリー保育園なかまちだい,5歳,147.5,29.5,0.0,0.0,0.0,0.0,5.0
都筑区,キャリー保育園なかまちだい,4歳,147.5,29.5,0.0,0.0,0.0,0.0,5.0
都筑区,キャリー保育園なかまちだい,3歳,147.5,29.5,0.0,0.0,0.0,0.0,5.0
都筑区,キッズフォレ東山田,5歳,147.5,29.5,0.0,0.0,11.0,0.0,5.0
都筑区,キッズフォレ東山田,3歳,147.5,29.5,0.6521739130434783,0.0,10.521739130434783,0.0,5.0
都筑区,キッズフォレ東山田,2歳,147.5,29.5,1.3043478260869565,0.0,11.0,0.0,5.0
都筑区,キッズフォレ東山田,1歳,147.5,29.5,1.608695652173913,0.0,11.0,0.0,5.0
戸塚区,くすのき第二保育園,2歳,147.5,29.5,1.8695652173913044,0.0,17.0,0.0,5.0
戸塚区,くすのき第二保育園,1歳,147.5,29.5,8.26086956521739,0.0,16.0,0.0,5.0
戸塚区,くすのき第二保育園,0歳,147.5,29.5,9.130434782608695,0.0,9.0,0.0,5.0
戸塚区,くすのき保育園,2歳,147.5,29.5,2.0,0.0,20.0,0.0,5.0
都筑区,キッズフォレセンター北,0歳,147.5,29.5,92.65217391304348,0.0,4.0,0.0,5.0
都筑区,エンジェルプラネット仲町台園,5歳,10.0,2.0,0.0,0.0,0.0,0.0,5.0
都筑区,エンジェルプラネット仲町台園,4歳,10.0,2.0,0.0,0.0,0.0,0.0,5.0
都筑区,エンジェルプラネット仲町台園,3歳,10.0,2.0,0.0,0.0,0.0,0.0,5.0
都筑区,エンジェルプラネット仲町台園,1歳,10.0,2.0,0.0,0.0,8.0,0.0,5.0
都筑区,エンジェルプラネット仲町台,5歳,137.5,27.5,0.0,0.0,0.0,0.0,5.0
都筑区,エンジェルプラネット仲町台,4歳,137.5,27.5,0.0,0.0,0.0,0.0,5.0
都筑区,エンジェルプラネット仲町台,3歳,137.5,27.5,0.0,0.0,0.0,0.0,5.0
都筑区,エンジェルプラネット中川園,5歳,10.0,2.0,0.0,0.0,13.0,0.0,5.0
戸塚区,しんざわあゆみ保育室,5歳,147.5,29.5,0.0,0.0,0.0,0.0,5.0
戸塚区,しんざわあゆみ保育室,4歳,147.5,29.5,0.0,0.0,0.0,0.0,5.0
戸塚区,しんざわあゆみ保育室,3歳,147.5,29.5,0.0,0.0,0.0,0.0,5.0
戸塚区,しんざわあゆみ保育室,0歳,147.5,29.5,0.0,0.0,0.0,0.0,5.0
都筑区,エンジェルプラネット中川園,1歳,10.0,2.0,0.0,0.0,8.0,0.0,5.0
都筑区,エンジェルプラネット中川園,0歳,10.0,2.0,0.0,0.0,0.0,0.0,5.0
都筑区,エンジェルプラネット,0歳,137.5,27.5,0.0,0.0,0.0,0.0,5.0
都筑区,エクレスすみれ保育園,5歳,147.5,29.5,0.0,0.0,0.0,0.0,5.0
都筑区,エクレスすみれ保育園,4歳,147.5,29.5,0.0,0.0,0.0,0.0,5.0
都筑区,エクレスすみれ保育園,3歳,147.5,29.5,0.0,0.0,0.0,0.0,5.0
都筑区,エクレスすみれ保育園,2歳,147.5,29.5,1.608695652173913,0.0,20.0,0.0,5.0
都筑区,アリス保育園,5歳,147.5,29.5,0.0,0.0,0.0,0.0,5.0
都筑区,アリス保育園,4歳,147.5,29.5,0.0,0.0,0.0,0.0,5.0
都筑区,アリス保育園,3歳,147.5,29.5,0.0,0.0,0.0,0.0,5.0
都筑区,アソシエふれあいの丘保育園,2歳,147.5,29.5,0.782608695652174,0.0,13.0,0.0,5.0
都筑区,アソシエふれあいの丘保育園,1歳,147.5,29.5,2.9565217391304346,0.0,12.0,0.0,5.0
戸塚区,ちゃいれっく戸塚保育園,4歳,147.5,29.5,0.043478260869565216,0.0,20.0,0.0,5.0
戸塚区,ちゃいれっく戸塚保育園,3歳,147.5,29.5,1.1304347826086956,0.0,20.0,0.0,5.0
戸塚区,ちゃいれっく戸塚保育園,2歳,147.5,29.5,12.26086956521739,0.0,15.0,0.0,5.0
戸塚区,ちゃいれっく平戸町保育室,5歳,147.5,29.5,0.0,0.0,0.0,0.0,5.0
戸塚区,ちゃいれっく平戸町保育室,4歳,147.5,29.5,0.0,0.0,0.0,0.0,5.0
戸塚区,ちゃいれっく平戸町保育室,3歳,147.5,29.5,0.0,0.0,0.0,0.0,5.0
戸塚区,ちゃいれっく平戸町保育室,1歳,147.5,29.5,0.08695652173913043,0.0,8.0,0.0,5.0
都筑区,アスクセンター南保育園,5歳,147.5,29.5,0.0,0.0,11.0,0.0,5.0
都筑区,よこはま夢保育園,3歳,147.5,29.5,0.30434782608695654,0.0,13.521739130434783,0.0,5.0
都筑区,よこはま夢保育園,0歳,147.5,29.5,9.26086956521739,0.0,6.0,0.0,5.0
都筑区,よこはま・もあな保育園,5歳,147.5,29.5,0.0,0.0,9.043478260869565,0.0,5.0
都筑区,ゆうゆうのもり幼保園,5歳,147.5,29.5,0.0,0.0,7.6521739130434785,0.0,5.0
都筑区,ゆうゆうのもり幼保園,4歳,147.5,29.5,0.9565217391304348,0.0,10.26086956521739,0.0,5.0
都筑区,ゆうゆうのもり幼保園,3歳,147.5,29.5,0.4782608695652174,0.0,10.304347826086957,0.0,5.0
都筑区,ゆうゆうのもり幼保園,2歳,147.5,29.5,1.2173913043478262,0.0,11.0,0.0,5.0
都筑区,ゆうゆうのもり幼保園,1歳,147.5,29.5,5.608695652173913,0.0,10.0,0.0,5.0
都筑区,ゆうぽーと保育園,4歳,147.5,29.5,0.0,0.0,12.0,0.0,5.0
都筑区,ゆうぽーと保育園,3歳,147.5,29.5,1.2608695652173914,0.0,12.0,0.0,5.0
都筑区,ゆうぽーと保育園,1歳,147.5,29.5,16.695652173913043,0.0,8.0,0.0,5.0
戸塚区,つくし保育園　東戸塚,1歳,147.5,29.5,2.0434782608695654,0.0,9.0,0.0,5.0
戸塚区,つくし保育園　戸塚,2歳,147.5,29.5,9.91304347826087,0.0,15.0,0.0,5.0
戸塚区,つくし保育園　戸塚,1歳,147.5,29.5,16.217391304347824,0.0,13.0,0.0,5.0
戸塚区,ちゃいれっく東戸塚駅前保育園,5歳,147.5,29.5,0.0,0.0,11.0,0.0,5.0
戸塚区,ちゃいれっく東戸塚駅前保育園,2歳,147.5,29.5,1.391304347826087,0.0,9.0,0.0,5.0
戸塚区,ちゃいれっく東戸塚駅前保育園,1歳,147.5,29.5,3.4782608695652173,0.0,9.0,0.0,5.0
都筑区,ゆうぽーと保育園,0歳,147.5,29.5,17.869565217391305,0.0,6.0,0.0,5.0
都筑区,やまた保育園,5歳,147.5,29.5,0.0,0.0,11.478260869565217,0.0,5.0
都筑区,やまた保育園,4歳,147.5,29.5,1.2173913043478262,0.0,12.434782608695652,0.0,5.0
都筑区,やまた保育園,1歳,147.5,29.5,3.0434782608695654,0.0,13.0,0.0,5.0
都筑区,むらき家庭保育室,5歳,147.5,29.5,0.0,0.0,0.0,0.0,5.0
都筑区,むらき家庭保育室,4歳,147.5,29.5,0.0,0.0,0.0,0.0,5.0
都筑区,むらき家庭保育室,3歳,147.5,29.5,0.0,0.0,0.0,0.0,5.0
都筑区,むらき家庭保育室,2歳,147.5,29.5,0.21739130434782608,0.0,2.869565217391304,0.0,5.0
都筑区,むらき家庭保育室,1歳,147.5,29.5,0.6521739130434783,0.0,2.0434782608695654,0.0,5.0
都筑区,まなびの森　鴨居北こども園,5歳,92.5,18.5,0.6666666666666666,0.0,21.333333333333332,0.0,5.0
都筑区,まなびの森　鴨居北こども園,4歳,92.5,18.5,0.0,0.0,24.916666666666668,0.0,5.0
戸塚区,にじいろ保育園品濃町,2歳,147.5,29.5,1.7391304347826086,0.0,14.347826086956522,0.0,5.0
戸塚区,にじいろ保育園吉田町,3歳,10.0,2.0,3.0,0.0,13.0,0.0,5.0
戸塚区,にじいろ保育園吉田町,2歳,10.0,2.0,6.0,0.0,11.0,0.0,5.0
戸塚区,にじいろ保育園吉田町,1歳,10.0,2.0,9.0,0.0,10.0,0.0,5.0
戸塚区,にじいろ保育園吉田町,0歳,10.0,2.0,0.0,0.0,0.0,0.0,5.0
戸塚区,とつかルーテル保育園,5歳,147.5,29.5,0.0,0.0,38.130434782608695,0.0,5.0
戸塚区,とつかルーテル保育園,4歳,147.5,29.5,0.43478260869565216,0.0,40.30434782608695,0.0,5.0
戸塚区,とつかルーテル保育園,3歳,147.5,29.5,2.260869565217391,0.0,39.73913043478261,0.0,5.0
戸塚区,とつかルーテル保育園,2歳,147.5,29.5,9.521739130434783,0.0,35.78260869565217,0.0,5.0
戸塚区,とつかルーテル保育園,1歳,147.5,29.5,17.782608695652176,0.0,31.043478260869566,0.0,5.0
戸塚区,にじいろ保育園戸塚,2歳,147.5,29.5,8.869565217391305,0.0,15.0,0.0,5.0
戸塚区,にじいろ保育園川上町,5歳,147.5,29.5,0.08695652173913043,0.0,17.304347826086957,0.0,5.0
戸塚区,にじいろ保育園川上町,4歳,147.5,29.5,0.043478260869565216,0.0,17.695652173913043,0.0,5.0
戸塚区,にじいろ保育園川上町,2歳,147.5,29.5,1.1304347826086956,0.0,13.869565217391305,0.0,5.0
戸塚区,にじいろ保育園川上町,1歳,147.5,29.5,5.217391304347826,0.0,11.91304347826087,0.0,5.0
戸塚区,にじいろ保育園品濃町,5歳,147.5,29.5,0.043478260869565216,0.0,13.434782608695652,0.0,5.0
戸塚区,にじいろ保育園品濃町,4歳,147.5,29.5,0.4782608695652174,0.0,13.521739130434783,0.0,5.0
戸塚区,にじいろ保育園品濃町,3歳,147.5,29.5,0.782608695652174,0.0,14.130434782608695,0.0,5.0
都筑区,まなびの森　鴨居北こども園,1歳,92.5,18.5,4.583333333333333,0.0,19.666666666666668,0.0,5.0
都筑区,まなびの森　鴨居北こども園,0歳,92.5,18.5,10.5,0.0,5.75,0.0,5.0
都筑区,なかまちっこ園,3歳,147.5,29.5,0.13043478260869565,0.0,8.91304347826087,0.0,5.0
都筑区,なかまちっこ園,1歳,147.5,29.5,0.6521739130434783,0.0,9.0,0.0,5.0
都筑区,どんぐり保育室,5歳,92.5,18.5,0.0,0.0,0.0,0.0,5.0
都筑区,どんぐり保育室,4歳,92.5,18.5,0.0,0.0,0.0,0.0,5.0
都筑区,どんぐり保育室,3歳,92.5,18.5,0.0,0.0,0.0,0.0,5.0
都筑区,どんぐり保育室,2歳,92.5,18.5,0.6666666666666666,0.0,1.75,0.0,5.0
都筑区,どんぐり保育室,1歳,92.5,18.5,0.6666666666666666,0.0,1.4166666666666667,0.0,5.0
戸塚区,ののはな保育園,2歳,147.5,29.5,3.608695652173913,0.0,10.0,0.0,5.0
戸塚区,ののはな保育園,1歳,147.5,29.5,3.260869565217391,0.0,10.0,0.0,5.0
戸塚区,にじいろ保育園東戸塚,3歳,147.5,29.5,1.1304347826086956,0.0,12.0,0.0,5.0
戸塚区,にじいろ保育園東戸塚,1歳,147.5,29.5,6.260869565217392,0.0,10.0,0.0,5.0
戸塚区,にじいろ保育園戸塚駅前,4歳,147.5,29.5,0.2608695652173913,0.0,11.0,0.0,5.0
戸塚区,にじいろ保育園戸塚駅前,1歳,147.5,29.5,55.52173913043478,0.0,10.0,0.0,5.0
都筑区,つくし保育園　センター南,1歳,147.5,29.5,4.304347826086956,0.0,12.0,0.0,5.0
都筑区,つくし保育園　センター南,0歳,147.5,29.5,10.304347826086957,0.0,6.0,0.0,5.0
都筑区,そのだ家庭保育室,5歳,55.0,11.0,0.0,0.0,0.0,0.0,5.0
都筑区,そのだ家庭保育室,4歳,55.0,11.0,0.0,0.0,0.0,0.0,5.0
都筑区,そのだ家庭保育室,3歳,55.0,11.0,0.0,0.0,0.0,0.0,5.0
都筑区,そのだ家庭保育室,2歳,55.0,11.0,0.0,0.0,1.0,0.0,5.0
都筑区,そのだ家庭保育室,1歳,55.0,11.0,0.0,0.0,2.909090909090909,0.0,5.0
都筑区,すまいるセンターみなみ保育園,5歳,147.5,29.5,0.0,0.0,0.0,0.0,5.0
都筑区,すまいるセンターみなみ保育園,4歳,147.5,29.5,0.0,0.0,0.0,0.0,5.0
都筑区,すまいるセンターみなみ保育園,3歳,147.5,29.5,0.0,0.0,0.0,0.0,5.0
戸塚区,まなびの森　ヴィラ東戸塚こども園,2歳,92.5,18.5,2.0833333333333335,0.0,14.083333333333334,0.0,5.0
戸塚区,まなびの森　ヴィラ東戸塚こども園,0歳,92.5,18.5,11.0,0.0,5.916666666666667,0.0,5.0
戸塚区,ぱぷりか保育園　戸塚,5歳,147.5,29.5,0.0,0.0,0.0,0.0,5.0
戸塚区,ぱぷりか保育園　戸塚,4歳,147.5,29.5,0.0,0.0,0.0,0.0,5.0
戸塚区,ぱぷりか保育園　戸塚,3歳,147.5,29.5,0.0,0.0,0.0,0.0,5.0
戸塚区,ぱぷりか保育園　戸塚,2歳,147.5,29.5,2.8260869565217392,0.0,9.0,0.0,5.0
戸塚区,ぱぷりか保育園　戸塚,1歳,147.5,29.5,9.0,0.0,9.08695652173913,0.0,5.0
戸塚区,ぱぷりか保育園　戸塚,0歳,147.5,29.5,2.608695652173913,0.0,0.9565217391304348,0.0,5.0
戸塚区,はまっこ乳児ルーム,5歳,147.5,29.5,0.0,0.0,0.0,0.0,5.0
戸塚区,はまっこ乳児ルーム,4歳,147.5,29.5,0.0,0.0,0.0,0.0,5.0
戸塚区,はまっこ乳児ルーム,3歳,147.5,29.5,0.0,0.0,0.0,0.0,5.0
戸塚区,はまっこ乳児ルーム,2歳,147.5,29.5,0.43478260869565216,0.0,5.0,0.0,5.0
戸塚区,はまっこ乳児ルーム,1歳,147.5,29.5,2.130434782608696,0.0,5.0,0.0,5.0
戸塚区,はまっこ乳児ルーム,0歳,147.5,29.5,3.0434782608695654,0.0,2.0,0.0,5.0
都筑区,さんさん森の保育園センター南,1歳,147.5,29.5,2.4347826086956523,0.0,8.0,0.0,5.0
都筑区,さくら保育室,5歳,147.5,29.5,0.0,0.0,0.0,0.0,5.0
都筑区,さくら保育室,4歳,147.5,29.5,0.0,0.0,0.0,0.0,5.0
都筑区,さくら保育室,3歳,147.5,29.5,0.0,0.0,0.0,0.0,5.0
都筑区,さくら保育室,0歳,147.5,29.5,0.0,0.0,0.0,0.0,5.0
西区,西区中央もえぎ保育室,5歳,147.5,29.5,0.0,0.0,0.0,0.0,5.0
西区,西区中央もえぎ保育室,4歳,147.5,29.5,0.0,0.0,0.0,0.0,5.0
西区,西区中央もえぎ保育室,3歳,147.5,29.5,0.0,0.0,0.0,0.0,5.0
西区,西区中央もえぎ保育室,2歳,147.5,29.5,0.08695652173913043,0.0,4.043478260869565,0.0,5.0
戸塚区,みんなのほいくえんａｔとつか,5歳,147.5,29.5,0.0,0.0,0.0,0.0,5.0
戸塚区,みんなのほいくえんａｔとつか,4歳,147.5,29.5,0.0,0.0,0.0,0.0,5.0
戸塚区,みんなのほいくえんａｔとつか,3歳,147.5,29.5,0.0,0.0,0.0,0.0,5.0
戸塚区,みんなのほいくえんａｔとつか,1歳,147.5,29.5,6.086956521739131,0.0,6.0,0.0,5.0
戸塚区,みんなのほいくえんａｔとつか,0歳,147.5,29.5,0.0,0.0,0.0,0.0,5.0
戸塚区,まなびの森　東戸塚こども園,5歳,92.5,18.5,0.0,0.0,10.333333333333334,0.0,5.0
戸塚区,まなびの森　東戸塚こども園,4歳,92.5,18.5,0.25,0.0,14.083333333333334,0.0,5.0
戸塚区,まなびの森　東戸塚こども園,2歳,92.5,18.5,0.4166666666666667,0.0,11.166666666666666,0.0,5.0
戸塚区,まなびの森　東戸塚こども園,1歳,92.5,18.5,0.9166666666666666,0.0,12.833333333333334,0.0,5.0
戸塚区,まなびの森　東戸塚こども園,0歳,92.5,18.5,7.75,0.0,6.0,0.0,5.0
戸塚区,まなびの森　ヴィラ東戸塚こども園,3歳,92.5,18.5,0.75,0.0,15.916666666666666,0.0,5.0
戸塚区,アスノスひらと保育園東戸塚,4歳,147.5,29.5,0.0,0.0,0.0,0.0,5.0
戸塚区,アスノスひらと保育園東戸塚,3歳,147.5,29.5,0.0,0.0,0.0,0.0,5.0
戸塚区,アスク戸塚保育園,2歳,147.5,29.5,5.913043478260869,0.0,10.521739130434783,0.0,5.0
戸塚区,アスク戸塚保育園,1歳,147.5,29.5,10.26086956521739,0.0,11.0,0.0,5.0
戸塚区,アスク戸塚保育園,0歳,147.5,29.5,8.217391304347826,0.0,8.0,0.0,5.0
戸塚区,わかば保育園,2歳,147.5,29.5,1.6956521739130435,0.0,24.0,0.0,5.0
西区,浅間幼育園,0歳,147.5,29.5,0.0,0.0,0.0,0.0,5.0
西区,横浜西口保育園,2歳,147.5,29.5,2.5217391304347827,0.0,8.91304347826087,0.0,5.0
西区,横浜西口保育園,1歳,147.5,29.5,5.086956521739131,0.0,7.521739130434782,0.0,5.0
西区,横浜西口保育園,0歳,147.5,29.5,15.0,0.0,4.478260869565218,0.0,5.0
西区,横浜岡野すきっぷ保育園,1歳,147.5,29.5,0.5652173913043478,0.0,10.0,0.0,5.0
西区,戸部みつばち保育園,5歳,147.5,29.5,0.0,0.0,0.0,0.0,5.0
西区,戸部みつばち保育園,4歳,147.5,29.5,0.0,0.0,0.0,0.0,5.0
西区,戸部みつばち保育園,3歳,147.5,29.5,0.0,0.0,0.0,0.0,5.0
西区,戸部みつばち保育園,2歳,147.5,29.5,0.30434782608695654,0.0,7.0,0.0,5.0
西区,戸部みつばち保育園,1歳,147.5,29.5,2.0,0.0,7.0,0.0,5.0
戸塚区,アネラ保育室,0歳,147.5,29.5,0.0,0.0,0.0,0.0,5.0
戸塚区,アップルミントとつか保育園,5歳,92.5,18.5,0.0,0.0,0.0,0.0,5.0
戸塚区,アップルミントとつか保育園,4歳,92.5,18.5,0.0,0.0,0.0,0.0,5.0
戸塚区,アップルミントとつか保育園,3歳,92.5,18.5,0.0,0.0,0.0,0.0,5.0
戸塚区,アップルミントとつか保育園,0歳,92.5,18.5,0.0,0.0,0.0,0.0,5.0
戸塚区,アップルミントとつかシーズ保育園,5歳,10.0,2.0,0.0,0.0,0.0,0.0,5.0
戸塚区,アップルミントとつかシーズ保育園,4歳,10.0,2.0,0.0,0.0,0.0,0.0,5.0
戸塚区,アップルミントとつかシーズ保育園,3歳,10.0,2.0,0.0,0.0,0.0,0.0,5.0
戸塚区,アップルミントとつかシーズ保育園,0歳,10.0,2.0,0.0,0.0,0.0,0.0,5.0
戸塚区,アスノスひらと保育園東戸塚,5歳,147.5,29.5,0.0,0.0,0.0,0.0,5.0
西区,戸部みつばち保育園,0歳,147.5,29.5,0.0,0.0,0.0,0.0,5.0
西区,平沼保育園,1歳,147.5,29.5,2.6956521739130435,0.0,12.0,0.0,5.0
西区,利正寺保育園,0歳,147.5,29.5,0.0,0.0,0.0,0.0,5.0
戸塚区,キッズパートナー東戸塚,0歳,147.5,29.5,3.1739130434782608,0.0,2.9130434782608696,0.0,5.0
戸塚区,アートチャイルドケア東戸塚,3歳,147.5,29.5,0.21739130434782608,0.0,16.608695652173914,0.0,5.0
戸塚区,アネラ保育室,5歳,147.5,29.5,0.0,0.0,0.0,0.0,5.0
戸塚区,アネラ保育室,4歳,147.5,29.5,0.0,0.0,0.0,0.0,5.0
戸塚区,アネラ保育室,3歳,147.5,29.5,0.0,0.0,0.0,0.0,5.0
西区,京急キッズランド新高島保育園,1歳,147.5,29.5,2.260869565217391,0.0,8.0,0.0,5.0
西区,ムーミン保育園,1歳,147.5,29.5,0.6086956521739131,0.0,9.0,0.0,5.0
西区,マイ・ハート紅葉ヶ丘保育園,4歳,147.5,29.5,0.0,0.0,7.956521739130435,0.0,5.0
西区,マイ・ハート紅葉ヶ丘保育園,2歳,147.5,29.5,2.869565217391304,0.0,6.0,0.0,5.0
西区,マイ・ハート紅葉ヶ丘保育園,1歳,147.5,29.5,4.217391304347826,0.0,6.0,0.0,5.0
西区,ポピンズナーサリースクール横浜,1歳,147.5,29.5,2.8260869565217392,0.0,8.0,0.0,5.0
西区,ポピンズナーサリースクール平沼橋,1歳,147.5,29.5,4.521739130434782,0.0,8.0,0.0,5.0
西区,ポピンズナーサリースクール平沼橋,0歳,147.5,29.5,0.0,0.0,0.0,0.0,5.0
西区,ポピンズナーサリースクールみなとみらい,2歳,147.5,29.5,3.5652173913043477,0.0,8.956521739130435,0.0,5.0
西区,キャリー保育園　桜木町,5歳,147.5,29.5,0.0,0.0,0.0,0.0,5.0
西区,キャリー保育園　桜木町,4歳,147.5,29.5,0.0,0.0,0.0,0.0,5.0
西区,キャリー保育園　桜木町,3歳,147.5,29.5,0.0,0.0,0.0,0.0,5.0
戸塚区,グロウアップモンテッソーリ子どもの家（戸塚園）,4歳,92.5,18.5,0.0,0.0,0.0,0.0,5.0
戸塚区,グロウアップモンテッソーリ子どもの家（戸塚園）,3歳,92.5,18.5,0.0,0.0,0.0,0.0,5.0
戸塚区,グロウアップモンテッソーリ子どもの家（戸塚園）,0歳,92.5,18.5,0.0,0.0,0.0,0.0,5.0
戸塚区,キッズパートナー東戸塚第２,2歳,147.5,29.5,0.13043478260869565,0.0,11.0,0.0,5.0
戸塚区,キッズパートナー東戸塚第２,1歳,147.5,29.5,2.0434782608695654,0.0,10.0,0.0,5.0
戸塚区,キッズパートナー東戸塚第２,0歳,147.5,29.5,0.0,0.0,0.0,0.0,5.0
戸塚区,キッズパートナー東戸塚,3歳,147.5,29.5,0.391304347826087,0.0,12.91304347826087,0.0,5.0
西区,キャリー保育園　桜木町,2歳,147.5,29.5,1.6521739130434783,0.0,8.0,0.0,5.0
西区,キッズポケット木の葉保育園,5歳,147.5,29.5,0.043478260869565216,0.0,14.0,0.0,5.0
西区,キッズポケット木の葉保育園,4歳,147.5,29.5,1.0434782608695652,0.0,14.0,0.0,5.0
西区,キッズポケット木の葉保育園,3歳,147.5,29.5,0.6956521739130435,0.0,14.0,0.0,5.0
西区,キッズポケット木の葉保育園,2歳,147.5,29.5,3.4782608695652173,0.0,10.0,0.0,5.0
西区,キッズポケット木の葉保育園,1歳,147.5,29.5,12.695652173913043,0.0,10.0,0.0,5.0
西区,キッズポケット保育園,5歳,147.5,29.5,0.0,0.0,0.0,0.0,5.0
西区,キッズポケット保育園,4歳,147.5,29.5,0.0,0.0,0.0,0.0,5.0
西区,キッズポケット保育園,3歳,147.5,29.5,0.0,0.0,0.0,0.0,5.0
西区,キッズパートナー横浜楠町,5歳,147.5,29.5,0.0,0.0,0.0,0.0,5.0
戸塚区,グローバルキッズ戸塚第二保育園,2歳,147.5,29.5,5.739130434782608,0.0,19.91304347826087,0.0,5.0
戸塚区,グローバルキッズ戸塚第二保育園,1歳,147.5,29.5,14.0,0.0,19.82608695652174,0.0,5.0
戸塚区,グローバルキッズ戸塚園,1歳,147.5,29.5,16.217391304347824,0.0,10.0,0.0,5.0
戸塚区,グローバルキッズ戸塚吉田町保育園,3歳,147.5,29.5,2.8260869565217392,0.0,23.652173913043477,0.0,5.0
戸塚区,グローバルキッズ戸塚吉田町保育園,2歳,147.5,29.5,3.782608695652174,0.0,19.869565217391305,0.0,5.0
戸塚区,グローバルキッズ戸塚吉田町保育園,1歳,147.5,29.5,11.0,0.0,20.0,0.0,5.0
戸塚区,グロウアップモンテッソーリ子どもの家（戸塚園）,5歳,92.5,18.5,0.0,0.0,0.0,0.0,5.0
西区,キッズパートナー横浜楠町,4歳,147.5,29.5,0.0,0.0,0.0,0.0,5.0
西区,キッズパートナー横浜楠町,3歳,147.5,29.5,0.0,0.0,0.0,0.0,5.0
西区,キッズパートナー平沼橋,5歳,147.5,29.5,0.0,0.0,0.0,0.0,5.0
西区,キッズパートナー平沼橋,4歳,147.5,29.5,0.0,0.0,0.0,0.0,5.0
西区,キッズパートナー平沼橋,3歳,147.5,29.5,0.0,0.0,0.0,0.0,5.0
西区,キッズパートナーみなとみらい第２,5歳,147.5,29.5,0.0,0.0,0.0,0.0,5.0
西区,キッズパートナーみなとみらい第２,4歳,147.5,29.5,0.0,0.0,0.0,0.0,5.0
西区,キッズパートナーみなとみらい第２,3歳,147.5,29.5,0.0,0.0,0.0,0.0,5.0
戸塚区,スターチャイルド≪戸塚ナーサリー≫,2歳,147.5,29.5,3.4347826086956523,0.0,10.0,0.0,5.0
戸塚区,スターチャイルド≪戸塚ナーサリー≫,0歳,147.5,29.5,4.260869565217392,0.0,3.0,0.0,5.0
戸塚区,コアの木保育園,5歳,147.5,29.5,0.0,0.0,0.0,0.0,5.0
戸塚区,コアの木保育園,4歳,147.5,29.5,0.0,0.0,0.0,0.0,5.0
戸塚区,コアの木保育園,3歳,147.5,29.5,0.0,0.0,0.0,0.0,5.0
戸塚区,コアの木保育園,2歳,147.5,29.5,2.3043478260869565,0.0,9.0,0.0,5.0
戸塚区,コアの木保育園,0歳,147.5,29.5,0.0,0.0,0.0,0.0,5.0
戸塚区,グローバルキッズ戸塚第二保育園,5歳,147.5,29.5,0.0,0.0,19.434782608695652,0.0,5.0
西区,ウィズブック保育園戸部,4歳,147.5,29.5,0.5217391304347826,0.0,12.0,0.0,5.0
西区,ウィズブック保育園戸部,3歳,147.5,29.5,0.13043478260869565,0.0,12.0,0.0,5.0
西区,ウィズブック保育園戸部,2歳,147.5,29.5,5.391304347826087,0.0,10.0,0.0,5.0
西区,ウィズブック保育園戸部,1歳,147.5,29.5,8.434782608695652,0.0,10.0,0.0,5.0
西区,ウィズブック保育園戸部,0歳,147.5,29.5,14.130434782608695,0.0,6.0,0.0,5.0
西区,ろぜっと保育園,1歳,147.5,29.5,4.869565217391305,0.0,12.0,0.0,5.0
西区,ろぜっと保育園,0歳,147.5,29.5,10.478260869565217,0.0,9.0,0.0,5.0
西区,むつみ愛児園,1歳,147.5,29.5,0.0,0.0,0.0,0.0,5.0
西区,むつみ愛児園,0歳,147.5,29.5,0.0,0.0,0.0,0.0,5.0
戸塚区,ベイキッズひまわり保育園,4歳,147.5,29.5,0.0,0.0,0.0,0.0,5.0
戸塚区,ベイキッズひまわり保育園,3歳,147.5,29.5,0.0,0.0,0.0,0.0,5.0
戸塚区,ニチイキッズ東戸塚保育園,2歳,147.5,29.5,0.8695652173913043,0.0,11.0,0.0,5.0
西区,みなとみらいくばがさ保育園,3歳,147.5,29.5,0.0,0.0,14.73913043478261,0.0,5.0
西区,ほっぺるランド横浜岡野,2歳,147.5,29.5,0.4782608695652174,0.0,12.0,0.0,5.0
西区,ほっぺるランド横浜岡野,0歳,147.5,29.5,0.0,0.0,0.0,0.0,5.0
西区,にじいろ保育園平沼,1歳,147.5,29.5,1.6956521739130435,0.0,11.0,0.0,5.0
西区,にじいろ保育園平沼,0歳,147.5,29.5,0.0,0.0,0.0,0.0,5.0
西区,つくし愛児園,1歳,147.5,29.5,0.0,0.0,0.0,0.0,5.0
西区,つくし愛児園,0歳,147.5,29.5,0.0,0.0,0.0,0.0,5.0
西区,すぎやま家庭保育室,5歳,147.5,29.5,0.0,0.0,0.0,0.0,5.0
西区,すぎやま家庭保育室,4歳,147.5,29.5,0.0,0.0,0.0,0.0,5.0
西区,すぎやま家庭保育室,3歳,147.5,29.5,0.0,0.0,0.0,0.0,5.0
西区,すぎやま家庭保育室,2歳,147.5,29.5,0.2608695652173913,0.0,1.434782608695652,0.0,5.0
西区,すぎやま家庭保育室,1歳,147.5,29.5,0.782608695652174,0.0,1.9130434782608696,0.0,5.0
西区,おれんじハウス西戸部保育園,5歳,147.5,29.5,0.0,0.0,0.0,0.0,5.0
西区,おれんじハウス西戸部保育園,4歳,147.5,29.5,0.0,0.0,0.0,0.0,5.0
西区,おれんじハウス西戸部保育園,3歳,147.5,29.5,0.0,0.0,0.0,0.0,5.0
西区,おれんじハウス西戸部保育園,2歳,147.5,29.5,0.043478260869565216,0.0,5.0,0.0,5.0
西区,おはよう保育園　花咲町,1歳,147.5,29.5,4.217391304347826,0.0,9.0,0.0,5.0
西区,おはよう保育園　花咲町,0歳,147.5,29.5,13.08695652173913,0.0,3.0,0.0,5.0
戸塚区,ララランド戸塚,2歳,147.5,29.5,6.043478260869565,0.0,12.0,0.0,5.0
戸塚区,ララランド戸塚,1歳,147.5,29.5,19.391304347826086,0.0,12.0,0.0,5.0
戸塚区,ララランド戸塚,0歳,147.5,29.5,14.130434782608695,0.0,5.956521739130435,0.0,5.0
戸塚区,メモリー保育園,2歳,147.5,29.5,2.260869565217391,0.0,12.391304347826088,0.0,5.0
戸塚区,メモリー保育園,1歳,147.5,29.5,2.0869565217391304,0.0,12.0,0.0,5.0
戸塚区,ベネッセ　東戸塚保育園,5歳,147.5,29.5,0.0,0.0,11.0,0.0,5.0
戸塚区,ベネッセ　東戸塚保育園,2歳,147.5,29.5,0.6521739130434783,0.0,11.0,0.0,5.0
戸塚区,ベネッセ　東戸塚保育園,1歳,147.5,29.5,2.1739130434782608,0.0,10.0,0.0,5.0
戸塚区,ベネッセ　東戸塚保育園,0歳,147.5,29.5,7.086956521739131,0.0,6.0,0.0,5.0
戸塚区,ベイキッズひまわり保育園,5歳,147.5,29.5,0.0,0.0,0.0,0.0,5.0
戸塚区,レインボー保育園,0歳,147.5,29.5,6.260869565217392,0.0,3.0,0.0,5.0
戸塚区,ララランド戸塚第３,4歳,147.5,29.5,0.13043478260869565,0.0,13.956521739130435,0.0,5.0
戸塚区,ララランド戸塚第３,3歳,147.5,29.5,1.565217391304348,0.0,14.0,0.0,5.0
戸塚区,ララランド戸塚第３,2歳,147.5,29.5,7.478260869565218,0.0,13.0,0.0,5.0
戸塚区,ララランド戸塚第３,0歳,147.5,29.5,0.0,0.0,0.0,0.0,5.0
戸塚区,ララランド戸塚第２,5歳,147.5,29.5,0.0,0.0,20.0,0.0,5.0
戸塚区,ララランド戸塚第２,4歳,147.5,29.5,0.43478260869565216,0.0,20.0,0.0,5.0
戸塚区,ララランド戸塚第２,3歳,147.5,29.5,1.434782608695652,0.0,20.652173913043477,0.0,5.0
戸塚区,ララランド戸塚第２,2歳,147.5,29.5,10.521739130434783,0.0,10.0,0.0,5.0
戸塚区,ララランド戸塚,5歳,147.5,29.5,0.0,0.0,0.0,0.0,5.0
戸塚区,ララランド戸塚,4歳,147.5,29.5,0.0,0.0,0.0,0.0,5.0
戸塚区,ララランド戸塚,3歳,147.5,29.5,0.0,0.0,0.0,0.0,5.0
西区,あそびの杜保育園（分園含む）,2歳,147.5,29.5,0.5652173913043478,0.0,13.0,0.0,5.0
西区,あそびの杜保育園（分園含む）,0歳,147.5,29.5,4.3478260869565215,0.0,5.0,0.0,5.0
西区,Maple Nursery 横浜,2歳,147.5,29.5,0.6956521739130435,0.0,8.0,0.0,5.0
西区,Maple Nursery 横浜,0歳,147.5,29.5,0.043478260869565216,0.0,0.0,0.0,5.0
西区,Maple Nursery WEST,5歳,147.5,29.5,0.0,0.0,0.0,0.0,5.0
西区,Maple Nursery WEST,4歳,147.5,29.5,0.0,0.0,0.0,0.0,5.0
西区,Maple Nursery WEST,3歳,147.5,29.5,0.0,0.0,0.0,0.0,5.0
戸塚区,丘の上保育園,4歳,147.5,29.5,0.08695652173913043,0.0,11.521739130434783,0.0,5.0
戸塚区,丘の上保育園,1歳,147.5,29.5,6.695652173913044,0.0,10.0,0.0,5.0
戸塚区,丘の上保育園,0歳,147.5,29.5,0.0,0.0,0.0,0.0,5.0
戸塚区,ヴィラ東戸塚こども園,5歳,55.0,11.0,0.0,0.0,14.0,0.0,5.0
戸塚区,ヴィラ東戸塚こども園,4歳,55.0,11.0,1.0,0.0,13.0,0.0,5.0
戸塚区,ヴィラ東戸塚こども園,2歳,55.0,11.0,2.3636363636363638,0.0,14.0,0.0,5.0
戸塚区,ヴィラ東戸塚こども園,1歳,55.0,11.0,6.090909090909091,0.0,14.0,0.0,5.0
戸塚区,レインボー保育園,5歳,147.5,29.5,0.0,0.0,13.434782608695652,0.0,5.0
戸塚区,レインボー保育園,4歳,147.5,29.5,0.43478260869565216,0.0,12.434782608695652,0.0,5.0
緑区,鴨居こども園,4歳,55.0,11.0,2.0,0.0,19.90909090909091,0.0,5.0
緑区,鴨居こども園,2歳,55.0,11.0,12.090909090909092,0.0,19.0,0.0,5.0
緑区,鴨居こども園,0歳,55.0,11.0,28.545454545454547,0.0,6.0,0.0,5.0
緑区,長津田こども園,5歳,55.0,11.0,0.0,0.0,12.0,0.0,5.0
緑区,長津田こども園,4歳,55.0,11.0,1.0,0.0,14.0,0.0,5.0
緑区,長津田こども園,3歳,55.0,11.0,0.0,0.0,13.0,0.0,5.0
戸塚区,名瀬いちい保育園,1歳,147.5,29.5,4.217391304347826,0.0,15.0,0.0,5.0
戸塚区,南戸塚保育園,5歳,147.5,29.5,0.6521739130434783,0.0,18.0,0.0,5.0
戸塚区,南戸塚保育園,1歳,147.5,29.5,6.739130434782608,0.0,15.0,0.0,5.0
戸塚区,俣野保育園,1歳,147.5,29.5,4.913043478260869,0.0,9.08695652173913,0.0,5.0
緑区,長津田こども園,2歳,55.0,11.0,0.8181818181818182,0.0,12.0,0.0,5.0
緑区,長津田こども園,1歳,55.0,11.0,4.7272727272727275,0.0,13.0,0.0,5.0
緑区,認定こども園　横浜マドカ幼稚園,2歳,147.5,29.5,0.0,0.0,0.0,0.0,5.0
緑区,認定こども園　横浜マドカ幼稚園,1歳,147.5,29.5,0.0,0.0,0.0,0.0,5.0
緑区,認定こども園　横浜マドカ幼稚園,0歳,147.5,29.5,0.0,0.0,0.0,0.0,5.0
緑区,認定こども園　横浜あすか幼稚園,3歳,147.5,29.5,4.0,0.0,6.0,0.0,5.0
緑区,認定こども園　横浜あすか幼稚園,2歳,147.5,29.5,0.0,0.0,0.0,0.0,5.0
緑区,認定こども園　横浜あすか幼稚園,1歳,147.5,29.5,0.0,0.0,0.0,0.0,5.0
緑区,認定こども園　横浜あすか幼稚園,0歳,147.5,29.5,0.0,0.0,0.0,0.0,5.0
緑区,認可保育所どうぞのひろば,5歳,147.5,29.5,0.0,0.0,9.956521739130435,0.0,5.0
戸塚区,小雀みどり保育園,5歳,147.5,29.5,0.0,0.0,11.043478260869565,0.0,5.0
戸塚区,小規模保育施設はまっこ,5歳,147.5,29.5,0.0,0.0,0.0,0.0,5.0
戸塚区,小規模保育施設はまっこ,4歳,147.5,29.5,0.0,0.0,0.0,0.0,5.0
戸塚区,小規模保育施設はまっこ,3歳,147.5,29.5,0.0,0.0,0.0,0.0,5.0
戸塚区,小規模保育施設はまっこ,1歳,147.5,29.5,2.4782608695652173,0.0,9.521739130434783,0.0,5.0
戸塚区,小規模保育施設はまっこ,0歳,147.5,29.5,6.0,0.0,2.0,0.0,5.0
緑区,認可保育所どうぞのひろば,4歳,147.5,29.5,0.0,0.0,10.043478260869565,0.0,5.0
緑区,認可保育所どうぞのひろば,1歳,147.5,29.5,5.130434782608695,0.0,10.0,0.0,5.0
緑区,認可保育所どうぞのひろば,0歳,147.5,29.5,2.9565217391304346,0.0,3.0,0.0,5.0
緑区,福澤保育センター,2歳,147.5,29.5,1.434782608695652,0.0,10.0,0.0,5.0
緑区,福澤保育センター,1歳,147.5,29.5,0.0,0.0,0.0,0.0,5.0
緑区,福澤保育センター,0歳,147.5,29.5,0.0,0.0,0.0,0.0,5.0
緑区,横浜市鴨居保育園,2歳,147.5,29.5,7.173913043478261,0.0,19.0,0.0,5.0
緑区,森の台保育園,5歳,147.5,29.5,0.043478260869565216,0.0,15.0,0.0,5.0
緑区,森の台保育園,1歳,147.5,29.5,7.086956521739131,0.0,12.0,0.0,5.0
緑区,森の台保育園,0歳,147.5,29.5,9.434782608695652,0.0,9.0,0.0,5.0
緑区,明日葉保育園長津田園,4歳,147.5,29.5,0.043478260869565216,0.0,11.0,0.0,5.0
緑区,明日葉保育園長津田園,2歳,147.5,29.5,0.6956521739130435,0.0,10.869565217391305,0.0,5.0
緑区,明日葉保育園長津田園,1歳,147.5,29.5,1.4782608695652173,0.0,10.0,0.0,5.0
緑区,明日葉保育園長津田園,0歳,147.5,29.5,4.6521739130434785,0.0,6.043478260869565,0.0,5.0
緑区,新治保育園,5歳,147.5,29.5,0.0,0.0,5.521739130434782,0.0,5.0
戸塚区,幼保連携型認定こども園　みどり幼稚園,2歳,147.5,29.5,3.608695652173913,0.0,10.0,0.0,5.0
戸塚区,幼保連携型認定こども園　みどり幼稚園,1歳,147.5,29.5,6.434782608695652,0.0,8.956521739130435,0.0,5.0
戸塚区,幼保連携型認定こども園　みどり幼稚園,0歳,147.5,29.5,0.0,0.0,0.0,0.0,5.0
戸塚区,幼保連携型認定こども園　ひまわり幼稚園,5歳,147.5,29.5,1.9565217391304348,0.0,11.304347826086957,0.0,5.0
戸塚区,幼保連携型認定こども園　ひまわり幼稚園,4歳,147.5,29.5,1.3478260869565217,0.0,11.91304347826087,0.0,5.0
戸塚区,幼保連携型認定こども園　ひまわり幼稚園,3歳,147.5,29.5,2.782608695652174,0.0,10.565217391304348,0.0,5.0
戸塚区,幼保連携型認定こども園　ひまわり幼稚園,2歳,147.5,29.5,4.521739130434782,0.0,9.695652173913043,0.0,5.0
戸塚区,幼保連携型認定こども園　ひまわり幼稚園,0歳,147.5,29.5,0.0,0.0,0.0,0.0,5.0
戸塚区,岩崎学園東戸塚保育園,1歳,147.5,29.5,27.52173913043478,0.0,23.91304347826087,0.0,5.0
緑区,小山保育園,1歳,147.5,29.5,2.9565217391304346,0.0,15.869565217391305,0.0,5.0
緑区,小学館アカデミーなかやま保育園,5歳,147.5,29.5,0.043478260869565216,0.0,12.0,0.0,5.0
緑区,小学館アカデミーなかやま保育園,4歳,147.5,29.5,0.08695652173913043,0.0,12.0,0.0,5.0
緑区,小学館アカデミーなかやま保育園,3歳,147.5,29.5,0.9130434782608695,0.0,12.0,0.0,5.0
緑区,小学館アカデミーなかやま保育園,2歳,147.5,29.5,2.0,0.0,10.0,0.0,5.0
緑区,小学館アカデミーなかやま保育園,1歳,147.5,29.5,6.6521739130434785,0.0,8.0,0.0,5.0
緑区,小さな保育園　ままのて,5歳,147.5,29.5,0.0,0.0,0.0,0.0,5.0
緑区,小さな保育園　ままのて,4歳,147.5,29.5,0.0,0.0,0.0,0.0,5.0
緑区,小さな保育園　ままのて,3歳,147.5,29.5,0.0,0.0,0.0,0.0,5.0
戸塚区,幼保連携型認定こども園　ＹＭＣＡ東とつか保育園,1歳,147.5,29.5,1.5217391304347827,0.0,18.434782608695652,0.0,5.0
戸塚区,幼保連携型認定こども園　ＹＭＣＡとつか保育園,5歳,147.5,29.5,0.4782608695652174,0.0,25.217391304347824,0.0,5.0
戸塚区,幼保連携型認定こども園　ＹＭＣＡとつか保育園,4歳,147.5,29.5,0.6956521739130435,0.0,27.47826086956522,0.0,5.0
戸塚区,幼保連携型認定こども園　ＹＭＣＡとつか保育園,3歳,147.5,29.5,3.5217391304347827,0.0,29.304347826086957,0.0,5.0
戸塚区,幼保連携型認定こども園　ＹＭＣＡとつか保育園,1歳,147.5,29.5,15.608695652173912,0.0,18.0,0.0,5.0
戸塚区,幼保連携型認定こども園　南幼稚園,2歳,147.5,29.5,1.9130434782608696,0.0,10.956521739130435,0.0,5.0
戸塚区,幼保連携型認定こども園　南幼稚園,0歳,147.5,29.5,0.0,0.0,0.0,0.0,5.0
戸塚区,幼保連携型認定こども園　みどり幼稚園,5歳,147.5,29.5,1.1304347826086956,0.0,12.173913043478262,0.0,5.0
戸塚区,戸塚ほしの木保育園,0歳,147.5,29.5,11.608695652173912,0.0,5.0,0.0,5.0
戸塚区,戸塚せせらぎ保育園,5歳,147.5,29.5,0.0,0.0,17.043478260869566,0.0,5.0
戸塚区,戸塚せせらぎ保育園,4歳,147.5,29.5,0.043478260869565216,0.0,17.47826086956522,0.0,5.0
戸塚区,戸塚せせらぎ保育園,2歳,147.5,29.5,15.130434782608695,0.0,15.0,0.0,5.0
戸塚区,戸塚せせらぎ保育園,0歳,147.5,29.5,41.30434782608695,0.0,6.0,0.0,5.0
戸塚区,幼稚園型認定こども園　しらかば幼稚園,2歳,147.5,29.5,0.0,0.0,0.0,0.0,5.0
戸塚区,幼稚園型認定こども園　しらかば幼稚園,1歳,147.5,29.5,0.0,0.0,0.0,0.0,5.0
戸塚区,幼稚園型認定こども園　しらかば幼稚園,0歳,147.5,29.5,0.0,0.0,0.0,0.0,5.0
戸塚区,幼保連携型認定こども園　ＹＭＣＡ東とつか保育園,5歳,147.5,29.5,0.043478260869565216,0.0,19.956521739130434,0.0,5.0
戸塚区,幼保連携型認定こども園　ＹＭＣＡ東とつか保育園,4歳,147.5,29.5,0.043478260869565216,0.0,19.52173913043478,0.0,5.0
緑区,小さな保育園　ままのて,0歳,147.5,29.5,0.0,0.0,0.0,0.0,5.0
緑区,寺山保育園,0歳,147.5,29.5,3.9565217391304346,0.0,5.739130434782608,0.0,5.0
緑区,太陽の子　鴨居駅前保育園,0歳,147.5,29.5,25.434782608695652,0.0,9.0,0.0,5.0
緑区,太陽の子　長津田北保育園,4歳,147.5,29.5,0.043478260869565216,0.0,12.0,0.0,5.0
緑区,太陽の子　長津田北保育園,2歳,147.5,29.5,1.6956521739130435,0.0,10.0,0.0,5.0
緑区,太陽の子　長津田北保育園,1歳,147.5,29.5,6.086956521739131,0.0,10.0,0.0,5.0
緑区,大澤保育室,5歳,55.0,11.0,0.0,0.0,0.0,0.0,5.0
緑区,大澤保育室,4歳,55.0,11.0,0.0,0.0,0.0,0.0,5.0
緑区,大澤保育室,3歳,55.0,11.0,0.0,0.0,0.0,0.0,5.0
緑区,大澤保育室,0歳,55.0,11.0,0.0,0.0,0.0,0.0,5.0
緑区,十日市場こども園,5歳,55.0,11.0,1.0909090909090908,0.0,13.0,0.0,5.0
緑区,十日市場こども園,4歳,55.0,11.0,1.5454545454545454,0.0,13.0,0.0,5.0
緑区,十日市場こども園,3歳,55.0,11.0,1.4545454545454546,0.0,13.0,0.0,5.0
緑区,十日市場こども園,1歳,55.0,11.0,7.636363636363637,0.0,12.0,0.0,5.0
緑区,倉山保育室,5歳,147.5,29.5,0.0,0.0,0.0,0.0,5.0
戸塚区,戸塚チューリップ保育園,4歳,147.5,29.5,0.0,0.0,0.0,0.0,5.0
戸塚区,戸塚チューリップ保育園,3歳,147.5,29.5,0.0,0.0,0.0,0.0,5.0
戸塚区,戸塚チューリップ保育園,1歳,147.5,29.5,2.5217391304347827,0.0,6.869565217391305,0.0,5.0
戸塚区,戸塚みどり保育園,3歳,147.5,29.5,0.34782608695652173,0.0,12.956521739130435,0.0,5.0
戸塚区,戸塚みどり保育園,1歳,147.5,29.5,6.739130434782608,0.0,12.0,0.0,5.0
戸塚区,戸塚みどり保育園,0歳,147.5,29.5,10.0,0.0,6.0,0.0,5.0
戸塚区,戸塚ほしの木保育園,5歳,147.5,29.5,0.4782608695652174,0.0,10.0,0.0,5.0
戸塚区,戸塚ほしの木保育園,3歳,147.5,29.5,1.0,0.0,10.0,0.0,5.0
戸塚区,戸塚ほしの木保育園,2歳,147.5,29.5,8.91304347826087,0.0,10.0,0.0,5.0
戸塚区,戸塚ほしの木保育園,1歳,147.5,29.5,14.347826086956522,0.0,10.0,0.0,5.0
戸塚区,明日葉保育園東戸塚園,2歳,147.5,29.5,1.3478260869565217,0.0,13.434782608695652,0.0,5.0
戸塚区,明日葉保育園東戸塚園,1歳,147.5,29.5,5.130434782608695,0.0,11.434782608695652,0.0,5.0
戸塚区,明日葉保育園戸塚西口園,5歳,147.5,29.5,0.0,0.0,14.0,0.0,5.0
戸塚区,明日葉保育園戸塚西口園,1歳,147.5,29.5,11.08695652173913,0.0,8.956521739130435,0.0,5.0
戸塚区,明日葉保育園戸塚西口園,0歳,147.5,29.5,0.0,0.0,0.0,0.0,5.0
戸塚区,戸塚愛児園,4歳,147.5,29.5,0.6956521739130435,0.0,34.73913043478261,0.0,5.0
戸塚区,戸塚愛児園,2歳,147.5,29.5,10.91304347826087,0.0,35.0,0.0,5.0
戸塚区,戸塚チューリップ保育園,5歳,147.5,29.5,0.0,0.0,0.0,0.0,5.0
緑区,倉山保育室,4歳,147.5,29.5,0.0,0.0,0.0,0.0,5.0
緑区,倉山保育室,3歳,147.5,29.5,0.0,0.0,0.0,0.0,5.0
緑区,倉山保育室,2歳,147.5,29.5,0.9565217391304348,0.0,2.0869565217391304,0.0,5.0
緑区,倉山保育室,0歳,147.5,29.5,0.0,0.0,0.0,0.0,5.0
緑区,保育所マナマナハウス,5歳,147.5,29.5,0.0,0.0,0.0,0.0,5.0
緑区,保育所マナマナハウス,4歳,147.5,29.5,0.0,0.0,0.0,0.0,5.0
緑区,保育所マナマナハウス,3歳,147.5,29.5,0.0,0.0,0.0,0.0,5.0
緑区,保育所マナマナハウス,1歳,147.5,29.5,10.565217391304348,0.0,5.826086956521739,0.0,5.0
緑区,保育所マナマナハウス,0歳,147.5,29.5,0.0,0.0,0.0,0.0,5.0
緑区,中山こども園,5歳,55.0,11.0,0.0,0.0,12.0,0.0,5.0
緑区,中山こども園,2歳,55.0,11.0,1.7272727272727273,0.0,13.0,0.0,5.0
戸塚区,東戸塚かもめ保育園,0歳,147.5,29.5,4.260869565217392,0.0,1.0434782608695652,0.0,5.0
戸塚区,明日葉保育園第二戸塚園,5歳,147.5,29.5,0.0,0.0,12.608695652173912,0.0,5.0
戸塚区,明日葉保育園第二戸塚園,4歳,147.5,29.5,0.13043478260869565,0.0,13.043478260869565,0.0,5.0
戸塚区,明日葉保育園第二戸塚園,2歳,147.5,29.5,9.91304347826087,0.0,12.478260869565217,0.0,5.0
戸塚区,明日葉保育園第二戸塚園,1歳,147.5,29.5,19.347826086956523,0.0,12.0,0.0,5.0
戸塚区,明日葉保育園第三戸塚園,4歳,147.5,29.5,0.13043478260869565,0.0,12.0,0.0,5.0
戸塚区,明日葉保育園第三戸塚園,2歳,147.5,29.5,10.782608695652174,0.0,10.0,0.0,5.0
戸塚区,明日葉保育園第三戸塚園,1歳,147.5,29.5,22.695652173913043,0.0,10.0,0.0,5.0
戸塚区,明日葉保育園東戸塚園,5歳,147.5,29.5,0.043478260869565216,0.0,16.0,0.0,5.0
戸塚区,明日葉保育園東戸塚園,4歳,147.5,29.5,0.043478260869565216,0.0,15.73913043478261,0.0,5.0
戸塚区,明日葉保育園東戸塚園,3歳,147.5,29.5,0.6521739130434783,0.0,16.956521739130434,0.0,5.0
戸塚区,東戸塚かもめ第３保育園,4歳,147.5,29.5,0.0,0.0,0.0,0.0,5.0
戸塚区,東戸塚かもめ第３保育園,3歳,147.5,29.5,0.0,0.0,0.0,0.0,5.0
戸塚区,東戸塚かもめ第３保育園,1歳,147.5,29.5,2.1739130434782608,0.0,6.956521739130435,0.0,5.0
戸塚区,東戸塚かもめ第３保育園,0歳,147.5,29.5,4.608695652173913,0.0,1.0434782608695652,0.0,5.0
戸塚区,東戸塚かもめ第２保育園,5歳,147.5,29.5,0.0,0.0,0.0,0.0,5.0
戸塚区,東戸塚かもめ第２保育園,4歳,147.5,29.5,0.0,0.0,0.0,0.0,5.0
戸塚区,東戸塚かもめ第２保育園,3歳,147.5,29.5,0.0,0.0,0.0,0.0,5.0
戸塚区,東戸塚かもめ第２保育園,1歳,147.5,29.5,2.0,0.0,7.478260869565218,0.0,5.0
戸塚区,東戸塚かもめ第２保育園,0歳,147.5,29.5,3.391304347826087,0.0,0.0,0.0,5.0
戸塚区,東戸塚かもめ保育園,5歳,147.5,29.5,0.0,0.0,0.0,0.0,5.0
戸塚区,東戸塚かもめ保育園,4歳,147.5,29.5,0.0,0.0,0.0,0.0,5.0
戸塚区,東戸塚かもめ保育園,3歳,147.5,29.5,0.0,0.0,0.0,0.0,5.0
戸塚区,東戸塚かもめ保育園,2歳,147.5,29.5,0.2608695652173913,0.0,8.043478260869565,0.0,5.0
戸塚区,東戸塚かもめ保育園,1歳,147.5,29.5,3.217391304347826,0.0,7.913043478260869,0.0,5.0
緑区,中山こども園,0歳,55.0,11.0,8.454545454545455,0.0,6.0,0.0,5.0
緑区,ヴィラ十日市場こども園,5歳,55.0,11.0,0.09090909090909091,0.0,12.818181818181818,0.0,5.0
緑区,ヴィラ十日市場こども園,4歳,55.0,11.0,2.0,0.0,14.0,0.0,5.0
緑区,ヴィラ十日市場こども園,3歳,55.0,11.0,0.7272727272727273,0.0,14.0,0.0,5.0
緑区,ヴィラ十日市場こども園,2歳,55.0,11.0,1.5454545454545454,0.0,13.0,0.0,5.0
緑区,マームゆりかご　ながつた保育園,5歳,147.5,29.5,0.0,0.0,0.0,0.0,5.0
緑区,マームゆりかご　ながつた保育園,4歳,147.5,29.5,0.0,0.0,0.0,0.0,5.0
緑区,マームゆりかご　ながつた保育園,3歳,147.5,29.5,0.0,0.0,0.0,0.0,5.0
緑区,マームゆりかご　ながつた保育園,0歳,147.5,29.5,0.0,0.0,0.0,0.0,5.0
緑区,マームゆりかご　かもい保育園,5歳,147.5,29.5,0.0,0.0,0.0,0.0,5.0
緑区,マームゆりかご　かもい保育園,4歳,147.5,29.5,0.0,0.0,0.0,0.0,5.0
緑区,マームゆりかご　かもい保育園,3歳,147.5,29.5,0.0,0.0,0.0,0.0,5.0
戸塚区,東戸塚みもざ保育園,1歳,147.5,29.5,0.6521739130434783,0.0,10.304347826086957,0.0,5.0
戸塚区,東戸塚こども園,5歳,55.0,11.0,0.0,0.0,14.0,0.0,5.0
戸塚区,東戸塚こども園,3歳,55.0,11.0,0.0,0.0,14.0,0.0,5.0
戸塚区,東戸塚こども園,2歳,55.0,11.0,0.5454545454545454,0.0,14.0,0.0,5.0
戸塚区,東戸塚こども園,1歳,55.0,11.0,2.090909090909091,0.0,11.0,0.0,5.0
戸塚区,東戸塚こども園,0歳,55.0,11.0,4.545454545454546,0.0,6.0,0.0,5.0
戸塚区,東戸塚かもめ第４保育園,5歳,147.5,29.5,0.0,0.0,0.0,0.0,5.0
戸塚区,東戸塚かもめ第４保育園,4歳,147.5,29.5,0.0,0.0,0.0,0.0,5.0
戸塚区,東戸塚かもめ第４保育園,3歳,147.5,29.5,0.0,0.0,0.0,0.0,5.0
戸塚区,東戸塚かもめ第４保育園,2歳,147.5,29.5,0.17391304347826086,0.0,6.521739130434782,0.0,5.0
戸塚区,東戸塚かもめ第３保育園,5歳,147.5,29.5,0.0,0.0,0.0,0.0,5.0
戸塚区,東戸塚わかば保育園,5歳,147.5,29.5,0.0,0.0,0.0,0.0,5.0
戸塚区,東戸塚わかば保育園,4歳,147.5,29.5,0.0,0.0,0.0,0.0,5.0
戸塚区,東戸塚わかば保育園,3歳,147.5,29.5,0.0,0.0,0.0,0.0,5.0
戸塚区,東戸塚らびっと保育園,5歳,147.5,29.5,0.0,0.0,0.0,0.0,5.0
戸塚区,東戸塚らびっと保育園,4歳,147.5,29.5,0.0,0.0,0.0,0.0,5.0
戸塚区,東戸塚らびっと保育園,3歳,147.5,29.5,0.0,0.0,0.0,0.0,5.0
戸塚区,東戸塚らびっと保育園,1歳,147.5,29.5,1.1304347826086956,0.0,9.0,0.0,5.0
戸塚区,東戸塚みもざ保育園,5歳,147.5,29.5,0.0,0.0,0.0,0.0,5.0
戸塚区,東戸塚みもざ保育園,4歳,147.5,29.5,0.0,0.0,0.0,0.0,5.0
戸塚区,東戸塚みもざ保育園,3歳,147.5,29.5,0.0,0.0,0.0,0.0,5.0
戸塚区,柏尾スマイル保育園,1歳,147.5,29.5,1.8695652173913044,0.0,9.956521739130435,0.0,5.0
戸塚区,松みどり保育所,2歳,147.5,29.5,0.391304347826087,0.0,19.956521739130434,0.0,5.0
戸塚区,松みどり保育所,1歳,147.5,29.5,2.739130434782609,0.0,16.0,0.0,5.0
戸塚区,東戸塚赤ちゃん保育園,5歳,147.5,29.5,0.0,0.0,0.0,0.0,5.0
戸塚区,東戸塚赤ちゃん保育園,4歳,147.5,29.5,0.0,0.0,0.0,0.0,5.0
戸塚区,東戸塚赤ちゃん保育園,3歳,147.5,29.5,0.0,0.0,0.0,0.0,5.0
緑区,マームゆりかご　かもい保育園,2歳,147.5,29.5,2.347826086956522,0.0,5.043478260869565,0.0,5.0
緑区,マームゆりかご　かもい保育園,1歳,147.5,29.5,9.304347826086957,0.0,4.869565217391305,0.0,5.0
緑区,マームゆりかご　かもい保育園,0歳,147.5,29.5,1.7391304347826086,0.0,0.5217391304347826,0.0,5.0
緑区,ポピンズナーサリースクール横浜十日市場,3歳,147.5,29.5,1.7826086956521738,0.0,12.0,0.0,5.0
緑区,ポピンズナーサリースクール横浜十日市場,1歳,147.5,29.5,4.956521739130435,0.0,8.0,0.0,5.0
緑区,ポピンズナーサリースクール十日市場駅前,3歳,147.5,29.5,0.4782608695652174,0.0,6.0,0.0,5.0
緑区,ポピンズナーサリースクール十日市場駅前,2歳,147.5,29.5,2.347826086956522,0.0,5.956521739130435,0.0,5.0
緑区,ポピンズナーサリースクール十日市場駅前,1歳,147.5,29.5,4.086956521739131,0.0,6.0,0.0,5.0
緑区,ピノキオ保育園十日市場園,5歳,147.5,29.5,0.0,0.0,0.0,0.0,5.0
緑区,ピノキオ保育園十日市場園,4歳,147.5,29.5,0.0,0.0,0.0,0.0,5.0
緑区,ピノキオ保育園十日市場園,3歳,147.5,29.5,0.0,0.0,0.0,0.0,5.0
緑区,ピノキオ保育園十日市場園,0歳,147.5,29.5,0.0,0.0,0.0,0.0,5.0
緑区,パレット保育園・長津田,5歳,147.5,29.5,0.0,0.0,8.956521739130435,0.0,5.0
緑区,パレット保育園・長津田,1歳,147.5,29.5,15.217391304347826,0.0,6.0,0.0,5.0
緑区,パレット保育園・長津田,0歳,147.5,29.5,24.52173913043478,0.0,6.0,0.0,5.0
緑区,バオバブ霧が丘保育園,2歳,147.5,29.5,3.217391304347826,0.0,16.869565217391305,0.0,5.0
緑区,バオバブ霧が丘保育園,1歳,147.5,29.5,2.130434782608696,0.0,15.0,0.0,5.0
戸塚区,横浜市汲沢保育園,0歳,147.5,29.5,0.0,0.0,0.0,0.0,5.0
戸塚区,横浜市川上保育園,3歳,147.5,29.5,1.9565217391304348,0.0,31.0,0.0,5.0
戸塚区,横浜市川上保育園,2歳,147.5,29.5,4.565217391304348,0.0,30.0,0.0,5.0
戸塚区,横浜市川上保育園,1歳,147.5,29.5,15.26086956521739,0.0,30.0,0.0,5.0
戸塚区,横浜市原宿保育園,1歳,147.5,29.5,2.8260869565217392,0.0,9.956521739130435,0.0,5.0
戸塚区,横浜市原宿保育園,0歳,147.5,29.5,0.0,0.0,0.0,0.0,5.0
緑区,ハッピーシーズ保育園,5歳,147.5,29.5,0.0,0.0,0.0,0.0,5.0
緑区,ハッピーシーズ保育園,4歳,147.5,29.5,0.0,0.0,0.0,0.0,5.0
緑区,ハッピーシーズ保育園,3歳,147.5,29.5,0.0,0.0,0.0,0.0,5.0
緑区,ハッピーシーズ保育園,0歳,147.5,29.5,0.0,0.0,0.0,0.0,5.0
緑区,ハッピーシーズりんご園,5歳,147.5,29.5,0.0,0.0,0.0,0.0,5.0
緑区,ハッピーシーズりんご園,4歳,147.5,29.5,0.0,0.0,0.0,0.0,5.0
緑区,ハッピーシーズりんご園,3歳,147.5,29.5,0.0,0.0,0.0,0.0,5.0
緑区,ハッピーシーズりんご園,0歳,147.5,29.5,0.0,0.0,0.0,0.0,5.0
緑区,ハッピーシーズくるみ園,5歳,147.5,29.5,0.0,0.0,0.0,0.0,5.0
緑区,ハッピーシーズくるみ園,4歳,147.5,29.5,0.0,0.0,0.0,0.0,5.0
緑区,ハッピーシーズくるみ園,3歳,147.5,29.5,0.0,0.0,0.0,0.0,5.0
戸塚区,聖母の園保育園,0歳,147.5,29.5,0.0,0.0,0.0,0.0,5.0
戸塚区,正光寺保育園吉田町園,5歳,147.5,29.5,0.0,0.0,0.0,0.0,5.0
戸塚区,正光寺保育園吉田町園,4歳,147.5,29.5,0.0,0.0,0.0,0.0,5.0
戸塚区,正光寺保育園吉田町園,3歳,147.5,29.5,0.0,0.0,0.0,0.0,5.0
戸塚区,正光寺保育園吉田町園,1歳,147.5,29.5,4.695652173913044,0.0,6.0,0.0,5.0
戸塚区,横浜市汲沢保育園,5歳,147.5,29.5,0.0,0.0,17.0,0.0,5.0
緑区,ハッピーシーズくるみ園,0歳,147.5,29.5,0.0,0.0,0.0,0.0,5.0
緑区,スターチャイルド≪鴨居駅前ナーサリー≫,2歳,92.5,18.5,6.166666666666667,0.0,11.0,0.0,5.0
緑区,スターチャイルド≪鴨居駅前ナーサリー≫,1歳,92.5,18.5,22.166666666666668,0.0,10.0,0.0,5.0
緑区,スターチャイルド≪鴨居駅前ナーサリー≫,0歳,92.5,18.5,0.0,0.0,0.0,0.0,5.0
緑区,スターチャイルド≪鴨居ナーサリー≫,2歳,147.5,29.5,7.130434782608695,0.0,9.91304347826087,0.0,5.0
緑区,スターチャイルド≪鴨居ナーサリー≫,1歳,147.5,29.5,19.304347826086957,0.0,7.869565217391305,0.0,5.0
緑区,スターチャイルド≪鴨居ナーサリー≫,0歳,147.5,29.5,14.130434782608695,0.0,6.0,0.0,5.0
戸塚区,舞岡保育園,1歳,147.5,29.5,4.391304347826087,0.0,5.0,0.0,5.0
戸塚区,舞岡保育園,0歳,147.5,29.5,0.0,0.0,0.0,0.0,5.0
戸塚区,聖母の園保育園,5歳,147.5,29.5,0.0,0.0,16.043478260869566,0.0,5.0
緑区,スターチャイルド≪長津田駅前ナーサリー≫,1歳,147.5,29.5,3.5217391304347827,0.0,10.0,0.0,5.0
緑区,スターチャイルド≪長津田駅前ナーサリー≫,0歳,147.5,29.5,0.0,0.0,0.0,0.0,5.0
緑区,スターチャイルド≪長津田ナーサリー≫,2歳,147.5,29.5,1.608695652173913,0.0,9.869565217391305,0.0,5.0
緑区,スターチャイルド≪長津田ナーサリー≫,1歳,147.5,29.5,4.565217391304348,0.0,7.913043478260869,0.0,5.0
緑区,スターチャイルド≪長津田ナーサリー≫,0歳,147.5,29.5,15.173913043478262,0.0,6.0,0.0,5.0
緑区,スターチャイルド≪中山ナーサリー≫,2歳,147.5,29.5,3.4782608695652173,0.0,10.0,0.0,5.0
緑区,スターチャイルド≪中山ナーサリー≫,1歳,147.5,29.5,7.826086956521739,0.0,10.0,0.0,5.0
緑区,シャルール保育園,1歳,147.5,29.5,8.565217391304348,0.0,10.0,0.0,5.0
緑区,グローバルキッズ十日市場園,1歳,147.5,29.5,3.5652173913043477,0.0,11.0,0.0,5.0
緑区,キッズフォレ長津田,4歳,147.5,29.5,0.4782608695652174,0.0,19.347826086956523,0.0,5.0
戸塚区,風の子保育室,2歳,147.5,29.5,0.0,0.0,2.0,0.0,5.0
戸塚区,風の子保育室,1歳,147.5,29.5,1.3478260869565217,0.0,2.0,0.0,5.0
戸塚区,銀杏保育園　胡桃館,3歳,147.5,29.5,0.5217391304347826,0.0,10.0,0.0,5.0
戸塚区,銀杏保育園　胡桃館,2歳,147.5,29.5,4.913043478260869,0.0,7.0,0.0,5.0
戸塚区,銀杏保育園　胡桃館,1歳,147.5,29.5,8.304347826086957,0.0,7.0,0.0,5.0
戸塚区,銀杏保育園　胡桃館,0歳,147.5,29.5,0.0,0.0,0.0,0.0,5.0
戸塚区,銀杏保育園,2歳,147.5,29.5,2.130434782608696,0.0,10.0,0.0,5.0
戸塚区,芙蓉保育園,5歳,147.5,29.5,0.30434782608695654,0.0,14.043478260869565,0.0,5.0
緑区,キッズフォレ長津田,1歳,147.5,29.5,8.565217391304348,0.0,18.956521739130434,0.0,5.0
緑区,わらべうた中山保育園,4歳,147.5,29.5,0.6086956521739131,0.0,12.0,0.0,5.0
緑区,わらべうた中山保育園,1歳,147.5,29.5,5.956521739130435,0.0,12.0,0.0,5.0
緑区,ゆめの実保育園,5歳,147.5,29.5,0.0,0.0,0.0,0.0,5.0
緑区,ゆめの実保育園,4歳,147.5,29.5,0.0,0.0,0.0,0.0,5.0
緑区,ゆめの実保育園,3歳,147.5,29.5,0.0,0.0,0.0,0.0,5.0
緑区,ゆめの実保育園,0歳,147.5,29.5,0.0,0.0,0.0,0.0,5.0
旭区,あっぷる保育園鶴ヶ峰,0歳,147.5,29.5,42.0,0.0,11.956521739130435,0.0,5.0
旭区,あさひすまいる保育園,5歳,147.5,29.5,0.0,0.0,0.0,0.0,5.0
旭区,あさひすまいる保育園,4歳,147.5,29.5,0.0,0.0,0.0,0.0,5.0
旭区,あさひすまいる保育園,3歳,147.5,29.5,0.0,0.0,0.0,0.0,5.0
旭区,あさひすまいる保育園,2歳,147.5,29.5,0.08695652173913043,0.0,4.0,0.0,5.0
旭区,あさひすまいる保育園,1歳,147.5,29.5,0.9130434782608695,0.0,3.0,0.0,5.0
戸塚区,ＹＭＣＡとつか乳児保育園,5歳,147.5,29.5,0.0,0.0,0.0,0.0,5.0
戸塚区,ＹＭＣＡとつか乳児保育園,4歳,147.5,29.5,0.0,0.0,0.0,0.0,5.0
戸塚区,ＹＭＣＡとつか乳児保育園,3歳,147.5,29.5,0.0,0.0,0.0,0.0,5.0
戸塚区,ＹＭＣＡとつか乳児保育園,2歳,147.5,29.5,5.391304347826087,0.0,12.0,0.0,5.0
戸塚区,ＹＭＣＡとつか乳児保育園,1歳,147.5,29.5,15.956521739130435,0.0,12.0,0.0,5.0
戸塚区,風の子保育室,5歳,147.5,29.5,0.0,0.0,0.0,0.0,5.0
戸塚区,風の子保育室,4歳,147.5,29.5,0.0,0.0,0.0,0.0,5.0
戸塚区,風の子保育室,3歳,147.5,29.5,0.0,0.0,0.0,0.0,5.0
緑区,やまゆり中山保育園,1歳,147.5,29.5,15.217391304347826,0.0,19.956521739130434,0.0,5.0
緑区,やまゆり中山保育園,0歳,147.5,29.5,44.391304347826086,0.0,10.0,0.0,5.0
緑区,もみの木保育園,2歳,147.5,29.5,2.217391304347826,0.0,11.91304347826087,0.0,5.0
緑区,もみの木保育園,1歳,147.5,29.5,8.956521739130435,0.0,11.956521739130435,0.0,5.0
旭区,あゆみ保育園,3歳,147.5,29.5,2.3043478260869565,0.0,16.956521739130434,0.0,5.0
旭区,あゆみ保育園,2歳,147.5,29.5,4.6521739130434785,0.0,8.956521739130435,0.0,5.0
旭区,あゆみ保育園,1歳,147.5,29.5,18.0,0.0,8.0,0.0,5.0
旭区,あゆみキッズ保育園,5歳,147.5,29.5,0.0,0.0,0.0,0.0,5.0
旭区,あゆみキッズ保育園,4歳,147.5,29.5,0.0,0.0,0.0,0.0,5.0
旭区,あゆみキッズ保育園,3歳,147.5,29.5,0.0,0.0,0.0,0.0,5.0
旭区,あゆみキッズ保育園,2歳,147.5,29.5,1.608695652173913,0.0,8.0,0.0,5.0
旭区,あゆみキッズ保育園,1歳,147.5,29.5,12.608695652173912,0.0,8.0,0.0,5.0
旭区,あっぷる保育園鶴ヶ峰,1歳,147.5,29.5,26.82608695652174,0.0,20.0,0.0,5.0
緑区,みらいつぼみ保育園,5歳,147.5,29.5,0.0,0.0,0.0,0.0,5.0
緑区,みらいつぼみ保育園,4歳,147.5,29.5,0.0,0.0,0.0,0.0,5.0
緑区,みらいつぼみ保育園,3歳,147.5,29.5,0.0,0.0,0.0,0.0,5.0
緑区,みらいつぼみ保育園,2歳,147.5,29.5,2.347826086956522,0.0,5.913043478260869,0.0,5.0
緑区,みらいつぼみ保育園,0歳,147.5,29.5,0.0,0.0,0.0,0.0,5.0
旭区,おれんじハウス二俣川駅前保育園,2歳,10.0,2.0,0.0,0.0,0.0,0.0,5.0
旭区,おれんじハウス二俣川駅前保育園,1歳,10.0,2.0,0.0,0.0,0.0,0.0,5.0
旭区,おれんじハウス二俣川駅前保育園,0歳,10.0,2.0,0.0,0.0,0.0,0.0,5.0
旭区,おれんじハウス二俣川保育園,5歳,147.5,29.5,0.0,0.0,0.0,0.0,5.0
旭区,おれんじハウス二俣川保育園,4歳,147.5,29.5,0.0,0.0,0.0,0.0,5.0
旭区,おれんじハウス二俣川保育園,3歳,147.5,29.5,0.0,0.0,0.0,0.0,5.0
旭区,あゆみ保育園第二,3歳,147.5,29.5,1.6956521739130435,0.0,17.52173913043478,0.0,5.0
旭区,あゆみ保育園第二,2歳,147.5,29.5,4.0,0.0,17.043478260869566,0.0,5.0
旭区,あゆみ保育園第二,1歳,147.5,29.5,16.695652173913043,0.0,16.956521739130434,0.0,5.0
旭区,あゆみ保育園第二,0歳,147.5,29.5,17.782608695652176,0.0,8.91304347826087,0.0,5.0
緑区,みどり寺山保育園,2歳,147.5,29.5,2.391304347826087,0.0,19.956521739130434,0.0,5.0
緑区,みどり寺山保育園,1歳,147.5,29.5,6.6521739130434785,0.0,12.0,0.0,5.0
緑区,みどり寺山保育園,0歳,147.5,29.5,5.521739130434782,0.0,9.0,0.0,5.0
緑区,みどりひよこ園,5歳,147.5,29.5,0.0,0.0,0.0,0.0,5.0
緑区,みどりひよこ園,4歳,147.5,29.5,0.0,0.0,0.0,0.0,5.0
緑区,みどりひよこ園,3歳,147.5,29.5,0.0,0.0,0.0,0.0,5.0
緑区,みどりさくら保育園,5歳,147.5,29.5,0.2608695652173913,0.0,12.521739130434783,0.0,5.0
旭区,すずらん二俣川保育園,5歳,147.5,29.5,0.0,0.0,0.0,0.0,5.0
旭区,すずらん二俣川保育園,4歳,147.5,29.5,0.0,0.0,0.0,0.0,5.0
旭区,すずらん二俣川保育園,3歳,147.5,29.5,0.0,0.0,0.0,0.0,5.0
旭区,すずらん二俣川保育園,0歳,147.5,29.5,0.0,0.0,0.0,0.0,5.0
旭区,おれんじハウス二俣川駅前保育園,3歳,10.0,2.0,0.0,0.0,0.0,0.0,5.0
緑区,みどりさくら保育園,4歳,147.5,29.5,0.9565217391304348,0.0,12.521739130434783,0.0,5.0
緑区,みどりさくら保育園,1歳,147.5,29.5,9.652173913043478,0.0,11.0,0.0,5.0
緑区,まなびの森　鴨居こども園,5歳,92.5,18.5,0.25,0.0,20.0,0.0,5.0
緑区,まなびの森　鴨居こども園,4歳,92.5,18.5,0.0,0.0,20.0,0.0,5.0
緑区,まなびの森　鴨居こども園,3歳,92.5,18.5,0.6666666666666666,0.0,20.0,0.0,5.0
緑区,まなびの森　鴨居こども園,2歳,92.5,18.5,5.916666666666667,0.0,18.833333333333332,0.0,5.0
緑区,まなびの森　鴨居こども園,1歳,92.5,18.5,20.333333333333332,0.0,15.083333333333334,0.0,5.0
緑区,まなびの森　鴨居こども園,0歳,92.5,18.5,26.0,0.0,6.0,0.0,5.0
緑区,まなびの森　長津田こども園,5歳,92.5,18.5,0.08333333333333333,0.0,13.0,0.0,5.0
緑区,まなびの森　長津田こども園,4歳,92.5,18.5,0.6666666666666666,0.0,13.0,0.0,5.0
緑区,まなびの森　長津田こども園,3歳,92.5,18.5,0.25,0.0,13.0,0.0,5.0
緑区,まなびの森　長津田こども園,2歳,92.5,18.5,1.3333333333333333,0.0,12.0,0.0,5.0
旭区,とこちゃん☆みっつ保育園,4歳,147.5,29.5,0.0,0.0,0.0,0.0,5.0
旭区,とこちゃん☆みっつ保育園,3歳,147.5,29.5,0.0,0.0,0.0,0.0,5.0
旭区,とこちゃん☆みっつ保育園,1歳,147.5,29.5,10.217391304347826,0.0,8.0,0.0,5.0
旭区,つぼみ保育園,4歳,147.5,29.5,0.043478260869565216,0.0,13.91304347826087,0.0,5.0
旭区,つぼみ保育園,3歳,147.5,29.5,0.391304347826087,0.0,12.521739130434783,0.0,5.0
旭区,つぼみ保育園,2歳,147.5,29.5,6.217391304347826,0.0,13.0,0.0,5.0
旭区,つぼみ保育園,1歳,147.5,29.5,13.91304347826087,0.0,11.0,0.0,5.0
旭区,ちゃいれっく　上白根保育室,5歳,147.5,29.5,0.0,0.0,0.0,0.0,5.0
旭区,ちゃいれっく　上白根保育室,4歳,147.5,29.5,0.0,0.0,0.0,0.0,5.0
旭区,ちゃいれっく　上白根保育室,3歳,147.5,29.5,0.0,0.0,0.0,0.0,5.0
旭区,ちゃいれっく　上白根保育室,1歳,147.5,29.5,2.260869565217391,0.0,5.913043478260869,0.0,5.0
緑区,まなびの森　長津田こども園,0歳,92.5,18.5,9.083333333333334,0.0,6.0,0.0,5.0
緑区,まなびの森　十日市場こども園,5歳,92.5,18.5,0.0,0.0,12.833333333333334,0.0,5.0
緑区,まなびの森　十日市場こども園,4歳,92.5,18.5,0.0,0.0,11.333333333333334,0.0,5.0
緑区,まなびの森　十日市場こども園,3歳,92.5,18.5,0.16666666666666666,0.0,14.833333333333334,0.0,5.0
緑区,まなびの森　十日市場こども園,1歳,92.5,18.5,0.75,0.0,11.916666666666666,0.0,5.0
緑区,まなびの森　十日市場こども園,0歳,92.5,18.5,8.166666666666666,0.0,6.0,0.0,5.0
緑区,まなびの森　中山こども園,3歳,92.5,18.5,0.08333333333333333,0.0,12.833333333333334,0.0,5.0
緑区,まなびの森　中山こども園,1歳,92.5,18.5,2.0833333333333335,0.0,12.0,0.0,5.0
緑区,まなびの森　中山こども園,0歳,92.5,18.5,5.333333333333333,0.0,5.916666666666667,0.0,5.0
緑区,まなびの森　ヴィラ十日市場こども園,5歳,92.5,18.5,0.3333333333333333,0.0,14.0,0.0,5.0
緑区,まなびの森　ヴィラ十日市場こども園,4歳,92.5,18.5,0.0,0.0,14.083333333333334,0.0,5.0
緑区,まなびの森　ヴィラ十日市場こども園,3歳,92.5,18.5,1.8333333333333333,0.0,14.0,0.0,5.0
旭区,ひまわり愛児園,2歳,147.5,29.5,3.217391304347826,0.0,20.0,0.0,5.0
旭区,ひまわり愛児園,1歳,147.5,29.5,8.391304347826088,0.0,17.91304347826087,0.0,5.0
旭区,ぱぷりか保育園　鶴ヶ峰,5歳,147.5,29.5,0.0,0.0,0.0,0.0,5.0
旭区,ぱぷりか保育園　鶴ヶ峰,4歳,147.5,29.5,0.0,0.0,0.0,0.0,5.0
旭区,ぱぷりか保育園　鶴ヶ峰,3歳,147.5,29.5,0.0,0.0,0.0,0.0,5.0
旭区,ぱぷりか保育園　鶴ヶ峰,1歳,147.5,29.5,5.913043478260869,0.0,9.782608695652174,0.0,5.0
旭区,ぱぷりか保育園　鶴ヶ峰,0歳,147.5,29.5,0.0,0.0,0.0,0.0,5.0
旭区,のぞみ保育園,5歳,147.5,29.5,0.0,0.0,0.0,0.0,5.0
旭区,のぞみ保育園,4歳,147.5,29.5,0.0,0.0,0.0,0.0,5.0
旭区,のぞみ保育園,3歳,147.5,29.5,0.0,0.0,0.0,0.0,5.0
旭区,とこちゃん☆みっつ保育園,5歳,147.5,29.5,0.0,0.0,0.0,0.0,5.0
旭区,わかばの森保育園,0歳,147.5,29.5,0.0,0.0,0.0,0.0,5.0
旭区,まきが原愛児園,4歳,147.5,29.5,0.4782608695652174,0.0,24.0,0.0,5.0
旭区,まきが原愛児園,1歳,147.5,29.5,4.086956521739131,0.0,21.91304347826087,0.0,5.0
旭区,まきが原愛児園,0歳,147.5,29.5,8.347826086956522,0.0,8.956521739130435,0.0,5.0
旭区,ひより保育室,5歳,147.5,29.5,0.0,0.0,0.0,0.0,5.0
旭区,ひより保育室,4歳,147.5,29.5,0.0,0.0,0.0,0.0,5.0
旭区,ひより保育室,3歳,147.5,29.5,0.0,0.0,0.0,0.0,5.0
旭区,ひより保育室,1歳,147.5,29.5,0.4782608695652174,0.0,2.0,0.0,5.0
旭区,ひより保育室,0歳,147.5,29.5,0.8695652173913043,0.0,0.5217391304347826,0.0,5.0
緑区,まなびの森　ヴィラ十日市場こども園,2歳,92.5,18.5,3.75,0.0,12.0,0.0,5.0
緑区,まなびの森　ヴィラ十日市場こども園,1歳,92.5,18.5,6.0,0.0,12.0,0.0,5.0
緑区,まなびの森　ヴィラ十日市場こども園,0歳,92.5,18.5,8.166666666666666,0.0,6.0,0.0,5.0
緑区,ひまわり中山駅前保育園,5歳,147.5,29.5,0.0,0.0,0.0,0.0,5.0
緑区,ひまわり中山駅前保育園,4歳,147.5,29.5,0.0,0.0,0.0,0.0,5.0
緑区,ひまわり中山駅前保育園,3歳,147.5,29.5,0.0,0.0,0.0,0.0,5.0
緑区,にじいろ保育園鴨居,2歳,147.5,29.5,9.695652173913043,0.0,10.0,0.0,5.0
緑区,にじいろ保育園鴨居,0歳,147.5,29.5,0.0,0.0,0.0,0.0,5.0
緑区,にじいろ保育園中山,5歳,147.5,29.5,0.0,0.0,15.0,0.0,5.0
旭区,キッズガーデン横浜鶴ヶ峰,1歳,147.5,29.5,6.3478260869565215,0.0,10.0,0.0,5.0
旭区,オハナ鶴ヶ峰保育園,3歳,147.5,29.5,1.2608695652173914,0.0,15.0,0.0,5.0
旭区,オハナ鶴ヶ峰保育園,1歳,147.5,29.5,16.217391304347824,0.0,15.0,0.0,5.0
旭区,オハナ鶴ヶ峰保育園,0歳,147.5,29.5,17.304347826086957,0.0,9.0,0.0,5.0
緑区,にじいろ保育園中山,4歳,147.5,29.5,0.5217391304347826,0.0,15.0,0.0,5.0
緑区,にじいろ保育園中山,2歳,147.5,29.5,1.1304347826086956,0.0,10.0,0.0,5.0
緑区,にじいろ保育園中山,1歳,147.5,29.5,6.478260869565218,0.0,8.0,0.0,5.0
緑区,にじいろ保育園中山,0歳,147.5,29.5,0.0,0.0,0.0,0.0,5.0
緑区,にこにこすまいる園,5歳,147.5,29.5,0.0,0.0,0.0,0.0,5.0
緑区,にこにこすまいる園,4歳,147.5,29.5,0.0,0.0,0.0,0.0,5.0
緑区,にこにこすまいる園,3歳,147.5,29.5,0.0,0.0,0.0,0.0,5.0
緑区,にこにこすまいる園,2歳,147.5,29.5,0.6086956521739131,0.0,5.0,0.0,5.0
緑区,といろきっず中山保育園,5歳,147.5,29.5,0.0,0.0,0.0,0.0,5.0
緑区,といろきっず中山保育園,4歳,147.5,29.5,0.0,0.0,0.0,0.0,5.0
緑区,といろきっず中山保育園,3歳,147.5,29.5,0.0,0.0,0.0,0.0,5.0
緑区,といろきっず中山保育園,1歳,147.5,29.5,2.782608695652174,0.0,5.782608695652174,0.0,5.0
旭区,グローバルキッズ白根保育園,2歳,147.5,29.5,2.608695652173913,0.0,11.0,0.0,5.0
旭区,グローバルキッズ白根保育園,1歳,147.5,29.5,10.826086956521738,0.0,10.0,0.0,5.0
旭区,グローバルキッズ白根保育園,0歳,147.5,29.5,8.521739130434783,0.0,6.0,0.0,5.0
旭区,グローバルキッズ南万騎が原園,1歳,147.5,29.5,8.73913043478261,0.0,10.0,0.0,5.0
旭区,グローバルキッズ南万騎が原園,0歳,147.5,29.5,8.043478260869565,0.0,6.0,0.0,5.0
旭区,キッズビレッジつくし保育園,4歳,147.5,29.5,0.13043478260869565,0.0,12.478260869565217,0.0,5.0
旭区,キッズビレッジつくし保育園,2歳,147.5,29.5,5.130434782608695,0.0,12.0,0.0,5.0
旭区,キッズビレッジつくし保育園,1歳,147.5,29.5,14.217391304347826,0.0,12.0,0.0,5.0
旭区,キッズビレッジつくし保育園,0歳,147.5,29.5,8.782608695652174,0.0,10.0,0.0,5.0
旭区,サフォークキッズランド横浜園,0歳,147.5,29.5,0.0,0.0,0.0,0.0,5.0
旭区,サクラフェリーチェ保育園　二俣川,5歳,147.5,29.5,0.0,0.0,0.0,0.0,5.0
旭区,サクラフェリーチェ保育園　二俣川,4歳,147.5,29.5,0.0,0.0,0.0,0.0,5.0
旭区,サクラフェリーチェ保育園　二俣川,3歳,147.5,29.5,0.0,0.0,0.0,0.0,5.0
旭区,サクラフェリーチェ保育園　二俣川,1歳,147.5,29.5,3.652173913043478,0.0,10.0,0.0,5.0
旭区,サクラフェリーチェ保育園　二俣川,0歳,147.5,29.5,0.0,0.0,0.0,0.0,5.0
旭区,コナミスポーツ保育園　希望が丘,2歳,147.5,29.5,4.304347826086956,0.0,9.0,0.0,5.0
旭区,コナミスポーツ保育園　希望が丘,1歳,147.5,29.5,13.043478260869565,0.0,9.0,0.0,5.0
旭区,グローバルキッズ白根保育園,3歳,147.5,29.5,0.4782608695652174,0.0,11.043478260869565,0.0,5.0
緑区,たけやまの森保育園,1歳,147.5,29.5,5.3478260869565215,0.0,10.956521739130435,0.0,5.0
緑区,そよかぜ保育園,5歳,147.5,29.5,0.0,0.0,17.0,0.0,5.0
緑区,そよかぜ保育園,4歳,147.5,29.5,1.0869565217391304,0.0,17.0,0.0,5.0
緑区,そよかぜ保育園,3歳,147.5,29.5,0.21739130434782608,0.0,17.0,0.0,5.0
緑区,そよかぜ保育園,1歳,147.5,29.5,19.304347826086957,0.0,14.521739130434783,0.0,5.0
緑区,すまいる十日市場保育園,5歳,147.5,29.5,0.0,0.0,0.0,0.0,5.0
緑区,すまいる十日市場保育園,4歳,147.5,29.5,0.0,0.0,0.0,0.0,5.0
緑区,すまいる十日市場保育園,3歳,147.5,29.5,0.0,0.0,0.0,0.0,5.0
旭区,スマイルビー保育園,4歳,147.5,29.5,0.0,0.0,0.0,0.0,5.0
旭区,スマイルビー保育園,3歳,147.5,29.5,0.0,0.0,0.0,0.0,5.0
旭区,スマイルビー保育園,1歳,147.5,29.5,7.565217391304348,0.0,8.0,0.0,5.0
旭区,スマイルビー保育園,0歳,147.5,29.5,0.0,0.0,0.0,0.0,5.0
旭区,スターチャイルド《鶴ヶ峰ナーサリー》,3歳,147.5,29.5,1.7826086956521738,0.0,12.521739130434783,0.0,5.0
旭区,スターチャイルド《鶴ヶ峰ナーサリー》,2歳,147.5,29.5,2.739130434782609,0.0,10.695652173913043,0.0,5.0
旭区,スターチャイルド《鶴ヶ峰ナーサリー》,1歳,147.5,29.5,11.652173913043478,0.0,10.0,0.0,5.0
旭区,スターチャイルド《鶴ヶ峰ナーサリー》,0歳,147.5,29.5,0.0,0.0,0.0,0.0,5.0
旭区,サフォークキッズランド横浜園,5歳,147.5,29.5,0.0,0.0,0.0,0.0,5.0
旭区,サフォークキッズランド横浜園,4歳,147.5,29.5,0.0,0.0,0.0,0.0,5.0
旭区,サフォークキッズランド横浜園,3歳,147.5,29.5,0.0,0.0,0.0,0.0,5.0
旭区,サフォークキッズランド横浜園,1歳,147.5,29.5,2.391304347826087,0.0,9.608695652173912,0.0,5.0
緑区,すまいる十日市場保育園,0歳,147.5,29.5,0.0,0.0,0.0,0.0,5.0
緑区,すまいる保育園,5歳,147.5,29.5,0.0,0.0,0.0,0.0,5.0
緑区,すまいる保育園,4歳,147.5,29.5,0.0,0.0,0.0,0.0,5.0
緑区,すまいる保育園,3歳,147.5,29.5,0.0,0.0,0.0,0.0,5.0
緑区,すまいる保育園,1歳,147.5,29.5,0.782608695652174,0.0,4.521739130434782,0.0,5.0
緑区,さくらの郷みらい保育園,2歳,147.5,29.5,6.478260869565218,0.0,17.782608695652176,0.0,5.0
旭区,ポプラ保育園,2歳,147.5,29.5,2.9565217391304346,0.0,9.0,0.0,5.0
旭区,ポプラ保育園,1歳,147.5,29.5,12.478260869565217,0.0,8.0,0.0,5.0
旭区,ハニービー保育園,5歳,147.5,29.5,0.0,0.0,0.0,0.0,5.0
旭区,ハニービー保育園,4歳,147.5,29.5,0.0,0.0,0.0,0.0,5.0
旭区,ハニービー保育園,3歳,147.5,29.5,0.0,0.0,0.0,0.0,5.0
旭区,ハニービー保育園,2歳,147.5,29.5,2.4347826086956523,0.0,8.0,0.0,5.0
旭区,ハニービー保育園,1歳,147.5,29.5,10.652173913043478,0.0,8.0,0.0,5.0
旭区,ハニービー保育園,0歳,147.5,29.5,10.478260869565217,0.0,3.0,0.0,5.0
旭区,タドラーキッズ,5歳,147.5,29.5,0.0,0.0,0.0,0.0,5.0
旭区,タドラーキッズ,4歳,147.5,29.5,0.0,0.0,0.0,0.0,5.0
旭区,タドラーキッズ,3歳,147.5,29.5,0.0,0.0,0.0,0.0,5.0
旭区,タドラーキッズ,2歳,147.5,29.5,1.9565217391304348,0.0,5.695652173913044,0.0,5.0
旭区,タドラーキッズ,1歳,147.5,29.5,5.521739130434782,0.0,7.3478260869565215,0.0,5.0
旭区,タドラーキッズ,0歳,147.5,29.5,5.0,0.0,0.9130434782608695,0.0,5.0
旭区,スマイルビー保育園,5歳,147.5,29.5,0.0,0.0,0.0,0.0,5.0
旭区,マミー保育園二俣川,5歳,147.5,29.5,0.0,0.0,0.0,0.0,5.0
旭区,マミー保育園二俣川,4歳,147.5,29.5,0.0,0.0,0.0,0.0,5.0
旭区,マミー保育園二俣川,3歳,147.5,29.5,0.0,0.0,0.0,0.0,5.0
旭区,ポプラ第二保育園,2歳,147.5,29.5,3.0434782608695654,0.0,6.0,0.0,5.0
旭区,ポプラ第二保育園,1歳,147.5,29.5,7.956521739130435,0.0,4.0,0.0,5.0
緑区,おひさますまいる保育園,1歳,147.5,29.5,6.826086956521739,0.0,11.0,0.0,5.0
緑区,おひさますまいる保育園,0歳,147.5,29.5,7.956521739130435,0.0,4.0,0.0,5.0
神奈川区,ＹＭＣＡ東かながわ保育園,2歳,147.5,29.5,0.9565217391304348,0.0,12.0,0.0,5.0
神奈川区,ＳＵＮＮＹ　ＫＩＤ保育園,5歳,147.5,29.5,0.0,0.0,0.0,0.0,5.0
神奈川区,ＳＵＮＮＹ　ＫＩＤ保育園,4歳,147.5,29.5,0.0,0.0,0.0,0.0,5.0
神奈川区,ＳＵＮＮＹ　ＫＩＤ保育園,3歳,147.5,29.5,0.0,0.0,0.0,0.0,5.0
神奈川区,認定こども園捜真幼稚園,2歳,147.5,29.5,3.652173913043478,0.0,10.0,0.0,5.0
神奈川区,認定こども園捜真幼稚園,1歳,147.5,29.5,3.391304347826087,0.0,8.0,0.0,5.0
神奈川区,認定こども園捜真幼稚園,0歳,147.5,29.5,0.0,0.0,0.0,0.0,5.0
旭区,上の原保育園,4歳,147.5,29.5,0.5217391304347826,0.0,13.0,0.0,5.0
旭区,上の原保育園,3歳,147.5,29.5,0.6086956521739131,0.0,13.0,0.0,5.0
旭区,上の原保育園,2歳,147.5,29.5,2.1739130434782608,0.0,13.0,0.0,5.0
旭区,上の原保育園,1歳,147.5,29.5,4.565217391304348,0.0,10.0,0.0,5.0
旭区,上の原保育園,0歳,147.5,29.5,9.826086956521738,0.0,8.0,0.0,5.0
旭区,三ツ境たんぽぽ保育園,5歳,147.5,29.5,0.043478260869565216,0.0,10.565217391304348,0.0,5.0
旭区,三ツ境たんぽぽ保育園,4歳,147.5,29.5,0.4782608695652174,0.0,11.521739130434783,0.0,5.0
旭区,三ツ境たんぽぽ保育園,2歳,147.5,29.5,3.391304347826087,0.0,10.0,0.0,5.0
旭区,三ツ境たんぽぽ保育園,1歳,147.5,29.5,9.26086956521739,0.0,9.0,0.0,5.0
旭区,マヤ保育園,2歳,147.5,29.5,1.391304347826087,0.0,19.956521739130434,0.0,5.0
旭区,マヤ保育園,1歳,147.5,29.5,2.130434782608696,0.0,17.869565217391305,0.0,5.0
神奈川区,西寺尾チューリップルーム,5歳,147.5,29.5,0.0,0.0,0.0,0.0,5.0
神奈川区,西寺尾チューリップルーム,4歳,147.5,29.5,0.0,0.0,0.0,0.0,5.0
神奈川区,西寺尾チューリップルーム,3歳,147.5,29.5,0.0,0.0,0.0,0.0,5.0
神奈川区,羽沢保育園,5歳,147.5,29.5,0.30434782608695654,0.0,28.82608695652174,0.0,5.0
神奈川区,空と杜の保育園かんだいじ,2歳,147.5,29.5,2.130434782608696,0.0,10.0,0.0,5.0
神奈川区,空と杜の保育園かんだいじ,1歳,147.5,29.5,3.130434782608696,0.0,7.956521739130435,0.0,5.0
旭区,保育園スマイルキッズ二俣川駅前,1歳,147.5,29.5,4.130434782608695,0.0,6.565217391304348,0.0,5.0
旭区,保育園スマイルキッズ二俣川駅前,0歳,147.5,29.5,4.478260869565218,0.0,1.565217391304348,0.0,5.0
旭区,中希望が丘保育園,2歳,147.5,29.5,4.0,0.0,15.0,0.0,5.0
旭区,中希望が丘保育園,1歳,147.5,29.5,15.73913043478261,0.0,15.0,0.0,5.0
旭区,中尾保育園,3歳,147.5,29.5,0.6521739130434783,0.0,22.434782608695652,0.0,5.0
旭区,中尾保育園,2歳,147.5,29.5,8.26086956521739,0.0,18.08695652173913,0.0,5.0
旭区,中尾保育園,1歳,147.5,29.5,9.73913043478261,0.0,17.217391304347824,0.0,5.0
旭区,上の原保育園,5歳,147.5,29.5,0.08695652173913043,0.0,13.0,0.0,5.0
神奈川区,白幡保育園,1歳,147.5,29.5,1.826086956521739,0.0,18.0,0.0,5.0
神奈川区,横浜市西菅田保育園,2歳,147.5,29.5,3.6956521739130435,0.0,12.0,0.0,5.0
神奈川区,横浜市西菅田保育園,1歳,147.5,29.5,5.304347826086956,0.0,9.0,0.0,5.0
神奈川区,横浜市西菅田保育園,0歳,147.5,29.5,0.0,0.0,0.0,0.0,5.0
神奈川区,横浜市神大寺保育園,2歳,147.5,29.5,1.7826086956521738,0.0,7.956521739130435,0.0,5.0
神奈川区,横浜市神大寺保育園,1歳,147.5,29.5,2.0,0.0,7.0,0.0,5.0
神奈川区,横浜市神大寺保育園,0歳,147.5,29.5,0.0,0.0,0.0,0.0,5.0
神奈川区,横浜市松見保育園,2歳,147.5,29.5,0.6521739130434783,0.0,18.0,0.0,5.0
神奈川区,横浜市松見保育園,1歳,147.5,29.5,3.0,0.0,16.0,0.0,5.0
神奈川区,横浜ノーベル保育園,5歳,147.5,29.5,0.0,0.0,0.0,0.0,5.0
神奈川区,横浜ノーベル保育園,4歳,147.5,29.5,0.0,0.0,0.0,0.0,5.0
神奈川区,横浜ノーベル保育園,3歳,147.5,29.5,0.0,0.0,0.0,0.0,5.0
旭区,前島保育園,0歳,147.5,29.5,0.0,0.0,0.0,0.0,5.0
旭区,保育室　ひかり,5歳,147.5,29.5,0.0,0.0,0.0,0.0,5.0
旭区,保育室　ひかり,4歳,147.5,29.5,0.0,0.0,0.0,0.0,5.0
旭区,保育室　ひかり,3歳,147.5,29.5,0.0,0.0,0.0,0.0,5.0
旭区,保育園夢未来二俣川園,2歳,147.5,29.5,3.391304347826087,0.0,12.0,0.0,5.0
旭区,保育園夢未来二俣川園,1歳,147.5,29.5,14.956521739130435,0.0,8.0,0.0,5.0
旭区,保育園夢未来二俣川園,0歳,147.5,29.5,21.52173913043478,0.0,4.0,0.0,5.0
旭区,保育園スマイルキッズ二俣川駅前,5歳,147.5,29.5,0.0,0.0,0.0,0.0,5.0
旭区,保育園スマイルキッズ二俣川駅前,4歳,147.5,29.5,0.0,0.0,0.0,0.0,5.0
旭区,保育園スマイルキッズ二俣川駅前,3歳,147.5,29.5,0.0,0.0,0.0,0.0,5.0
神奈川区,横浜シュタイナー保育園,5歳,147.5,29.5,0.0,0.0,0.0,0.0,5.0
神奈川区,横浜シュタイナー保育園,4歳,147.5,29.5,0.0,0.0,0.0,0.0,5.0
神奈川区,横浜シュタイナー保育園,3歳,147.5,29.5,0.0,0.0,0.0,0.0,5.0
神奈川区,横浜シュタイナー保育園,0歳,147.5,29.5,0.0,0.0,0.0,0.0,5.0
神奈川区,東神奈川ひかり保育園,5歳,147.5,29.5,0.0,0.0,0.0,0.0,5.0
旭区,土と愛　子供の家保育所,1歳,147.5,29.5,4.478260869565218,0.0,11.217391304347826,0.0,5.0
旭区,善部保育園,4歳,147.5,29.5,0.8260869565217391,0.0,15.956521739130435,0.0,5.0
旭区,善部保育園,3歳,147.5,29.5,0.391304347826087,0.0,15.521739130434783,0.0,5.0
旭区,善部保育園,2歳,147.5,29.5,2.9565217391304346,0.0,14.0,0.0,5.0
旭区,善部保育園,1歳,147.5,29.5,14.130434782608695,0.0,13.0,0.0,5.0
旭区,前島保育園,5歳,147.5,29.5,0.0,0.0,0.0,0.0,5.0
旭区,前島保育園,4歳,147.5,29.5,0.0,0.0,0.0,0.0,5.0
旭区,前島保育園,3歳,147.5,29.5,0.0,0.0,0.0,0.0,5.0
旭区,前島保育園,1歳,147.5,29.5,1.3043478260869565,0.0,3.4347826086956523,0.0,5.0
神奈川区,東神奈川ひかり保育園,4歳,147.5,29.5,0.0,0.0,0.0,0.0,5.0
神奈川区,東神奈川ひかり保育園,3歳,147.5,29.5,0.0,0.0,0.0,0.0,5.0
神奈川区,新町あいりす保育園（令和７年３月で閉園します）,5歳,55.0,11.0,0.0,0.0,0.0,0.0,5.0
神奈川区,新町あいりす保育園（令和７年３月で閉園します）,4歳,55.0,11.0,0.0,0.0,0.0,0.0,5.0
神奈川区,新町あいりす保育園（令和７年３月で閉園します）,3歳,55.0,11.0,0.0,0.0,0.0,0.0,5.0
神奈川区,新町あいりす保育園（令和７年３月で閉園します）,2歳,55.0,11.0,0.0,0.0,8.0,0.0,5.0
神奈川区,新町あいりす保育園（令和７年３月で閉園します）,1歳,55.0,11.0,0.0,0.0,0.0,0.0,5.0
神奈川区,新町あいりす保育園（令和７年３月で閉園します）,0歳,55.0,11.0,0.0,0.0,0.0,0.0,5.0
旭区,太陽の子　さちが丘保育園,1歳,147.5,29.5,9.608695652173912,0.0,12.0,0.0,5.0
旭区,太陽の子　さちが丘保育園,0歳,147.5,29.5,14.26086956521739,0.0,9.0,0.0,5.0
旭区,夢のつぼみ保育園,5歳,147.5,29.5,0.043478260869565216,0.0,11.0,0.0,5.0
旭区,夢のつぼみ保育園,4歳,147.5,29.5,0.0,0.0,11.391304347826088,0.0,5.0
旭区,夢のつぼみ保育園,3歳,147.5,29.5,0.43478260869565216,0.0,10.043478260869565,0.0,5.0
旭区,夢のつぼみ保育園,2歳,147.5,29.5,4.0,0.0,10.391304347826088,0.0,5.0
旭区,土と愛　子供の家保育所第２,5歳,147.5,29.5,0.043478260869565216,0.0,13.478260869565217,0.0,5.0
旭区,土と愛　子供の家保育所,5歳,147.5,29.5,0.0,0.0,14.956521739130435,0.0,5.0
神奈川区,反町ひかり保育園,0歳,147.5,29.5,0.0,0.0,0.0,0.0,5.0
神奈川区,保育園こりす,5歳,147.5,29.5,0.5217391304347826,0.0,16.0,0.0,5.0
神奈川区,保育園こりす,4歳,147.5,29.5,1.565217391304348,0.0,16.0,0.0,5.0
神奈川区,保育園こりす,2歳,147.5,29.5,5.391304347826087,0.0,16.0,0.0,5.0
神奈川区,保育園こりす,1歳,147.5,29.5,12.173913043478262,0.0,16.0,0.0,5.0
神奈川区,保育ルーム　岸根公園前,5歳,147.5,29.5,0.0,0.0,0.0,0.0,5.0
神奈川区,保育ルーム　岸根公園前,4歳,147.5,29.5,0.0,0.0,0.0,0.0,5.0
神奈川区,保育ルーム　岸根公園前,3歳,147.5,29.5,0.0,0.0,0.0,0.0,5.0
神奈川区,京進のほいくえんＨＯＰＰＡ反町園,5歳,147.5,29.5,0.0,0.0,0.0,0.0,5.0
旭区,太陽の子　白根保育園,2歳,147.5,29.5,1.826086956521739,0.0,12.0,0.0,5.0
旭区,太陽の子　白根保育園,1歳,147.5,29.5,10.130434782608695,0.0,11.0,0.0,5.0
旭区,太陽の子　白根保育園,0歳,147.5,29.5,5.782608695652174,0.0,6.0,0.0,5.0
旭区,太陽の子　二俣川駅保育園,3歳,147.5,29.5,0.9565217391304348,0.0,15.0,0.0,5.0
旭区,太陽の子　二俣川駅保育園,0歳,147.5,29.5,104.30434782608695,0.0,6.0,0.0,5.0
神奈川区,京進のほいくえんＨＯＰＰＡ反町園,4歳,147.5,29.5,0.0,0.0,0.0,0.0,5.0
神奈川区,京進のほいくえんＨＯＰＰＡ反町園,3歳,147.5,29.5,0.0,0.0,0.0,0.0,5.0
神奈川区,京浜保育園パステル,5歳,147.5,29.5,0.0,0.0,0.0,0.0,5.0
神奈川区,京浜保育園パステル,4歳,147.5,29.5,0.0,0.0,0.0,0.0,5.0
神奈川区,京浜保育園パステル,3歳,147.5,29.5,0.0,0.0,0.0,0.0,5.0
神奈川区,京浜保育園パステル,1歳,147.5,29.5,0.6086956521739131,0.0,9.0,0.0,5.0
旭区,希望ヶ丘プラス保育園,2歳,147.5,29.5,4.521739130434782,0.0,11.956521739130435,0.0,5.0
旭区,希望ヶ丘プラス保育園,0歳,147.5,29.5,0.0,0.0,0.0,0.0,5.0
旭区,川井宿幼保連携型認定こども園,3歳,147.5,29.5,0.17391304347826086,0.0,19.0,0.0,5.0
旭区,川井宿幼保連携型認定こども園,2歳,147.5,29.5,6.0,0.0,18.08695652173913,0.0,5.0
旭区,川井宿幼保連携型認定こども園,0歳,147.5,29.5,0.0,0.0,0.0,0.0,5.0
旭区,太陽の子　鶴ヶ峰保育園,4歳,147.5,29.5,0.30434782608695654,0.0,11.0,0.0,5.0
旭区,太陽の子　鶴ヶ峰保育園,3歳,147.5,29.5,2.130434782608696,0.0,11.0,0.0,5.0
旭区,太陽の子　鶴ヶ峰保育園,2歳,147.5,29.5,2.217391304347826,0.0,11.0,0.0,5.0
旭区,太陽の子　鶴ヶ峰保育園,1歳,147.5,29.5,8.782608695652174,0.0,10.0,0.0,5.0
神奈川区,三ツ沢保育園,0歳,147.5,29.5,0.0,0.0,0.0,0.0,5.0
神奈川区,リトルスカラー新子安保育園,5歳,147.5,29.5,0.0,0.0,0.0,0.0,5.0
神奈川区,リトルスカラー新子安保育園,4歳,147.5,29.5,0.0,0.0,0.0,0.0,5.0
神奈川区,リトルスカラー新子安保育園,3歳,147.5,29.5,0.0,0.0,0.0,0.0,5.0
神奈川区,メリー★ポピンズ東神奈川ルーム,0歳,147.5,29.5,0.0,0.0,0.0,0.0,5.0
神奈川区,ミアヘルサ保育園ひびき羽沢横浜国大,0歳,127.5,25.5,0.0,0.0,0.0,0.0,5.0
神奈川区,ポートサイド野ばな保育園,5歳,147.5,29.5,0.0,0.0,0.0,0.0,5.0
神奈川区,ポートサイド野ばな保育園,4歳,147.5,29.5,0.0,0.0,0.0,0.0,5.0
神奈川区,ポートサイド野ばな保育園,3歳,147.5,29.5,0.0,0.0,0.0,0.0,5.0
神奈川区,ポートサイド野ばな保育園,0歳,147.5,29.5,0.0,0.0,0.0,0.0,5.0
旭区,旭ローズ保育園,1歳,147.5,29.5,11.391304347826088,0.0,6.0,0.0,5.0
旭区,旭ローズ保育園,0歳,147.5,29.5,10.782608695652174,0.0,3.0,0.0,5.0
旭区,旭はるかぜ保育園,5歳,147.5,29.5,0.2608695652173913,0.0,19.0,0.0,5.0
旭区,旭はるかぜ保育園,4歳,147.5,29.5,0.4782608695652174,0.0,18.956521739130434,0.0,5.0
旭区,旭はるかぜ保育園,3歳,147.5,29.5,1.0869565217391304,0.0,18.52173913043478,0.0,5.0
旭区,旭はるかぜ保育園,0歳,147.5,29.5,20.0,0.0,9.0,0.0,5.0
旭区,旭あじさい保育園,2歳,147.5,29.5,4.130434782608695,0.0,8.0,0.0,5.0
旭区,旭あじさい保育園,1歳,147.5,29.5,19.608695652173914,0.0,7.956521739130435,0.0,5.0
旭区,旭あじさい保育園,0歳,147.5,29.5,0.0,0.0,0.0,0.0,5.0
神奈川区,ポピンズナーサリースクール片倉町駅前,0歳,147.5,29.5,0.0,0.0,0.0,0.0,5.0
神奈川区,ポピンズナーサリースクール片倉町,3歳,147.5,29.5,1.2173913043478262,0.0,10.0,0.0,5.0
神奈川区,ポピンズナーサリースクール片倉町,1歳,147.5,29.5,7.260869565217392,0.0,9.956521739130435,0.0,5.0
神奈川区,ブライト保育園横浜松見町,3歳,147.5,29.5,0.6956521739130435,0.0,12.0,0.0,5.0
神奈川区,ブライト保育園横浜松見町,2歳,147.5,29.5,2.608695652173913,0.0,10.956521739130435,0.0,5.0
神奈川区,ブライト保育園横浜松見町,1歳,147.5,29.5,3.0434782608695654,0.0,10.0,0.0,5.0
旭区,横浜あさひ中央保育園,0歳,147.5,29.5,23.608695652173914,0.0,6.0,0.0,5.0
旭区,星の子白根保育園,3歳,147.5,29.5,0.6521739130434783,0.0,17.0,0.0,5.0
旭区,星の子白根保育園,2歳,147.5,29.5,1.2173913043478262,0.0,17.0,0.0,5.0
旭区,星の子白根保育園,1歳,147.5,29.5,5.086956521739131,0.0,14.0,0.0,5.0
旭区,星の子白根保育園,0歳,147.5,29.5,0.0,0.0,0.0,0.0,5.0
旭区,旭ローズ保育園,5歳,147.5,29.5,0.0,0.0,0.0,0.0,5.0
旭区,旭ローズ保育園,4歳,147.5,29.5,0.0,0.0,0.0,0.0,5.0
旭区,旭ローズ保育園,3歳,147.5,29.5,0.0,0.0,0.0,0.0,5.0
神奈川区,フレール保育園,2歳,147.5,29.5,1.0434782608695652,0.0,8.0,0.0,5.0
神奈川区,スターチャイルド≪白楽ナーサリー≫,1歳,147.5,29.5,5.260869565217392,0.0,8.0,0.0,5.0
神奈川区,スターチャイルド≪片倉町ナーサリー≫,2歳,147.5,29.5,1.2173913043478262,0.0,11.0,0.0,5.0
神奈川区,スターチャイルド≪片倉町ナーサリー≫,0歳,147.5,29.5,0.0,0.0,0.0,0.0,5.0
神奈川区,スターチャイルド≪横浜ステーションナーサリー≫,5歳,147.5,29.5,0.0,0.0,0.0,0.0,5.0
神奈川区,スターチャイルド≪横浜ステーションナーサリー≫,4歳,147.5,29.5,0.0,0.0,0.0,0.0,5.0
神奈川区,スターチャイルド≪横浜ステーションナーサリー≫,3歳,147.5,29.5,0.0,0.0,0.0,0.0,5.0
旭区,横浜市ひかりが丘保育園,2歳,147.5,29.5,1.4782608695652173,0.0,15.0,0.0,5.0
旭区,横浜小谷かなりや保育園,2歳,147.5,29.5,0.4782608695652174,0.0,9.956521739130435,0.0,5.0
旭区,横浜あさひ中央保育園,2歳,147.5,29.5,5.6521739130434785,0.0,18.52173913043478,0.0,5.0
旭区,横浜あさひ中央保育園,1歳,147.5,29.5,20.217391304347824,0.0,15.0,0.0,5.0
神奈川区,スターチャイルド≪岸根公園ナーサリー≫,2歳,147.5,29.5,0.4782608695652174,0.0,10.0,0.0,5.0
神奈川区,スターチャイルド≪三ッ沢上町ナーサリー≫,2歳,147.5,29.5,5.130434782608695,0.0,10.0,0.0,5.0
神奈川区,スターチャイルド≪三ッ沢上町ナーサリー≫,1歳,147.5,29.5,10.217391304347826,0.0,8.0,0.0,5.0
神奈川区,スターチャイルド≪三ッ沢上町ナーサリー≫,0歳,147.5,29.5,19.391304347826086,0.0,6.0,0.0,5.0
神奈川区,コビープリスクールかたくら,4歳,147.5,29.5,0.0,0.0,13.0,0.0,5.0
神奈川区,コビープリスクールかたくら,2歳,147.5,29.5,3.5217391304347827,0.0,10.0,0.0,5.0
神奈川区,コビープリスクールかたくら,1歳,147.5,29.5,15.173913043478262,0.0,9.0,0.0,5.0
神奈川区,グローバルキッズ白楽園,2歳,147.5,29.5,0.8695652173913043,0.0,10.956521739130435,0.0,5.0
神奈川区,グローバルキッズ白楽園,1歳,147.5,29.5,3.260869565217391,0.0,10.521739130434783,0.0,5.0
神奈川区,グローバルキッズ新子安第二保育園,2歳,147.5,29.5,0.43478260869565216,0.0,12.0,0.0,5.0
神奈川区,グローバルキッズ新子安第二保育園,1歳,147.5,29.5,1.3043478260869565,0.0,11.956521739130435,0.0,5.0
神奈川区,グローバルキッズ新子安第二保育園,0歳,147.5,29.5,0.0,0.0,0.0,0.0,5.0
旭区,横浜市柏保育園,2歳,147.5,29.5,2.0434782608695654,0.0,18.565217391304348,0.0,5.0
旭区,横浜市柏保育園,1歳,147.5,29.5,8.782608695652174,0.0,13.521739130434783,0.0,5.0
旭区,横浜市今宿保育園,5歳,147.5,29.5,0.0,0.0,15.565217391304348,0.0,5.0
旭区,横浜市今宿保育園,0歳,147.5,29.5,0.0,0.0,0.0,0.0,5.0
神奈川区,グローバルキッズ新子安保育園,1歳,147.5,29.5,2.0,0.0,10.0,0.0,5.0
神奈川区,グローバルキッズ大口園,4歳,147.5,29.5,0.2608695652173913,0.0,13.0,0.0,5.0
神奈川区,グローバルキッズ大口園,2歳,147.5,29.5,1.0,0.0,10.0,0.0,5.0
神奈川区,グローバルキッズ大口園,1歳,147.5,29.5,3.391304347826087,0.0,10.0,0.0,5.0
神奈川区,キッズパートナー東白楽,5歳,147.5,29.5,0.0,0.0,0.0,0.0,5.0
神奈川区,キッズパートナー東白楽,4歳,147.5,29.5,0.0,0.0,0.0,0.0,5.0
神奈川区,キッズパートナー東白楽,3歳,147.5,29.5,0.0,0.0,0.0,0.0,5.0
神奈川区,キッズパートナー新子安,5歳,147.5,29.5,0.0,0.0,0.0,0.0,5.0
神奈川区,キッズパートナー新子安,4歳,147.5,29.5,0.0,0.0,0.0,0.0,5.0
神奈川区,キッズパートナー新子安,3歳,147.5,29.5,0.0,0.0,0.0,0.0,5.0
神奈川区,キッズパートナー妙蓮寺,2歳,147.5,29.5,0.9130434782608695,0.0,9.043478260869565,0.0,5.0
神奈川区,キッズパートナー妙蓮寺,1歳,147.5,29.5,1.826086956521739,0.0,9.0,0.0,5.0
旭区,横濱あんじゅ小規模保育園,5歳,147.5,29.5,0.0,0.0,0.0,0.0,5.0
旭区,横濱あんじゅ小規模保育園,4歳,147.5,29.5,0.0,0.0,0.0,0.0,5.0
旭区,横濱あんじゅ小規模保育園,3歳,147.5,29.5,0.0,0.0,0.0,0.0,5.0
旭区,横濱あんじゅ小規模保育園,1歳,147.5,29.5,3.869565217391304,0.0,8.0,0.0,5.0
旭区,横濱あんじゅ保育園,1歳,147.5,29.5,17.47826086956522,0.0,14.869565217391305,0.0,5.0
旭区,横濱あんじゅ保育園,0歳,147.5,29.5,23.08695652173913,0.0,6.0,0.0,5.0
神奈川区,エンゼル保育園,1歳,147.5,29.5,0.43478260869565216,0.0,8.0,0.0,5.0
神奈川区,エンゼル保育園,0歳,147.5,29.5,0.0,0.0,0.0,0.0,5.0
神奈川区,アイン松本町保育園,1歳,147.5,29.5,0.782608695652174,0.0,11.0,0.0,5.0
神奈川区,アイン三枚町保育園,1歳,147.5,29.5,6.130434782608695,0.0,12.0,0.0,5.0
神奈川区,アイン三枚町保育園,0歳,147.5,29.5,7.782608695652174,0.0,6.0,0.0,5.0
神奈川区,ゆうゆうきっず新子安,3歳,147.5,29.5,0.8695652173913043,0.0,29.0,0.0,5.0
神奈川区,ゆうゆうきっず新子安,2歳,147.5,29.5,3.0,0.0,22.434782608695652,0.0,5.0
神奈川区,みらいつばさ片倉町保育園,5歳,147.5,29.5,0.0,0.0,0.0,0.0,5.0
神奈川区,みらいつばさ片倉町保育園,4歳,147.5,29.5,0.0,0.0,0.0,0.0,5.0
神奈川区,みらいつばさ片倉町保育園,3歳,147.5,29.5,0.0,0.0,0.0,0.0,5.0
神奈川区,みらいつばさ片倉町保育園,1歳,147.5,29.5,2.217391304347826,0.0,6.0,0.0,5.0
神奈川区,みらいつばさ片倉町保育園,0歳,147.5,29.5,0.0,0.0,0.0,0.0,5.0
神奈川区,ひびき金港町保育園,0歳,147.5,29.5,0.0,0.0,0.0,0.0,5.0
神奈川区,ひびき保育園,5歳,147.5,29.5,0.34782608695652173,0.0,14.956521739130435,0.0,5.0
旭区,認定こども園　上の原幼稚園,2歳,147.5,29.5,0.5652173913043478,0.0,12.0,0.0,5.0
旭区,認定こども園　上の原幼稚園,0歳,147.5,29.5,0.0,0.0,0.0,0.0,5.0
旭区,認定こども園　オーセルわかば幼稚園,0歳,147.5,29.5,0.0,0.0,0.0,0.0,5.0
旭区,西川島保育園,1歳,147.5,29.5,3.782608695652174,0.0,16.043478260869566,0.0,5.0
神奈川区,ひびき保育園,4歳,147.5,29.5,0.0,0.0,14.478260869565217,0.0,5.0
神奈川区,ひびき保育園,3歳,147.5,29.5,0.21739130434782608,0.0,14.043478260869565,0.0,5.0
神奈川区,ひびき保育園,2歳,147.5,29.5,2.869565217391304,0.0,13.521739130434783,0.0,5.0
神奈川区,ひびき保育園,1歳,147.5,29.5,4.086956521739131,0.0,11.956521739130435,0.0,5.0
神奈川区,なないろきっど保育園,3歳,147.5,29.5,0.0,0.0,13.173913043478262,0.0,5.0
神奈川区,たいせつ横浜ポートサイド保育園,5歳,147.5,29.5,0.0,0.0,0.0,0.0,5.0
神奈川区,たいせつ横浜ポートサイド保育園,4歳,147.5,29.5,0.0,0.0,0.0,0.0,5.0
神奈川区,たいせつ横浜ポートサイド保育園,3歳,147.5,29.5,0.0,0.0,0.0,0.0,5.0
旭区,認定こども園　横浜三輪幼稚園,1歳,92.5,18.5,2.6666666666666665,0.0,4.0,0.0,5.0
旭区,認定こども園　横浜三輪幼稚園,0歳,92.5,18.5,0.0,0.0,0.0,0.0,5.0
旭区,認定こども園　希望ヶ丘幼稚園・希望ヶ丘保育園,3歳,147.5,29.5,1.173913043478261,0.0,7.0,0.0,5.0
旭区,認定こども園　希望ヶ丘幼稚園・希望ヶ丘保育園,2歳,147.5,29.5,3.260869565217391,0.0,5.869565217391305,0.0,5.0
旭区,認定こども園　希望ヶ丘幼稚園・希望ヶ丘保育園,1歳,147.5,29.5,8.217391304347826,0.0,6.0,0.0,5.0
旭区,認定こども園　希望ヶ丘幼稚園・希望ヶ丘保育園,0歳,147.5,29.5,6.043478260869565,0.0,3.0,0.0,5.0
神奈川区,たいせつ保育園,5歳,147.5,29.5,0.0,0.0,0.0,0.0,5.0
神奈川区,たいせつ保育園,4歳,147.5,29.5,0.0,0.0,0.0,0.0,5.0
神奈川区,たいせつ保育園,3歳,147.5,29.5,0.0,0.0,0.0,0.0,5.0
神奈川区,こまつな保育園,5歳,147.5,29.5,0.0,0.0,0.0,0.0,5.0
神奈川区,こまつな保育園,4歳,147.5,29.5,0.0,0.0,0.0,0.0,5.0
神奈川区,こまつな保育園,3歳,147.5,29.5,0.0,0.0,0.0,0.0,5.0
神奈川区,こころベイビー,5歳,147.5,29.5,0.0,0.0,0.0,0.0,5.0
神奈川区,こころベイビー,4歳,147.5,29.5,0.0,0.0,0.0,0.0,5.0
神奈川区,こころベイビー,3歳,147.5,29.5,0.0,0.0,0.0,0.0,5.0
旭区,認定こども園二俣川幼稚園,3歳,147.5,29.5,2.782608695652174,0.0,12.0,0.0,5.0
旭区,認定こども園二俣川幼稚園,2歳,147.5,29.5,2.1739130434782608,0.0,10.0,0.0,5.0
旭区,認定こども園二俣川幼稚園,1歳,147.5,29.5,4.478260869565218,0.0,7.956521739130435,0.0,5.0
旭区,認定こども園二俣川幼稚園,0歳,147.5,29.5,6.869565217391305,0.0,4.0,0.0,5.0
旭区,認定こども園やつはしキッズ　八ッ橋幼稚園,2歳,147.5,29.5,5.043478260869565,0.0,15.0,0.0,5.0
旭区,認定こども園やつはしキッズ　八ッ橋幼稚園,1歳,147.5,29.5,15.695652173913043,0.0,12.0,0.0,5.0
旭区,認定こども園やつはしキッズ　八ッ橋幼稚園,0歳,147.5,29.5,13.478260869565217,0.0,6.0,0.0,5.0
神奈川区,こころベイビー,1歳,147.5,29.5,2.608695652173913,0.0,8.0,0.0,5.0
神奈川区,こころベイビー,0歳,147.5,29.5,3.5652173913043477,0.0,4.0,0.0,5.0
神奈川区,こころキッズ,1歳,147.5,29.5,2.9565217391304346,0.0,9.0,0.0,5.0
神奈川区,こころキッズ,0歳,147.5,29.5,0.0,0.0,0.0,0.0,5.0
神奈川区,かわち保育ルーム（令和７年３月で閉園します）,5歳,55.0,11.0,0.0,0.0,0.0,0.0,5.0
神奈川区,かわち保育ルーム（令和７年３月で閉園します）,4歳,55.0,11.0,0.0,0.0,0.0,0.0,5.0
神奈川区,かわち保育ルーム（令和７年３月で閉園します）,3歳,55.0,11.0,0.0,0.0,0.0,0.0,5.0
神奈川区,かわち保育ルーム（令和７年３月で閉園します）,1歳,55.0,11.0,0.0,0.0,0.0,0.0,5.0
神奈川区,かわち保育ルーム（令和７年３月で閉園します）,0歳,55.0,11.0,0.0,0.0,0.0,0.0,5.0
旭区,ＳＥＡＳＯＮ　ＫＩＤ保育園,4歳,147.5,29.5,0.0,0.0,0.0,0.0,5.0
旭区,ＳＥＡＳＯＮ　ＫＩＤ保育園,3歳,147.5,29.5,0.0,0.0,0.0,0.0,5.0
旭区,ＳＥＡＳＯＮ　ＫＩＤ保育園,2歳,147.5,29.5,0.08695652173913043,0.0,9.08695652173913,0.0,5.0
旭区,ＳＥＡＳＯＮ　ＫＩＤ保育園,1歳,147.5,29.5,6.173913043478261,0.0,9.26086956521739,0.0,5.0
旭区,ＳＡＦＡＲＩ　ＫＩＤ保育園,5歳,147.5,29.5,0.0,0.0,0.0,0.0,5.0
旭区,ＳＡＦＡＲＩ　ＫＩＤ保育園,4歳,147.5,29.5,0.0,0.0,0.0,0.0,5.0
旭区,ＳＡＦＡＲＩ　ＫＩＤ保育園,3歳,147.5,29.5,0.0,0.0,0.0,0.0,5.0
旭区,ＳＡＦＡＲＩ　ＫＩＤ保育園,2歳,147.5,29.5,0.21739130434782608,0.0,8.130434782608695,0.0,5.0
旭区,鶴ヶ峰保育園,3歳,147.5,29.5,0.391304347826087,0.0,12.521739130434783,0.0,5.0
旭区,鶴ヶ峰保育園,2歳,147.5,29.5,1.3478260869565217,0.0,13.0,0.0,5.0
旭区,鶴ヶ峰保育園,1歳,147.5,29.5,5.565217391304348,0.0,13.0,0.0,5.0
神奈川区,おれんじハウス横浜駅前保育園,5歳,147.5,29.5,0.0,0.0,0.0,0.0,5.0
神奈川区,おれんじハウス横浜駅前保育園,4歳,147.5,29.5,0.0,0.0,0.0,0.0,5.0
神奈川区,おれんじハウス横浜駅前保育園,3歳,147.5,29.5,0.0,0.0,0.0,0.0,5.0
神奈川区,うちゅうこども園たんまち,4歳,147.5,29.5,0.13043478260869565,0.0,11.434782608695652,0.0,5.0
神奈川区,うちゅうこども園たんまち,1歳,147.5,29.5,4.391304347826087,0.0,12.0,0.0,5.0
栄区,かつら愛児園,1歳,147.5,29.5,15.0,0.0,14.434782608695652,0.0,5.0
栄区,かつら愛児園,0歳,147.5,29.5,0.0,0.0,0.0,0.0,5.0
栄区,かさまの杜保育園,5歳,147.5,29.5,0.2608695652173913,0.0,24.304347826086957,0.0,5.0
栄区,かさまの杜保育園,4歳,147.5,29.5,0.8260869565217391,0.0,24.0,0.0,5.0
栄区,かさまの杜保育園,2歳,147.5,29.5,8.521739130434783,0.0,23.73913043478261,0.0,5.0
栄区,かさまの杜保育園,1歳,147.5,29.5,20.695652173913043,0.0,23.652173913043477,0.0,5.0
栄区,かさまの杜保育園,0歳,147.5,29.5,22.652173913043477,0.0,11.91304347826087,0.0,5.0
栄区,いいじまルーテル保育園,5歳,147.5,29.5,0.043478260869565216,0.0,9.956521739130435,0.0,5.0
栄区,いいじまルーテル保育園,3歳,147.5,29.5,0.391304347826087,0.0,9.043478260869565,0.0,5.0
栄区,いいじまルーテル保育園,1歳,147.5,29.5,4.913043478260869,0.0,9.956521739130435,0.0,5.0
栄区,いいじまルーテル保育園,0歳,147.5,29.5,4.304347826086956,0.0,3.0,0.0,5.0
旭区,ＳＥＡＳＯＮ　ＫＩＤ保育園,5歳,147.5,29.5,0.0,0.0,0.0,0.0,5.0
神奈川区,いずみ松本町保育園,0歳,147.5,29.5,25.130434782608695,0.0,8.91304347826087,0.0,5.0
神奈川区,いずみ東白楽保育園,0歳,147.5,29.5,11.130434782608695,0.0,6.0,0.0,5.0
神奈川区,いずみ反町公園保育園,0歳,147.5,29.5,0.0,0.0,0.0,0.0,5.0
栄区,つくしのこ保育園,0歳,10.0,2.0,1.0,0.0,3.0,0.0,5.0
栄区,すまいるおおふな保育園,5歳,147.5,29.5,0.0,0.0,0.0,0.0,5.0
栄区,すまいるおおふな保育園,4歳,147.5,29.5,0.0,0.0,0.0,0.0,5.0
栄区,すまいるおおふな保育園,3歳,147.5,29.5,0.0,0.0,0.0,0.0,5.0
栄区,すまいるおおふな保育園,1歳,147.5,29.5,9.73913043478261,0.0,8.08695652173913,0.0,5.0
栄区,すまいるおおふな保育園,0歳,147.5,29.5,11.0,0.0,3.0,0.0,5.0
栄区,すずかけ保育園,5歳,147.5,29.5,0.0,0.0,0.0,0.0,5.0
栄区,すずかけ保育園,4歳,147.5,29.5,0.0,0.0,0.0,0.0,5.0
栄区,すずかけ保育園,3歳,147.5,29.5,0.0,0.0,0.0,0.0,5.0
神奈川区,いずみ反町保育園,2歳,147.5,29.5,0.8260869565217391,0.0,11.956521739130435,0.0,5.0
神奈川区,いずみ反町保育園,1歳,147.5,29.5,2.608695652173913,0.0,9.173913043478262,0.0,5.0
神奈川区,あおぞら菅田保育園,1歳,147.5,29.5,8.869565217391305,0.0,11.26086956521739,0.0,5.0
神奈川区,あおぞら菅田保育園,0歳,147.5,29.5,0.0,0.0,0.0,0.0,5.0
神奈川区,あおぞら保育園,5歳,147.5,29.5,0.0,0.0,21.47826086956522,0.0,5.0
神奈川区,あおぞら保育園,1歳,147.5,29.5,2.3043478260869565,0.0,20.869565217391305,0.0,5.0
神奈川区,Yokohama Front Mutsumi Nursery,5歳,147.5,29.5,0.0,0.0,0.0,0.0,5.0
神奈川区,Yokohama Front Mutsumi Nursery,4歳,147.5,29.5,0.0,0.0,0.0,0.0,5.0
神奈川区,Yokohama Front Mutsumi Nursery,3歳,147.5,29.5,0.0,0.0,0.0,0.0,5.0
栄区,ふぁみりーさぽーと　のあ,2歳,147.5,29.5,1.565217391304348,0.0,8.0,0.0,5.0
栄区,ふぁみりーさぽーと　のあ,1歳,147.5,29.5,2.217391304347826,0.0,8.0,0.0,5.0
栄区,なないろ保育室　,5歳,147.5,29.5,0.0,0.0,0.0,0.0,5.0
栄区,なないろ保育室　,4歳,147.5,29.5,0.0,0.0,0.0,0.0,5.0
栄区,なないろ保育室　,3歳,147.5,29.5,0.0,0.0,0.0,0.0,5.0
栄区,なないろ保育室　,2歳,147.5,29.5,0.6521739130434783,0.0,7.130434782608695,0.0,5.0
栄区,なないろ保育室　,1歳,147.5,29.5,4.478260869565218,0.0,5.695652173913044,0.0,5.0
栄区,なないろ保育室　,0歳,147.5,29.5,8.434782608695652,0.0,2.4347826086956523,0.0,5.0
栄区,つくしのこ保育園,5歳,10.0,2.0,0.0,0.0,0.0,0.0,5.0
栄区,つくしのこ保育園,4歳,10.0,2.0,0.0,0.0,0.0,0.0,5.0
栄区,つくしのこ保育園,3歳,10.0,2.0,0.0,0.0,0.0,0.0,5.0
栄区,つくしのこ保育園,2歳,10.0,2.0,0.0,0.0,5.0,0.0,5.0
栄区,つくしのこ保育園,1歳,10.0,2.0,0.0,0.0,7.0,0.0,5.0
神奈川区,Gakkenほいくえん片倉,2歳,147.5,29.5,2.260869565217391,0.0,10.0,0.0,5.0
神奈川区,Gakkenほいくえん片倉,0歳,147.5,29.5,11.956521739130435,0.0,6.0,0.0,5.0
神奈川区,Gakkenほいくえん反町,0歳,147.5,29.5,7.434782608695652,0.0,3.0,0.0,5.0
栄区,やまゆり保育園,2歳,147.5,29.5,5.782608695652174,0.0,23.956521739130434,0.0,5.0
栄区,やまゆり保育園,0歳,147.5,29.5,12.26086956521739,0.0,9.0,0.0,5.0
栄区,ぶれすと大船保育園,0歳,10.0,2.0,0.0,0.0,0.0,0.0,5.0
栄区,ふれあいの家　にこにこ保育園,5歳,147.5,29.5,0.0,0.0,0.0,0.0,5.0
栄区,ふれあいの家　にこにこ保育園,4歳,147.5,29.5,0.0,0.0,0.0,0.0,5.0
栄区,ふれあいの家　にこにこ保育園,3歳,147.5,29.5,0.0,0.0,0.0,0.0,5.0
栄区,ふれあいの家　にこにこ保育園,2歳,147.5,29.5,0.2608695652173913,0.0,8.173913043478262,0.0,5.0
磯子区,西町星の子保育園,3歳,147.5,29.5,2.9130434782608696,0.0,12.0,0.0,5.0
磯子区,西町星の子保育園,2歳,147.5,29.5,6.260869565217392,0.0,9.956521739130435,0.0,5.0
磯子区,西町星の子保育園,1歳,147.5,29.5,12.434782608695652,0.0,8.0,0.0,5.0
磯子区,西町星の子保育園,0歳,147.5,29.5,16.304347826086957,0.0,4.956521739130435,0.0,5.0
磯子区,洋光台保育園,4歳,147.5,29.5,0.21739130434782608,0.0,18.0,0.0,5.0
磯子区,洋光台保育園,2歳,147.5,29.5,3.5217391304347827,0.0,10.0,0.0,5.0
磯子区,洋光台保育園,1歳,147.5,29.5,20.26086956521739,0.0,8.0,0.0,5.0
栄区,アップルミントおおふな保育園,5歳,147.5,29.5,0.0,0.0,0.0,0.0,5.0
栄区,アップルミントおおふな保育園,4歳,147.5,29.5,0.0,0.0,0.0,0.0,5.0
栄区,アップルミントおおふな保育園,3歳,147.5,29.5,0.0,0.0,0.0,0.0,5.0
栄区,アップルミントおおふな保育園,2歳,147.5,29.5,0.34782608695652173,0.0,5.739130434782608,0.0,5.0
栄区,アップルミントおおふな保育園,0歳,147.5,29.5,0.0,0.0,0.0,0.0,5.0
栄区,アスク大船保育園,4歳,147.5,29.5,0.43478260869565216,0.0,13.565217391304348,0.0,5.0
栄区,アスク大船保育園,3歳,147.5,29.5,2.3043478260869565,0.0,14.0,0.0,5.0
栄区,やまゆり保育園,5歳,147.5,29.5,0.0,0.0,23.043478260869566,0.0,5.0
栄区,やまゆり保育園,4歳,147.5,29.5,0.6956521739130435,0.0,24.0,0.0,5.0
栄区,やまゆり保育園,3歳,147.5,29.5,0.9130434782608695,0.0,24.0,0.0,5.0
磯子区,洋光台保育園,0歳,147.5,29.5,0.0,0.0,0.0,0.0,5.0
磯子区,洋光台中央福澤保育センター,5歳,147.5,29.5,0.0,0.0,21.0,0.0,5.0
磯子区,洋光台中央福澤保育センター,2歳,147.5,29.5,6.521739130434782,0.0,20.0,0.0,5.0
磯子区,洋光台中央福澤保育センター,1歳,147.5,29.5,21.565217391304348,0.0,15.0,0.0,5.0
磯子区,洋光台中央福澤保育センター,0歳,147.5,29.5,22.08695652173913,0.0,9.0,0.0,5.0
磯子区,汐見台第二愛育園,5歳,147.5,29.5,0.0,0.0,0.0,0.0,5.0
磯子区,汐見台第二愛育園,4歳,147.5,29.5,0.0,0.0,0.0,0.0,5.0
磯子区,汐見台第二愛育園,3歳,147.5,29.5,0.0,0.0,0.0,0.0,5.0
栄区,チームナーサリーBigHug本郷台,4歳,147.5,29.5,0.0,0.0,0.0,0.0,5.0
栄区,チームナーサリーBigHug本郷台,3歳,147.5,29.5,0.0,0.0,0.0,0.0,5.0
栄区,チームナーサリーBigHug本郷台,0歳,147.5,29.5,0.0,0.0,0.0,0.0,5.0
栄区,チューリップ保育室,5歳,147.5,29.5,0.0,0.0,0.0,0.0,5.0
栄区,チューリップ保育室,4歳,147.5,29.5,0.0,0.0,0.0,0.0,5.0
栄区,チューリップ保育室,3歳,147.5,29.5,0.0,0.0,0.0,0.0,5.0
栄区,チューリップ保育室,2歳,147.5,29.5,0.17391304347826086,0.0,9.043478260869565,0.0,5.0
栄区,チューリップ保育室,1歳,147.5,29.5,4.826086956521739,0.0,10.91304347826087,0.0,5.0
栄区,チューリップ保育室,0歳,147.5,29.5,5.391304347826087,0.0,0.13043478260869565,0.0,5.0
栄区,エミールの森ひよこ保育園,1歳,147.5,29.5,2.869565217391304,0.0,3.782608695652174,0.0,5.0
磯子区,汐見台愛育園,0歳,147.5,29.5,5.608695652173913,0.0,1.434782608695652,0.0,5.0
磯子区,横浜市洋光台第二保育園,0歳,147.5,29.5,17.347826086956523,0.0,8.695652173913043,0.0,5.0
磯子区,横浜市東滝頭保育園,1歳,147.5,29.5,7.521739130434782,0.0,12.0,0.0,5.0
磯子区,横浜おひさま保育園,5歳,147.5,29.5,0.0,0.0,12.565217391304348,0.0,5.0
磯子区,横浜おひさま保育園,2歳,147.5,29.5,2.5652173913043477,0.0,13.0,0.0,5.0
栄区,ハートフルキッズ本郷台保育園,1歳,10.0,2.0,0.0,0.0,13.0,0.0,5.0
栄区,ハートフルキッズ本郷台保育園,0歳,10.0,2.0,0.0,0.0,0.0,0.0,5.0
栄区,ニチイキッズさくら本郷台保育園,3歳,147.5,29.5,1.3478260869565217,0.0,13.956521739130435,0.0,5.0
栄区,ニチイキッズさくら本郷台保育園,2歳,147.5,29.5,10.043478260869565,0.0,11.956521739130435,0.0,5.0
栄区,ニチイキッズさくら本郷台保育園,0歳,147.5,29.5,51.56521739130435,0.0,3.0,0.0,5.0
栄区,トモキッズナーサリーかさま園,3歳,147.5,29.5,1.5217391304347827,0.0,10.0,0.0,5.0
栄区,トモキッズナーサリーかさま園,2歳,147.5,29.5,4.6521739130434785,0.0,9.304347826086957,0.0,5.0
栄区,トモキッズナーサリーかさま園,1歳,147.5,29.5,10.652173913043478,0.0,8.0,0.0,5.0
栄区,トモキッズナーサリーかさま園,0歳,147.5,29.5,0.0,0.0,0.0,0.0,5.0
栄区,チームナーサリーBigHug本郷台,5歳,147.5,29.5,0.0,0.0,0.0,0.0,5.0
磯子区,森おひさま保育園,5歳,147.5,29.5,0.0,0.0,0.0,0.0,5.0
磯子区,森おひさま保育園,4歳,147.5,29.5,0.0,0.0,0.0,0.0,5.0
磯子区,森おひさま保育園,3歳,147.5,29.5,0.0,0.0,0.0,0.0,5.0
磯子区,根岸第二サンフラワー保育園,5歳,92.5,18.5,0.0,0.0,0.0,0.0,5.0
磯子区,根岸第二サンフラワー保育園,4歳,92.5,18.5,0.0,0.0,0.0,0.0,5.0
磯子区,根岸第二サンフラワー保育園,3歳,92.5,18.5,0.0,0.0,0.0,0.0,5.0
磯子区,根岸第二サンフラワー保育園,0歳,92.5,18.5,0.0,0.0,0.0,0.0,5.0
磯子区,根岸星の子保育園,4歳,147.5,29.5,0.21739130434782608,0.0,19.82608695652174,0.0,5.0
磯子区,根岸星の子保育園,3歳,147.5,29.5,3.0,0.0,16.0,0.0,5.0
栄区,上郷いちい保育園,0歳,147.5,29.5,0.0,0.0,0.0,0.0,5.0
栄区,マームゆりかごおおふな保育園,5歳,147.5,29.5,0.0,0.0,0.0,0.0,5.0
栄区,マームゆりかごおおふな保育園,4歳,147.5,29.5,0.0,0.0,0.0,0.0,5.0
栄区,マームゆりかごおおふな保育園,3歳,147.5,29.5,0.0,0.0,0.0,0.0,5.0
栄区,マームゆりかごおおふな保育園,2歳,147.5,29.5,1.5217391304347827,0.0,7.0,0.0,5.0
栄区,マームゆりかごおおふな保育園,1歳,147.5,29.5,5.043478260869565,0.0,7.0,0.0,5.0
栄区,マームゆりかごおおふな保育園,0歳,147.5,29.5,5.608695652173913,0.0,0.0,0.0,5.0
栄区,ベネッセ　本郷台保育園,5歳,147.5,29.5,1.2608695652173914,0.0,9.043478260869565,0.0,5.0
栄区,ベネッセ　本郷台保育園,4歳,147.5,29.5,1.6521739130434783,0.0,10.043478260869565,0.0,5.0
栄区,ベネッセ　本郷台保育園,3歳,147.5,29.5,1.434782608695652,0.0,11.0,0.0,5.0
栄区,ベネッセ　本郷台保育園,2歳,147.5,29.5,10.217391304347826,0.0,11.0,0.0,5.0
栄区,ベネッセ　本郷台保育園,1歳,147.5,29.5,40.43478260869565,0.0,11.0,0.0,5.0
栄区,ベネッセ　本郷台保育園,0歳,147.5,29.5,58.47826086956522,0.0,6.0,0.0,5.0
栄区,ハートフルキッズ本郷台保育園,5歳,10.0,2.0,0.0,0.0,0.0,0.0,5.0
栄区,ハートフルキッズ本郷台保育園,4歳,10.0,2.0,0.0,0.0,0.0,0.0,5.0
栄区,ハートフルキッズ本郷台保育園,3歳,10.0,2.0,0.0,0.0,0.0,0.0,5.0
栄区,大船ルーテル保育園,3歳,147.5,29.5,2.6956521739130435,0.0,28.782608695652176,0.0,5.0
栄区,大船わかば保育園,5歳,92.5,18.5,0.0,0.0,0.0,0.0,5.0
栄区,大船わかば保育園,4歳,92.5,18.5,0.0,0.0,0.0,0.0,5.0
栄区,大船わかば保育園,3歳,92.5,18.5,0.0,0.0,0.0,0.0,5.0
栄区,大船わかば保育園,1歳,92.5,18.5,3.4166666666666665,0.0,9.0,0.0,5.0
栄区,大船わかば保育園,0歳,92.5,18.5,0.0,0.0,0.0,0.0,5.0
栄区,上郷いちい保育園,4歳,147.5,29.5,0.0,0.0,13.521739130434783,0.0,5.0
栄区,上郷いちい保育園,2歳,147.5,29.5,1.7826086956521738,0.0,11.521739130434783,0.0,5.0
栄区,上郷いちい保育園,1歳,147.5,29.5,4.565217391304348,0.0,9.565217391304348,0.0,5.0
磯子区,根岸星の子保育園,0歳,147.5,29.5,20.130434782608695,0.0,3.0,0.0,5.0
磯子区,根岸サンフラワー保育園,5歳,147.5,29.5,0.0,0.0,0.0,0.0,5.0
磯子区,根岸サンフラワー保育園,4歳,147.5,29.5,0.0,0.0,0.0,0.0,5.0
磯子区,根岸サンフラワー保育園,3歳,147.5,29.5,0.0,0.0,0.0,0.0,5.0
磯子区,根岸すみれ保育園,5歳,147.5,29.5,0.0,0.0,0.0,0.0,5.0
磯子区,根岸すみれ保育園,4歳,147.5,29.5,0.0,0.0,0.0,0.0,5.0
磯子区,根岸すみれ保育園,3歳,147.5,29.5,0.0,0.0,0.0,0.0,5.0
磯子区,根岸すみれ保育園,2歳,147.5,29.5,0.17391304347826086,0.0,9.565217391304348,0.0,5.0
磯子区,東滝頭保育園　分園,5歳,147.5,29.5,0.0,0.0,0.0,0.0,5.0
栄区,横浜市桂台保育園,1歳,147.5,29.5,8.08695652173913,0.0,14.782608695652174,0.0,5.0
栄区,横浜市公田保育園,0歳,147.5,29.5,0.0,0.0,0.0,0.0,5.0
栄区,杜ちゃいるど園,5歳,147.5,29.5,0.08695652173913043,0.0,15.956521739130435,0.0,5.0
栄区,杜ちゃいるど園,4歳,147.5,29.5,1.4782608695652173,0.0,15.521739130434783,0.0,5.0
栄区,杜ちゃいるど園,3歳,147.5,29.5,5.0,0.0,15.521739130434783,0.0,5.0
栄区,杜ちゃいるど園,2歳,147.5,29.5,9.434782608695652,0.0,14.0,0.0,5.0
栄区,杜ちゃいるど園,1歳,147.5,29.5,20.869565217391305,0.0,14.0,0.0,5.0
磯子区,東滝頭保育園　分園,4歳,147.5,29.5,0.0,0.0,0.0,0.0,5.0
磯子区,東滝頭保育園　分園,3歳,147.5,29.5,0.0,0.0,0.0,0.0,5.0
磯子区,東滝頭保育園　分園,0歳,147.5,29.5,0.0,0.0,0.0,0.0,5.0
磯子区,杉田幼児園,3歳,147.5,29.5,2.608695652173913,0.0,30.0,0.0,5.0
磯子区,杉田幼児園,2歳,147.5,29.5,7.739130434782608,0.0,20.0,0.0,5.0
磯子区,杉田幼児園,1歳,147.5,29.5,12.521739130434783,0.0,16.0,0.0,5.0
磯子区,杉田幼児園,0歳,147.5,29.5,0.0,0.0,0.0,0.0,5.0
磯子区,杉田保育園,3歳,147.5,29.5,2.1739130434782608,0.0,14.347826086956522,0.0,5.0
栄区,芸術の森保育園,5歳,147.5,29.5,0.0,0.0,0.0,0.0,5.0
栄区,芸術の森保育園,4歳,147.5,29.5,0.0,0.0,0.0,0.0,5.0
栄区,芸術の森保育園,3歳,147.5,29.5,0.0,0.0,0.0,0.0,5.0
栄区,芸術の森保育園,2歳,147.5,29.5,0.6956521739130435,0.0,6.0,0.0,5.0
栄区,芸術の森保育園,1歳,147.5,29.5,5.0,0.0,5.956521739130435,0.0,5.0
磯子区,杉田保育園,0歳,147.5,29.5,0.0,0.0,0.0,0.0,5.0
磯子区,日枝幼児園,0歳,147.5,29.5,0.0,0.0,0.0,0.0,5.0
磯子区,新杉田りあん保育園,5歳,92.5,18.5,0.0,0.0,0.0,0.0,5.0
磯子区,新杉田りあん保育園,4歳,92.5,18.5,0.0,0.0,0.0,0.0,5.0
磯子区,新杉田りあん保育園,3歳,92.5,18.5,0.0,0.0,0.0,0.0,5.0
磯子区,新杉田りあん保育園,1歳,92.5,18.5,1.6666666666666667,0.0,4.0,0.0,5.0
磯子区,新杉田のびのび保育園,5歳,147.5,29.5,0.0,0.0,21.26086956521739,0.0,5.0
磯子区,新杉田のびのび保育園,3歳,147.5,29.5,1.608695652173913,0.0,21.08695652173913,0.0,5.0
栄区,認定こども園　飯島東保育園,2歳,147.5,29.5,4.043478260869565,0.0,10.0,0.0,5.0
栄区,認定こども園　飯島東保育園,1歳,147.5,29.5,8.956521739130435,0.0,10.0,0.0,5.0
栄区,認定こども園　中野どんぐり保育園,5歳,147.5,29.5,0.043478260869565216,0.0,10.130434782608695,0.0,5.0
栄区,認定こども園　中野どんぐり保育園,4歳,147.5,29.5,0.5217391304347826,0.0,11.826086956521738,0.0,5.0
栄区,認定こども園　中野どんぐり保育園,3歳,147.5,29.5,0.7391304347826086,0.0,11.608695652173912,0.0,5.0
栄区,認定こども園　中野どんぐり保育園,2歳,147.5,29.5,3.8260869565217392,0.0,10.347826086956522,0.0,5.0
栄区,認定こども園　中野どんぐり保育園,1歳,147.5,29.5,8.782608695652174,0.0,8.869565217391305,0.0,5.0
栄区,認定こども園　中野どんぐり保育園,0歳,147.5,29.5,11.173913043478262,0.0,4.434782608695652,0.0,5.0
栄区,認定こども園　いのやま保育園,3歳,147.5,29.5,1.9130434782608696,0.0,10.826086956521738,0.0,5.0
栄区,認定こども園　いのやま保育園,1歳,147.5,29.5,12.217391304347826,0.0,10.0,0.0,5.0
磯子区,新杉田のびのび保育園,1歳,147.5,29.5,18.91304347826087,0.0,21.043478260869566,0.0,5.0
磯子区,幼保連携型認定こども園　かおり幼稚園,2歳,10.0,2.0,0.0,0.0,14.0,0.0,5.0
磯子区,幼保連携型認定こども園　かおり幼稚園,1歳,10.0,2.0,10.0,0.0,4.0,0.0,5.0
磯子区,幼保連携型認定こども園　かおり幼稚園,0歳,10.0,2.0,0.0,0.0,0.0,0.0,5.0
磯子区,岩原保育室,5歳,147.5,29.5,0.0,0.0,0.0,0.0,5.0
磯子区,岩原保育室,4歳,147.5,29.5,0.0,0.0,0.0,0.0,5.0
磯子区,岩原保育室,3歳,147.5,29.5,0.0,0.0,0.0,0.0,5.0
磯子区,岩原保育室,1歳,147.5,29.5,4.217391304347826,0.0,4.3478260869565215,0.0,5.0
磯子区,岩原保育室,0歳,147.5,29.5,0.0,0.0,0.0,0.0,5.0
泉区,えんがわ,2歳,147.5,29.5,1.0869565217391304,0.0,5.956521739130435,0.0,5.0
泉区,えんがわ,1歳,147.5,29.5,1.0434782608695652,0.0,5.0,0.0,5.0
泉区,いちょう保育園,5歳,55.0,11.0,0.0,0.0,9.0,0.0,5.0
泉区,いちょう保育園,4歳,55.0,11.0,0.0,0.0,6.7272727272727275,0.0,5.0
泉区,いちょう保育園,3歳,55.0,11.0,0.0,0.0,6.636363636363637,0.0,5.0
泉区,いちょう保育園,2歳,55.0,11.0,0.0,0.0,10.545454545454545,0.0,5.0
泉区,いちょう保育園,1歳,55.0,11.0,1.8181818181818181,0.0,2.0,0.0,5.0
泉区,いちょう保育園,0歳,55.0,11.0,1.3636363636363635,0.0,2.0,0.0,5.0
泉区,あゆみ保育園ゆめが丘,2歳,10.0,2.0,11.0,0.0,15.0,0.0,5.0
泉区,あゆみ保育園ゆめが丘,1歳,10.0,2.0,15.0,0.0,12.0,0.0,5.0
泉区,あゆみ保育園ゆめが丘,0歳,10.0,2.0,2.0,0.0,3.0,0.0,5.0
泉区,なかよしこども園,5歳,147.5,29.5,0.0,0.0,9.26086956521739,0.0,5.0
泉区,なかよしこども園,1歳,147.5,29.5,6.695652173913044,0.0,5.0,0.0,5.0
泉区,なかよしこども園,0歳,147.5,29.5,2.217391304347826,0.0,3.0,0.0,5.0
泉区,くるみ保育園,2歳,147.5,29.5,5.869565217391305,0.0,25.0,0.0,5.0
泉区,くるみ保育園,1歳,147.5,29.5,7.913043478260869,0.0,24.0,0.0,5.0
泉区,えんがわ,5歳,147.5,29.5,0.0,0.0,0.0,0.0,5.0
泉区,えんがわ,4歳,147.5,29.5,0.0,0.0,0.0,0.0,5.0
泉区,えんがわ,3歳,147.5,29.5,0.0,0.0,0.0,0.0,5.0
磯子区,岡村幼児園,0歳,147.5,29.5,0.0,0.0,0.0,0.0,5.0
磯子区,屏風ヶ浦保育園,1歳,147.5,29.5,6.739130434782608,0.0,15.0,0.0,5.0
磯子区,屏風ヶ浦保育園,0歳,147.5,29.5,8.347826086956522,0.0,8.91304347826087,0.0,5.0
磯子区,屏風ヶ浦はるかぜ保育園,4歳,147.5,29.5,1.0434782608695652,0.0,14.0,0.0,5.0
磯子区,屏風ヶ浦はるかぜ保育園,3歳,147.5,29.5,3.260869565217391,0.0,14.0,0.0,5.0
磯子区,屏風ヶ浦はるかぜ保育園,2歳,147.5,29.5,3.869565217391304,0.0,14.0,0.0,5.0
磯子区,屏風ヶ浦はるかぜ保育園,1歳,147.5,29.5,7.217391304347826,0.0,10.0,0.0,5.0
磯子区,屏風ヶ浦はるかぜ保育園,0歳,147.5,29.5,15.478260869565217,0.0,4.0,0.0,5.0
磯子区,屏風ゆめの森保育園,4歳,147.5,29.5,0.8260869565217391,0.0,14.0,0.0,5.0
磯子区,屏風ゆめの森保育園,3歳,147.5,29.5,1.5217391304347827,0.0,14.0,0.0,5.0
磯子区,屏風ゆめの森保育園,2歳,147.5,29.5,4.478260869565218,0.0,12.0,0.0,5.0
磯子区,屏風ゆめの森保育園,1歳,147.5,29.5,10.304347826086957,0.0,11.869565217391305,0.0,5.0
磯子区,屏風ゆめの森保育園,0歳,147.5,29.5,15.08695652173913,0.0,4.0,0.0,5.0
磯子区,太陽の子　磯子第二保育園,4歳,147.5,29.5,0.0,0.0,9.0,0.0,5.0
磯子区,太陽の子　磯子第二保育園,2歳,147.5,29.5,2.347826086956522,0.0,9.0,0.0,5.0
磯子区,太陽の子　磯子第二保育園,1歳,147.5,29.5,4.086956521739131,0.0,8.0,0.0,5.0
泉区,ふたば保育園,1歳,147.5,29.5,7.173913043478261,0.0,20.0,0.0,5.0
泉区,ぬくもりの森しんばし　やよい台こども園,0歳,147.5,29.5,1.0434782608695652,0.0,0.08695652173913043,0.0,5.0
泉区,にじいろ保育園いずみ中央,3歳,147.5,29.5,0.043478260869565216,0.0,9.565217391304348,0.0,5.0
泉区,にじいろ保育園いずみ中央,1歳,147.5,29.5,11.695652173913043,0.0,7.913043478260869,0.0,5.0
磯子区,原町星の子保育園,4歳,55.0,11.0,0.0,0.0,8.0,0.0,5.0
磯子区,原町星の子保育園,3歳,55.0,11.0,0.2727272727272727,0.0,7.0,0.0,5.0
磯子区,原町星の子保育園,2歳,55.0,11.0,0.0,0.0,0.0,0.0,5.0
磯子区,原町星の子保育園,1歳,55.0,11.0,0.0,0.0,0.0,0.0,5.0
磯子区,原町星の子保育園,0歳,55.0,11.0,0.0,0.0,0.0,0.0,5.0
磯子区,ヨコハマみらい保育園,2歳,147.5,29.5,2.782608695652174,0.0,14.826086956521738,0.0,5.0
泉区,グロウアップ  モンテッソーリ子どもの家　立場園,1歳,147.5,29.5,11.608695652173912,0.0,11.0,0.0,5.0
泉区,グロウアップ  モンテッソーリ子どもの家　立場園,0歳,147.5,29.5,0.0,0.0,0.0,0.0,5.0
泉区,エンゼルおおぞら保育園,5歳,147.5,29.5,0.0,0.0,16.0,0.0,5.0
泉区,エンゼルおおぞら保育園,4歳,147.5,29.5,0.8260869565217391,0.0,16.0,0.0,5.0
泉区,エンゼルおおぞら保育園,3歳,147.5,29.5,0.6521739130434783,0.0,16.0,0.0,5.0
泉区,エンゼルおおぞら保育園,2歳,147.5,29.5,9.565217391304348,0.0,14.0,0.0,5.0
泉区,エンゼルおおぞら保育園,1歳,147.5,29.5,24.782608695652176,0.0,12.0,0.0,5.0
泉区,もも保育園,5歳,147.5,29.5,0.0,0.0,13.0,0.0,5.0
泉区,もも保育園,4歳,147.5,29.5,0.13043478260869565,0.0,12.956521739130435,0.0,5.0
泉区,もも保育園,3歳,147.5,29.5,0.43478260869565216,0.0,12.956521739130435,0.0,5.0
泉区,もも保育園,2歳,147.5,29.5,4.782608695652174,0.0,11.043478260869565,0.0,5.0
泉区,もも保育園,1歳,147.5,29.5,14.478260869565217,0.0,9.956521739130435,0.0,5.0
磯子区,ペガサスわくわくランド,0歳,147.5,29.5,0.0,0.0,0.0,0.0,5.0
磯子区,ベイキッズなのはな保育園,5歳,147.5,29.5,0.0,0.0,0.0,0.0,5.0
磯子区,ベイキッズなのはな保育園,4歳,147.5,29.5,0.0,0.0,0.0,0.0,5.0
磯子区,ベイキッズなのはな保育園,3歳,147.5,29.5,0.0,0.0,0.0,0.0,5.0
磯子区,ピノキオ幼児舎 新杉田園,5歳,147.5,29.5,0.0,0.0,0.0,0.0,5.0
磯子区,ピノキオ幼児舎 新杉田園,4歳,147.5,29.5,0.0,0.0,0.0,0.0,5.0
磯子区,ピノキオ幼児舎 新杉田園,3歳,147.5,29.5,0.0,0.0,0.0,0.0,5.0
泉区,ベイキッズおひさま保育園,5歳,147.5,29.5,0.0,0.0,0.0,0.0,5.0
泉区,ベイキッズおひさま保育園,4歳,147.5,29.5,0.0,0.0,0.0,0.0,5.0
泉区,ベイキッズおひさま保育園,3歳,147.5,29.5,0.0,0.0,0.0,0.0,5.0
泉区,サクラフェリーチェ保育園,5歳,147.5,29.5,0.0,0.0,0.0,0.0,5.0
泉区,サクラフェリーチェ保育園,4歳,147.5,29.5,0.0,0.0,0.0,0.0,5.0
泉区,サクラフェリーチェ保育園,3歳,147.5,29.5,0.0,0.0,0.0,0.0,5.0
泉区,グロウアップ  モンテッソーリ子どもの家　立場園,5歳,147.5,29.5,0.0,0.0,0.0,0.0,5.0
泉区,グロウアップ  モンテッソーリ子どもの家　立場園,4歳,147.5,29.5,0.0,0.0,0.0,0.0,5.0
泉区,グロウアップ  モンテッソーリ子どもの家　立場園,3歳,147.5,29.5,0.0,0.0,0.0,0.0,5.0
磯子区,チームナーサリーＢｉｇ Ｈｕｇ洋光台２,5歳,147.5,29.5,0.0,0.0,0.0,0.0,5.0
磯子区,チームナーサリーＢｉｇ Ｈｕｇ洋光台２,4歳,147.5,29.5,0.0,0.0,0.0,0.0,5.0
磯子区,チームナーサリーＢｉｇ Ｈｕｇ洋光台２,3歳,147.5,29.5,0.0,0.0,0.0,0.0,5.0
磯子区,チームナーサリーＢｉｇ Ｈｕｇ洋光台２,2歳,147.5,29.5,0.30434782608695654,0.0,4.565217391304348,0.0,5.0
磯子区,チームナーサリーＢｉｇ Ｈｕｇ洋光台２,1歳,147.5,29.5,11.565217391304348,0.0,4.565217391304348,0.0,5.0
磯子区,チームナーサリーＢｉｇ Ｈｕｇ洋光台２,0歳,147.5,29.5,0.0,0.0,0.0,0.0,5.0
磯子区,チームナーサリーＢｉｇ Ｈｕｇ洋光台,5歳,147.5,29.5,0.0,0.0,0.0,0.0,5.0
磯子区,チームナーサリーＢｉｇ Ｈｕｇ洋光台,4歳,147.5,29.5,0.0,0.0,0.0,0.0,5.0
磯子区,チームナーサリーＢｉｇ Ｈｕｇ洋光台,3歳,147.5,29.5,0.0,0.0,0.0,0.0,5.0
磯子区,チームナーサリーＢｉｇ Ｈｕｇ洋光台,2歳,147.5,29.5,0.30434782608695654,0.0,4.521739130434782,0.0,5.0
磯子区,チームナーサリーＢｉｇ Ｈｕｇ洋光台,1歳,147.5,29.5,12.73913043478261,0.0,4.521739130434782,0.0,5.0
磯子区,チームナーサリーＢｉｇ Ｈｕｇ洋光台,0歳,147.5,29.5,0.0,0.0,0.0,0.0,5.0
泉区,中田ひまわり保育室,4歳,147.5,29.5,0.0,0.0,0.0,0.0,5.0
泉区,中田ひまわり保育室,3歳,147.5,29.5,0.0,0.0,0.0,0.0,5.0
泉区,中田ひまわり保育室,1歳,147.5,29.5,4.260869565217392,0.0,8.478260869565217,0.0,5.0
泉区,中田いちご保育園,5歳,147.5,29.5,0.0,0.0,0.0,0.0,5.0
泉区,中田いちご保育園,4歳,147.5,29.5,0.0,0.0,0.0,0.0,5.0
泉区,中田いちご保育園,3歳,147.5,29.5,0.0,0.0,0.0,0.0,5.0
泉区,中田いちご保育園,2歳,147.5,29.5,0.782608695652174,0.0,4.521739130434782,0.0,5.0
泉区,マーヤ保育園,5歳,147.5,29.5,0.0,0.0,0.0,0.0,5.0
泉区,マーヤ保育園,4歳,147.5,29.5,0.0,0.0,0.0,0.0,5.0
泉区,マーヤ保育園,3歳,147.5,29.5,0.0,0.0,0.0,0.0,5.0
泉区,マーヤ保育園,1歳,147.5,29.5,2.217391304347826,0.0,7.0,0.0,5.0
泉区,小学館アカデミーりょくえんとし保育園,1歳,147.5,29.5,9.695652173913043,0.0,9.0,0.0,5.0
泉区,中田駅前　はまっこ保育園,5歳,147.5,29.5,0.0,0.0,0.0,0.0,5.0
泉区,中田駅前　はまっこ保育園,4歳,147.5,29.5,0.0,0.0,0.0,0.0,5.0
泉区,中田駅前　はまっこ保育園,3歳,147.5,29.5,0.0,0.0,0.0,0.0,5.0
泉区,中田駅前　はまっこ保育園,1歳,147.5,29.5,5.565217391304348,0.0,8.0,0.0,5.0
泉区,中田保育園,5歳,147.5,29.5,0.0,0.0,8.478260869565217,0.0,5.0
泉区,中田保育園,4歳,147.5,29.5,0.17391304347826086,0.0,8.043478260869565,0.0,5.0
泉区,中田保育園,3歳,147.5,29.5,0.6521739130434783,0.0,10.434782608695652,0.0,5.0
泉区,中田保育園,2歳,147.5,29.5,2.1739130434782608,0.0,10.695652173913043,0.0,5.0
泉区,中田ひまわり保育室,5歳,147.5,29.5,0.0,0.0,0.0,0.0,5.0
磯子区,スターチャイルド≪洋光台六丁目ナーサリー≫,1歳,92.5,18.5,11.0,0.0,10.0,0.0,5.0
磯子区,スターチャイルド≪洋光台六丁目ナーサリー≫,0歳,92.5,18.5,0.0,0.0,0.0,0.0,5.0
磯子区,スターチャイルド≪洋光台ナーサリー≫,2歳,147.5,29.5,5.086956521739131,0.0,12.0,0.0,5.0
磯子区,スターチャイルド≪洋光台ナーサリー≫,1歳,147.5,29.5,29.0,0.0,12.0,0.0,5.0
磯子区,スターチャイルド≪洋光台ナーサリー≫,0歳,147.5,29.5,34.73913043478261,0.0,6.0,0.0,5.0
磯子区,キッズパートナー磯子中原,5歳,147.5,29.5,0.0,0.0,13.0,0.0,5.0
泉区,横浜ルンビニー保育園,0歳,147.5,29.5,6.956521739130435,0.0,1.434782608695652,0.0,5.0
泉区,御霊神社保育園,5歳,147.5,29.5,0.0,0.0,20.0,0.0,5.0
泉区,御霊神社保育園,4歳,147.5,29.5,0.0,0.0,20.0,0.0,5.0
泉区,御霊神社保育園,3歳,147.5,29.5,1.2173913043478262,0.0,20.0,0.0,5.0
泉区,御霊神社保育園,1歳,147.5,29.5,10.173913043478262,0.0,10.0,0.0,5.0
泉区,御霊神社保育園,0歳,147.5,29.5,8.695652173913043,0.0,4.0,0.0,5.0
泉区,小学館アカデミーりょくえんとし保育園,5歳,147.5,29.5,0.0,0.0,13.956521739130435,0.0,5.0
磯子区,キッズパートナー磯子中原,2歳,147.5,29.5,4.956521739130435,0.0,10.0,0.0,5.0
磯子区,キッズパートナー磯子中原,1歳,147.5,29.5,5.304347826086956,0.0,8.0,0.0,5.0
磯子区,キッズパートナー磯子中原,0歳,147.5,29.5,6.217391304347826,0.0,3.0,0.0,5.0
磯子区,アスク新杉田駅前保育園,5歳,147.5,29.5,0.0,0.0,14.0,0.0,5.0
磯子区,アスク新杉田駅前保育園,4歳,147.5,29.5,0.17391304347826086,0.0,14.0,0.0,5.0
磯子区,アスク新杉田駅前保育園,3歳,147.5,29.5,1.6521739130434783,0.0,13.956521739130435,0.0,5.0
磯子区,アスク新杉田駅前保育園,2歳,147.5,29.5,10.478260869565217,0.0,12.91304347826087,0.0,5.0
磯子区,アスク新杉田駅前保育園,1歳,147.5,29.5,16.26086956521739,0.0,12.0,0.0,5.0
磯子区,アスク新杉田駅前保育園,0歳,147.5,29.5,18.956521739130434,0.0,5.956521739130435,0.0,5.0
磯子区,アスク新杉田保育園,5歳,137.5,27.5,0.0,0.0,7.0,0.0,5.0
磯子区,アスク新杉田保育園,3歳,137.5,27.5,0.5454545454545454,0.0,6.954545454545454,0.0,5.0
磯子区,アスク新杉田保育園,2歳,137.5,27.5,8.090909090909092,0.0,7.0,0.0,5.0
磯子区,アスクバイリンガル保育園 新杉田,3歳,10.0,2.0,0.0,0.0,7.0,0.0,5.0
磯子区,アスクバイリンガル保育園 新杉田,2歳,10.0,2.0,3.0,0.0,7.0,0.0,5.0
磯子区,アスクバイリンガル保育園 新杉田,1歳,10.0,2.0,2.0,0.0,6.0,0.0,5.0
磯子区,やべのファミリールーム,3歳,147.5,29.5,0.17391304347826086,0.0,11.043478260869565,0.0,5.0
磯子区,やべのファミリールーム,0歳,147.5,29.5,11.695652173913043,0.0,5.0,0.0,5.0
磯子区,みらいつばさ新杉田保育園,5歳,147.5,29.5,0.0,0.0,0.0,0.0,5.0
磯子区,みらいつばさ新杉田保育園,4歳,147.5,29.5,0.0,0.0,0.0,0.0,5.0
磯子区,みらいつばさ新杉田保育園,3歳,147.5,29.5,0.0,0.0,0.0,0.0,5.0
磯子区,にじいろ保育園　磯子,2歳,147.5,29.5,1.3043478260869565,0.0,12.0,0.0,5.0
磯子区,にじいろ保育園　磯子,1歳,147.5,29.5,7.173913043478261,0.0,12.0,0.0,5.0
泉区,白梅いずみ保育園,2歳,147.5,29.5,3.130434782608696,0.0,14.0,0.0,5.0
泉区,泉の郷保育園なかだ,5歳,147.5,29.5,0.21739130434782608,0.0,13.304347826086957,0.0,5.0
泉区,泉の郷保育園なかだ,4歳,147.5,29.5,1.0869565217391304,0.0,13.478260869565217,0.0,5.0
泉区,泉の郷保育園なかだ,3歳,147.5,29.5,1.391304347826087,0.0,13.478260869565217,0.0,5.0
泉区,泉の郷保育園なかだ,2歳,147.5,29.5,9.043478260869565,0.0,10.652173913043478,0.0,5.0
泉区,泉の郷保育園なかだ,1歳,147.5,29.5,38.21739130434783,0.0,10.478260869565217,0.0,5.0
泉区,泉の郷保育園なかだ,0歳,147.5,29.5,61.65217391304348,0.0,3.0,0.0,5.0
泉区,泉の郷保育園いずみ,2歳,147.5,29.5,5.260869565217392,0.0,11.91304347826087,0.0,5.0
泉区,泉の郷保育園いずみ,1歳,147.5,29.5,17.434782608695652,0.0,12.043478260869565,0.0,5.0
泉区,泉の郷保育園いずみ,0歳,147.5,29.5,17.608695652173914,0.0,3.0,0.0,5.0
磯子区,にじいろ保育園　洋光台,4歳,147.5,29.5,0.391304347826087,0.0,14.826086956521738,0.0,5.0
磯子区,にじいろ保育園　新杉田,5歳,147.5,29.5,0.0,0.0,17.434782608695652,0.0,5.0
磯子区,にじいろ保育園　新杉田,4歳,147.5,29.5,0.6956521739130435,0.0,16.956521739130434,0.0,5.0
磯子区,にじいろ保育園　新杉田,3歳,147.5,29.5,2.782608695652174,0.0,16.47826086956522,0.0,5.0
磯子区,にじいろ保育園　新杉田,2歳,147.5,29.5,9.956521739130435,0.0,14.869565217391305,0.0,5.0
磯子区,にじいろ保育園　新杉田,1歳,147.5,29.5,18.91304347826087,0.0,12.478260869565217,0.0,5.0
磯子区,つくしんぼ保育園,5歳,147.5,29.5,0.6956521739130435,0.0,9.0,0.0,5.0
磯子区,つくしんぼ保育園,4歳,147.5,29.5,0.21739130434782608,0.0,9.0,0.0,5.0
磯子区,つくしんぼ保育園,3歳,147.5,29.5,1.1304347826086956,0.0,9.0,0.0,5.0
磯子区,つくしんぼ保育園,2歳,147.5,29.5,1.5217391304347827,0.0,9.0,0.0,5.0
泉区,立場らびっと保育園,0歳,147.5,29.5,4.130434782608695,0.0,5.956521739130435,0.0,5.0
泉区,白百合愛児園,5歳,147.5,29.5,0.0,0.0,43.47826086956522,0.0,5.0
泉区,白百合愛児園,4歳,147.5,29.5,0.6956521739130435,0.0,43.0,0.0,5.0
泉区,白百合愛児園,1歳,147.5,29.5,14.91304347826087,0.0,38.95652173913044,0.0,5.0
泉区,白百合愛児園,0歳,147.5,29.5,17.347826086956523,0.0,12.0,0.0,5.0
泉区,白梅保育園,5歳,147.5,29.5,0.043478260869565216,0.0,11.521739130434783,0.0,5.0
泉区,白梅保育園,3歳,147.5,29.5,1.608695652173913,0.0,12.0,0.0,5.0
泉区,白梅保育園,2歳,147.5,29.5,4.565217391304348,0.0,12.0,0.0,5.0
泉区,白梅保育園,1歳,147.5,29.5,11.695652173913043,0.0,12.0,0.0,5.0
泉区,白梅保育園,0歳,147.5,29.5,12.608695652173912,0.0,4.0,0.0,5.0
泉区,白梅いずみ保育園,5歳,147.5,29.5,0.0,0.0,13.521739130434783,0.0,5.0
泉区,緑園なえば保育園,3歳,147.5,29.5,1.1304347826086956,0.0,24.304347826086957,0.0,5.0
泉区,緑園なえば保育園,2歳,147.5,29.5,3.260869565217391,0.0,20.0,0.0,5.0
泉区,緑園なえば保育園,1歳,147.5,29.5,6.869565217391305,0.0,17.956521739130434,0.0,5.0
泉区,緑園なえば保育園,0歳,147.5,29.5,8.391304347826088,0.0,6.565217391304348,0.0,5.0
泉区,立場エンゼル保育園,5歳,147.5,29.5,0.0,0.0,9.0,0.0,5.0
泉区,立場エンゼル保育園,4歳,147.5,29.5,0.0,0.0,9.0,0.0,5.0
泉区,立場エンゼル保育園,0歳,147.5,29.5,9.391304347826088,0.0,6.0,0.0,5.0
泉区,立場らびっと保育園,5歳,147.5,29.5,0.0,0.0,0.0,0.0,5.0
泉区,立場らびっと保育園,4歳,147.5,29.5,0.0,0.0,0.0,0.0,5.0
泉区,立場らびっと保育園,3歳,147.5,29.5,0.0,0.0,0.0,0.0,5.0
泉区,立場らびっと保育園,1歳,147.5,29.5,8.304347826086957,0.0,8.0,0.0,5.0
磯子区,くろかわ保育室,5歳,55.0,11.0,0.0,0.0,0.0,0.0,5.0
磯子区,くろかわ保育室,4歳,55.0,11.0,0.0,0.0,0.0,0.0,5.0
磯子区,くろかわ保育室,3歳,55.0,11.0,0.0,0.0,0.0,0.0,5.0
磯子区,くろかわ保育室,2歳,55.0,11.0,0.0,0.0,3.0,0.0,5.0
磯子区,くろかわ保育室,1歳,55.0,11.0,2.0,0.0,0.0,0.0,5.0
磯子区,くろかわ保育室,0歳,55.0,11.0,0.45454545454545453,0.0,0.0,0.0,5.0
瀬谷区,ＧＥＮＫＩＤＳ瀬谷保育園,5歳,147.5,29.5,0.08695652173913043,0.0,12.0,0.0,5.0
瀬谷区,ＧＥＮＫＩＤＳ瀬谷保育園,4歳,147.5,29.5,0.4782608695652174,0.0,12.0,0.0,5.0
瀬谷区,ＧＥＮＫＩＤＳ瀬谷保育園,3歳,147.5,29.5,1.7826086956521738,0.0,12.0,0.0,5.0
泉区,認定こども園  泉ヶ丘幼稚園,2歳,147.5,29.5,2.782608695652174,0.0,10.043478260869565,0.0,5.0
泉区,認定こども園  泉ヶ丘幼稚園,1歳,147.5,29.5,7.826086956521739,0.0,8.0,0.0,5.0
泉区,認定こども園  泉ヶ丘幼稚園,0歳,147.5,29.5,0.0,0.0,0.0,0.0,5.0
泉区,認定こども園  いづみ幼稚園,5歳,147.5,29.5,0.9565217391304348,0.0,10.478260869565217,0.0,5.0
泉区,認定こども園  いづみ幼稚園,4歳,147.5,29.5,0.9565217391304348,0.0,10.0,0.0,5.0
泉区,認定こども園  いづみ幼稚園,3歳,147.5,29.5,3.130434782608696,0.0,10.0,0.0,5.0
泉区,認定こども園  いづみ幼稚園,2歳,147.5,29.5,3.0,0.0,9.0,0.0,5.0
泉区,認定こども園  いづみ幼稚園,1歳,147.5,29.5,9.826086956521738,0.0,8.0,0.0,5.0
泉区,認定こども園  いづみ幼稚園,0歳,147.5,29.5,0.0,0.0,0.0,0.0,5.0
瀬谷区,ＧＥＮＫＩＤＳ瀬谷保育園,0歳,147.5,29.5,43.78260869565217,0.0,9.0,0.0,5.0
瀬谷区,鳩の森愛の詩瀬谷保育園,5歳,147.5,29.5,0.043478260869565216,0.0,21.08695652173913,0.0,5.0
瀬谷区,鳩の森愛の詩瀬谷保育園,4歳,147.5,29.5,0.8260869565217391,0.0,21.0,0.0,5.0
瀬谷区,鳩の森愛の詩瀬谷保育園,3歳,147.5,29.5,1.6956521739130435,0.0,20.0,0.0,5.0
瀬谷区,鳩の森愛の詩瀬谷保育園,2歳,147.5,29.5,7.608695652173913,0.0,15.0,0.0,5.0
瀬谷区,鳩の森愛の詩瀬谷保育園,1歳,147.5,29.5,27.304347826086957,0.0,14.0,0.0,5.0
瀬谷区,鳩の森愛の詩瀬谷保育園,0歳,147.5,29.5,23.391304347826086,0.0,9.0,0.0,5.0
瀬谷区,鳩の森愛の詩　宮沢保育園,3歳,147.5,29.5,0.30434782608695654,0.0,15.0,0.0,5.0
瀬谷区,鳩の森愛の詩　宮沢保育園,2歳,147.5,29.5,5.217391304347826,0.0,9.869565217391305,0.0,5.0
瀬谷区,鳩の森愛の詩　宮沢保育園,1歳,147.5,29.5,9.91304347826087,0.0,5.478260869565218,0.0,5.0
瀬谷区,鳩の森愛の詩　宮沢保育園,0歳,147.5,29.5,0.0,0.0,0.0,0.0,5.0
泉区,認定こども園　宮の台幼稚園,0歳,147.5,29.5,0.0,0.0,0.0,0.0,5.0
泉区,認定こども園　上飯田幼稚園,5歳,147.5,29.5,0.4782608695652174,0.0,7.0,0.0,5.0
泉区,認定こども園　上飯田幼稚園,1歳,147.5,29.5,5.043478260869565,0.0,4.0,0.0,5.0
泉区,認定こども園　上飯田幼稚園,0歳,147.5,29.5,0.0,0.0,0.0,0.0,5.0
泉区,認定こども園　ふじづかようちえん・ふじづかほくえん,5歳,55.0,11.0,0.9090909090909091,0.0,6.0,0.0,5.0
泉区,認定こども園　ふじづかようちえん・ふじづかほくえん,4歳,55.0,11.0,0.9090909090909091,0.0,5.0,0.0,5.0
泉区,認定こども園　ふじづかようちえん・ふじづかほくえん,3歳,55.0,11.0,0.0,0.0,5.0,0.0,5.0
泉区,認定こども園　ふじづかようちえん・ふじづかほくえん,2歳,55.0,11.0,1.0909090909090908,0.0,5.0,0.0,5.0
泉区,認定こども園　ふじづかようちえん・ふじづかほくえん,1歳,55.0,11.0,4.7272727272727275,0.0,5.0,0.0,5.0
泉区,認定こども園　ふじづかようちえん・ふじづかほくえん,0歳,55.0,11.0,0.0,0.0,0.0,0.0,5.0
泉区,認定こども園  泉ヶ丘幼稚園,5歳,147.5,29.5,0.0,0.0,8.08695652173913,0.0,5.0
泉区,認定こども園  泉ヶ丘幼稚園,4歳,147.5,29.5,0.9565217391304348,0.0,9.478260869565217,0.0,5.0
泉区,認定こども園  泉ヶ丘幼稚園,3歳,147.5,29.5,0.9565217391304348,0.0,9.782608695652174,0.0,5.0
泉区,認定こども園　岡津幼稚園,2歳,147.5,29.5,0.0,0.0,0.0,0.0,5.0
泉区,認定こども園　岡津幼稚園,1歳,147.5,29.5,0.0,0.0,0.0,0.0,5.0
泉区,認定こども園　岡津幼稚園,0歳,147.5,29.5,0.0,0.0,0.0,0.0,5.0
泉区,認定こども園　富士塚幼稚園・保育園,5歳,92.5,18.5,0.9166666666666666,0.0,4.166666666666667,0.0,5.0
泉区,認定こども園　富士塚幼稚園・保育園,4歳,92.5,18.5,0.0,0.0,4.916666666666667,0.0,5.0
泉区,認定こども園　富士塚幼稚園・保育園,3歳,92.5,18.5,1.1666666666666667,0.0,4.083333333333333,0.0,5.0
泉区,認定こども園　富士塚幼稚園・保育園,2歳,92.5,18.5,0.9166666666666666,0.0,4.416666666666667,0.0,5.0
泉区,認定こども園　富士塚幼稚園・保育園,1歳,92.5,18.5,7.0,0.0,5.916666666666667,0.0,5.0
泉区,認定こども園　富士塚幼稚園・保育園,0歳,92.5,18.5,0.0,0.0,0.0,0.0,5.0
泉区,認定こども園　宮の台幼稚園,5歳,147.5,29.5,0.9130434782608695,0.0,7.043478260869565,0.0,5.0
泉区,認定こども園　宮の台幼稚園,4歳,147.5,29.5,1.391304347826087,0.0,8.478260869565217,0.0,5.0
泉区,認定こども園　宮の台幼稚園,1歳,147.5,29.5,5.0,0.0,4.956521739130435,0.0,5.0
泉区,認定こども園　ＹＭＣＡいずみ保育園,2歳,10.0,2.0,6.0,0.0,22.0,0.0,5.0
泉区,認定こども園　ＹＭＣＡいずみ保育園,1歳,10.0,2.0,5.0,0.0,22.0,0.0,5.0
泉区,認定こども園　ＹＭＣＡいずみ保育園,0歳,10.0,2.0,2.0,0.0,9.0,0.0,5.0
泉区,認定こども園　ＹＭＣＡいずみ,5歳,137.5,27.5,0.5,0.0,21.954545454545453,0.0,5.0
泉区,認定こども園　明成幼稚園,2歳,147.5,29.5,1.3043478260869565,0.0,5.0,0.0,5.0
泉区,認定こども園　明成幼稚園,1歳,147.5,29.5,4.913043478260869,0.0,4.0,0.0,5.0
瀬谷区,阿久和保育園,2歳,147.5,29.5,4.478260869565218,0.0,15.0,0.0,5.0
瀬谷区,阿久和保育園,1歳,147.5,29.5,10.869565217391305,0.0,15.0,0.0,5.0
瀬谷区,阿久和キッズ,5歳,147.5,29.5,0.0,0.0,0.0,0.0,5.0
瀬谷区,阿久和キッズ,4歳,147.5,29.5,0.0,0.0,0.0,0.0,5.0
瀬谷区,阿久和キッズ,3歳,147.5,29.5,0.0,0.0,0.0,0.0,5.0
瀬谷区,阿久和キッズ,2歳,147.5,29.5,0.34782608695652173,0.0,7.6521739130434785,0.0,5.0
瀬谷区,阿久和キッズ,1歳,147.5,29.5,5.086956521739131,0.0,7.0,0.0,5.0
瀬谷区,認定こども園二ツ橋あいりん幼稚園,0歳,147.5,29.5,0.6521739130434783,0.0,0.0,0.0,5.0
瀬谷区,認定こども園はらのこ　原幼稚園,5歳,147.5,29.5,0.08695652173913043,0.0,11.217391304347826,0.0,5.0
瀬谷区,認定こども園はらのこ　原幼稚園,2歳,147.5,29.5,5.478260869565218,0.0,12.0,0.0,5.0
瀬谷区,認定こども園はらのこ　原幼稚園,1歳,147.5,29.5,10.347826086956522,0.0,12.0,0.0,5.0
瀬谷区,認定こども園はらのこ　原幼稚園,0歳,147.5,29.5,13.130434782608695,0.0,6.0,0.0,5.0
瀬谷区,認定こども園　みなみ幼稚園,3歳,92.5,18.5,5.0,0.0,17.0,0.0,5.0
瀬谷区,認定こども園　みなみ幼稚園,2歳,92.5,18.5,6.75,0.0,15.0,0.0,5.0
瀬谷区,認定こども園　みなみ幼稚園,1歳,92.5,18.5,6.416666666666667,0.0,12.0,0.0,5.0
瀬谷区,認定こども園　みなみ幼稚園,0歳,92.5,18.5,0.0,0.0,0.0,0.0,5.0
瀬谷区,認定こども園　あづまの幼稚園・あづまのナーサリー・youyouキッズ,5歳,55.0,11.0,0.0,0.0,10.0,0.0,5.0
瀬谷区,認定こども園　あづまの幼稚園・あづまのナーサリー・youyouキッズ,4歳,55.0,11.0,0.0,0.0,9.0,0.0,5.0
瀬谷区,認定こども園　あづまの幼稚園・あづまのナーサリー・youyouキッズ,3歳,55.0,11.0,0.0,0.0,9.0,0.0,5.0
泉区,鳩の森愛の詩とことこ保育園,0歳,147.5,29.5,0.0,0.0,0.0,0.0,5.0
泉区,鳩の森愛の詩あすなろ保育園,4歳,147.5,29.5,0.5652173913043478,0.0,23.0,0.0,5.0
泉区,領家キッズ保育園,5歳,147.5,29.5,0.0,0.0,19.956521739130434,0.0,5.0
泉区,領家キッズ保育園,3歳,147.5,29.5,2.9130434782608696,0.0,18.956521739130434,0.0,5.0
泉区,領家キッズ保育園,2歳,147.5,29.5,6.695652173913044,0.0,16.91304347826087,0.0,5.0
泉区,領家キッズ保育園,1歳,147.5,29.5,14.608695652173912,0.0,14.608695652173912,0.0,5.0
泉区,ＧＥＮＫＩＤＳいずみ中央保育園,3歳,147.5,29.5,0.391304347826087,0.0,10.0,0.0,5.0
泉区,鳩の森愛の詩保育園,5歳,147.5,29.5,0.2608695652173913,0.0,30.0,0.0,5.0
泉区,鳩の森愛の詩保育園,4歳,147.5,29.5,1.0869565217391304,0.0,30.0,0.0,5.0
泉区,鳩の森愛の詩保育園,3歳,147.5,29.5,2.9565217391304346,0.0,30.0,0.0,5.0
泉区,鳩の森愛の詩保育園,1歳,147.5,29.5,16.652173913043477,0.0,16.0,0.0,5.0
泉区,鳩の森愛の詩保育園,0歳,147.5,29.5,17.347826086956523,0.0,8.91304347826087,0.0,5.0
泉区,鳩の森愛の詩とことこ保育園,5歳,147.5,29.5,0.0,0.0,0.0,0.0,5.0
泉区,鳩の森愛の詩とことこ保育園,4歳,147.5,29.5,0.0,0.0,0.0,0.0,5.0
泉区,鳩の森愛の詩とことこ保育園,3歳,147.5,29.5,0.0,0.0,0.0,0.0,5.0
泉区,鳩の森愛の詩とことこ保育園,1歳,147.5,29.5,5.130434782608695,0.0,9.0,0.0,5.0
瀬谷区,認定こども園　あづまの幼稚園・あづまのナーサリー・youyouキッズ,2歳,55.0,11.0,0.2727272727272727,0.0,10.0,0.0,5.0
瀬谷区,認定こども園　あづまの幼稚園・あづまのナーサリー・youyouキッズ,1歳,55.0,11.0,6.545454545454546,0.0,7.0,0.0,5.0
瀬谷区,認定こども園　あづまの幼稚園・あづまのナーサリー・youyouキッズ,0歳,55.0,11.0,2.5454545454545454,0.0,3.0,0.0,5.0
瀬谷区,認定こども園　あづまの幼稚園・あづまのナーサリー,5歳,92.5,18.5,0.0,0.0,8.166666666666666,0.0,5.0
瀬谷区,認定こども園　あづまの幼稚園・あづまのナーサリー,4歳,92.5,18.5,0.0,0.0,8.916666666666666,0.0,5.0
瀬谷区,認定こども園　あづまの幼稚園・あづまのナーサリー,3歳,92.5,18.5,0.0,0.0,8.25,0.0,5.0
瀬谷区,認定こども園　あづまの幼稚園・あづまのナーサリー,2歳,92.5,18.5,1.5833333333333333,0.0,10.0,0.0,5.0
瀬谷区,認定こども園　あづまの幼稚園・あづまのナーサリー,0歳,92.5,18.5,3.1666666666666665,0.0,3.0,0.0,5.0
瀬谷区,瀬谷駅前保育園,5歳,92.5,18.5,0.0,0.0,0.0,0.0,5.0
瀬谷区,瀬谷駅前保育園,4歳,92.5,18.5,0.0,0.0,0.0,0.0,5.0
瀬谷区,瀬谷駅前保育園,3歳,92.5,18.5,0.0,0.0,0.0,0.0,5.0
瀬谷区,瀬谷駅前保育園,1歳,92.5,18.5,12.75,0.0,9.0,0.0,5.0
瀬谷区,瀬谷駅前保育園,0歳,92.5,18.5,0.0,0.0,0.0,0.0,5.0
港北区,Gakkenほいくえん日吉本町,1歳,147.5,29.5,10.130434782608695,0.0,12.0,0.0,5.0
泉区,ＹＭＣＡ山手台保育園アルク,5歳,147.5,29.5,0.4782608695652174,0.0,10.0,0.0,5.0
泉区,ＹＭＣＡ山手台保育園アルク,4歳,147.5,29.5,0.6521739130434783,0.0,10.0,0.0,5.0
泉区,ＹＭＣＡ山手台保育園アルク,2歳,147.5,29.5,2.9130434782608696,0.0,10.478260869565217,0.0,5.0
泉区,ＹＭＣＡ山手台保育園アルク,1歳,147.5,29.5,8.695652173913043,0.0,10.0,0.0,5.0
泉区,ＧＥＮＫＩＤＳ緑園都市保育園,5歳,147.5,29.5,0.0,0.0,12.0,0.0,5.0
泉区,ＧＥＮＫＩＤＳ緑園都市保育園,3歳,147.5,29.5,0.391304347826087,0.0,12.0,0.0,5.0
泉区,ＧＥＮＫＩＤＳ緑園都市保育園,1歳,147.5,29.5,10.826086956521738,0.0,12.0,0.0,5.0
泉区,ＧＥＮＫＩＤＳ緑園都市保育園,0歳,147.5,29.5,12.826086956521738,0.0,4.521739130434782,0.0,5.0
泉区,ＧＥＮＫＩＤＳいずみ中央保育園,5歳,147.5,29.5,0.0,0.0,10.0,0.0,5.0
港北区,preschool ALICE Clover,5歳,147.5,29.5,0.0,0.0,0.0,0.0,5.0
港北区,preschool ALICE Clover,4歳,147.5,29.5,0.0,0.0,0.0,0.0,5.0
港北区,preschool ALICE Clover,3歳,147.5,29.5,0.0,0.0,0.0,0.0,5.0
港北区,Gakkenほいくえん綱島,1歳,147.5,29.5,12.304347826086957,0.0,8.0,0.0,5.0
瀬谷区,瀬谷中央保育園,5歳,147.5,29.5,0.0,0.0,19.47826086956522,0.0,5.0
瀬谷区,瀬谷中央保育園,4歳,147.5,29.5,0.08695652173913043,0.0,18.608695652173914,0.0,5.0
瀬谷区,瀬谷中央保育園,2歳,147.5,29.5,5.434782608695652,0.0,18.0,0.0,5.0
瀬谷区,瀬谷みらい保育園,5歳,147.5,29.5,0.0,0.0,0.0,0.0,5.0
瀬谷区,瀬谷みらい保育園,4歳,147.5,29.5,0.0,0.0,0.0,0.0,5.0
瀬谷区,瀬谷みらい保育園,3歳,147.5,29.5,0.0,0.0,0.0,0.0,5.0
瀬谷区,瀬谷みらい保育園,1歳,147.5,29.5,9.869565217391305,0.0,6.0,0.0,5.0
瀬谷区,瀬谷みらい保育園,0歳,147.5,29.5,0.0,0.0,0.0,0.0,5.0
瀬谷区,瀬谷そらいろ保育園,5歳,147.5,29.5,0.0,0.0,0.0,0.0,5.0
瀬谷区,瀬谷そらいろ保育園,4歳,147.5,29.5,0.0,0.0,0.0,0.0,5.0
瀬谷区,瀬谷そらいろ保育園,3歳,147.5,29.5,0.0,0.0,0.0,0.0,5.0
瀬谷区,瀬谷そらいろ保育園,1歳,147.5,29.5,15.08695652173913,0.0,9.521739130434783,0.0,5.0
瀬谷区,瀬谷すくすく保育園,5歳,147.5,29.5,0.0,0.0,0.0,0.0,5.0
瀬谷区,瀬谷すくすく保育園,4歳,147.5,29.5,0.0,0.0,0.0,0.0,5.0
瀬谷区,瀬谷すくすく保育園,3歳,147.5,29.5,0.0,0.0,0.0,0.0,5.0
瀬谷区,瀬谷すくすく保育園,2歳,147.5,29.5,1.608695652173913,0.0,6.043478260869565,0.0,5.0
瀬谷区,瀬谷すくすく保育園,1歳,147.5,29.5,9.08695652173913,0.0,6.0,0.0,5.0
瀬谷区,瀬谷すくすく保育園,0歳,147.5,29.5,0.0,0.0,0.0,0.0,5.0
港北区,おおくらやまえきまえのぞみ保育園,2歳,147.5,29.5,0.8260869565217391,0.0,11.478260869565217,0.0,5.0
港北区,おおくらやまえきまえのぞみ保育園,0歳,147.5,29.5,20.608695652173914,0.0,6.0,0.0,5.0
瀬谷区,横浜市瀬谷第二保育園,2歳,147.5,29.5,5.0,0.0,18.043478260869566,0.0,5.0
瀬谷区,横浜市瀬谷第二保育園,1歳,147.5,29.5,21.17391304347826,0.0,15.0,0.0,5.0
瀬谷区,横浜市二ツ橋保育園,1歳,147.5,29.5,6.173913043478261,0.0,6.0,0.0,5.0
瀬谷区,横浜市二ツ橋保育園,0歳,147.5,29.5,0.0,0.0,0.0,0.0,5.0
瀬谷区,新美保育室（にいみ＊るーむ）,5歳,55.0,11.0,0.0,0.0,0.0,0.0,5.0
瀬谷区,新美保育室（にいみ＊るーむ）,4歳,55.0,11.0,0.0,0.0,0.0,0.0,5.0
瀬谷区,新美保育室（にいみ＊るーむ）,3歳,55.0,11.0,0.0,0.0,0.0,0.0,5.0
瀬谷区,新美保育室（にいみ＊るーむ）,1歳,55.0,11.0,0.0,0.0,0.0,0.0,5.0
瀬谷区,新美保育室（にいみ＊るーむ）,0歳,55.0,11.0,0.0,0.0,0.0,0.0,5.0
瀬谷区,幼保連携型認定こども園　みなみ幼稚園,2歳,55.0,11.0,2.909090909090909,0.0,15.0,0.0,5.0
瀬谷区,幼保連携型認定こども園　みなみ幼稚園,1歳,55.0,11.0,6.2727272727272725,0.0,12.0,0.0,5.0
瀬谷区,幼保連携型認定こども園　みなみ幼稚園,0歳,55.0,11.0,0.0,0.0,0.0,0.0,5.0
瀬谷区,小規模保育事業　のぞみせや保育園,5歳,10.0,2.0,0.0,0.0,0.0,0.0,5.0
瀬谷区,小規模保育事業　のぞみせや保育園,4歳,10.0,2.0,0.0,0.0,0.0,0.0,5.0
瀬谷区,小規模保育事業　のぞみせや保育園,3歳,10.0,2.0,0.0,0.0,0.0,0.0,5.0
瀬谷区,小規模保育事業　のぞみせや保育園,2歳,10.0,2.0,4.0,0.0,10.0,0.0,5.0
瀬谷区,小規模保育事業　のぞみせや保育園,1歳,10.0,2.0,7.0,0.0,9.0,0.0,5.0
港北区,きゅーぴーるーむ大倉山園,5歳,147.5,29.5,0.0,0.0,0.0,0.0,5.0
港北区,きゅーぴーるーむ大倉山園,4歳,147.5,29.5,0.0,0.0,0.0,0.0,5.0
港北区,きゅーぴーるーむ大倉山園,3歳,147.5,29.5,0.0,0.0,0.0,0.0,5.0
港北区,おおつな森の保育園,1歳,147.5,29.5,0.0,0.0,0.0,0.0,5.0
港北区,おおつな森の保育園,0歳,147.5,29.5,0.0,0.0,0.0,0.0,5.0
港北区,くっくおさんぽ保育園ふとお,2歳,147.5,29.5,0.0,0.0,0.0,0.0,5.0
港北区,くっくおさんぽ保育園ふとお,1歳,147.5,29.5,0.0,0.0,0.13043478260869565,0.0,5.0
港北区,くっくおさんぽ保育園ふとお,0歳,147.5,29.5,0.0,0.0,0.0,0.0,5.0
港北区,くじら保育園,5歳,147.5,29.5,0.0,0.0,0.0,0.0,5.0
港北区,くじら保育園,4歳,147.5,29.5,0.0,0.0,0.0,0.0,5.0
港北区,くじら保育園,3歳,147.5,29.5,0.0,0.0,0.0,0.0,5.0
瀬谷区,小規模保育事業　のぞみせや保育園,0歳,10.0,2.0,0.0,0.0,0.0,0.0,5.0
瀬谷区,保育室「ネスト」,2歳,147.5,29.5,3.0869565217391304,0.0,7.0,0.0,5.0
瀬谷区,保育室「ネスト」,1歳,147.5,29.5,21.391304347826086,0.0,7.0,0.0,5.0
瀬谷区,下瀬谷保育園,3歳,147.5,29.5,1.3478260869565217,0.0,15.0,0.0,5.0
瀬谷区,下瀬谷保育園,2歳,147.5,29.5,0.391304347826087,0.0,15.0,0.0,5.0
瀬谷区,下瀬谷保育園,0歳,147.5,29.5,0.0,0.0,0.0,0.0,5.0
瀬谷区,ネスト瀬谷,5歳,147.5,29.5,0.4782608695652174,0.0,13.0,0.0,5.0
瀬谷区,ネスト瀬谷,4歳,147.5,29.5,0.0,0.0,13.0,0.0,5.0
瀬谷区,ネスト瀬谷,3歳,147.5,29.5,2.0434782608695654,0.0,13.0,0.0,5.0
瀬谷区,ネスト瀬谷,2歳,147.5,29.5,7.956521739130435,0.0,7.043478260869565,0.0,5.0
瀬谷区,ネスト瀬谷,1歳,147.5,29.5,44.69565217391305,0.0,7.0,0.0,5.0
瀬谷区,ネスト瀬谷,0歳,147.5,29.5,61.21739130434783,0.0,7.0,0.0,5.0
瀬谷区,ネストぽぽ,5歳,147.5,29.5,0.0,0.0,0.0,0.0,5.0
瀬谷区,ネストぽぽ,4歳,147.5,29.5,0.0,0.0,0.0,0.0,5.0
瀬谷区,ネストぽぽ,3歳,147.5,29.5,0.0,0.0,0.0,0.0,5.0
瀬谷区,ネストうーたん,5歳,147.5,29.5,0.0,0.0,0.0,0.0,5.0
瀬谷区,ネストうーたん,4歳,147.5,29.5,0.0,0.0,0.0,0.0,5.0
瀬谷区,ネストうーたん,3歳,147.5,29.5,0.0,0.0,0.0,0.0,5.0
瀬谷区,ネストうーたん,1歳,147.5,29.5,13.304347826086957,0.0,8.956521739130435,0.0,5.0
港北区,こどものまち綱島西保育園,0歳,147.5,29.5,0.0,0.0,0.0,0.0,5.0
瀬谷区,ティンクル瀬谷保育園,2歳,147.5,29.5,6.434782608695652,0.0,22.0,0.0,5.0
瀬谷区,ティンクル瀬谷保育園,1歳,147.5,29.5,29.434782608695652,0.0,20.0,0.0,5.0
瀬谷区,ティンクル瀬谷保育園,0歳,147.5,29.5,39.65217391304348,0.0,12.0,0.0,5.0
瀬谷区,シャローム三育保育園,5歳,147.5,29.5,0.0,0.0,16.0,0.0,5.0
瀬谷区,シャローム三育保育園,2歳,147.5,29.5,3.739130434782609,0.0,14.956521739130435,0.0,5.0
瀬谷区,グローバルキッズ三ツ境園,1歳,147.5,29.5,11.434782608695652,0.0,12.0,0.0,5.0
港北区,すくすくの杜綱島SST保育園,5歳,10.0,2.0,0.0,0.0,0.0,0.0,5.0
港北区,すくすくの杜綱島SST保育園,4歳,10.0,2.0,0.0,0.0,0.0,0.0,5.0
港北区,すくすくの杜綱島SST保育園,3歳,10.0,2.0,0.0,0.0,0.0,0.0,5.0
港北区,しんよしだこども園（保育所部分）,1歳,147.5,29.5,9.565217391304348,0.0,23.82608695652174,0.0,5.0
港北区,しんよしだこども園（保育所部分）,0歳,147.5,29.5,10.956521739130435,0.0,8.956521739130435,0.0,5.0
瀬谷区,グローバルキッズ三ツ境園,0歳,147.5,29.5,0.0,0.0,0.0,0.0,5.0
瀬谷区,わらべ細谷戸保育園,0歳,147.5,29.5,0.0,0.0,0.0,0.0,5.0
瀬谷区,ゆたか保育園,5歳,147.5,29.5,0.0,0.0,9.130434782608695,0.0,5.0
瀬谷区,ゆたか保育園,4歳,147.5,29.5,0.4782608695652174,0.0,9.869565217391305,0.0,5.0
瀬谷区,ほうゆう保育園,3歳,147.5,29.5,0.08695652173913043,0.0,13.217391304347826,0.0,5.0
瀬谷区,ほうゆう保育園,2歳,147.5,29.5,0.9565217391304348,0.0,14.782608695652174,0.0,5.0
瀬谷区,ほうゆう保育園,0歳,147.5,29.5,5.391304347826087,0.0,3.0,0.0,5.0
瀬谷区,はぐ＠ねすと,5歳,147.5,29.5,0.0,0.0,0.0,0.0,5.0
瀬谷区,はぐ＠ねすと,4歳,147.5,29.5,0.0,0.0,0.0,0.0,5.0
瀬谷区,はぐ＠ねすと,3歳,147.5,29.5,0.0,0.0,0.0,0.0,5.0
瀬谷区,はぐ＠ねすと,2歳,147.5,29.5,1.8695652173913044,0.0,5.478260869565218,0.0,5.0
瀬谷区,はぐ＠ねすと,1歳,147.5,29.5,14.08695652173913,0.0,5.0,0.0,5.0
瀬谷区,はぐ＠ねすと,0歳,147.5,29.5,10.521739130434783,0.0,1.5217391304347827,0.0,5.0
瀬谷区,てぃんく２＠ねすと,5歳,147.5,29.5,0.0,0.0,0.0,0.0,5.0
瀬谷区,てぃんく２＠ねすと,4歳,147.5,29.5,0.0,0.0,0.0,0.0,5.0
瀬谷区,てぃんく２＠ねすと,3歳,147.5,29.5,0.0,0.0,0.0,0.0,5.0
瀬谷区,てぃんく２＠ねすと,1歳,147.5,29.5,14.391304347826088,0.0,6.0,0.0,5.0
瀬谷区,てぃんく２＠ねすと,0歳,147.5,29.5,12.782608695652174,0.0,3.0,0.0,5.0
瀬谷区,stellar education garden阿久和小規模保育園,5歳,147.5,29.5,0.0,0.0,0.0,0.0,5.0
港北区,つばき駅前保育園,0歳,117.5,23.5,0.0,0.0,0.0,0.0,5.0
港北区,ちいさなたね保育園,1歳,147.5,29.5,2.4782608695652173,0.0,11.0,0.0,5.0
港北区,ちいさなたね保育園,0歳,147.5,29.5,6.173913043478261,0.0,3.0,0.0,5.0
港北区,たんぽぽ保育園,5歳,147.5,29.5,0.0,0.0,13.0,0.0,5.0
瀬谷区,stellar education garden阿久和小規模保育園,4歳,147.5,29.5,0.0,0.0,0.0,0.0,5.0
瀬谷区,stellar education garden阿久和小規模保育園,3歳,147.5,29.5,0.0,0.0,0.0,0.0,5.0
瀬谷区,stellar education garden阿久和小規模保育園,0歳,147.5,29.5,0.0,0.0,0.0,0.0,5.0
瀬谷区,preschool COCO ALICE,5歳,92.5,18.5,0.0,0.0,0.0,0.0,5.0
瀬谷区,preschool COCO ALICE,4歳,92.5,18.5,0.0,0.0,0.0,0.0,5.0
瀬谷区,preschool COCO ALICE,3歳,92.5,18.5,0.0,0.0,0.0,0.0,5.0
瀬谷区,preschool COCO ALICE,1歳,92.5,18.5,17.75,0.0,9.083333333333334,0.0,5.0
瀬谷区,preschool COCO ALICE,0歳,92.5,18.5,0.0,0.0,0.0,0.0,5.0
瀬谷区,NPO法人ちびっこハウス,5歳,147.5,29.5,0.0,0.0,0.0,0.0,5.0
瀬谷区,NPO法人ちびっこハウス,4歳,147.5,29.5,0.0,0.0,0.0,0.0,5.0
瀬谷区,NPO法人ちびっこハウス,3歳,147.5,29.5,0.0,0.0,0.0,0.0,5.0
瀬谷区,NPO法人ちびっこハウス,1歳,147.5,29.5,7.173913043478261,0.0,9.0,0.0,5.0
港北区,にじいろ保育園日吉,1歳,147.5,29.5,28.434782608695652,0.0,12.0,0.0,5.0
港北区,なあな保育園,5歳,147.5,29.5,0.0,0.0,9.869565217391305,0.0,5.0
港北区,なあな保育園,4歳,147.5,29.5,0.391304347826087,0.0,10.217391304347826,0.0,5.0
瀬谷区,NPO法人ちびっこハウス,0歳,147.5,29.5,0.0,0.0,0.0,0.0,5.0
瀬谷区,Gakkenほいくえん二ツ橋,2歳,147.5,29.5,1.173913043478261,0.0,10.08695652173913,0.0,5.0
瀬谷区,Gakkenほいくえん二ツ橋,1歳,147.5,29.5,8.521739130434783,0.0,8.0,0.0,5.0
瀬谷区,Gakkenほいくえん二ツ橋,0歳,147.5,29.5,9.956521739130435,0.0,6.0,0.0,5.0
港南区,ＳＵＮはるかぜ保育園,2歳,147.5,29.5,2.0434782608695654,0.0,10.0,0.0,5.0
港南区,ＳＵＮはるかぜ保育園,1歳,147.5,29.5,5.478260869565218,0.0,8.0,0.0,5.0
港南区,ＳＵＮはるかぜ保育園,0歳,147.5,29.5,5.608695652173913,0.0,3.0,0.0,5.0
港南区,Ｐｏｃｏ　ａ　Ｐｏｃｏ保育園,5歳,147.5,29.5,0.0,0.0,0.0,0.0,5.0
港南区,Ｐｏｃｏ　ａ　Ｐｏｃｏ保育園,4歳,147.5,29.5,0.0,0.0,0.0,0.0,5.0
港南区,Ｐｏｃｏ　ａ　Ｐｏｃｏ保育園,3歳,147.5,29.5,0.0,0.0,0.0,0.0,5.0
港北区,にじいろ保育園綱島東,1歳,147.5,29.5,5.565217391304348,0.0,8.0,0.0,5.0
港北区,にじいろ保育園綱島東,0歳,147.5,29.5,0.0,0.0,0.0,0.0,5.0
港北区,にじいろ保育園綱島,1歳,147.5,29.5,4.739130434782608,0.0,8.0,0.0,5.0
港北区,にじいろ保育園箕輪町,1歳,147.5,29.5,13.478260869565217,0.0,11.0,0.0,5.0
港北区,にじいろ保育園箕輪町,0歳,147.5,29.5,0.0,0.0,0.0,0.0,5.0
港南区,Ｐｏｃｏ　ａ　Ｐｏｃｏ保育園,1歳,147.5,29.5,3.608695652173913,0.0,8.0,0.0,5.0
港南区,ＣＯＳＭＯＳ保育園,4歳,147.5,29.5,0.0,0.0,10.73913043478261,0.0,5.0
港南区,ＣＯＳＭＯＳ保育園,0歳,147.5,29.5,4.782608695652174,0.0,3.0,0.0,5.0
港南区,風の丘・上大岡東保育園,5歳,147.5,29.5,0.0,0.0,19.956521739130434,0.0,5.0
港南区,風の丘・上大岡東保育園,2歳,147.5,29.5,4.956521739130435,0.0,11.0,0.0,5.0
港南区,風の丘・上大岡東保育園,1歳,147.5,29.5,5.434782608695652,0.0,9.0,0.0,5.0
港南区,風の丘・上大岡東保育園,0歳,147.5,29.5,6.565217391304348,0.0,3.0,0.0,5.0
港北区,ばばほいくしつ綱島,5歳,147.5,29.5,0.0,0.0,0.0,0.0,5.0
港北区,ばばほいくしつ綱島,4歳,147.5,29.5,0.0,0.0,0.0,0.0,5.0
港北区,ばばほいくしつ綱島,3歳,147.5,29.5,0.0,0.0,0.0,0.0,5.0
港北区,ばばほいくしつ綱島,0歳,147.5,29.5,1.565217391304348,0.0,2.0,0.0,5.0
港北区,はなまる保育園,5歳,147.5,29.5,0.0,0.0,0.0,0.0,5.0
港北区,はなまる保育園,4歳,147.5,29.5,0.0,0.0,0.0,0.0,5.0
港北区,はなまる保育園,3歳,147.5,29.5,0.0,0.0,0.0,0.0,5.0
港南区,赤い屋根保育園,2歳,147.5,29.5,8.0,0.0,20.0,0.0,5.0
港南区,赤い屋根保育園,0歳,147.5,29.5,30.17391304347826,0.0,12.0,0.0,5.0
港南区,認定こども園関東学院のびのびのば園,5歳,147.5,29.5,1.4782608695652173,0.0,11.73913043478261,0.0,5.0
港南区,認定こども園関東学院のびのびのば園,4歳,147.5,29.5,0.2608695652173913,0.0,13.73913043478261,0.0,5.0
港南区,認定こども園関東学院のびのびのば園,1歳,147.5,29.5,7.434782608695652,0.0,16.0,0.0,5.0
港南区,認定こども園関東学院のびのびのば園,0歳,147.5,29.5,0.0,0.0,0.0,0.0,5.0
港南区,認定こども園ムロノキッズ　室の木幼稚園・プリスクール室の木,5歳,147.5,29.5,0.4782608695652174,0.0,11.0,0.0,5.0
港南区,認定こども園ムロノキッズ　室の木幼稚園・プリスクール室の木,4歳,147.5,29.5,0.0,0.0,11.0,0.0,5.0
港南区,認定こども園ムロノキッズ　室の木幼稚園・プリスクール室の木,3歳,147.5,29.5,1.565217391304348,0.0,11.0,0.0,5.0
港南区,認定こども園ムロノキッズ　室の木幼稚園・プリスクール室の木,1歳,147.5,29.5,11.73913043478261,0.0,7.0,0.0,5.0
港南区,認定こども園ムロノキッズ　室の木幼稚園・プリスクール室の木,0歳,147.5,29.5,10.521739130434783,0.0,6.0,0.0,5.0
港南区,認定こども園　野庭聖佳幼稚園,2歳,147.5,29.5,0.0,0.0,0.0,0.0,5.0
港南区,認定こども園　野庭聖佳幼稚園,1歳,147.5,29.5,0.0,0.0,0.0,0.0,5.0
港南区,認定こども園　野庭聖佳幼稚園,0歳,147.5,29.5,0.0,0.0,0.0,0.0,5.0
港北区,ぶれすと綱島ほいくえん,0歳,147.5,29.5,9.173913043478262,0.0,3.0,0.0,5.0
港北区,ぶれすと新横浜ほいくえん,5歳,147.5,29.5,0.08695652173913043,0.0,14.521739130434783,0.0,5.0
港北区,ぶれすと新横浜ほいくえん,4歳,147.5,29.5,1.0869565217391304,0.0,14.521739130434783,0.0,5.0
港北区,ぶれすと新横浜ほいくえん,2歳,147.5,29.5,4.869565217391305,0.0,12.0,0.0,5.0
港南区,認定こども園　竹の子幼稚園,2歳,147.5,29.5,0.0,0.0,0.0,0.0,5.0
港南区,認定こども園　竹の子幼稚園,1歳,147.5,29.5,0.0,0.0,0.0,0.0,5.0
港南区,認定こども園　竹の子幼稚園,0歳,147.5,29.5,0.0,0.0,0.0,0.0,5.0
港南区,認定こども園　森が丘幼稚園,1歳,147.5,29.5,1.826086956521739,0.0,6.478260869565218,0.0,5.0
港南区,認定こども園　森が丘幼稚園,0歳,147.5,29.5,0.0,0.0,0.0,0.0,5.0
港南区,認定こども園　日野幼稚園,2歳,147.5,29.5,0.0,0.0,0.0,0.0,5.0
港南区,認定こども園　日野幼稚園,1歳,147.5,29.5,0.0,0.0,0.0,0.0,5.0
港南区,認定こども園　日野幼稚園,0歳,147.5,29.5,0.0,0.0,0.0,0.0,5.0
港北区,まなびの森　日吉こども園,1歳,92.5,18.5,0.6666666666666666,0.0,12.0,0.0,5.0
港北区,まなびの森　日吉こども園,0歳,92.5,18.5,5.25,0.0,6.0,0.0,5.0
港北区,まなびの森　ヴィラ日吉こども園,1歳,92.5,18.5,8.5,0.0,12.0,0.0,5.0
港北区,まなびの森　ヴィラ日吉こども園,0歳,92.5,18.5,25.833333333333332,0.0,3.0,0.0,5.0
港北区,ほわいと保育園　きくな,5歳,30.0,6.0,0.0,0.0,0.0,0.0,5.0
港北区,ほわいと保育園　きくな,4歳,30.0,6.0,0.0,0.0,0.0,0.0,5.0
港北区,ほわいと保育園　きくな,3歳,30.0,6.0,0.0,0.0,0.0,0.0,5.0
港北区,ほわいと保育園　きくな,1歳,30.0,6.0,0.16666666666666666,0.0,8.0,0.0,5.0
港北区,ほわいと保育園　きくな,0歳,30.0,6.0,0.8333333333333334,0.0,3.0,0.0,5.0
港南区,認定こども園　大谷幼稚園,2歳,147.5,29.5,0.0,0.0,0.0,0.0,5.0
港南区,認定こども園　大谷幼稚園,1歳,147.5,29.5,0.0,0.0,0.0,0.0,5.0
港南区,認定こども園　大谷幼稚園,0歳,147.5,29.5,0.0,0.0,0.0,0.0,5.0
港南区,芹が谷ぴよっこ保育園,5歳,147.5,29.5,0.043478260869565216,0.0,12.521739130434783,0.0,5.0
港南区,芹が谷ぴよっこ保育園,4歳,147.5,29.5,1.0,0.0,13.0,0.0,5.0
港南区,芹が谷ぴよっこ保育園,2歳,147.5,29.5,5.043478260869565,0.0,11.478260869565217,0.0,5.0
港南区,芹が谷ぴよっこ保育園,1歳,147.5,29.5,9.217391304347826,0.0,11.304347826086957,0.0,5.0
港南区,育美保育園,3歳,40.0,8.0,0.5,0.0,16.0,0.0,5.0
港南区,育美保育園,1歳,40.0,8.0,3.75,0.0,16.0,0.0,5.0
港北区,まなびの森　菊名こども園,5歳,92.5,18.5,1.1666666666666667,0.0,12.166666666666666,0.0,5.0
港北区,まなびの森　菊名こども園,2歳,92.5,18.5,0.75,0.0,12.083333333333334,0.0,5.0
港北区,まなびの森　菊名こども園,1歳,92.5,18.5,3.9166666666666665,0.0,12.0,0.0,5.0
港北区,まなびの森　菊名こども園,0歳,92.5,18.5,14.166666666666666,0.0,3.0,0.0,5.0
港北区,まなびの森　綱島こども園,5歳,92.5,18.5,0.0,0.0,11.0,0.0,5.0
港北区,まなびの森　綱島こども園,3歳,92.5,18.5,0.0,0.0,11.25,0.0,5.0
港北区,まなびの森　綱島こども園,1歳,92.5,18.5,4.5,0.0,12.916666666666666,0.0,5.0
港北区,まなびの森　綱島こども園,0歳,92.5,18.5,6.166666666666667,0.0,6.0,0.0,5.0
港北区,まなびの森　日吉こども園,5歳,92.5,18.5,0.0,0.0,13.0,0.0,5.0
港北区,まなびの森　日吉こども園,3歳,92.5,18.5,0.0,0.0,13.083333333333334,0.0,5.0
港南区,笹下南つくしんぼ保育園,2歳,147.5,29.5,0.9130434782608695,0.0,15.91304347826087,0.0,5.0
港南区,笹下南つくしんぼ保育園,1歳,147.5,29.5,7.608695652173913,0.0,14.0,0.0,5.0
港南区,笹下保育園,1歳,147.5,29.5,7.3478260869565215,0.0,12.0,0.0,5.0
港南区,白峰保育園,3歳,147.5,29.5,1.7826086956521738,0.0,18.0,0.0,5.0
港北区,みらいく日吉本町園,4歳,147.5,29.5,0.0,0.0,0.0,0.0,5.0
港北区,みらいく日吉本町園,3歳,147.5,29.5,0.0,0.0,0.0,0.0,5.0
港北区,みのわのぞみ保育園,1歳,147.5,29.5,11.956521739130435,0.0,10.956521739130435,0.0,5.0
港北区,みのわのぞみ保育園,0歳,147.5,29.5,0.0,0.0,0.0,0.0,5.0
港北区,まめどくれっしゅ,1歳,147.5,29.5,4.086956521739131,0.0,8.0,0.0,5.0
港南区,港南台保育園,5歳,147.5,29.5,0.043478260869565216,0.0,23.52173913043478,0.0,5.0
港南区,港南台保育園,4歳,147.5,29.5,1.3043478260869565,0.0,23.956521739130434,0.0,5.0
港南区,港南台保育園,2歳,147.5,29.5,8.652173913043478,0.0,21.956521739130434,0.0,5.0
港南区,港南台保育園,1歳,147.5,29.5,29.782608695652176,0.0,19.956521739130434,0.0,5.0
港南区,港南台つばさ保育園,4歳,147.5,29.5,0.30434782608695654,0.0,12.043478260869565,0.0,5.0
港南区,港南台つばさ保育園,3歳,147.5,29.5,0.5652173913043478,0.0,12.521739130434783,0.0,5.0
港南区,港南台つばさ保育園,2歳,147.5,29.5,2.739130434782609,0.0,12.0,0.0,5.0
港南区,港南台つばさ保育園,1歳,147.5,29.5,8.391304347826088,0.0,12.0,0.0,5.0
港南区,港南台つばさ保育園,0歳,147.5,29.5,0.0,0.0,0.0,0.0,5.0
港南区,港南台きらきら保育園,5歳,147.5,29.5,0.0,0.0,0.0,0.0,5.0
港南区,港南台きらきら保育園,4歳,147.5,29.5,0.0,0.0,0.0,0.0,5.0
港南区,港南台きらきら保育園,3歳,147.5,29.5,0.0,0.0,0.0,0.0,5.0
港南区,港南台きらきら保育園,1歳,147.5,29.5,7.913043478260869,0.0,9.0,0.0,5.0
港南区,港南台きらきら保育園,0歳,147.5,29.5,0.0,0.0,0.0,0.0,5.0
港南区,港南中央サンフラワー保育園,5歳,92.5,18.5,0.0,0.0,0.0,0.0,5.0
港南区,港南中央サンフラワー保育園,4歳,92.5,18.5,0.0,0.0,0.0,0.0,5.0
港南区,港南中央サンフラワー保育園,3歳,92.5,18.5,0.0,0.0,0.0,0.0,5.0
港南区,港南中央サンフラワー保育園,1歳,92.5,18.5,5.333333333333333,0.0,11.0,0.0,5.0
港北区,みらいく矢上園,1歳,147.5,29.5,4.3478260869565215,0.0,8.0,0.0,5.0
港北区,みらいく日吉本町園,5歳,147.5,29.5,0.0,0.0,0.0,0.0,5.0
港南区,港南中央サンフラワー保育園,0歳,92.5,18.5,0.0,0.0,0.0,0.0,5.0
港南区,港南ひまわり保育園,3歳,147.5,29.5,0.9565217391304348,0.0,12.0,0.0,5.0
港南区,港南ひまわり保育園,1歳,147.5,29.5,6.086956521739131,0.0,12.08695652173913,0.0,5.0
港南区,港南はるかぜ保育園,1歳,147.5,29.5,9.521739130434783,0.0,20.0,0.0,5.0
港南区,港南つくしんぼ保育園,5歳,147.5,29.5,0.5217391304347826,0.0,22.043478260869566,0.0,5.0
港南区,港南つくしんぼ保育園,4歳,147.5,29.5,0.13043478260869565,0.0,22.08695652173913,0.0,5.0
港南区,港南つくしんぼ保育園,3歳,147.5,29.5,1.434782608695652,0.0,23.47826086956522,0.0,5.0
港北区,もしもしのほし日吉保育園,5歳,147.5,29.5,0.0,0.0,0.0,0.0,5.0
港北区,もしもしのほし日吉保育園,4歳,147.5,29.5,0.0,0.0,0.0,0.0,5.0
港北区,もしもしのほし日吉保育園,3歳,147.5,29.5,0.0,0.0,0.0,0.0,5.0
港北区,もしもしのほし日吉保育園,0歳,147.5,29.5,3.4347826086956523,0.0,3.0,0.0,5.0
港北区,みらいこうほく保育園,5歳,147.5,29.5,0.0,0.0,0.0,0.0,5.0
港北区,みらいこうほく保育園,4歳,147.5,29.5,0.0,0.0,0.0,0.0,5.0
港北区,みらいこうほく保育園,3歳,147.5,29.5,0.0,0.0,0.0,0.0,5.0
港南区,港南つくしんぼ保育園,1歳,147.5,29.5,17.652173913043477,0.0,24.043478260869566,0.0,5.0
港南区,港南つくしんぼ保育園,0歳,147.5,29.5,33.391304347826086,0.0,11.869565217391305,0.0,5.0
港南区,港南あひる保育園,5歳,147.5,29.5,0.0,0.0,9.521739130434783,0.0,5.0
港南区,港南あひる保育園,4歳,147.5,29.5,0.4782608695652174,0.0,9.521739130434783,0.0,5.0
港南区,港南あひる保育園,3歳,147.5,29.5,0.5652173913043478,0.0,9.521739130434783,0.0,5.0
港南区,港南あひる保育園,2歳,147.5,29.5,4.217391304347826,0.0,9.0,0.0,5.0
港南区,港南あひる保育園,1歳,147.5,29.5,8.173913043478262,0.0,9.0,0.0,5.0
港南区,港南あひる保育園,0歳,147.5,29.5,6.913043478260869,0.0,3.0,0.0,5.0
港南区,横浜市野庭第二保育園,1歳,147.5,29.5,6.130434782608695,0.0,18.0,0.0,5.0
港北区,アイグラン保育園高田東,0歳,147.5,29.5,11.043478260869565,0.0,8.956521739130435,0.0,5.0
港南区,横浜市大久保保育園,1歳,147.5,29.5,9.130434782608695,0.0,14.91304347826087,0.0,5.0
港南区,横浜大谷保育園,5歳,92.5,18.5,0.0,0.0,0.0,0.0,5.0
港南区,横浜大谷保育園,4歳,92.5,18.5,0.0,0.0,0.0,0.0,5.0
港南区,横浜大谷保育園,3歳,92.5,18.5,0.0,0.0,0.0,0.0,5.0
港南区,横浜大谷保育園,0歳,92.5,18.5,0.0,0.0,0.0,0.0,5.0
港南区,横浜こども保育園,3歳,112.5,22.5,0.1875,0.0,16.6875,0.0,5.0
港南区,日野保育園,5歳,147.5,29.5,0.0,0.0,14.91304347826087,0.0,5.0
港南区,小学館アカデミーかみおおおか保育園,5歳,147.5,29.5,0.0,0.0,10.0,0.0,5.0
港南区,小学館アカデミーかみおおおか保育園,1歳,147.5,29.5,19.217391304347824,0.0,10.0,0.0,5.0
港南区,太陽の子　港南台保育園,4歳,147.5,29.5,1.2173913043478262,0.0,11.0,0.0,5.0
港南区,太陽の子　港南台保育園,1歳,147.5,29.5,13.869565217391305,0.0,11.0,0.0,5.0
港南区,保育室アーモ,5歳,147.5,29.5,0.0,0.0,0.0,0.0,5.0
港南区,保育室アーモ,4歳,147.5,29.5,0.0,0.0,0.0,0.0,5.0
港南区,保育室アーモ,3歳,147.5,29.5,0.0,0.0,0.0,0.0,5.0
港南区,京急キッズランド上永谷保育園,1歳,147.5,29.5,15.73913043478261,0.0,10.0,0.0,5.0
港南区,京急キッズランド上大岡保育園,4歳,147.5,29.5,0.043478260869565216,0.0,10.521739130434783,0.0,5.0
港南区,京急キッズランド上大岡保育園,3歳,147.5,29.5,0.8260869565217391,0.0,11.0,0.0,5.0
港南区,京急キッズランド上大岡保育園,2歳,147.5,29.5,3.782608695652174,0.0,10.0,0.0,5.0
港北区,アスクゆめみらい保育園,2歳,55.0,11.0,2.909090909090909,0.0,15.0,0.0,5.0
港北区,アスクゆめみらい保育園,1歳,55.0,11.0,20.636363636363637,0.0,14.909090909090908,0.0,5.0
港北区,アスクみのわ保育園,5歳,147.5,29.5,0.043478260869565216,0.0,14.043478260869565,0.0,5.0
港北区,アスクみのわ保育園,3歳,147.5,29.5,0.4782608695652174,0.0,14.478260869565217,0.0,5.0
港北区,アスクみのわ保育園,1歳,147.5,29.5,23.391304347826086,0.0,11.478260869565217,0.0,5.0
港南区,京急キッズランド上大岡保育園,0歳,147.5,29.5,12.391304347826088,0.0,7.391304347826087,0.0,5.0
港南区,丸山台保育園,1歳,147.5,29.5,10.347826086956522,0.0,14.956521739130435,0.0,5.0
港南区,上永谷西保育園,5歳,147.5,29.5,0.0,0.0,16.0,0.0,5.0
港南区,上永谷西保育園,4歳,147.5,29.5,0.0,0.0,16.0,0.0,5.0
港南区,上永谷西保育園,3歳,147.5,29.5,0.0,0.0,16.043478260869566,0.0,5.0
港南区,上永谷西保育園,0歳,147.5,29.5,6.173913043478261,0.0,3.0,0.0,5.0
港南区,上永谷保育園,4歳,147.5,29.5,0.0,0.0,17.565217391304348,0.0,5.0
港南区,上永谷保育園,3歳,147.5,29.5,0.6521739130434783,0.0,18.347826086956523,0.0,5.0
港北区,アスク日吉本町第二保育園,4歳,147.5,29.5,0.17391304347826086,0.0,11.869565217391305,0.0,5.0
港北区,アスク日吉本町第二保育園,2歳,147.5,29.5,1.6956521739130435,0.0,10.08695652173913,0.0,5.0
港北区,アスク大倉山保育園,0歳,147.5,29.5,11.782608695652174,0.0,5.0,0.0,5.0
港北区,アスクバイリンガル保育園ゆめみらい,4歳,92.5,18.5,0.0,0.0,19.0,0.0,5.0
港南区,上永谷保育園,1歳,147.5,29.5,7.217391304347826,0.0,9.0,0.0,5.0
港南区,上永谷保育園,0歳,147.5,29.5,0.0,0.0,0.0,0.0,5.0
港南区,上大岡ラビット保育園ＴＷＩＮＳ,5歳,147.5,29.5,0.0,0.0,0.0,0.0,5.0
港南区,上大岡ラビット保育園ＴＷＩＮＳ,4歳,147.5,29.5,0.0,0.0,0.0,0.0,5.0
港南区,上大岡ラビット保育園ＴＷＩＮＳ,3歳,147.5,29.5,0.0,0.0,0.0,0.0,5.0
港南区,上大岡ラビット保育園ＴＷＩＮＳ,2歳,147.5,29.5,1.6521739130434783,0.0,3.0,0.0,5.0
港南区,上大岡ラビット保育園ＴＷＩＮＳ,1歳,147.5,29.5,4.6521739130434785,0.0,3.0,0.0,5.0
港南区,上大岡ラビット保育園ＴＷＩＮＳ,0歳,147.5,29.5,4.173913043478261,0.0,1.4782608695652173,0.0,5.0
港南区,上大岡ゆう保育園,4歳,147.5,29.5,0.08695652173913043,0.0,24.0,0.0,5.0
港南区,上大岡はるかぜ保育園,5歳,147.5,29.5,0.0,0.0,18.565217391304348,0.0,5.0
港北区,イルカ保育園,4歳,147.5,29.5,0.0,0.0,0.0,0.0,5.0
港北区,イルカ保育園,3歳,147.5,29.5,0.0,0.0,0.0,0.0,5.0
港北区,アスク日吉東保育園,2歳,147.5,29.5,1.1304347826086956,0.0,13.043478260869565,0.0,5.0
港北区,アスク日吉東保育園,1歳,147.5,29.5,8.0,0.0,12.0,0.0,5.0
港南区,上大岡はるかぜ保育園,4歳,147.5,29.5,0.043478260869565216,0.0,19.52173913043478,0.0,5.0
港南区,上大岡はるかぜ保育園,3歳,147.5,29.5,1.565217391304348,0.0,20.0,0.0,5.0
港南区,上大岡はるかぜ保育園,1歳,147.5,29.5,9.521739130434783,0.0,16.956521739130434,0.0,5.0
港南区,上大岡はるかぜ保育園,0歳,147.5,29.5,13.73913043478261,0.0,6.0,0.0,5.0
港南区,ベネッセ 上大岡保育園,3歳,92.5,18.5,4.25,0.0,13.0,0.0,5.0
港南区,ベネッセ 上大岡保育園,2歳,92.5,18.5,5.416666666666667,0.0,11.0,0.0,5.0
港南区,ベネッセ 上大岡保育園,1歳,92.5,18.5,13.583333333333334,0.0,10.0,0.0,5.0
港南区,ベネッセ 上大岡保育園,0歳,92.5,18.5,0.0,0.0,0.0,0.0,5.0
港南区,ハートフルキッズ港南台保育園,5歳,10.0,2.0,0.0,0.0,0.0,0.0,5.0
港南区,ハートフルキッズ港南台保育園,4歳,10.0,2.0,0.0,0.0,0.0,0.0,5.0
港南区,ハートフルキッズ港南台保育園,3歳,10.0,2.0,0.0,0.0,0.0,0.0,5.0
港南区,ハートフルキッズ港南台保育園,2歳,10.0,2.0,2.0,0.0,12.0,0.0,5.0
港南区,ハートフルキッズ港南台保育園,1歳,10.0,2.0,1.0,0.0,9.0,0.0,5.0
港北区,キッズパートナー大倉山,2歳,147.5,29.5,0.0,0.0,5.0,0.0,5.0
港北区,オハナ新羽保育園,1歳,147.5,29.5,7.869565217391305,0.0,17.869565217391305,0.0,5.0
港北区,ウッズ保育園,1歳,147.5,29.5,4.6521739130434785,0.0,8.0,0.0,5.0
港北区,イルカ保育園,5歳,147.5,29.5,0.0,0.0,0.0,0.0,5.0
港南区,ハートフルキッズ港南台保育園,0歳,10.0,2.0,0.0,0.0,0.0,0.0,5.0
港南区,ニコニコ保育園,5歳,147.5,29.5,0.0,0.0,0.0,0.0,5.0
港南区,ニコニコ保育園,4歳,147.5,29.5,0.0,0.0,0.0,0.0,5.0
港南区,ニコニコ保育園,3歳,147.5,29.5,0.0,0.0,0.0,0.0,5.0
港南区,チェリーガーデン保育園,5歳,147.5,29.5,0.043478260869565216,0.0,20.0,0.0,5.0
港南区,チェリーガーデン保育園,4歳,147.5,29.5,0.0,0.0,20.0,0.0,5.0
港南区,チェリーガーデン保育園,1歳,147.5,29.5,11.73913043478261,0.0,12.956521739130435,0.0,5.0
港南区,チェリーガーデン保育園,0歳,147.5,29.5,6.521739130434782,0.0,8.0,0.0,5.0
港南区,スクルドエンジェル保育園上大岡園,5歳,147.5,29.5,0.0,0.0,0.0,0.0,5.0
港南区,スクルドエンジェル保育園上大岡園,4歳,147.5,29.5,0.0,0.0,0.0,0.0,5.0
港南区,スクルドエンジェル保育園上大岡園,3歳,147.5,29.5,0.0,0.0,0.0,0.0,5.0
港北区,キッズパートナー日吉,5歳,147.5,29.5,0.0,0.0,0.0,0.0,5.0
港北区,キッズパートナー日吉,4歳,147.5,29.5,0.0,0.0,0.0,0.0,5.0
港北区,キッズパートナー日吉,3歳,147.5,29.5,0.0,0.0,0.0,0.0,5.0
港北区,キッズパートナー小机,0歳,147.5,29.5,17.217391304347824,0.0,3.0,0.0,5.0
港北区,キッズパートナー大倉山,5歳,147.5,29.5,0.0,0.0,0.0,0.0,5.0
港北区,キッズパートナー大倉山,4歳,147.5,29.5,0.0,0.0,0.0,0.0,5.0
港北区,キッズパートナー大倉山,3歳,147.5,29.5,0.0,0.0,0.0,0.0,5.0
港南区,スクルドエンジェル保育園上大岡園,0歳,147.5,29.5,0.0,0.0,0.0,0.0,5.0
港南区,サイド・サン保育園,3歳,147.5,29.5,1.1304347826086956,0.0,13.0,0.0,5.0
港南区,サイド・サン保育園,2歳,147.5,29.5,6.391304347826087,0.0,11.0,0.0,5.0
港南区,サイド・サン保育園,1歳,147.5,29.5,12.434782608695652,0.0,10.0,0.0,5.0
港南区,サイド・サン保育園,0歳,147.5,29.5,0.0,0.0,0.0,0.0,5.0
港南区,グローバルキッズ上大岡園,3歳,147.5,29.5,0.9130434782608695,0.0,14.0,0.0,5.0
港南区,グローバルキッズ上大岡園,2歳,147.5,29.5,3.9565217391304346,0.0,12.0,0.0,5.0
港南区,グローバルキッズ上大岡園,1歳,147.5,29.5,12.652173913043478,0.0,12.0,0.0,5.0
港南区,グローバルキッズ上大岡園,0歳,147.5,29.5,18.26086956521739,0.0,3.0,0.0,5.0
港北区,キッズフォレ綱島,1歳,147.5,29.5,1.8695652173913044,0.0,8.521739130434783,0.0,5.0
港北区,キッズフォレ綱島,0歳,147.5,29.5,0.0,0.0,0.0,0.0,5.0
港北区,キッズパートナー綱島東,1歳,147.5,29.5,4.521739130434782,0.0,9.0,0.0,5.0
港北区,キッズパートナー綱島,5歳,147.5,29.5,0.0,0.0,0.0,0.0,5.0
港北区,キッズパートナー綱島,4歳,147.5,29.5,0.0,0.0,0.0,0.0,5.0
港北区,キッズパートナー綱島,3歳,147.5,29.5,0.0,0.0,0.0,0.0,5.0
港南区,クオリスキッズ港南中央保育園,1歳,147.5,29.5,10.391304347826088,0.0,14.956521739130435,0.0,5.0
港南区,クオリスキッズ港南中央保育園,0歳,147.5,29.5,14.565217391304348,0.0,6.0,0.0,5.0
港南区,クオリスキッズ上大岡駅前保育園,5歳,147.5,29.5,0.0,0.0,0.0,0.0,5.0
港南区,クオリスキッズ上大岡駅前保育園,4歳,147.5,29.5,0.0,0.0,0.0,0.0,5.0
港南区,クオリスキッズ上大岡駅前保育園,3歳,147.5,29.5,0.0,0.0,0.0,0.0,5.0
港南区,クオリスキッズ上大岡西保育園,5歳,147.5,29.5,0.0,0.0,0.0,0.0,5.0
港南区,クオリスキッズ上大岡西保育園,4歳,147.5,29.5,0.0,0.0,0.0,0.0,5.0
港南区,クオリスキッズ上大岡西保育園,3歳,147.5,29.5,0.0,0.0,0.0,0.0,5.0
港南区,クオリスキッズ上大岡西保育園,2歳,147.5,29.5,1.1304347826086956,0.0,6.565217391304348,0.0,5.0
港南区,キッズガーデン横浜最戸,5歳,147.5,29.5,0.043478260869565216,0.0,12.0,0.0,5.0
港南区,キッズガーデン横浜最戸,4歳,147.5,29.5,0.043478260869565216,0.0,12.0,0.0,5.0
港南区,キッズガーデン横浜最戸,3歳,147.5,29.5,1.3478260869565217,0.0,12.0,0.0,5.0
港南区,キッズガーデン横浜最戸,1歳,147.5,29.5,21.17391304347826,0.0,8.0,0.0,5.0
港南区,キッズアミ,5歳,147.5,29.5,0.0,0.0,0.0,0.0,5.0
港南区,キッズアミ,4歳,147.5,29.5,0.0,0.0,0.0,0.0,5.0
港南区,キッズアミ,3歳,147.5,29.5,0.0,0.0,0.0,0.0,5.0
港南区,キッズアミ,1歳,147.5,29.5,8.521739130434783,0.0,6.0,0.0,5.0
港南区,キッズアミ,0歳,147.5,29.5,7.217391304347826,0.0,3.0,0.0,5.0
港南区,オハナ上永谷保育園,5歳,147.5,29.5,0.0,0.0,18.0,0.0,5.0
港南区,オハナ上永谷保育園,4歳,147.5,29.5,0.4782608695652174,0.0,18.0,0.0,5.0
港北区,キッズラボ菊名園,5歳,147.5,29.5,0.0,0.0,0.0,0.0,5.0
港北区,キッズラボ菊名園,4歳,147.5,29.5,0.0,0.0,0.0,0.0,5.0
港北区,キッズラボ菊名園,3歳,147.5,29.5,0.0,0.0,0.0,0.0,5.0
港南区,オハナ上永谷保育園,1歳,147.5,29.5,16.043478260869566,0.0,12.08695652173913,0.0,5.0
港南区,オハナ上永谷保育園,0歳,147.5,29.5,16.782608695652176,0.0,6.0,0.0,5.0
港南区,アスク港南中央保育園,3歳,147.5,29.5,0.34782608695652173,0.0,19.956521739130434,0.0,5.0
港南区,アスク港南中央保育園,2歳,147.5,29.5,0.8695652173913043,0.0,18.82608695652174,0.0,5.0
港南区,アスク上大岡保育園,5歳,147.5,29.5,0.0,0.0,10.478260869565217,0.0,5.0
港南区,アスク上大岡保育園,2歳,147.5,29.5,4.217391304347826,0.0,10.0,0.0,5.0
港南区,アスク上大岡保育園,0歳,147.5,29.5,15.73913043478261,0.0,6.0,0.0,5.0
港南区,アスクさいど保育園,5歳,147.5,29.5,0.043478260869565216,0.0,14.565217391304348,0.0,5.0
港北区,グローバルキッズ下田町園,2歳,147.5,29.5,0.4782608695652174,0.0,7.0,0.0,5.0
港北区,グローバルキッズ下田町園,1歳,147.5,29.5,2.8260869565217392,0.0,6.0,0.0,5.0
港北区,グローバルキッズ下田町園,0歳,147.5,29.5,0.0,0.0,0.0,0.0,5.0
港南区,アスクさいど保育園,0歳,147.5,29.5,23.47826086956522,0.0,8.478260869565217,0.0,5.0
港南区,めぐみ保育園,5歳,147.5,29.5,0.0,0.0,0.0,0.0,5.0
港南区,めぐみ保育園,4歳,147.5,29.5,0.0,0.0,0.0,0.0,5.0
港南区,めぐみ保育園,3歳,147.5,29.5,0.0,0.0,0.0,0.0,5.0
港南区,めぐみ保育園,0歳,147.5,29.5,0.0,0.0,0.0,0.0,5.0
港南区,みなみひの保育園,5歳,147.5,29.5,0.0,0.0,18.0,0.0,5.0
港南区,みなみひの保育園,3歳,147.5,29.5,1.391304347826087,0.0,18.0,0.0,5.0
港南区,みなみひの保育園,2歳,147.5,29.5,5.217391304347826,0.0,15.478260869565217,0.0,5.0
港南区,みなみひの保育園,1歳,147.5,29.5,15.652173913043478,0.0,15.478260869565217,0.0,5.0
港北区,グローバルキッズ日吉五丁目園,1歳,147.5,29.5,5.217391304347826,0.0,10.956521739130435,0.0,5.0
港北区,グローバルキッズ日吉五丁目園,0歳,147.5,29.5,4.0,0.0,6.0,0.0,5.0
港北区,グローバルキッズ大倉山園,2歳,147.5,29.5,0.4782608695652174,0.0,12.0,0.0,5.0
港南区,ぱぷりか保育園　上大岡,5歳,147.5,29.5,0.0,0.0,0.0,0.0,5.0
港南区,ぱぷりか保育園　上大岡,4歳,147.5,29.5,0.0,0.0,0.0,0.0,5.0
港南区,ぱぷりか保育園　上大岡,3歳,147.5,29.5,0.0,0.0,0.0,0.0,5.0
港南区,ぱぷりか保育園　上大岡,2歳,147.5,29.5,1.7391304347826086,0.0,10.043478260869565,0.0,5.0
港南区,ぱぷりか保育園　上大岡,1歳,147.5,29.5,6.695652173913044,0.0,10.043478260869565,0.0,5.0
港南区,ぱぷりか保育園　上大岡,0歳,147.5,29.5,0.0,0.0,0.0,0.0,5.0
港南区,にじいろ保育園上大岡,3歳,92.5,18.5,3.1666666666666665,0.0,13.0,0.0,5.0
港南区,にじいろ保育園上大岡,2歳,92.5,18.5,7.0,0.0,10.416666666666666,0.0,5.0
港南区,にじいろ保育園上大岡,0歳,92.5,18.5,12.25,0.0,3.0,0.0,5.0
港南区,つくし保育園　上大岡,3歳,147.5,29.5,2.0869565217391304,0.0,16.0,0.0,5.0
港南区,つくし保育園　上大岡,2歳,147.5,29.5,7.434782608695652,0.0,14.0,0.0,5.0
港南区,つくし保育園　上大岡,1歳,147.5,29.5,17.304347826086957,0.0,14.0,0.0,5.0
港南区,つくし保育園　上大岡,0歳,147.5,29.5,0.0,0.0,0.0,0.0,5.0
港南区,ちゅーりっぷハウス,5歳,147.5,29.5,0.0,0.0,0.0,0.0,5.0
港南区,ちゅーりっぷハウス,4歳,147.5,29.5,0.0,0.0,0.0,0.0,5.0
港南区,ちゅーりっぷハウス,3歳,147.5,29.5,0.0,0.0,0.0,0.0,5.0
港南区,ちゅーりっぷハウス,2歳,147.5,29.5,1.5217391304347827,0.0,3.782608695652174,0.0,5.0
港南区,ちゅーりっぷハウス,0歳,147.5,29.5,0.0,0.0,0.0,0.0,5.0
港南区,ちゅーりっぷキッズ,5歳,147.5,29.5,0.0,0.0,0.0,0.0,5.0
港北区,グローバルキッズ綱島ＳＳＴ保育園,5歳,137.5,27.5,0.0,0.0,0.0,0.0,5.0
港北区,グローバルキッズ綱島ＳＳＴ保育園,4歳,137.5,27.5,0.0,0.0,0.0,0.0,5.0
港北区,グローバルキッズ綱島ＳＳＴ保育園,3歳,137.5,27.5,0.0,0.0,0.0,0.0,5.0
港南区,ちゅーりっぷキッズ,4歳,147.5,29.5,0.0,0.0,0.0,0.0,5.0
港南区,ちゅーりっぷキッズ,3歳,147.5,29.5,0.0,0.0,0.0,0.0,5.0
港南区,ちゅーりっぷキッズ,0歳,147.5,29.5,0.0,0.0,0.0,0.0,5.0
港南区,こどもっと保育園,5歳,147.5,29.5,0.0,0.0,0.0,0.0,5.0
港南区,こどもっと保育園,4歳,147.5,29.5,0.0,0.0,0.0,0.0,5.0
港南区,こどもっと保育園,3歳,147.5,29.5,0.0,0.0,0.0,0.0,5.0
港南区,こどもっと保育園,2歳,147.5,29.5,0.8695652173913043,0.0,13.91304347826087,0.0,5.0
港北区,Ｌｕｃｅ陽だまりの家保育園綱島,5歳,147.5,29.5,0.0,0.0,0.0,0.0,5.0
港北区,Ｌｕｃｅ陽だまりの家保育園綱島,4歳,147.5,29.5,0.0,0.0,0.0,0.0,5.0
港北区,Ｌｕｃｅ陽だまりの家保育園綱島,3歳,147.5,29.5,0.0,0.0,0.0,0.0,5.0
港北区,ジャンプ保育園,0歳,147.5,29.5,0.0,0.0,0.0,0.0,5.0
港北区,コビープリスクールつなしま,3歳,147.5,29.5,1.3043478260869565,0.0,16.0,0.0,5.0
港北区,コビープリスクールつなしま,2歳,147.5,29.5,1.9565217391304348,0.0,13.0,0.0,5.0
港北区,コビープリスクールつなしま,1歳,147.5,29.5,7.173913043478261,0.0,11.0,0.0,5.0
港北区,ケンパ高田,2歳,147.5,29.5,1.3043478260869565,0.0,11.0,0.0,5.0
港北区,ケンパ高田,0歳,147.5,29.5,10.869565217391305,0.0,6.0,0.0,5.0
港北区,Ｌｕｃｅ陽だまりの家保育園,5歳,147.5,29.5,0.0,0.0,0.0,0.0,5.0
港北区,Ｌｕｃｅ陽だまりの家保育園,4歳,147.5,29.5,0.0,0.0,0.0,0.0,5.0
港北区,Ｌｕｃｅ陽だまりの家保育園,3歳,147.5,29.5,0.0,0.0,0.0,0.0,5.0
港北区,認定こども園高木学園附属幼稚園（保育所部分）,2歳,147.5,29.5,0.0,0.0,0.0,0.0,5.0
港北区,認定こども園高木学園附属幼稚園（保育所部分）,1歳,147.5,29.5,0.0,0.0,0.0,0.0,5.0
港北区,認定こども園高木学園附属幼稚園（保育所部分）,0歳,147.5,29.5,0.0,0.0,0.0,0.0,5.0
港北区,認定こども園新羽幼稚園（保育所部分）,4歳,147.5,29.5,0.043478260869565216,0.0,3.0,0.0,5.0
港北区,スターチャイルド≪大倉山ナーサリー≫,1歳,147.5,29.5,3.0434782608695654,0.0,8.0,0.0,5.0
港北区,スターチス日吉保育園,5歳,147.5,29.5,0.0,0.0,0.0,0.0,5.0
港北区,スターチス日吉保育園,4歳,147.5,29.5,0.0,0.0,0.0,0.0,5.0
港北区,スターチス日吉保育園,3歳,147.5,29.5,0.0,0.0,0.0,0.0,5.0
港北区,ジャンプ保育園,5歳,147.5,29.5,0.0,0.0,0.0,0.0,5.0
港北区,ジャンプ保育園,4歳,147.5,29.5,0.0,0.0,0.0,0.0,5.0
港北区,ジャンプ保育園,3歳,147.5,29.5,0.0,0.0,0.0,0.0,5.0
港北区,認定こども園新羽幼稚園（保育所部分）,2歳,147.5,29.5,0.0,0.0,0.0,0.0,5.0
港北区,認定こども園新羽幼稚園（保育所部分）,1歳,147.5,29.5,0.0,0.0,0.0,0.0,5.0
港北区,認定こども園新羽幼稚園（保育所部分）,0歳,147.5,29.5,0.0,0.0,0.0,0.0,5.0
港北区,認定こども園岸根こども園（保育所部分）,1歳,147.5,29.5,2.782608695652174,0.0,12.0,0.0,5.0
港北区,認定こども園しのはら幼稚園（保育所部分）,5歳,147.5,29.5,0.0,0.0,3.0,0.0,5.0
港北区,認定こども園しのはら幼稚園（保育所部分）,4歳,147.5,29.5,0.43478260869565216,0.0,3.0,0.0,5.0
港北区,認定こども園しのはら幼稚園（保育所部分）,2歳,147.5,29.5,0.0,0.0,0.0,0.0,5.0
港北区,認定こども園しのはら幼稚園（保育所部分）,1歳,147.5,29.5,0.0,0.0,0.0,0.0,5.0
港北区,認定こども園しのはら幼稚園（保育所部分）,0歳,147.5,29.5,0.0,0.0,0.0,0.0,5.0
港北区,スターチャイルド≪綱島ナーサリー≫,1歳,147.5,29.5,6.173913043478261,0.0,8.26086956521739,0.0,5.0
港北区,スターチャイルド≪綱島ナーサリー≫,0歳,147.5,29.5,11.782608695652174,0.0,3.0,0.0,5.0
港北区,スターチャイルド≪日吉本町駅前ナーサリー≫,0歳,92.5,18.5,0.0,0.0,0.0,0.0,5.0
港北区,スターチャイルド≪新吉田ナーサリー≫,2歳,147.5,29.5,1.9130434782608696,0.0,10.0,0.0,5.0
港北区,スターチャイルド≪新吉田ナーサリー≫,1歳,147.5,29.5,6.565217391304348,0.0,7.913043478260869,0.0,5.0
港北区,菊名愛児園,2歳,147.5,29.5,2.347826086956522,0.0,10.826086956521738,0.0,5.0
港北区,菊名愛児園,0歳,147.5,29.5,1.4782608695652173,0.0,2.869565217391304,0.0,5.0
港北区,菊名こども園,4歳,55.0,11.0,0.0,0.0,12.0,0.0,5.0
港北区,菊名こども園,3歳,55.0,11.0,0.0,0.0,13.909090909090908,0.0,5.0
港北区,菊名こども園,2歳,55.0,11.0,0.36363636363636365,0.0,12.0,0.0,5.0
港北区,菊名こども園,1歳,55.0,11.0,3.5454545454545454,0.0,11.909090909090908,0.0,5.0
港北区,菊名こども園,0歳,55.0,11.0,6.090909090909091,0.0,3.0,0.0,5.0
港北区,聖愛クロス保育園　きくな,5歳,117.5,23.5,0.0,0.0,0.0,0.0,5.0
港北区,聖愛クロス保育園　きくな,4歳,117.5,23.5,0.0,0.0,0.0,0.0,5.0
港北区,聖愛クロス保育園　きくな,3歳,117.5,23.5,0.0,0.0,0.0,0.0,5.0
港北区,聖愛クロス保育園　きくな,1歳,117.5,23.5,1.7647058823529411,0.0,9.823529411764707,0.0,5.0
港北区,トゥインクルキッズ高田保育園,0歳,147.5,29.5,0.0,0.0,0.0,0.0,5.0
港北区,テンダーラビング保育園綱島東,5歳,147.5,29.5,0.0,0.0,11.0,0.0,5.0
港北区,テンダーラビング保育園綱島東,2歳,147.5,29.5,0.34782608695652173,0.0,10.956521739130435,0.0,5.0
港北区,テンダーラビング保育園綱島東,1歳,147.5,29.5,5.521739130434782,0.0,10.0,0.0,5.0
港北区,スターチャイルド《日吉本町ナーサリー》,2歳,147.5,29.5,1.0,0.0,9.0,0.0,5.0
港北区,スターチャイルド《日吉本町ナーサリー》,0歳,147.5,29.5,0.0,0.0,0.0,0.0,5.0
港北区,スターチャイルド≪綱島ナーサリー≫,4歳,147.5,29.5,0.08695652173913043,0.0,13.0,0.0,5.0
港北区,スターチャイルド≪綱島ナーサリー≫,3歳,147.5,29.5,0.0,0.0,13.0,0.0,5.0
港北区,聖愛クロス保育園　きくな,0歳,117.5,23.5,4.647058823529412,0.0,3.0,0.0,5.0
港北区,聖保育園第二,0歳,147.5,29.5,4.434782608695652,0.0,6.0,0.0,5.0
港北区,綱島こども園,0歳,55.0,11.0,8.545454545454545,0.0,6.0,0.0,5.0
港北区,第二福澤保育センター,5歳,147.5,29.5,0.0,0.0,28.043478260869566,0.0,5.0
港北区,第二尚花愛児園,5歳,147.5,29.5,0.7391304347826086,0.0,21.391304347826086,0.0,5.0
港北区,第二尚花愛児園,4歳,147.5,29.5,0.6956521739130435,0.0,19.695652173913043,0.0,5.0
港北区,第二尚花愛児園,2歳,147.5,29.5,0.782608695652174,0.0,17.73913043478261,0.0,5.0
港北区,第二尚花愛児園,1歳,147.5,29.5,4.0,0.0,17.0,0.0,5.0
港北区,パレット保育園・大豆戸,2歳,147.5,29.5,0.6521739130434783,0.0,12.0,0.0,5.0
港北区,トゥインクルキッズ高田保育園,5歳,147.5,29.5,0.0,0.0,10.043478260869565,0.0,5.0
港北区,トゥインクルキッズ高田保育園,3歳,147.5,29.5,0.0,0.0,10.956521739130435,0.0,5.0
港北区,トゥインクルキッズ高田保育園,2歳,147.5,29.5,1.173913043478261,0.0,9.0,0.0,5.0
港北区,トゥインクルキッズ高田保育園,1歳,147.5,29.5,8.304347826086957,0.0,9.0,0.0,5.0
港北区,特定非営利活動法人つばき駅前保育園,4歳,30.0,6.0,0.0,0.0,13.0,0.0,5.0
港北区,特定非営利活動法人つばき駅前保育園,0歳,30.0,6.0,0.0,0.0,0.0,0.0,5.0
港北区,港北コスモス保育園,1歳,147.5,29.5,3.782608695652174,0.0,10.0,0.0,5.0
港北区,港北こども園,5歳,147.5,29.5,0.0,0.0,0.0,0.0,5.0
港北区,港北こども園,4歳,147.5,29.5,0.0,0.0,0.0,0.0,5.0
港北区,港北こども園,3歳,147.5,29.5,0.0,0.0,0.0,0.0,5.0
港北区,港北こども園,1歳,147.5,29.5,0.6086956521739131,0.0,8.0,0.0,5.0
港北区,横浜市菊名保育園,0歳,147.5,29.5,0.0,0.0,0.0,0.0,5.0
港北区,横浜市港北保育園,0歳,147.5,29.5,13.217391304347826,0.0,6.956521739130435,0.0,5.0
港北区,横浜市太尾保育園,2歳,147.5,29.5,2.1739130434782608,0.0,22.0,0.0,5.0
港北区,横浜市大曽根保育園,0歳,147.5,29.5,0.0,0.0,0.0,0.0,5.0
港北区,横浜市南日吉保育園,1歳,147.5,29.5,11.434782608695652,0.0,12.0,0.0,5.0
港北区,パレット保育園・高田,2歳,147.5,29.5,2.5652173913043477,0.0,12.0,0.0,5.0
港北区,パレット保育園・高田,1歳,147.5,29.5,13.73913043478261,0.0,12.0,0.0,5.0
港北区,パレット保育園・高田,0歳,147.5,29.5,23.043478260869566,0.0,6.0,0.0,5.0
港北区,パレット保育園・綱島,3歳,147.5,29.5,0.9130434782608695,0.0,15.0,0.0,5.0
港北区,パレット保育園・綱島,1歳,147.5,29.5,5.869565217391305,0.0,15.0,0.0,5.0
港北区,パレット保育園・妙蓮寺,2歳,147.5,29.5,3.4782608695652173,0.0,11.478260869565217,0.0,5.0
港北区,パレット保育園・妙蓮寺,1歳,147.5,29.5,8.565217391304348,0.0,9.0,0.0,5.0
港北区,パレット保育園・妙蓮寺,0歳,147.5,29.5,14.043478260869565,0.0,4.0,0.0,5.0
港北区,横浜りとるぱんぷきんず(保育所部分),1歳,147.5,29.5,17.82608695652174,0.0,16.0,0.0,5.0
港北区,横浜りとるぱんぷきんず(保育所部分),0歳,147.5,29.5,26.0,0.0,8.0,0.0,5.0
港北区,森の樹保育園,5歳,147.5,29.5,0.0,0.0,20.47826086956522,0.0,5.0
港北区,森の樹保育園,2歳,147.5,29.5,2.4782608695652173,0.0,19.217391304347824,0.0,5.0
港北区,森の樹保育園,1歳,147.5,29.5,5.086956521739131,0.0,11.217391304347826,0.0,5.0
港北区,森のエルマー保育園,5歳,147.5,29.5,0.0,0.0,6.565217391304348,0.0,5.0
港北区,森のエルマー保育園,4歳,147.5,29.5,0.17391304347826086,0.0,7.217391304347826,0.0,5.0
港北区,ピッコロ・グランデ新横浜,5歳,147.5,29.5,0.0,0.0,0.0,0.0,5.0
港北区,ピッコロ・グランデ新横浜,4歳,147.5,29.5,0.0,0.0,0.0,0.0,5.0
港北区,ピッコロ・グランデ新横浜,3歳,147.5,29.5,0.0,0.0,0.0,0.0,5.0
港北区,木下の保育園日吉,1歳,147.5,29.5,8.26086956521739,0.0,8.08695652173913,0.0,5.0
港北区,木下の保育園日吉,0歳,147.5,29.5,10.826086956521738,0.0,5.913043478260869,0.0,5.0
港北区,木下の保育園　綱島東,1歳,147.5,29.5,4.434782608695652,0.0,8.0,0.0,5.0
港北区,木下の保育園　綱島東,0歳,147.5,29.5,7.826086956521739,0.0,3.0,0.0,5.0
港北区,明日葉保育園綱島園,2歳,147.5,29.5,1.0,0.0,10.0,0.0,5.0
港北区,明日葉保育園綱島園,1歳,147.5,29.5,18.695652173913043,0.0,8.0,0.0,5.0
港北区,明日葉保育園綱島園,0歳,147.5,29.5,21.608695652173914,0.0,6.0,0.0,5.0
港北区,明日葉保育園大倉山園,1歳,147.5,29.5,1.4782608695652173,0.0,10.0,0.0,5.0
港北区,明日葉保育園大倉山園,0歳,147.5,29.5,11.782608695652174,0.0,6.0,0.0,5.0
港北区,日吉箕輪えほんの森保育園,1歳,147.5,29.5,10.73913043478261,0.0,16.0,0.0,5.0
港北区,日吉箕輪えほんの森保育園,0歳,147.5,29.5,0.0,0.0,0.0,0.0,5.0
港北区,日吉夢保育園,5歳,147.5,29.5,0.0,0.0,24.0,0.0,5.0
港北区,フェアリーテイルそら,5歳,147.5,29.5,0.0,0.0,0.0,0.0,5.0
港北区,フェアリーテイルそら,4歳,147.5,29.5,0.0,0.0,0.0,0.0,5.0
港北区,フェアリーテイルそら,3歳,147.5,29.5,0.0,0.0,0.0,0.0,5.0
港北区,日吉チューリップルーム,5歳,147.5,29.5,0.0,0.0,0.0,0.0,5.0
港北区,日吉チューリップルーム,4歳,147.5,29.5,0.0,0.0,0.0,0.0,5.0
港北区,日吉チューリップルーム,3歳,147.5,29.5,0.0,0.0,0.0,0.0,5.0
港北区,日吉みんなの保育園,0歳,147.5,29.5,11.782608695652174,0.0,4.0,0.0,5.0
港北区,日吉ちとせ保育園,4歳,147.5,29.5,0.0,0.0,14.0,0.0,5.0
港北区,日吉ちとせ保育園,1歳,147.5,29.5,14.73913043478261,0.0,14.0,0.0,5.0
港北区,日吉ちとせ保育園,0歳,147.5,29.5,0.0,0.0,0.0,0.0,5.0
港北区,日吉こども園,5歳,55.0,11.0,0.0,0.0,13.0,0.0,5.0
港北区,日吉こども園,3歳,55.0,11.0,0.0,0.0,14.0,0.0,5.0
港北区,日吉こども園,2歳,55.0,11.0,3.272727272727273,0.0,12.0,0.0,5.0
港北区,日吉こども園,1歳,55.0,11.0,9.727272727272727,0.0,12.0,0.0,5.0
港北区,新羽どろんこ保育園,2歳,147.5,29.5,2.9130434782608696,0.0,16.0,0.0,5.0
港北区,新羽どろんこ保育園,1歳,147.5,29.5,14.043478260869565,0.0,14.0,0.0,5.0
港北区,新羽どろんこ保育園,0歳,147.5,29.5,22.956521739130434,0.0,6.0,0.0,5.0
港北区,新横浜めぶき保育園,5歳,92.5,18.5,0.0,0.0,0.0,0.0,5.0
港北区,新横浜めぶき保育園,4歳,92.5,18.5,0.0,0.0,0.0,0.0,5.0
港北区,新横浜めぶき保育園,3歳,92.5,18.5,0.0,0.0,0.0,0.0,5.0
港北区,新横浜めぶき保育園,0歳,92.5,18.5,0.0,0.0,0.0,0.0,5.0
港北区,ベネッセ　日吉保育園,2歳,147.5,29.5,8.869565217391305,0.0,14.0,0.0,5.0
港北区,ベネッセ　新横浜保育園,2歳,147.5,29.5,3.4347826086956523,0.0,11.0,0.0,5.0
港北区,ベネッセ　新横浜保育園,1歳,147.5,29.5,26.869565217391305,0.0,10.0,0.0,5.0
港北区,ベネッセ　新横浜保育園,0歳,147.5,29.5,38.30434782608695,0.0,6.0,0.0,5.0
港北区,ベイキッズ星の森保育園,5歳,147.5,29.5,0.0,0.0,0.0,0.0,5.0
港北区,ベイキッズ星の森保育園,4歳,147.5,29.5,0.0,0.0,0.0,0.0,5.0
港北区,ベイキッズ星の森保育園,3歳,147.5,29.5,0.0,0.0,0.0,0.0,5.0
港北区,ベイキッズ星の森保育園,0歳,147.5,29.5,2.5652173913043477,0.0,1.9565217391304348,0.0,5.0
港北区,尚花愛児園,1歳,147.5,29.5,6.434782608695652,0.0,24.0,0.0,5.0
港北区,尚花ぞうさん保育室,5歳,147.5,29.5,0.0,0.0,0.0,0.0,5.0
港北区,尚花ぞうさん保育室,4歳,147.5,29.5,0.0,0.0,0.0,0.0,5.0
港北区,尚花ぞうさん保育室,3歳,147.5,29.5,0.0,0.0,0.0,0.0,5.0
港北区,尚花ぞうさん保育室,2歳,147.5,29.5,0.043478260869565216,0.0,7.0,0.0,5.0
港北区,尚花ぞうさん保育室,1歳,147.5,29.5,2.4347826086956523,0.0,6.956521739130435,0.0,5.0
港北区,ペガサスベビー保育園,5歳,147.5,29.5,0.0,0.0,0.0,0.0,5.0
港北区,ペガサスベビー保育園,4歳,147.5,29.5,0.0,0.0,0.0,0.0,5.0
港北区,ペガサスベビー保育園,3歳,147.5,29.5,0.0,0.0,0.0,0.0,5.0
港北区,ペガサスベビー保育園,2歳,147.5,29.5,0.0,0.0,0.0,0.0,5.0
港北区,ベネッセ　綱島台保育園,2歳,147.5,29.5,2.0434782608695654,0.0,11.0,0.0,5.0
港北区,ベネッセ　綱島台保育園,1歳,147.5,29.5,4.826086956521739,0.0,11.0,0.0,5.0
港北区,ベネッセ　日吉保育園,4歳,147.5,29.5,0.5217391304347826,0.0,15.0,0.0,5.0
港北区,尚花ぞうさん保育室,0歳,147.5,29.5,7.086956521739131,0.0,5.0,0.0,5.0
港北区,小規模保育事業ＭＩＲＡｉｏ新横浜,5歳,147.5,29.5,0.0,0.0,0.0,0.0,5.0
港北区,小規模保育事業ＭＩＲＡｉｏ新横浜,4歳,147.5,29.5,0.0,0.0,0.0,0.0,5.0
港北区,小規模保育事業ＭＩＲＡｉｏ新横浜,3歳,147.5,29.5,0.0,0.0,0.0,0.0,5.0
港北区,小机かなで保育園,5歳,10.0,2.0,0.0,0.0,0.0,0.0,5.0
港北区,小机かなで保育園,4歳,10.0,2.0,0.0,0.0,0.0,0.0,5.0
港北区,小机かなで保育園,3歳,10.0,2.0,0.0,0.0,0.0,0.0,5.0
港北区,小机かなで保育園,2歳,10.0,2.0,1.0,0.0,4.0,0.0,5.0
港北区,小机かなで保育園,1歳,10.0,2.0,2.0,0.0,4.0,0.0,5.0
港北区,小机かなで保育園,0歳,10.0,2.0,0.0,0.0,0.0,0.0,5.0
港北区,ポピンズナーサリースクール小机,2歳,147.5,29.5,6.086956521739131,0.0,8.043478260869565,0.0,5.0
港北区,ポピンズナーサリースクール小机,1歳,147.5,29.5,17.47826086956522,0.0,8.0,0.0,5.0
港北区,ポピンズナーサリースクール小机,0歳,147.5,29.5,17.304347826086957,0.0,7.0,0.0,5.0
港北区,ペガサス新横浜保育園,1歳,147.5,29.5,4.478260869565218,0.0,9.0,0.0,5.0
港北区,小学館アカデミーひよし保育園,1歳,147.5,29.5,13.782608695652174,0.0,10.0,0.0,5.0
港北区,太陽の子　日吉保育園,2歳,147.5,29.5,1.565217391304348,0.0,9.0,0.0,5.0
港北区,太陽の子　日吉保育園,0歳,147.5,29.5,6.521739130434782,0.0,6.0,0.0,5.0
港北区,天才キッズクラブ楽遊館綱島園,5歳,137.5,27.5,0.0,0.0,0.0,0.0,5.0
港北区,天才キッズクラブ楽遊館綱島園,4歳,137.5,27.5,0.0,0.0,0.0,0.0,5.0
港北区,天才キッズクラブ楽遊館綱島園,3歳,137.5,27.5,0.0,0.0,0.0,0.0,5.0
港北区,天才キッズクラブ楽遊館綱島園,1歳,137.5,27.5,1.4090909090909092,0.0,4.0,0.0,5.0
港北区,天才キッズクラブ楽遊館綱島園,0歳,137.5,27.5,0.0,0.0,0.5,0.0,5.0
港北区,大豆戸どろんこ保育園,5歳,147.5,29.5,0.5217391304347826,0.0,18.0,0.0,5.0
港北区,大豆戸どろんこ保育園,1歳,147.5,29.5,7.043478260869565,0.0,14.0,0.0,5.0
港北区,マーマしのはら保育園,0歳,147.5,29.5,11.217391304347826,0.0,12.0,0.0,5.0
港北区,マイ・ハート綱島東保育園,5歳,147.5,29.5,0.0,0.0,11.0,0.0,5.0
港北区,マイ・ハート綱島東保育園,2歳,147.5,29.5,0.5217391304347826,0.0,11.0,0.0,5.0
港北区,マイ・ハート綱島東保育園,1歳,147.5,29.5,7.434782608695652,0.0,10.0,0.0,5.0
港北区,ポピンズナーサリースクール綱島,1歳,147.5,29.5,8.826086956521738,0.0,8.0,0.0,5.0
港北区,大豆戸どろんこ保育園,0歳,147.5,29.5,12.347826086956522,0.0,5.956521739130435,0.0,5.0
港北区,大倉山保育園,2歳,147.5,29.5,1.6521739130434783,0.0,18.956521739130434,0.0,5.0
港北区,大倉山きずな保育園,0歳,147.5,29.5,0.0,0.0,0.0,0.0,5.0
港北区,光の園第二保育園,3歳,147.5,29.5,0.13043478260869565,0.0,18.0,0.0,5.0
港北区,光の園第二保育園,1歳,147.5,29.5,8.130434782608695,0.0,15.043478260869565,0.0,5.0
港北区,光の園第二保育園,0歳,147.5,29.5,15.869565217391305,0.0,5.913043478260869,0.0,5.0
港北区,光の園アンティー保育園,1歳,147.5,29.5,11.608695652173912,0.0,13.043478260869565,0.0,5.0
港北区,保育室プリンプリンROOM,2歳,147.5,29.5,0.391304347826087,0.0,11.869565217391305,0.0,5.0
港北区,保育室プリンプリンROOM,0歳,147.5,29.5,0.0,0.0,0.0,0.0,5.0
港北区,保育室テックテックROOM,5歳,147.5,29.5,0.0,0.0,0.0,0.0,5.0
港北区,保育室テックテックROOM,4歳,147.5,29.5,0.0,0.0,0.0,0.0,5.0
港北区,保育室テックテックROOM,3歳,147.5,29.5,0.0,0.0,0.0,0.0,5.0
港北区,保育室テックテックROOM,0歳,147.5,29.5,0.0,0.0,0.0,0.0,5.0
港北区,佐藤保育室,5歳,147.5,29.5,0.0,0.0,0.0,0.0,5.0
港北区,佐藤保育室,4歳,147.5,29.5,0.0,0.0,0.0,0.0,5.0
港北区,佐藤保育室,3歳,147.5,29.5,0.0,0.0,0.0,0.0,5.0
港北区,佐藤保育室,2歳,147.5,29.5,0.0,0.0,2.0,0.0,5.0
港北区,佐藤保育室,1歳,147.5,29.5,0.5217391304347826,0.0,2.0,0.0,5.0
港北区,下田みんなの保育園,5歳,147.5,29.5,0.0,0.0,10.0,0.0,5.0
港北区,ララランド大倉山,1歳,147.5,29.5,0.6521739130434783,0.0,10.652173913043478,0.0,5.0
港北区,ララランド大倉山,0歳,147.5,29.5,3.9130434782608696,0.0,3.0,0.0,5.0
港北区,ミアヘルサ保育園ひびき綱島,1歳,92.5,18.5,2.9166666666666665,0.0,8.916666666666666,0.0,5.0
港北区,ミアヘルサ保育園ひびき綱島,0歳,92.5,18.5,0.0,0.0,0.0,0.0,5.0
港北区,下田みんなの保育園,1歳,147.5,29.5,2.9565217391304346,0.0,5.0,0.0,5.0
港北区,下田みんなの保育園,0歳,147.5,29.5,0.0,0.0,0.0,0.0,5.0
港北区,ヴィラ日吉こども園,4歳,55.0,11.0,0.0,0.0,14.0,0.0,5.0
港北区,ヴィラ日吉こども園,3歳,55.0,11.0,0.09090909090909091,0.0,14.0,0.0,5.0
港北区,ヴィラ日吉こども園,1歳,55.0,11.0,21.363636363636363,0.0,12.0,0.0,5.0
港北区,ヴィラ日吉こども園,0歳,55.0,11.0,16.0,0.0,3.0,0.0,5.0
港北区,ローズ保育園,5歳,147.5,29.5,0.0,0.0,0.0,0.0,5.0
港北区,ローズ保育園,4歳,147.5,29.5,0.0,0.0,0.0,0.0,5.0
港北区,ローズ保育園,3歳,147.5,29.5,0.0,0.0,0.0,0.0,5.0
港北区,ローズ保育園,0歳,147.5,29.5,0.0,0.0,0.0,0.0,5.0
港北区,ルリ保育園日吉,5歳,147.5,29.5,0.0,0.0,0.0,0.0,5.0
港北区,ルリ保育園日吉,4歳,147.5,29.5,0.0,0.0,0.0,0.0,5.0
港北区,ルリ保育園日吉,3歳,147.5,29.5,0.0,0.0,0.0,0.0,5.0
港北区,リトルスカラー綱島保育園,5歳,147.5,29.5,0.0,0.0,0.0,0.0,5.0
港北区,リトルスカラー綱島保育園,4歳,147.5,29.5,0.0,0.0,0.0,0.0,5.0
港北区,リトルスカラー綱島保育園,3歳,147.5,29.5,0.0,0.0,0.0,0.0,5.0
鶴見区,ＳＡＮＤＡ ＫＩＤ保育園,1歳,147.5,29.5,1.9565217391304348,0.0,7.956521739130435,0.0,5.0
鶴見区,ＳＡＩＬ　ＫＩＤ保育園,5歳,147.5,29.5,0.0,0.0,0.0,0.0,5.0
鶴見区,ＳＡＩＬ　ＫＩＤ保育園,4歳,147.5,29.5,0.0,0.0,0.0,0.0,5.0
鶴見区,ＳＡＩＬ　ＫＩＤ保育園,3歳,147.5,29.5,0.0,0.0,0.0,0.0,5.0
中区,うちゅうこども園やまて,1歳,147.5,29.5,6.130434782608695,0.0,12.0,0.0,5.0
中区,あいりす　本牧保育室,5歳,147.5,29.5,0.0,0.0,0.0,0.0,5.0
中区,あいりす　本牧保育室,4歳,147.5,29.5,0.0,0.0,0.0,0.0,5.0
中区,あいりす　本牧保育室,3歳,147.5,29.5,0.0,0.0,0.0,0.0,5.0
中区,あいりす　新山下保育室,5歳,147.5,29.5,0.0,0.0,0.0,0.0,5.0
中区,あいりす　新山下保育室,4歳,147.5,29.5,0.0,0.0,0.0,0.0,5.0
中区,あいりす　新山下保育室,3歳,147.5,29.5,0.0,0.0,0.0,0.0,5.0
港北区,ベネッセ　日吉保育園,1歳,147.22776769509983,29.5,85.6086956521739,0.043478260869565216,13.826086956521738,0.0015781582892764145,4.99077178627457
旭区,太陽の子　二俣川駅保育園,1歳,147.21264367816093,29.5,60.69565217391305,0.043478260869565216,11.869565217391305,0.0024987506246876563,4.990259107734269
中区,スターチャイルド《桜木町ステーションナーサリー》,1歳,147.2005988023952,29.5,41.43478260869565,0.043478260869565216,8.0,0.0026034886748242643,4.989850806860854
青葉区,スターチャイルド≪たまプラーザナーサリー≫,0歳,147.12121212121212,29.5,36.95652173913044,0.043478260869565216,3.0,0.0032938076416337285,4.987159732922445
緑区,にじいろ保育園鴨居,1歳,147.11089494163423,29.5,21.391304347826086,0.043478260869565216,7.956521739130435,0.003383522246658772,4.986809998021499
戸塚区,ちゃいれっく戸塚保育園,1歳,147.03488372093022,29.5,25.304347826086957,0.043478260869565216,14.956521739130435,0.004044489383215369,4.984233346472211
戸塚区,ララランド戸塚第３,1歳,147.01923076923077,29.5,17.043478260869566,0.043478260869565216,13.0,0.004180602006688964,4.9837027379400265
戸塚区,ララランド戸塚第２,1歳,147.01923076923077,29.5,22.652173913043477,0.043478260869565216,9.434782608695652,0.004180602006688964,4.9837027379400265
戸塚区,コアの木保育園,1歳,147.00248756218906,29.5,12.304347826086957,0.043478260869565216,9.0,0.004326195111399525,4.9831351715996295
栄区,アスク大船保育園,1歳,146.96524064171123,29.5,12.173913043478262,0.043478260869565216,11.869565217391305,0.0046500813764240876,4.981872564125805
港北区,キッズパートナー小机,1歳,146.92196531791907,29.5,17.130434782608695,0.043478260869565216,8.956521739130435,0.00502638853983413,4.980405603997257
港北区,日吉みんなの保育園,1歳,146.92196531791907,29.5,8.521739130434783,0.043478260869565216,5.956521739130435,0.00502638853983413,4.980405603997257
港南区,つばさ保育園,1歳,146.8975903614458,29.5,10.478260869565217,0.043478260869565216,15.043478260869565,0.005238344683080146,4.979579334286298
港南区,白峰保育園,0歳,146.8747007845551,29.5,21.652173913043477,0.08695652173913043,8.956521739130435,0.005437384482129484,4.978803416425596
磯子区,やべのファミリールーム,1歳,146.87106918238993,29.5,14.826086956521738,0.043478260869565216,10.0,0.005468963631391851,4.978680311267455
港南区,アスク上大岡保育園,1歳,146.87106918238993,29.5,10.217391304347826,0.043478260869565216,8.0,0.005468963631391851,4.978680311267455
旭区,明徳二俣川保育園,1歳,146.864406779661,29.5,26.304347826086957,0.043478260869565216,11.956521739130435,0.003684598378776714,4.978454467107153
中区,アスク本牧保育園,0歳,146.8421052631579,29.5,9.695652173913043,0.043478260869565216,5.956521739130435,0.005720823798627002,4.977698483496877
栄区,すずかけ保育園,1歳,146.8421052631579,29.5,10.043478260869565,0.043478260869565216,23.91304347826087,0.005720823798627002,4.977698483496877
青葉区,ベネッセ　青葉台保育園,0歳,146.82432432432432,29.5,26.26086956521739,0.043478260869565216,5.956521739130435,0.0039169604386995694,4.977095739807604
港北区,アイグラン保育園高田東,1歳,146.81034482758622,29.5,11.652173913043478,0.043478260869565216,11.956521739130435,0.005997001499250375,4.976621858562245
戸塚区,くすのき保育園,1歳,146.81034482758622,29.5,15.0,0.043478260869565216,11.0,0.005997001499250375,4.976621858562245
緑区,さくらの郷みらい保育園,0歳,146.7753623188406,29.5,12.26086956521739,0.043478260869565216,14.91304347826087,0.0063011972274732205,4.9754360108081555
港南区,小学館アカデミーかみながや保育園,1歳,146.7753623188406,29.5,12.26086956521739,0.043478260869565216,6.956521739130435,0.0063011972274732205,4.9754360108081555
戸塚区,戸塚せせらぎ保育園,1歳,146.7537313432836,29.5,26.434782608695652,0.043478260869565216,12.0,0.004326195111399525,4.974702757399443
南区,みなみマーノ保育園,1歳,146.73664122137404,29.5,13.08695652173913,0.043478260869565216,12.0,0.006637902422834385,4.974123431233019
保土ケ谷区,昴保育園,1歳,146.73664122137404,29.5,12.782608695652174,0.043478260869565216,20.91304347826087,0.006637902422834385,4.974123431233019
旭区,旭はるかぜ保育園,1歳,146.73664122137404,29.5,12.347826086956522,0.043478260869565216,18.869565217391305,0.006637902422834385,4.974123431233019
磯子区,にじいろ保育園　洋光台,0歳,146.72680412371133,29.5,19.52173913043478,0.043478260869565216,8.956521739130435,0.0044822949350067235,4.973789970295299
港南区,赤い屋根保育園,1歳,146.72680412371133,29.5,21.652173913043477,0.043478260869565216,17.956521739130434,0.0044822949350067235,4.973789970295299
港北区,日吉夢保育園,0歳,146.69786096256684,29.5,12.043478260869565,0.043478260869565216,11.956521739130435,0.0046500813764240876,4.972808846188706
戸塚区,にじいろ保育園品濃町,0歳,146.69786096256684,29.5,7.260869565217392,0.043478260869565216,3.608695652173913,0.0046500813764240876,4.972808846188706
瀬谷区,保育室「ネスト」,0歳,146.69786096256684,29.5,17.130434782608695,0.043478260869565216,6.0,0.0046500813764240876,4.972808846188706
緑区,太陽の子　鴨居駅前保育園,2歳,146.69354838709677,29.5,8.956521739130435,0.043478260869565216,11.956521739130435,0.007012622720897616,4.972662657189721
港南区,キッズガーデン横浜最戸,2歳,146.69354838709677,29.5,8.26086956521739,0.043478260869565216,9.956521739130435,0.007012622720897616,4.972662657189721
緑区,横浜市鴨居保育園,1歳,146.66666666666666,29.5,21.47826086956522,0.043478260869565216,16.956521739130434,0.004830917874396135,4.971751412429378
港南区,上永谷西保育園,1歳,146.64529914529913,29.5,7.173913043478261,0.043478260869565216,15.478260869565217,0.007432181345224824,4.971027089671157
泉区,中田保育園,1歳,146.64529914529913,29.5,9.434782608695652,0.043478260869565216,12.130434782608695,0.007432181345224824,4.971027089671157
瀬谷区,ゆたか保育園,1歳,146.64529914529913,29.5,17.434782608695652,0.043478260869565216,11.956521739130435,0.007432181345224824,4.971027089671157
港北区,横浜市港北保育園,1歳,146.64529914529913,29.5,10.130434782608695,0.043478260869565216,18.869565217391305,0.007432181345224824,4.971027089671157
神奈川区,保育園こりす,0歳,146.59638554216866,29.5,17.17391304347826,0.043478260869565216,9.0,0.005238344683080146,4.969369001429446
南区,横浜市井土ケ谷保育園,1歳,146.59638554216866,29.5,16.652173913043477,0.043478260869565216,18.956521739130434,0.005238344683080146,4.969369001429446
港北区,グローバルキッズ日吉園,1歳,146.5909090909091,29.5,6.956521739130435,0.043478260869565216,11.91304347826087,0.007905138339920948,4.969183359013868
神奈川区,白楽あいいく保育園,1歳,146.5909090909091,29.5,6.739130434782608,0.043478260869565216,12.043478260869565,0.007905138339920948,4.969183359013868
港南区,白峰保育園,1歳,146.5909090909091,29.5,14.956521739130435,0.043478260869565216,11.956521739130435,0.007905138339920948,4.969183359013868
金沢区,横浜市金沢さくら保育園,1歳,146.5566037735849,29.5,10.826086956521738,0.043478260869565216,14.956521739130435,0.005468963631391851,4.968020466901183
泉区,立場エンゼル保育園,1歳,146.5566037735849,29.5,14.347826086956522,0.043478260869565216,8.956521739130435,0.005468963631391851,4.968020466901183
泉区,サクラフェリーチェ保育園,1歳,146.52912621359224,29.5,11.521739130434783,0.043478260869565216,8.043478260869565,0.008442380751371886,4.967089024189567
港北区,くっくおさんぽ保育園,1歳,146.52912621359224,29.5,6.913043478260869,0.043478260869565216,10.73913043478261,0.008442380751371886,4.967089024189567
南区,横浜市井土ケ谷保育園,2歳,146.52912621359224,29.5,7.434782608695652,0.043478260869565216,22.956521739130434,0.008442380751371886,4.967089024189567
港南区,日野保育園,1歳,146.52912621359224,29.5,8.869565217391305,0.043478260869565216,14.782608695652174,0.008442380751371886,4.967089024189567
港北区,ブライト保育園横浜日吉,1歳,146.52912621359224,29.5,5.173913043478261,0.043478260869565216,9.956521739130435,0.008442380751371886,4.967089024189567
緑区,青砥どんぐり保育園,1歳,146.52912621359224,29.5,4.695652173913044,0.043478260869565216,15.956521739130435,0.008442380751371886,4.967089024189567
戸塚区,岩崎学園東戸塚保育園,0歳,146.52912621359224,29.5,60.869565217391305,0.043478260869565216,17.956521739130434,0.008442380751371886,4.967089024189567
港南区,こどもっと保育園,1歳,146.51315789473685,29.5,9.173913043478262,0.043478260869565216,13.0,0.005720823798627002,4.9665477252453165
港南区,アスクさいど保育園,1歳,146.51315789473685,29.5,25.652173913043477,0.043478260869565216,14.521739130434783,0.005720823798627002,4.9665477252453165
緑区,鴨居こども園,1歳,54.6309963099631,11.0,30.545454545454547,0.09090909090909091,18.727272727272727,0.006709158000670915,4.9664542099966456
戸塚区,岩崎学園東戸塚保育園,2歳,146.45833333333334,29.5,7.739130434782608,0.043478260869565216,31.956521739130434,0.009057971014492754,4.964689265536723
保土ケ谷区,ＧＥＮＫＩＤＳ星川保育園,1歳,146.45833333333334,29.5,8.391304347826088,0.043478260869565216,10.0,0.009057971014492754,4.964689265536723
保土ケ谷区,認定こども園あかいとりこども園,0歳,146.45833333333334,29.5,9.73913043478261,0.043478260869565216,6.0,0.009057971014492754,4.964689265536723
磯子区,太陽の子　磯子保育園,1歳,146.45833333333334,29.5,3.8260869565217392,0.043478260869565216,13.956521739130435,0.009057971014492754,4.964689265536723
緑区,横浜市十日市場保育園,1歳,146.45833333333334,29.5,5.521739130434782,0.043478260869565216,17.869565217391305,0.009057971014492754,4.964689265536723
戸塚区,丘の上保育園,2歳,146.45833333333334,29.5,5.739130434782608,0.043478260869565216,12.0,0.009057971014492754,4.964689265536723
南区,ララランド井土ヶ谷,2歳,146.45833333333334,29.5,4.782608695652174,0.043478260869565216,11.91304347826087,0.009057971014492754,4.964689265536723
神奈川区,ポピンズナーサリースクール片倉町駅前,1歳,146.45833333333334,29.5,8.565217391304348,0.043478260869565216,7.956521739130435,0.009057971014492754,4.964689265536723
神奈川区,コビープリスクールかたくら,0歳,146.45833333333334,29.5,39.73913043478261,0.043478260869565216,2.9565217391304346,0.009057971014492754,4.964689265536723
緑区,やまゆり中山保育園,2歳,146.45833333333334,29.5,3.8260869565217392,0.043478260869565216,20.0,0.009057971014492754,4.964689265536723
栄区,アスク大船保育園,0歳,146.45833333333334,29.5,16.52173913043478,0.043478260869565216,5.913043478260869,0.009057971014492754,4.964689265536723
港北区,光の園第二保育園,2歳,146.45833333333334,29.5,5.173913043478261,0.043478260869565216,15.0,0.009057971014492754,4.964689265536723
戸塚区,明日葉保育園戸塚西口園,2歳,146.45833333333334,29.5,5.695652173913044,0.043478260869565216,10.73913043478261,0.009057971014492754,4.964689265536723
南区,京急キッズランド井土ケ谷駅保育園,2歳,146.45833333333334,29.5,7.086956521739131,0.043478260869565216,10.0,0.009057971014492754,4.964689265536723
瀬谷区,ほうゆう保育園,1歳,146.45833333333334,29.5,4.739130434782608,0.043478260869565216,8.956521739130435,0.009057971014492754,4.964689265536723
緑区,さくらの郷みらい保育園,1歳,146.41304347826087,29.5,12.565217391304348,0.043478260869565216,17.956521739130434,0.0063011972274732205,4.963154016212233
磯子区,横浜市洋光台第二保育園,1歳,146.41304347826087,29.5,18.782608695652176,0.043478260869565216,12.956521739130435,0.0063011972274732205,4.963154016212233
港南区,上大岡ゆう保育園,0歳,146.39736070381232,29.5,62.73913043478261,0.08695652173913043,17.956521739130434,0.009027157975264568,4.962622396739401
西区,ポピンズナーサリースクールみなとみらい,1歳,146.37640449438203,29.5,9.26086956521739,0.043478260869565216,7.956521739130435,0.009770395701025893,4.9619120167587125
保土ケ谷区,えぶちにしや園（分園含む）,1歳,146.37640449438203,29.5,11.304347826086957,0.043478260869565216,18.956521739130434,0.009770395701025893,4.9619120167587125
栄区,アップルミントおおふな保育園,1歳,146.37640449438203,29.5,4.608695652173913,0.043478260869565216,8.173913043478262,0.009770395701025893,4.9619120167587125
南区,六ツ川西保育園,1歳,146.37640449438203,29.5,4.695652173913044,0.043478260869565216,14.0,0.009770395701025893,4.9619120167587125
神奈川区,スターチャイルド≪岸根公園ナーサリー≫,1歳,146.37640449438203,29.5,6.130434782608695,0.043478260869565216,7.956521739130435,0.009770395701025893,4.9619120167587125
港南区,港南はるかぜ保育園,2歳,146.37640449438203,29.5,3.869565217391304,0.043478260869565216,22.565217391304348,0.009770395701025893,4.9619120167587125
栄区,杜ちゃいるど園,0歳,146.37640449438203,29.5,22.26086956521739,0.043478260869565216,7.956521739130435,0.009770395701025893,4.9619120167587125
港北区,めぐみ保育園,1歳,146.37640449438203,29.5,4.304347826086956,0.043478260869565216,15.0,0.009770395701025893,4.9619120167587125
泉区,ベイキッズおひさま保育園,1歳,146.37640449438203,29.5,7.478260869565218,0.043478260869565216,4.3478260869565215,0.009770395701025893,4.9619120167587125
緑区,そよかぜ保育園,2歳,146.37640449438203,29.5,6.0,0.043478260869565216,14.91304347826087,0.009770395701025893,4.9619120167587125
戸塚区,幼保連携型認定こども園　ＹＭＣＡとつか保育園,2歳,146.37640449438203,29.5,7.217391304347826,0.043478260869565216,17.91304347826087,0.009770395701025893,4.9619120167587125
青葉区,ちぐさのもり保育園,0歳,146.37640449438203,29.5,13.652173913043478,0.043478260869565216,5.0,0.009770395701025893,4.9619120167587125
泉区,鳩の森愛の詩あすなろ保育園,1歳,146.37640449438203,29.5,12.043478260869565,0.043478260869565216,22.956521739130434,0.009770395701025893,4.9619120167587125
港北区,オハナ新羽保育園,0歳,146.37640449438203,29.5,16.652173913043477,0.043478260869565216,8.826086956521738,0.009770395701025893,4.9619120167587125
瀬谷区,横浜市中屋敷保育園,1歳,146.35496183206106,29.5,8.391304347826088,0.043478260869565216,13.956521739130435,0.006637902422834385,4.961185146849528
泉区,白梅いずみ保育園,1歳,146.35496183206106,29.5,9.565217391304348,0.043478260869565216,12.0,0.006637902422834385,4.961185146849528
磯子区,にじいろ保育園　洋光台,1歳,146.35496183206106,29.5,19.47826086956522,0.043478260869565216,11.91304347826087,0.006637902422834385,4.961185146849528
都筑区,認定こども園やまゆりキッズ　横浜みずほ幼稚園,1歳,146.35496183206106,29.5,5.956521739130435,0.043478260869565216,7.260869565217392,0.006637902422834385,4.961185146849528
戸塚区,あけぼの保育園,1歳,146.35496183206106,29.5,18.26086956521739,0.043478260869565216,10.08695652173913,0.006637902422834385,4.961185146849528
都筑区,スターチャイルド≪川和ナーサリー≫,0歳,146.35496183206106,29.5,6.6521739130434785,0.043478260869565216,6.0,0.006637902422834385,4.961185146849528
旭区,希望ヶ丘プラス保育園,1歳,146.35496183206106,29.5,12.478260869565217,0.043478260869565216,11.91304347826087,0.006637902422834385,4.961185146849528
泉区,ＧＥＮＫＩＤＳいずみ中央保育園,1歳,146.29518072289156,29.5,15.434782608695652,0.043478260869565216,9.956521739130435,0.005238344683080146,4.959158668572595
青葉区,アスクあざみ野保育園,0歳,146.29518072289156,29.5,106.21739130434783,0.043478260869565216,5.956521739130435,0.005238344683080146,4.959158668572595
都筑区,パレット保育園・センター南,1歳,146.29518072289156,29.5,9.08695652173913,0.043478260869565216,7.0,0.005238344683080146,4.959158668572595
青葉区,荏田北幼保連携型認定こども園,0歳,146.28048780487805,29.5,9.391304347826088,0.043478260869565216,9.217391304347826,0.010604453870625663,4.958660603555188
金沢区,横浜市南六浦保育園,2歳,146.28048780487805,29.5,6.217391304347826,0.043478260869565216,21.52173913043478,0.010604453870625663,4.958660603555188
都筑区,わおわお仲町台保育園,1歳,146.28048780487805,29.5,4.826086956521739,0.043478260869565216,19.956521739130434,0.010604453870625663,4.958660603555188
港北区,アスクみのわ保育園,0歳,146.28048780487805,29.5,39.91304347826087,0.043478260869565216,5.956521739130435,0.010604453870625663,4.958660603555188
港北区,尚花愛児園,2歳,146.28048780487805,29.5,2.9130434782608696,0.043478260869565216,24.47826086956522,0.010604453870625663,4.958660603555188
港北区,さくらんぼ保育園,1歳,146.28048780487805,29.5,5.739130434782608,0.043478260869565216,9.434782608695652,0.010604453870625663,4.958660603555188
栄区,横浜市桂台保育園,2歳,146.28048780487805,29.5,3.869565217391304,0.043478260869565216,17.782608695652176,0.010604453870625663,4.958660603555188
南区,六ツ川台保育園,1歳,146.28048780487805,29.5,7.6521739130434785,0.043478260869565216,7.391304347826087,0.010604453870625663,4.958660603555188
栄区,認定こども園　飯島東保育園,3歳,146.28048780487805,29.5,5.3478260869565215,0.043478260869565216,10.869565217391305,0.010604453870625663,4.958660603555188
戸塚区,おおぞらひまわり保育園,1歳,146.28048780487805,29.5,4.869565217391305,0.043478260869565216,9.91304347826087,0.010604453870625663,4.958660603555188
青葉区,エンゼルベアあざみ野保育園,1歳,146.28048780487805,29.5,7.0,0.043478260869565216,8.0,0.010604453870625663,4.958660603555188
瀬谷区,ＧＥＮＫＩＤＳ瀬谷保育園,1歳,146.26792698826597,29.5,35.82608695652174,0.08695652173913043,10.391304347826088,0.005914252782344161,4.958234813161559
緑区,太陽の子　鴨居駅前保育園,1歳,146.2460348929421,29.5,25.304347826086957,0.08695652173913043,12.0,0.008662896941695686,4.957492708235326
港北区,岩崎学園新横浜保育園,1歳,146.24213836477986,29.5,21.47826086956522,0.08695652173913043,20.0,0.010937927262783703,4.95736062253491
鶴見区,北寺尾第二むつみ保育園,0歳,146.21794871794873,29.5,5.173913043478261,0.043478260869565216,5.826086956521739,0.007432181345224824,4.956540634506736
戸塚区,にじいろ保育園戸塚,1歳,146.21794871794873,29.5,15.304347826086957,0.043478260869565216,15.0,0.007432181345224824,4.956540634506736
青葉区,グローバルキッズ市が尾園,0歳,146.21794871794873,29.5,21.956521739130434,0.043478260869565216,2.217391304347826,0.007432181345224824,4.956540634506736
西区,横浜みなとみらい保育園,1歳,146.16666666666666,29.5,4.478260869565218,0.043478260869565216,21.956521739130434,0.011594202898550725,4.954802259887005
鶴見区,オハナ鶴見保育園,1歳,146.16666666666666,29.5,2.4782608695652173,0.043478260869565216,13.956521739130435,0.011594202898550725,4.954802259887005
旭区,キッズガーデン横浜鶴ヶ峰,0歳,146.16666666666666,29.5,8.173913043478262,0.043478260869565216,5.956521739130435,0.011594202898550725,4.954802259887005
泉区,エンゼルおおぞら保育園,0歳,146.16666666666666,29.5,34.47826086956522,0.043478260869565216,5.956521739130435,0.011594202898550725,4.954802259887005
青葉区,たまプラーザ　こどもの詩保育園,1歳,146.16666666666666,29.5,6.217391304347826,0.043478260869565216,7.956521739130435,0.011594202898550725,4.954802259887005
保土ケ谷区,ラフ・クルー星川保育園,1歳,146.16666666666666,29.5,2.8260869565217392,0.043478260869565216,14.91304347826087,0.011594202898550725,4.954802259887005
旭区,横浜小谷かなりや保育園,1歳,146.16666666666666,29.5,4.695652173913044,0.043478260869565216,7.956521739130435,0.011594202898550725,4.954802259887005
戸塚区,あーす保育園戸塚,2歳,146.16666666666666,29.5,2.782608695652174,0.043478260869565216,8.0,0.011594202898550725,4.954802259887005
戸塚区,あきば幼保連携型認定こども園,2歳,146.16666666666666,29.5,2.5217391304347827,0.043478260869565216,19.956521739130434,0.011594202898550725,4.954802259887005
保土ケ谷区,にじいろ保育園和田町,1歳,146.16666666666666,29.5,5.695652173913044,0.043478260869565216,5.0,0.011594202898550725,4.954802259887005
旭区,明徳二俣川保育園,2歳,146.16666666666666,29.5,5.217391304347826,0.043478260869565216,14.826086956521738,0.011594202898550725,4.954802259887005
南区,蒔田ひまわり保育園,1歳,146.16666666666666,29.5,8.304347826086957,0.043478260869565216,10.0,0.011594202898550725,4.954802259887005
瀬谷区,グローバルキッズ三ツ境園,2歳,146.16666666666666,29.5,3.0,0.043478260869565216,11.956521739130435,0.011594202898550725,4.954802259887005
港北区,たかた保育園,1歳,146.16666666666666,29.5,3.9565217391304346,0.043478260869565216,12.826086956521738,0.011594202898550725,4.954802259887005
港南区,上大岡ゆう保育園,1歳,146.14135582677685,29.5,39.52173913043478,0.2608695652173913,23.82608695652174,0.011814297158462215,4.953944265314469
金沢区,ゆめ和ほいくえん,1歳,146.13636363636363,29.5,5.478260869565218,0.043478260869565216,9.043478260869565,0.007905138339920948,4.953775038520801
港南区,小学館アカデミーかみおおおか保育園,2歳,146.13636363636363,29.5,9.043478260869565,0.043478260869565216,10.0,0.007905138339920948,4.953775038520801
旭区,夢のつぼみ保育園,1歳,146.13636363636363,29.5,13.73913043478261,0.043478260869565216,8.956521739130435,0.007905138339920948,4.953775038520801
港南区,港南台保育センター,1歳,146.13636363636363,29.5,7.521739130434782,0.043478260869565216,8.478260869565217,0.007905138339920948,4.953775038520801
都筑区,クオリスキッズ鴨居駅前保育園,1歳,146.13636363636363,29.5,11.304347826086957,0.043478260869565216,12.826086956521738,0.007905138339920948,4.953775038520801
南区,大岡はるかぜ保育園,1歳,146.13423158281984,29.5,12.608695652173912,0.08695652173913043,13.956521739130435,0.01187624710591453,4.953702765519316
都筑区,キッズフォレセンター北,1歳,146.1217898832685,29.5,30.26086956521739,0.08695652173913043,14.91304347826087,0.00686178311622399,4.953281012992152
港北区,グローバルキッズ綱島ＳＳＴ保育園,1歳,136.16666666666666,27.5,3.1363636363636362,0.045454545454545456,6.863636363636363,0.012121212121212121,4.951515151515151
港北区,ぶれすと新横浜ほいくえん,1歳,146.05072463768116,29.5,17.217391304347824,0.043478260869565216,11.869565217391305,0.0063011972274732205,4.95087202161631
港北区,ケンパ高田,1歳,146.04368932038835,29.5,6.608695652173913,0.043478260869565216,9.956521739130435,0.008442380751371886,4.950633536284351
港南区,小学館アカデミーかみながや保育園,0歳,146.04368932038835,29.5,12.73913043478261,0.043478260869565216,3.739130434782609,0.008442380751371886,4.950633536284351
青葉区,ポピンズナーサリースクールあざみ野,1歳,146.04368932038835,29.5,7.956521739130435,0.043478260869565216,7.956521739130435,0.008442380751371886,4.950633536284351
保土ケ谷区,笹山保育園,1歳,146.04368932038835,29.5,7.434782608695652,0.043478260869565216,12.0,0.008442380751371886,4.950633536284351
旭区,太陽の子　二俣川駅保育園,2歳,146.04368932038835,29.5,9.173913043478262,0.043478260869565216,11.91304347826087,0.008442380751371886,4.950633536284351
神奈川区,ひびき保育園,0歳,146.03535353535352,29.5,23.652173913043477,0.08695652173913043,1.391304347826087,0.012736056214317084,4.950350967300119
港南区,キッズガーデン横浜最戸,0歳,146.02941176470588,29.5,14.565217391304348,0.043478260869565216,5.956521739130435,0.01278772378516624,4.950149551345962
西区,ろぜっと保育園,2歳,146.02941176470588,29.5,1.608695652173913,0.043478260869565216,14.956521739130435,0.01278772378516624,4.950149551345962
旭区,旭はるかぜ保育園,2歳,146.02941176470588,29.5,6.913043478260869,0.043478260869565216,18.91304347826087,0.01278772378516624,4.950149551345962
鶴見区,馬場どろんこ保育園,1歳,146.02941176470588,29.5,6.434782608695652,0.043478260869565216,9.956521739130435,0.01278772378516624,4.950149551345962
金沢区,ＹＭＣＡマナ保育園,2歳,146.02941176470588,29.5,3.347826086956522,0.043478260869565216,13.0,0.01278772378516624,4.950149551345962
青葉区,スターチャイルド≪たまプラーザナーサリー≫,1歳,146.02941176470588,29.5,12.826086956521738,0.043478260869565216,9.91304347826087,0.01278772378516624,4.950149551345962
金沢区,アイグラン保育園富岡東,1歳,146.02941176470588,29.5,5.391304347826087,0.043478260869565216,11.91304347826087,0.01278772378516624,4.950149551345962
金沢区,しののめ保育園,3歳,146.02941176470588,29.5,2.130434782608696,0.043478260869565216,18.304347826086957,0.01278772378516624,4.950149551345962
戸塚区,幼保連携型認定こども園　みどり幼稚園,4歳,146.02941176470588,29.5,3.5217391304347827,0.043478260869565216,12.173913043478262,0.01278772378516624,4.950149551345962
緑区,おひさますまいる保育園,3歳,146.02941176470588,29.5,2.0869565217391304,0.043478260869565216,16.652173913043477,0.01278772378516624,4.950149551345962
磯子区,アスク新杉田保育園,1歳,136.04368932038835,27.5,13.590909090909092,0.045454545454545456,5.7272727272727275,0.0088261253309797,4.947043248014122
瀬谷区,阿久和保育園,0歳,145.9375,29.5,15.869565217391305,0.13043478260869565,7.956521739130435,0.01358695652173913,4.947033898305085
港南区,港南台保育園,0歳,145.9375,29.5,38.869565217391305,0.043478260869565216,10.347826086956522,0.009057971014492754,4.947033898305085
保土ケ谷区,アスク和田町保育園,1歳,145.9375,29.5,4.869565217391305,0.043478260869565216,10.91304347826087,0.009057971014492754,4.947033898305085
青葉区,ベネッセ　青葉台保育園,2歳,145.9375,29.5,4.0,0.043478260869565216,12.956521739130435,0.009057971014492754,4.947033898305085
泉区,ＧＥＮＫＩＤＳ緑園都市保育園,2歳,145.9375,29.5,4.043478260869565,0.043478260869565216,12.0,0.009057971014492754,4.947033898305085
瀬谷区,ネストぽぽ,1歳,145.9301896084708,29.5,14.695652173913043,0.08695652173913043,9.130434782608695,0.013650525143732,4.94678608842274
港北区,保育室プリンプリンROOM,1歳,145.86065573770492,29.5,1.7391304347826086,0.043478260869565216,11.956521739130435,0.014255167498218105,4.944429008057794
鶴見区,東寺尾どろんこ保育園,2歳,145.86065573770492,29.5,2.9130434782608696,0.043478260869565216,24.956521739130434,0.014255167498218105,4.944429008057794
瀬谷区,阿久和キッズ,0歳,145.86065573770492,29.5,5.086956521739131,0.043478260869565216,4.304347826086956,0.014255167498218105,4.944429008057794
戸塚区,南戸塚保育園,2歳,145.86065573770492,29.5,4.739130434782608,0.043478260869565216,15.304347826086957,0.014255167498218105,4.944429008057794
鶴見区,太陽の子　鶴見市場保育園,2歳,145.86065573770492,29.5,2.0,0.043478260869565216,9.91304347826087,0.014255167498218105,4.944429008057794
戸塚区,正光寺保育園吉田町園,2歳,145.86065573770492,29.5,1.5217391304347827,0.043478260869565216,6.869565217391305,0.014255167498218105,4.944429008057794
鶴見区,ねむの樹　北寺尾保育園,1歳,145.86065573770492,29.5,3.4782608695652173,0.043478260869565216,8.0,0.014255167498218105,4.944429008057794
戸塚区,ちゃいれっく戸塚保育園,0歳,145.86065573770492,29.5,29.043478260869566,0.043478260869565216,5.956521739130435,0.014255167498218105,4.944429008057794
栄区,すまいるおおふな保育園,2歳,145.86065573770492,29.5,1.0434782608695652,0.043478260869565216,7.782608695652174,0.014255167498218105,4.944429008057794
旭区,ちとせ保育園,2歳,145.86065573770492,29.5,3.608695652173913,0.043478260869565216,31.26086956521739,0.014255167498218105,4.944429008057794
都筑区,滝ヶ谷保育園,1歳,145.86065573770492,29.5,4.913043478260869,0.043478260869565216,13.0,0.014255167498218105,4.944429008057794
港北区,港北コスモス保育園,0歳,145.86065573770492,29.5,5.130434782608695,0.043478260869565216,3.9565217391304346,0.014255167498218105,4.944429008057794
港北区,フェアリーテイルそら,1歳,145.86065573770492,29.5,0.9130434782608695,0.043478260869565216,7.956521739130435,0.014255167498218105,4.944429008057794
瀬谷区,瀬谷中央保育園,3歳,145.86065573770492,29.5,2.130434782608696,0.043478260869565216,17.956521739130434,0.014255167498218105,4.944429008057794
港南区,上大岡ゆう保育園,2歳,145.85744939425012,29.5,15.826086956521738,0.08695652173913043,24.0,0.01096409753423391,4.944320318449157
中区,すいとぴー保育園,1歳,145.81460674157304,29.5,3.6956521739130435,0.043478260869565216,9.0,0.009770395701025893,4.942868025138069
港北区,光の園保育園,1歳,145.81460674157304,29.5,8.478260869565217,0.043478260869565216,7.0,0.009770395701025893,4.942868025138069
戸塚区,グローバルキッズ戸塚園,2歳,145.81460674157304,29.5,6.521739130434782,0.043478260869565216,9.695652173913043,0.009770395701025893,4.942868025138069
青葉区,明日葉保育園青葉台園,0歳,145.81460674157304,29.5,24.434782608695652,0.043478260869565216,5.956521739130435,0.009770395701025893,4.942868025138069
栄区,やまゆり保育園,1歳,145.81460674157304,29.5,11.652173913043478,0.043478260869565216,23.91304347826087,0.009770395701025893,4.942868025138069
港南区,京急キッズランド上大岡保育園,1歳,145.81460674157304,29.5,11.956521739130435,0.043478260869565216,9.956521739130435,0.009770395701025893,4.942868025138069
緑区,寺山保育園,1歳,145.81460674157304,29.5,4.304347826086956,0.043478260869565216,14.478260869565217,0.009770395701025893,4.942868025138069
港南区,横浜市港南台第二保育園,1歳,145.81460674157304,29.5,8.478260869565217,0.043478260869565216,13.91304347826087,0.009770395701025893,4.942868025138069
港北区,小学館アカデミーひよし保育園,0歳,145.81460674157304,29.5,15.08695652173913,0.043478260869565216,5.956521739130435,0.009770395701025893,4.942868025138069
泉区,ＧＥＮＫＩＤＳいずみ中央保育園,2歳,145.7905982905983,29.5,4.739130434782608,0.043478260869565216,10.0,0.007432181345224824,4.942054179342315
瀬谷区,瀬谷中央保育園,0歳,145.77586206896552,29.5,24.782608695652176,0.08695652173913043,8.91304347826087,0.014992503748125939,4.941554646405611
保土ケ谷区,森のルーナ保育園,1歳,54.3421052631579,11.0,15.636363636363637,0.09090909090909091,10.0,0.011961722488038277,4.940191387559809
港南区,にじいろ保育園上大岡,1歳,91.35496183206106,18.5,9.583333333333334,0.08333333333333333,7.916666666666667,0.012722646310432571,4.938106044976274
保土ケ谷区,認定こども園　森のルーナ,1歳,91.35496183206106,18.5,10.25,0.08333333333333333,7.833333333333333,0.012722646310432571,4.938106044976274
栄区,横浜市飯島保育園,1歳,145.67073170731706,29.5,4.217391304347826,0.043478260869565216,6.913043478260869,0.010604453870625663,4.937990905332781
都筑区,横浜市みどり保育園,2歳,145.67073170731706,29.5,4.869565217391305,0.043478260869565216,19.47826086956522,0.010604453870625663,4.937990905332781
戸塚区,戸塚愛児園,1歳,145.67073170731706,29.5,16.434782608695652,0.043478260869565216,31.956521739130434,0.010604453870625663,4.937990905332781
港南区,アスク港南中央保育園,1歳,145.67073170731706,29.5,6.217391304347826,0.043478260869565216,16.869565217391305,0.010604453870625663,4.937990905332781
旭区,西川島保育園,2歳,145.67073170731706,29.5,2.3043478260869565,0.043478260869565216,19.869565217391305,0.010604453870625663,4.937990905332781
港南区,つばさ保育園,2歳,145.67073170731706,29.5,8.304347826086957,0.043478260869565216,16.956521739130434,0.010604453870625663,4.937990905332781
鶴見区,ゆめいろ保育園,1歳,145.67073170731706,29.5,4.565217391304348,0.043478260869565216,21.0,0.010604453870625663,4.937990905332781
磯子区,杉田保育園,1歳,145.67073170731706,29.5,7.043478260869565,0.043478260869565216,10.478260869565217,0.010604453870625663,4.937990905332781
西区,Maple Nursery WEST,1歳,145.67073170731706,29.5,2.782608695652174,0.043478260869565216,3.9565217391304346,0.010604453870625663,4.937990905332781
青葉区,サンキッズ荏田西保育園,2歳,145.67073170731706,29.5,3.0,0.043478260869565216,17.217391304347824,0.010604453870625663,4.937990905332781
港北区,なあな保育園,0歳,145.64814814814815,29.5,4.521739130434782,0.043478260869565216,5.782608695652174,0.01610305958132045,4.937225360954175
神奈川区,フレール保育園,1歳,145.64814814814815,29.5,2.217391304347826,0.043478260869565216,7.913043478260869,0.01610305958132045,4.937225360954175
鶴見区,横浜市馬場保育園,1歳,145.64814814814815,29.5,2.6956521739130435,0.043478260869565216,5.956521739130435,0.01610305958132045,4.937225360954175
泉区,認定こども園　上飯田幼稚園,2歳,145.64814814814815,29.5,2.391304347826087,0.043478260869565216,5.0,0.01610305958132045,4.937225360954175
港南区,港南はるかぜ保育園,4歳,145.64814814814815,29.5,0.8260869565217391,0.043478260869565216,22.434782608695652,0.01610305958132045,4.937225360954175
青葉区,といろきっず青葉台保育園,1歳,145.64814814814815,29.5,7.782608695652174,0.043478260869565216,4.956521739130435,0.01610305958132045,4.937225360954175
港北区,わかさと保育園,1歳,145.64814814814815,29.5,3.869565217391304,0.043478260869565216,8.0,0.01610305958132045,4.937225360954175
港南区,保育室アーモ,1歳,145.64814814814815,29.5,5.0,0.043478260869565216,6.913043478260869,0.01610305958132045,4.937225360954175
港南区,小学館アカデミーかみおおおか保育園,0歳,145.64814814814815,29.5,32.30434782608695,0.043478260869565216,5.956521739130435,0.01610305958132045,4.937225360954175
緑区,おひさますまいる保育園,2歳,145.64814814814815,29.5,3.0,0.043478260869565216,10.826086956521738,0.01610305958132045,4.937225360954175
泉区,なかよしこども園,4歳,145.64814814814815,29.5,0.08695652173913043,0.043478260869565216,11.304347826086957,0.01610305958132045,4.937225360954175
泉区,横浜ルンビニー保育園,2歳,145.64814814814815,29.5,2.608695652173913,0.043478260869565216,22.652173913043477,0.01610305958132045,4.937225360954175
旭区,あゆみ保育園,0歳,145.64814814814815,29.5,23.91304347826087,0.043478260869565216,8.043478260869565,0.01610305958132045,4.937225360954175
青葉区,ニチイキッズ美しが丘保育園,1歳,145.64814814814815,29.5,2.4347826086956523,0.043478260869565216,11.91304347826087,0.01610305958132045,4.937225360954175
緑区,わらべうた中山保育園,2歳,145.64814814814815,29.5,1.3478260869565217,0.043478260869565216,12.0,0.01610305958132045,4.937225360954175
神奈川区,キッズパートナー六角橋,1歳,145.64814814814815,29.5,3.0869565217391304,0.043478260869565216,8.956521739130435,0.01610305958132045,4.937225360954175
戸塚区,ののはな保育園,4歳,145.64814814814815,29.5,0.08695652173913043,0.043478260869565216,9.91304347826087,0.01610305958132045,4.937225360954175
旭区,鶴ヶ峰保育園,0歳,145.64814814814815,29.5,7.3478260869565215,0.043478260869565216,5.956521739130435,0.01610305958132045,4.937225360954175
南区,京急キッズランド井土ケ谷駅保育園,3歳,145.64814814814815,29.5,1.434782608695652,0.043478260869565216,11.0,0.01610305958132045,4.937225360954175
青葉区,横浜市荏田保育園,1歳,145.64814814814815,29.5,3.4347826086956523,0.043478260869565216,11.956521739130435,0.01610305958132045,4.937225360954175
都筑区,保育ルームキューティー北山田,2歳,145.64814814814815,29.5,0.17391304347826086,0.043478260869565216,7.521739130434782,0.01610305958132045,4.937225360954175
保土ケ谷区,東戸塚もえぎ保育室,1歳,145.64814814814815,29.5,0.2608695652173913,0.043478260869565216,4.695652173913044,0.01610305958132045,4.937225360954175
神奈川区,アイン三枚町保育園,2歳,145.64814814814815,29.5,1.7391304347826086,0.043478260869565216,14.956521739130435,0.01610305958132045,4.937225360954175
瀬谷区,瀬谷中央保育園,1歳,145.63285695381765,29.5,22.695652173913043,0.13043478260869565,15.869565217391305,0.014337412476770745,4.936707015383649
瀬谷区,シャローム三育保育園,1歳,145.6012658227848,29.5,13.08695652173913,0.08695652173913043,9.91304347826087,0.01100715465052284,4.935636129585926
南区,よこはま風の遊育園,0歳,54.27536231884058,11.0,5.181818181818182,0.09090909090909091,6.090909090909091,0.013175230566534914,4.934123847167325
港南区,アスクさいど保育園,2歳,145.5171290262521,29.5,8.782608695652174,0.08695652173913043,15.304347826086957,0.01724235629346005,4.932784034788207
緑区,横浜市長津田保育園,1歳,145.5,29.5,6.782608695652174,0.043478260869565216,14.0,0.011594202898550725,4.932203389830509
港南区,太陽の子　港南台保育園,0歳,145.5,29.5,18.82608695652174,0.043478260869565216,5.956521739130435,0.011594202898550725,4.932203389830509
鶴見区,幼保連携型認定こども園　あさひ台幼稚園,2歳,145.5,29.5,4.0,0.043478260869565216,11.043478260869565,0.011594202898550725,4.932203389830509
青葉区,スターチャイルド≪藤が丘ナーサリー≫,1歳,145.5,29.5,8.608695652173912,0.043478260869565216,9.478260869565217,0.011594202898550725,4.932203389830509
旭区,横浜市左近山保育園,1歳,145.5,29.5,3.5652173913043477,0.043478260869565216,16.47826086956522,0.011594202898550725,4.932203389830509
港南区,チェリーガーデン保育園,2歳,145.5,29.5,3.1739130434782608,0.043478260869565216,18.0,0.011594202898550725,4.932203389830509
戸塚区,銀杏保育園,1歳,145.5,29.5,5.0,0.043478260869565216,7.956521739130435,0.011594202898550725,4.932203389830509
港北区,光の園保育園,0歳,145.41666666666666,29.5,15.347826086956522,0.043478260869565216,5.956521739130435,0.009057971014492754,4.929378531073446
青葉区,幼保連携型認定こども園青葉台幼稚園,1歳,145.41666666666666,29.5,14.478260869565217,0.043478260869565216,21.91304347826087,0.009057971014492754,4.929378531073446
金沢区,きらら子どもの家,0歳,145.39473684210526,29.5,11.565217391304348,0.08695652173913043,6.521739130434782,0.018306636155606407,4.9286351471900085
港北区,日吉ちとせ保育園,2歳,145.39473684210526,29.5,2.739130434782609,0.08695652173913043,14.08695652173913,0.018306636155606407,4.9286351471900085
栄区,ニチイキッズさくら本郷台保育園,1歳,145.37599828456936,29.5,33.52173913043478,0.17391304347826086,10.434782608695652,0.012313053422786307,4.927999941849809
南区,アスクいどがや保育園,0歳,145.37234042553192,29.5,25.434782608695652,0.043478260869565216,5.956521739130435,0.018501387604070305,4.927875946628201
港南区,日野保育園,2歳,145.37234042553192,29.5,1.2173913043478262,0.043478260869565216,14.434782608695652,0.018501387604070305,4.927875946628201
緑区,横浜市十日市場保育園,3歳,145.37234042553192,29.5,2.0869565217391304,0.043478260869565216,20.82608695652174,0.018501387604070305,4.927875946628201
青葉区,京進のほいくえんＨＯＰＰＡたまプラーザ,2歳,145.37234042553192,29.5,0.6086956521739131,0.043478260869565216,11.91304347826087,0.018501387604070305,4.927875946628201
金沢区,とみおかスマイル保育園,2歳,145.37234042553192,29.5,2.0869565217391304,0.043478260869565216,10.956521739130435,0.018501387604070305,4.927875946628201
泉区,横浜ルンビニー保育園,1歳,145.37234042553192,29.5,5.826086956521739,0.043478260869565216,15.956521739130435,0.018501387604070305,4.927875946628201
神奈川区,羽沢保育園,4歳,145.37234042553192,29.5,0.8695652173913043,0.043478260869565216,28.956521739130434,0.018501387604070305,4.927875946628201
青葉区,なかがわ家庭保育室,0歳,145.37234042553192,29.5,1.173913043478261,0.043478260869565216,0.4782608695652174,0.018501387604070305,4.927875946628201
旭区,スマイルビー保育園,2歳,145.37234042553192,29.5,1.7826086956521738,0.043478260869565216,7.956521739130435,0.018501387604070305,4.927875946628201
港北区,おおくらやまえきまえのぞみ保育園,1歳,145.37234042553192,29.5,3.347826086956522,0.043478260869565216,11.0,0.018501387604070305,4.927875946628201
青葉区,エンゼルベア青葉台保育園,1歳,145.37234042553192,29.5,3.869565217391304,0.043478260869565216,9.91304347826087,0.018501387604070305,4.927875946628201
鶴見区,鶴見あけぼの保育園,3歳,145.37234042553192,29.5,0.08695652173913043,0.043478260869565216,9.91304347826087,0.018501387604070305,4.927875946628201
港北区,ぶれすと新横浜ほいくえん,0歳,145.37234042553192,29.5,19.391304347826086,0.043478260869565216,4.826086956521739,0.018501387604070305,4.927875946628201
金沢区,金沢ふたば保育園,3歳,145.37234042553192,29.5,1.1304347826086956,0.043478260869565216,17.391304347826086,0.018501387604070305,4.927875946628201
旭区,あっぷる保育園鶴ヶ峰,3歳,145.37234042553192,29.5,1.4782608695652173,0.043478260869565216,23.956521739130434,0.018501387604070305,4.927875946628201
戸塚区,幼保連携型認定こども園　南幼稚園,1歳,145.37234042553192,29.5,5.3478260869565215,0.043478260869565216,10.91304347826087,0.018501387604070305,4.927875946628201
南区,くらき永田保育園,4歳,145.37234042553192,29.5,1.2173913043478262,0.043478260869565216,17.956521739130434,0.018501387604070305,4.927875946628201
泉区,白百合愛児園,2歳,145.37234042553192,29.5,4.869565217391305,0.043478260869565216,41.95652173913044,0.018501387604070305,4.927875946628201
緑区,青砥どんぐり保育園,3歳,145.37234042553192,29.5,0.9130434782608695,0.043478260869565216,18.91304347826087,0.018501387604070305,4.927875946628201
鶴見区,末吉いづみ保育園,3歳,145.37234042553192,29.5,0.4782608695652174,0.043478260869565216,35.95652173913044,0.018501387604070305,4.927875946628201
港南区,小学館アカデミーかみながや保育園,3歳,145.37234042553192,29.5,1.0434782608695652,0.043478260869565216,9.956521739130435,0.018501387604070305,4.927875946628201
港南区,京急キッズランド上永谷保育園,4歳,145.37234042553192,29.5,0.08695652173913043,0.043478260869565216,10.521739130434783,0.018501387604070305,4.927875946628201
鶴見区,桑の実鶴見保育園,2歳,145.37234042553192,29.5,0.8260869565217391,0.043478260869565216,9.956521739130435,0.018501387604070305,4.927875946628201
磯子区,日枝幼児園,2歳,145.37234042553192,29.5,1.1304347826086956,0.043478260869565216,9.956521739130435,0.018501387604070305,4.927875946628201
金沢区,かのん保育園,4歳,145.37234042553192,29.5,0.043478260869565216,0.043478260869565216,19.47826086956522,0.018501387604070305,4.927875946628201
港南区,上大岡ゆう保育園,3歳,145.37234042553192,29.5,2.869565217391304,0.043478260869565216,24.0,0.018501387604070305,4.927875946628201
泉区,なかよしこども園,2歳,145.37234042553192,29.5,3.1739130434782608,0.043478260869565216,6.956521739130435,0.018501387604070305,4.927875946628201
都筑区,認定こども園エクレス,3歳,145.37234042553192,29.5,0.4782608695652174,0.043478260869565216,13.478260869565217,0.018501387604070305,4.927875946628201
旭区,つぼみ保育園,0歳,145.37234042553192,29.5,13.26086956521739,0.043478260869565216,7.956521739130435,0.018501387604070305,4.927875946628201
西区,ムーミン保育園,2歳,145.37234042553192,29.5,1.434782608695652,0.043478260869565216,11.0,0.018501387604070305,4.927875946628201
緑区,保育所マナマナハウス,2歳,145.37234042553192,29.5,1.9565217391304348,0.043478260869565216,6.826086956521739,0.018501387604070305,4.927875946628201
港北区,しんよしだこども園（保育所部分）,2歳,145.37234042553192,29.5,2.260869565217391,0.043478260869565216,24.73913043478261,0.018501387604070305,4.927875946628201
保土ケ谷区,新桜ケ丘保育園,1歳,145.37234042553192,29.5,2.739130434782609,0.043478260869565216,7.956521739130435,0.018501387604070305,4.927875946628201
鶴見区,北寺尾むつみ保育園,5歳,145.37234042553192,29.5,0.4782608695652174,0.043478260869565216,15.652173913043478,0.018501387604070305,4.927875946628201
保土ケ谷区,スターチャイルド≪和田町ナーサリー≫,0歳,145.37234042553192,29.5,6.869565217391305,0.043478260869565216,5.956521739130435,0.018501387604070305,4.927875946628201
磯子区,横浜市東滝頭保育園,2歳,145.37234042553192,29.5,2.9130434782608696,0.043478260869565216,14.0,0.018501387604070305,4.927875946628201
南区,六ツ川西保育園,3歳,145.37234042553192,29.5,0.9130434782608695,0.043478260869565216,19.956521739130434,0.018501387604070305,4.927875946628201
保土ケ谷区,境木保育園,3歳,145.37234042553192,29.5,0.7391304347826086,0.043478260869565216,14.434782608695652,0.018501387604070305,4.927875946628201
港南区,クオリスキッズ港南中央保育園,2歳,145.37234042553192,29.5,1.6521739130434783,0.043478260869565216,14.956521739130435,0.018501387604070305,4.927875946628201
栄区,アスク大船保育園,5歳,145.37234042553192,29.5,0.2608695652173913,0.043478260869565216,12.91304347826087,0.018501387604070305,4.927875946628201
戸塚区,戸塚みどり保育園,4歳,145.37234042553192,29.5,0.30434782608695654,0.043478260869565216,12.478260869565217,0.018501387604070305,4.927875946628201
戸塚区,おおぞらひまわり保育園,0歳,145.37234042553192,29.5,4.913043478260869,0.043478260869565216,7.391304347826087,0.018501387604070305,4.927875946628201
港北区,グローバルキッズ日吉五丁目園,2歳,145.37234042553192,29.5,0.6956521739130435,0.043478260869565216,10.956521739130435,0.018501387604070305,4.927875946628201
南区,蒔田ひまわり保育園,3歳,145.37234042553192,29.5,1.0434782608695652,0.043478260869565216,11.956521739130435,0.018501387604070305,4.927875946628201
鶴見区,フェアリーテイルつばさ,1歳,145.37234042553192,29.5,1.3043478260869565,0.043478260869565216,7.434782608695652,0.018501387604070305,4.927875946628201
栄区,いいじまルーテル保育園,4歳,145.37234042553192,29.5,0.17391304347826086,0.043478260869565216,9.608695652173912,0.018501387604070305,4.927875946628201
神奈川区,うちゅうこども園たんまち,2歳,145.37234042553192,29.5,2.1739130434782608,0.043478260869565216,12.0,0.018501387604070305,4.927875946628201
都筑区,パレット保育園・センター南,2歳,145.37234042553192,29.5,1.8695652173913044,0.043478260869565216,9.434782608695652,0.018501387604070305,4.927875946628201
都筑区,やまた保育園,2歳,145.37234042553192,29.5,1.608695652173913,0.043478260869565216,13.391304347826088,0.018501387604070305,4.927875946628201
鶴見区,にじの風保育園,1歳,145.37234042553192,29.5,4.043478260869565,0.043478260869565216,7.956521739130435,0.018501387604070305,4.927875946628201
青葉区,もみじ保育園,0歳,145.37234042553192,29.5,4.173913043478261,0.043478260869565216,4.913043478260869,0.018501387604070305,4.927875946628201
鶴見区,にじいろ保育園駒岡,1歳,145.37234042553192,29.5,1.9565217391304348,0.043478260869565216,6.521739130434782,0.018501387604070305,4.927875946628201
港北区,パレット保育園・大豆戸,1歳,145.37234042553192,29.5,2.347826086956522,0.043478260869565216,11.91304347826087,0.018501387604070305,4.927875946628201
青葉区,にじいろ保育園江田,1歳,145.37234042553192,29.5,2.608695652173913,0.043478260869565216,7.913043478260869,0.018501387604070305,4.927875946628201
青葉区,といろきっずたまプラーザ保育園,2歳,145.37234042553192,29.5,0.08695652173913043,0.043478260869565216,6.478260869565218,0.018501387604070305,4.927875946628201
港北区,綱島こども園,1歳,54.193548387096776,11.0,12.181818181818182,0.09090909090909091,12.727272727272727,0.014662756598240472,4.926686217008798
港北区,アスクバイリンガル保育園ゆめみらい,1歳,91.13636363636364,18.5,9.333333333333334,0.08333333333333333,14.916666666666666,0.015151515151515152,4.926289926289926
鶴見区,こあらっこはうす　ル・ソレイユ,1歳,145.2941176470588,29.5,1.6956521739130435,0.043478260869565216,7.956521739130435,0.01278772378516624,4.925224327018943
鶴見区,幼保連携型認定こども園　あさひ台幼稚園,3歳,145.2941176470588,29.5,1.9130434782608696,0.043478260869565216,10.043478260869565,0.01278772378516624,4.925224327018943
金沢区,スターチャイルド≪金沢文庫ナーサリー≫,1歳,145.2941176470588,29.5,3.3043478260869565,0.043478260869565216,11.956521739130435,0.01278772378516624,4.925224327018943
都筑区,ゆうぽーと保育園,2歳,145.2941176470588,29.5,5.608695652173913,0.043478260869565216,10.0,0.01278772378516624,4.925224327018943
旭区,あゆみキッズ保育園,0歳,145.2941176470588,29.5,13.0,0.043478260869565216,4.130434782608695,0.01278772378516624,4.925224327018943
金沢区,金沢ふたば保育園,1歳,145.2941176470588,29.5,5.217391304347826,0.043478260869565216,17.17391304347826,0.01278772378516624,4.925224327018943
鶴見区,ＳＥＡ　ＫＩＤ保育園,1歳,145.2941176470588,29.5,3.391304347826087,0.043478260869565216,14.565217391304348,0.01278772378516624,4.925224327018943
港北区,グローバルキッズ綱島園,1歳,145.2941176470588,29.5,4.956521739130435,0.043478260869565216,18.0,0.01278772378516624,4.925224327018943
戸塚区,幼保連携型認定こども園　ひまわり幼稚園,1歳,145.2941176470588,29.5,7.260869565217392,0.043478260869565216,7.956521739130435,0.01278772378516624,4.925224327018943
港南区,オハナ上永谷保育園,2歳,145.2941176470588,29.5,4.043478260869565,0.043478260869565216,18.0,0.01278772378516624,4.925224327018943
戸塚区,にじいろ保育園戸塚駅前,0歳,145.26536312849163,29.5,112.3913043478261,0.08695652173913043,5.913043478260869,0.009715812484819043,4.9242495975759875
旭区,あっぷる保育園鶴ヶ峰,2歳,145.25280898876403,29.5,3.869565217391304,0.043478260869565216,19.956521739130434,0.009770395701025893,4.923824033517425
緑区,横浜市鴨居保育園,0歳,145.24011299435028,29.5,12.478260869565217,0.17391304347826086,8.608695652173912,0.019651191353475806,4.923393660825433
港北区,キッズパートナー小机,2歳,145.22727272727272,29.5,5.6521739130434785,0.08695652173913043,9.91304347826087,0.019762845849802372,4.922958397534669
南区,アスク吉野町保育園,4歳,135.37234042553192,27.5,1.5909090909090908,0.045454545454545456,7.954545454545454,0.019342359767891684,4.922630560928433
港北区,グローバルキッズ綱島ＳＳＴ保育園,0歳,135.37234042553192,27.5,2.9545454545454546,0.045454545454545456,2.909090909090909,0.019342359767891684,4.922630560928433
泉区,認定こども園　ＹＭＣＡいずみ,1歳,135.37234042553192,27.5,4.863636363636363,0.045454545454545456,21.863636363636363,0.019342359767891684,4.922630560928433
磯子区,根岸星の子保育園,1歳,145.19296740994855,29.5,16.91304347826087,0.08695652173913043,14.608695652173912,0.013374101971312802,4.921795505421985
港北区,ベネッセ　日吉保育園,0歳,145.16483204601633,29.5,193.30434782608697,0.34782608695652173,8.652173913043478,0.013119318895581931,4.92084176427174
金沢区,ひかりとたねの保育園,1歳,145.13099219620958,29.5,9.217391304347826,0.08695652173913043,9.73913043478261,0.013733378572698044,4.919694650718968
都筑区,アスクセンター南保育園,1歳,145.12032085561498,29.5,5.956521739130435,0.08695652173913043,9.91304347826087,0.02069286212508719,4.91933291035983
港北区,アスクゆめみらい保育園,0歳,54.09090909090909,11.0,18.181818181818183,0.09090909090909091,8.909090909090908,0.01652892561983471,4.917355371900826
緑区,ヴィラ十日市場こども園,1歳,54.09090909090909,11.0,9.727272727272727,0.09090909090909091,10.909090909090908,0.01652892561983471,4.917355371900826
緑区,みらいつぼみ保育園,1歳,145.0609756097561,29.5,8.130434782608695,0.043478260869565216,5.956521739130435,0.010604453870625663,4.917321207110376
磯子区,やべのファミリールーム,2歳,145.0609756097561,29.5,2.5652173913043477,0.08695652173913043,11.08695652173913,0.021208907741251327,4.917321207110376
鶴見区,明日葉保育園駒岡園,1歳,145.04098360655738,29.5,1.7391304347826086,0.043478260869565216,9.956521739130435,0.014255167498218105,4.916643512086691
磯子区,にじいろ保育園　洋光台,2歳,145.04098360655738,29.5,3.260869565217391,0.043478260869565216,14.304347826086957,0.014255167498218105,4.916643512086691
都筑区,クオリスキッズ鴨居駅前保育園,2歳,145.04098360655738,29.5,3.0869565217391304,0.043478260869565216,12.869565217391305,0.014255167498218105,4.916643512086691
旭区,太陽の子　さちが丘保育園,2歳,145.04098360655738,29.5,2.4782608695652173,0.043478260869565216,11.782608695652174,0.014255167498218105,4.916643512086691
港北区,太陽の子　日吉保育園,1歳,145.04098360655738,29.5,3.9130434782608696,0.043478260869565216,8.956521739130435,0.014255167498218105,4.916643512086691
南区,大岡おひさま保育園,3歳,145.04098360655738,29.5,1.6956521739130435,0.043478260869565216,9.478260869565217,0.014255167498218105,4.916643512086691
金沢区,金沢白百合幼稚園,4歳,145.04098360655738,29.5,1.4782608695652173,0.043478260869565216,11.608695652173912,0.014255167498218105,4.916643512086691
金沢区,あおぞら谷津保育園,2歳,145.04098360655738,29.5,2.739130434782609,0.043478260869565216,17.956521739130434,0.014255167498218105,4.916643512086691
港南区,港南台保育園,3歳,145.04098360655738,29.5,3.739130434782609,0.043478260869565216,23.434782608695652,0.014255167498218105,4.916643512086691
中区,のぞみ山手駅前保育園,1歳,145.04098360655738,29.5,1.8695652173913044,0.043478260869565216,7.956521739130435,0.014255167498218105,4.916643512086691
戸塚区,柏尾スマイル保育園,2歳,145.04098360655738,29.5,2.391304347826087,0.043478260869565216,9.826086956521738,0.014255167498218105,4.916643512086691
旭区,のぞみ保育園,1歳,145.04098360655738,29.5,1.8695652173913044,0.043478260869565216,12.434782608695652,0.014255167498218105,4.916643512086691
戸塚区,芙蓉保育園,2歳,145.04098360655738,29.5,1.6956521739130435,0.043478260869565216,13.956521739130435,0.014255167498218105,4.916643512086691
戸塚区,みんなのほいくえんａｔとつか,2歳,145.04098360655738,29.5,1.434782608695652,0.043478260869565216,5.956521739130435,0.014255167498218105,4.916643512086691
戸塚区,あーす保育園戸塚,0歳,145.04098360655738,29.5,3.782608695652174,0.043478260869565216,2.4782608695652173,0.014255167498218105,4.916643512086691
青葉区,ピッピみんなの保育園,2歳,145.04098360655738,29.5,1.391304347826087,0.043478260869565216,4.739130434782608,0.014255167498218105,4.916643512086691
緑区,横浜市長津田保育園,2歳,145.04098360655738,29.5,1.7391304347826086,0.043478260869565216,14.347826086956522,0.014255167498218105,4.916643512086691
港南区,太陽の子　港南台保育園,3歳,145.04098360655738,29.5,1.565217391304348,0.043478260869565216,10.956521739130435,0.014255167498218105,4.916643512086691
磯子区,グローバルキッズ磯子保育園,3歳,145.04098360655738,29.5,1.565217391304348,0.043478260869565216,13.91304347826087,0.014255167498218105,4.916643512086691
磯子区,屏風ヶ浦保育園,3歳,145.04098360655738,29.5,1.2608695652173914,0.043478260869565216,19.91304347826087,0.014255167498218105,4.916643512086691
戸塚区,小雀みどり保育園,1歳,145.04098360655738,29.5,2.3043478260869565,0.043478260869565216,9.956521739130435,0.014255167498218105,4.916643512086691
中区,横浜市竹之丸保育園,2歳,145.04098360655738,29.5,2.5217391304347827,0.043478260869565216,17.956521739130434,0.014255167498218105,4.916643512086691
磯子区,汐見台愛育園,2歳,145.03086419753086,29.5,1.9565217391304348,0.08695652173913043,13.652173913043478,0.02147074610842727,4.916300481272232
青葉区,認定こども園三陽幼稚園・三陽保育園,1歳,145.03086419753086,29.5,6.086956521739131,0.08695652173913043,12.91304347826087,0.02147074610842727,4.916300481272232
瀬谷区,ゆたか保育園,2歳,145.03086419753086,29.5,2.3043478260869565,0.08695652173913043,15.0,0.02147074610842727,4.916300481272232
港南区,横浜大谷保育園,1歳,90.9375,18.5,7.75,0.08333333333333333,9.583333333333334,0.017361111111111112,4.91554054054054
保土ケ谷区,星川もえぎ保育園,5歳,145.0,29.5,0.0,0.043478260869565216,9.91304347826087,0.021739130434782608,4.915254237288136
中区,アスク本牧保育園,2歳,145.0,29.5,0.8260869565217391,0.043478260869565216,12.434782608695652,0.021739130434782608,4.915254237288136
保土ケ谷区,星川もえぎ保育園,1歳,145.0,29.5,1.565217391304348,0.043478260869565216,7.826086956521739,0.021739130434782608,4.915254237288136
戸塚区,舞岡保育園,2歳,145.0,29.5,0.6521739130434783,0.043478260869565216,9.869565217391305,0.021739130434782608,4.915254237288136
港南区,ＳＵＮはるかぜ保育園,5歳,145.0,29.5,0.0,0.043478260869565216,13.0,0.021739130434782608,4.915254237288136
中区,のぞみ山手駅前保育園,0歳,145.0,29.5,4.130434782608695,0.043478260869565216,2.9130434782608696,0.021739130434782608,4.915254237288136
保土ケ谷区,星川もえぎ保育園,2歳,145.0,29.5,0.34782608695652173,0.043478260869565216,7.956521739130435,0.021739130434782608,4.915254237288136
青葉区,オルタスそらいろ,0歳,145.0,29.5,13.91304347826087,0.043478260869565216,7.956521739130435,0.021739130434782608,4.915254237288136
都筑区,よこはま・もあな保育園,0歳,145.0,29.5,4.304347826086956,0.043478260869565216,2.9565217391304346,0.021739130434782608,4.915254237288136
中区,クラウン保育園,1歳,145.0,29.5,1.565217391304348,0.043478260869565216,11.956521739130435,0.021739130434782608,4.915254237288136
鶴見区,横浜山手モンテッソーリ保育園,2歳,145.0,29.5,0.5217391304347826,0.043478260869565216,9.0,0.021739130434782608,4.915254237288136
都筑区,つづき保育園,5歳,145.0,29.5,0.2608695652173913,0.043478260869565216,18.695652173913043,0.021739130434782608,4.915254237288136
戸塚区,にじいろ保育園戸塚駅前,3歳,145.0,29.5,1.565217391304348,0.043478260869565216,10.826086956521738,0.021739130434782608,4.915254237288136
緑区,みなみ台保育園,1歳,145.0,29.5,1.434782608695652,0.043478260869565216,22.043478260869566,0.021739130434782608,4.915254237288136
旭区,マミー保育園二俣川,1歳,145.0,29.5,1.7826086956521738,0.043478260869565216,6.956521739130435,0.021739130434782608,4.915254237288136
金沢区,明日葉保育園金沢文庫園,3歳,145.0,29.5,0.0,0.043478260869565216,12.956521739130435,0.021739130434782608,4.915254237288136
港南区,港南はるかぜ保育園,5歳,145.0,29.5,0.0,0.043478260869565216,22.47826086956522,0.021739130434782608,4.915254237288136
港北区,聖保育園第二,1歳,145.0,29.5,0.9130434782608695,0.043478260869565216,8.0,0.021739130434782608,4.915254237288136
旭区,横濱あんじゅ小規模保育園,0歳,145.0,29.5,6.3478260869565215,0.043478260869565216,2.9565217391304346,0.021739130434782608,4.915254237288136
青葉区,ちぐさのもり保育園,5歳,145.0,29.5,0.0,0.043478260869565216,16.82608695652174,0.021739130434782608,4.915254237288136
青葉区,といろきっず青葉台保育園,0歳,145.0,29.5,9.08695652173913,0.043478260869565216,3.9565217391304346,0.021739130434782608,4.915254237288136
青葉区,ちぐさのもり保育園,3歳,145.0,29.5,0.17391304347826086,0.043478260869565216,15.08695652173913,0.021739130434782608,4.915254237288136
泉区,鳩の森愛の詩とことこ保育園,2歳,145.0,29.5,1.9565217391304348,0.043478260869565216,8.956521739130435,0.021739130434782608,4.915254237288136
神奈川区,ＹＭＣＡ東かながわ保育園,4歳,145.0,29.5,0.043478260869565216,0.043478260869565216,12.956521739130435,0.021739130434782608,4.915254237288136
港南区,港南はるかぜ保育園,3歳,145.0,29.5,0.4782608695652174,0.043478260869565216,22.304347826086957,0.021739130434782608,4.915254237288136
金沢区,とみおかスマイル保育園,4歳,145.0,29.5,0.5652173913043478,0.043478260869565216,10.956521739130435,0.021739130434782608,4.915254237288136
戸塚区,ちゃいれっく前田町保育園,4歳,145.0,29.5,0.043478260869565216,0.043478260869565216,5.043478260869565,0.021739130434782608,4.915254237288136
港北区,しんよしだこども園（保育所部分）,5歳,145.0,29.5,0.0,0.043478260869565216,33.65217391304348,0.021739130434782608,4.915254237288136
青葉区,しらとり台保育園さつきが丘,2歳,145.0,29.5,1.565217391304348,0.043478260869565216,14.434782608695652,0.021739130434782608,4.915254237288136
港北区,認定こども園新羽幼稚園（保育所部分）,5歳,145.0,29.5,0.0,0.043478260869565216,3.9565217391304346,0.021739130434782608,4.915254237288136
泉区,中田駅前　はまっこ保育園,2歳,145.0,29.5,2.9130434782608696,0.043478260869565216,8.478260869565217,0.021739130434782608,4.915254237288136
鶴見区,ねむの樹　元宮保育園,2歳,145.0,29.5,0.0,0.043478260869565216,9.043478260869565,0.021739130434782608,4.915254237288136
神奈川区,ＹＭＣＡ東かながわ保育園,5歳,145.0,29.5,0.34782608695652173,0.043478260869565216,12.956521739130435,0.021739130434782608,4.915254237288136
青葉区,ぽれぽれ保育園藤が丘,4歳,145.0,29.5,0.043478260869565216,0.043478260869565216,7.565217391304348,0.021739130434782608,4.915254237288136
港北区,ぶれすと綱島ほいくえん,1歳,145.0,29.5,3.5652173913043477,0.043478260869565216,11.869565217391305,0.021739130434782608,4.915254237288136
青葉区,プレスクールあおば,2歳,145.0,29.5,1.1304347826086956,0.043478260869565216,9.869565217391305,0.021739130434782608,4.915254237288136
港南区,横浜市港南台第二保育園,0歳,145.0,29.5,5.695652173913044,0.043478260869565216,6.956521739130435,0.021739130434782608,4.915254237288136
神奈川区,ＹＭＣＡ東かながわ保育園,1歳,145.0,29.5,1.4782608695652173,0.043478260869565216,11.956521739130435,0.021739130434782608,4.915254237288136
戸塚区,南戸塚保育園,4歳,145.0,29.5,0.9565217391304348,0.043478260869565216,17.956521739130434,0.021739130434782608,4.915254237288136
南区,ぽかぽか保育園,0歳,145.0,29.5,1.2608695652173914,0.043478260869565216,2.739130434782609,0.021739130434782608,4.915254237288136
戸塚区,名瀬いちい保育園,2歳,145.0,29.5,0.7391304347826086,0.043478260869565216,14.91304347826087,0.021739130434782608,4.915254237288136
西区,利正寺保育園,1歳,145.0,29.5,1.3043478260869565,0.043478260869565216,3.9565217391304346,0.021739130434782608,4.915254237288136
西区,横浜岡野すきっぷ保育園,0歳,145.0,29.5,5.608695652173913,0.043478260869565216,5.956521739130435,0.021739130434782608,4.915254237288136
西区,横浜市南浅間保育園,1歳,145.0,29.5,1.5217391304347827,0.043478260869565216,14.956521739130435,0.021739130434782608,4.915254237288136
鶴見区,みゆさと保育園,1歳,145.0,29.5,2.0434782608695654,0.043478260869565216,8.043478260869565,0.021739130434782608,4.915254237288136
戸塚区,あーす保育園　横濱戸塚,3歳,145.0,29.5,1.0434782608695652,0.043478260869565216,17.47826086956522,0.021739130434782608,4.915254237288136
栄区,認定こども園　いのやま保育園,5歳,145.0,29.5,0.13043478260869565,0.043478260869565216,10.869565217391305,0.021739130434782608,4.915254237288136
旭区,鶴ヶ峰保育園,5歳,145.0,29.5,0.17391304347826086,0.043478260869565216,11.956521739130435,0.021739130434782608,4.915254237288136
南区,蒔田ひまわり保育園,5歳,145.0,29.5,0.5217391304347826,0.043478260869565216,11.695652173913043,0.021739130434782608,4.915254237288136
旭区,土と愛　子供の家保育所,0歳,145.0,29.5,4.043478260869565,0.043478260869565216,2.9565217391304346,0.021739130434782608,4.915254237288136
港北区,Ｌｕｃｅ陽だまりの家保育園,2歳,145.0,29.5,0.5217391304347826,0.043478260869565216,3.9130434782608696,0.021739130434782608,4.915254237288136
港南区,みなみひの保育園,4歳,145.0,29.5,0.34782608695652173,0.043478260869565216,17.956521739130434,0.021739130434782608,4.915254237288136
磯子区,太陽の子　磯子第二保育園,5歳,145.0,29.5,0.0,0.043478260869565216,8.956521739130435,0.021739130434782608,4.915254237288136
南区,中村愛児園,0歳,145.0,29.5,2.130434782608696,0.043478260869565216,2.9565217391304346,0.021739130434782608,4.915254237288136
鶴見区,北寺尾むつみ小規模保育施設,2歳,145.0,29.5,0.43478260869565216,0.043478260869565216,4.0,0.021739130434782608,4.915254237288136
港北区,ヒューマンアカデミー大倉山保育園,1歳,145.0,29.5,3.869565217391304,0.043478260869565216,14.956521739130435,0.021739130434782608,4.915254237288136
港北区,ヒューマンアカデミー大倉山保育園,0歳,145.0,29.5,10.521739130434783,0.043478260869565216,5.956521739130435,0.021739130434782608,4.915254237288136
港北区,コビープリスクールつなしま,4歳,145.0,29.5,0.0,0.043478260869565216,15.956521739130435,0.021739130434782608,4.915254237288136
鶴見区,あゆみ保育園　鶴見,1歳,145.0,29.5,3.0,0.043478260869565216,14.956521739130435,0.021739130434782608,4.915254237288136
都筑区,むらき家庭保育室,0歳,145.0,29.5,0.17391304347826086,0.043478260869565216,0.0,0.021739130434782608,4.915254237288136
鶴見区,わおわお江ヶ崎保育園,2歳,145.0,29.5,1.0869565217391304,0.043478260869565216,11.91304347826087,0.021739130434782608,4.915254237288136
港南区,上永谷保育園,5歳,145.0,29.5,0.0,0.043478260869565216,15.652173913043478,0.021739130434782608,4.915254237288136
青葉区,ミアヘルサ保育園ひびき市が尾,2歳,145.0,29.5,1.0,0.043478260869565216,8.91304347826087,0.021739130434782608,4.915254237288136
戸塚区,アスノスひらと保育園東戸塚,1歳,145.0,29.5,1.3478260869565217,0.043478260869565216,7.956521739130435,0.021739130434782608,4.915254237288136
鶴見区,わおわお江ヶ崎保育園,4歳,145.0,29.5,0.34782608695652173,0.043478260869565216,12.956521739130435,0.021739130434782608,4.915254237288136
磯子区,東滝頭保育園　分園,1歳,145.0,29.5,2.9565217391304346,0.043478260869565216,7.913043478260869,0.021739130434782608,4.915254237288136
青葉区,太陽の子　桜台第二保育園,2歳,145.0,29.5,2.391304347826087,0.043478260869565216,11.869565217391305,0.021739130434782608,4.915254237288136
青葉区,太陽の子　桜台第二保育園,4歳,145.0,29.5,1.0869565217391304,0.043478260869565216,11.91304347826087,0.021739130434782608,4.915254237288136
金沢区,おひさま保育室,2歳,145.0,29.5,0.08695652173913043,0.043478260869565216,1.9565217391304348,0.021739130434782608,4.915254237288136
南区,京急キッズランド黄金町保育園,4歳,145.0,29.5,0.6521739130434783,0.043478260869565216,10.347826086956522,0.021739130434782608,4.915254237288136
鶴見区,尻手すきっぷ保育園,3歳,145.0,29.5,0.0,0.043478260869565216,11.0,0.021739130434782608,4.915254237288136
瀬谷区,ゆたか保育園,0歳,145.0,29.5,15.478260869565217,0.043478260869565216,8.956521739130435,0.021739130434782608,4.915254237288136
瀬谷区,ほうゆう保育園,4歳,145.0,29.5,0.043478260869565216,0.043478260869565216,13.652173913043478,0.021739130434782608,4.915254237288136
磯子区,汐見台第二愛育園,2歳,145.0,29.5,0.5217391304347826,0.043478260869565216,7.695652173913044,0.021739130434782608,4.915254237288136
保土ケ谷区,キッズハーモニー・ほどがや,3歳,145.0,29.5,0.043478260869565216,0.043478260869565216,12.304347826086957,0.021739130434782608,4.915254237288136
南区,小学館アカデミーまいた保育園,2歳,145.0,29.5,1.8695652173913044,0.043478260869565216,9.26086956521739,0.021739130434782608,4.915254237288136
南区,南愛児園,3歳,145.0,29.5,0.9565217391304348,0.043478260869565216,21.043478260869566,0.021739130434782608,4.915254237288136
金沢区,金沢白百合幼稚園,3歳,145.0,29.5,1.565217391304348,0.043478260869565216,11.91304347826087,0.021739130434782608,4.915254237288136
旭区,土と愛　子供の家保育所第２,3歳,145.0,29.5,0.08695652173913043,0.043478260869565216,12.956521739130435,0.021739130434782608,4.915254237288136
西区,キャリー保育園　桜木町,1歳,145.0,29.5,1.9565217391304348,0.043478260869565216,7.956521739130435,0.021739130434782608,4.915254237288136
西区,キッズポケット保育園,0歳,145.0,29.5,4.304347826086956,0.043478260869565216,5.956521739130435,0.021739130434782608,4.915254237288136
戸塚区,戸塚ほしの木保育園,4歳,145.0,29.5,0.391304347826087,0.043478260869565216,9.956521739130435,0.021739130434782608,4.915254237288136
戸塚区,アートチャイルドケア東戸塚,2歳,145.0,29.5,0.17391304347826086,0.043478260869565216,14.652173913043478,0.021739130434782608,4.915254237288136
鶴見区,ルーチェ保育園　鶴見,3歳,145.0,29.5,1.0,0.043478260869565216,11.521739130434783,0.021739130434782608,4.915254237288136
旭区,土と愛　子供の家保育所第２,4歳,145.0,29.5,0.9565217391304348,0.043478260869565216,12.521739130434783,0.021739130434782608,4.915254237288136
金沢区,おひさま保育室,0歳,145.0,29.5,0.5217391304347826,0.043478260869565216,0.9565217391304348,0.021739130434782608,4.915254237288136
南区,別所保育園,3歳,145.0,29.5,1.0869565217391304,0.043478260869565216,21.47826086956522,0.021739130434782608,4.915254237288136
保土ケ谷区,若葉保育園（分園含む）,3歳,145.0,29.5,0.30434782608695654,0.043478260869565216,11.434782608695652,0.021739130434782608,4.915254237288136
戸塚区,明日葉保育園第二戸塚園,3歳,145.0,29.5,1.5217391304347827,0.043478260869565216,13.0,0.021739130434782608,4.915254237288136
都筑区,認定こども園エクレス,4歳,145.0,29.5,0.6521739130434783,0.043478260869565216,13.478260869565217,0.021739130434782608,4.915254237288136
都筑区,都筑ひよこ保育園,5歳,145.0,29.5,0.0,0.043478260869565216,19.565217391304348,0.021739130434782608,4.915254237288136
戸塚区,横浜市汲沢保育園,2歳,145.0,29.5,2.782608695652174,0.043478260869565216,15.956521739130435,0.021739130434782608,4.915254237288136
港北区,光の園保育園,3歳,145.0,29.5,0.13043478260869565,0.043478260869565216,8.956521739130435,0.021739130434782608,4.915254237288136
港北区,光の園第二保育園,4歳,145.0,29.5,0.43478260869565216,0.043478260869565216,17.956521739130434,0.021739130434782608,4.915254237288136
戸塚区,明日葉保育園第三戸塚園,5歳,145.0,29.5,0.0,0.043478260869565216,12.0,0.021739130434782608,4.915254237288136
戸塚区,東戸塚かもめ第２保育園,2歳,145.0,29.5,0.17391304347826086,0.043478260869565216,8.0,0.021739130434782608,4.915254237288136
戸塚区,東戸塚かもめ第４保育園,1歳,145.0,29.5,2.391304347826087,0.043478260869565216,6.782608695652174,0.021739130434782608,4.915254237288136
南区,横浜市井土ケ谷保育園,3歳,145.0,29.5,0.6521739130434783,0.043478260869565216,23.956521739130434,0.021739130434782608,4.915254237288136
磯子区,洋光台保育園,3歳,145.0,29.5,0.7391304347826086,0.043478260869565216,17.956521739130434,0.021739130434782608,4.915254237288136
都筑区,滝ヶ谷保育園,5歳,145.0,29.5,0.0,0.043478260869565216,14.869565217391305,0.021739130434782608,4.915254237288136
港北区,ルリ保育園日吉,0歳,145.0,29.5,2.130434782608696,0.043478260869565216,1.3478260869565217,0.021739130434782608,4.915254237288136
港北区,第二尚花愛児園,0歳,145.0,29.5,12.217391304347826,0.043478260869565216,7.913043478260869,0.021739130434782608,4.915254237288136
緑区,パレット保育園・長津田,2歳,145.0,29.5,1.7826086956521738,0.043478260869565216,8.826086956521738,0.021739130434782608,4.915254237288136
緑区,もりの風保育園,1歳,145.0,29.5,0.9565217391304348,0.043478260869565216,17.956521739130434,0.021739130434782608,4.915254237288136
緑区,スターチャイルド≪中山ナーサリー≫,0歳,145.0,29.5,16.434782608695652,0.043478260869565216,2.9565217391304346,0.021739130434782608,4.915254237288136
青葉区,青葉フレール保育園,1歳,144.95698924731184,29.5,9.043478260869565,0.08695652173913043,19.91304347826087,0.01860682561944834,4.913796245671588
神奈川区,神ノ木保育園,1歳,144.9471544715447,29.5,2.869565217391304,0.08695652173913043,27.869565217391305,0.02219865676917639,4.913462863442193
栄区,チームナーサリーBigHug本郷台,1歳,144.90737292869113,29.5,8.782608695652174,0.08695652173913043,9.956521739130435,0.01724235629346005,4.912114336565801
神奈川区,羽沢保育園,1歳,144.90551583248214,29.5,7.478260869565218,0.08695652173913043,23.73913043478261,0.017675534040946843,4.912051384151937
保土ケ谷区,りとる・ルーナ保育園,2歳,54.029126213592235,11.0,3.8181818181818183,0.09090909090909091,11.909090909090908,0.0176522506619594,4.911738746690204
港南区,アスクさいど保育園,3歳,144.83333333333334,29.5,2.5217391304347827,0.043478260869565216,15.73913043478261,0.011594202898550725,4.909604519774011
金沢区,アイン能見台駅前保育園,1歳,144.83333333333334,29.5,4.956521739130435,0.043478260869565216,11.478260869565217,0.011594202898550725,4.909604519774011
中区,スターチャイルド《桜木町ステーションナーサリー》,2歳,144.83333333333334,29.5,9.826086956521738,0.043478260869565216,7.913043478260869,0.011594202898550725,4.909604519774011
戸塚区,にじいろ保育園戸塚駅前,2歳,144.83333333333334,29.5,15.304347826086957,0.043478260869565216,11.0,0.011594202898550725,4.909604519774011
港南区,ＣＯＳＭＯＳ保育園,1歳,144.83333333333334,29.5,4.086956521739131,0.08695652173913043,11.869565217391305,0.02318840579710145,4.909604519774011
磯子区,にじいろ保育園　新杉田,0歳,144.7972972972973,29.5,15.73913043478261,0.08695652173913043,8.91304347826087,0.02350176263219741,4.9083829592304165
港北区,くっくおさんぽ保育園,2歳,144.7972972972973,29.5,1.6521739130434783,0.08695652173913043,11.478260869565217,0.02350176263219741,4.9083829592304165
港北区,森のエルマー保育園,1歳,144.72222222222223,29.5,3.130434782608696,0.043478260869565216,10.652173913043478,0.01610305958132045,4.905838041431262
南区,竹の子共同保育園,2歳,144.72222222222223,29.5,1.2608695652173914,0.043478260869565216,7.043478260869565,0.01610305958132045,4.905838041431262
瀬谷区,瀬谷愛児園,1歳,144.72222222222223,29.5,2.608695652173913,0.043478260869565216,14.391304347826088,0.01610305958132045,4.905838041431262
緑区,もりの風保育園,2歳,144.72222222222223,29.5,1.8695652173913044,0.043478260869565216,18.0,0.01610305958132045,4.905838041431262
鶴見区,フェアリーテイルみらい,1歳,144.72222222222223,29.5,1.8695652173913044,0.043478260869565216,9.91304347826087,0.01610305958132045,4.905838041431262
栄区,横浜市飯島保育園,2歳,144.72222222222223,29.5,2.652173913043478,0.043478260869565216,8.956521739130435,0.01610305958132045,4.905838041431262
戸塚区,グローバルキッズ戸塚第二保育園,3歳,144.72222222222223,29.5,0.9130434782608695,0.043478260869565216,19.17391304347826,0.01610305958132045,4.905838041431262
青葉区,あざみ野ひだまり保育園,1歳,144.72222222222223,29.5,1.2173913043478262,0.043478260869565216,4.565217391304348,0.01610305958132045,4.905838041431262
港南区,クオリスキッズ上大岡駅前保育園,1歳,144.72222222222223,29.5,5.956521739130435,0.043478260869565216,12.0,0.01610305958132045,4.905838041431262
中区,キッズパートナー横浜市役所,1歳,144.72222222222223,29.5,1.6521739130434783,0.043478260869565216,7.956521739130435,0.01610305958132045,4.905838041431262
中区,アスク馬車道保育園,3歳,144.72222222222223,29.5,1.3043478260869565,0.043478260869565216,17.434782608695652,0.01610305958132045,4.905838041431262
港南区,太陽の子　港南台保育園,2歳,144.72222222222223,29.5,3.3043478260869565,0.043478260869565216,10.956521739130435,0.01610305958132045,4.905838041431262
神奈川区,羽沢保育園,2歳,144.72222222222223,29.5,2.739130434782609,0.043478260869565216,25.0,0.01610305958132045,4.905838041431262
磯子区,太陽の子　磯子保育園,3歳,144.72222222222223,29.5,0.6956521739130435,0.043478260869565216,14.956521739130435,0.01610305958132045,4.905838041431262
栄区,すずかけ保育園,0歳,144.72222222222223,29.5,9.434782608695652,0.043478260869565216,11.956521739130435,0.01610305958132045,4.905838041431262
戸塚区,戸塚みどり保育園,2歳,144.72222222222223,29.5,3.4782608695652173,0.043478260869565216,12.478260869565217,0.01610305958132045,4.905838041431262
青葉区,江田ひまわり保育園,1歳,144.72222222222223,29.5,1.7391304347826086,0.043478260869565216,5.434782608695652,0.01610305958132045,4.905838041431262
港北区,光の園保育園,2歳,144.72222222222223,29.5,3.9130434782608696,0.043478260869565216,8.956521739130435,0.01610305958132045,4.905838041431262
緑区,わらべうた中山保育園,3歳,144.72222222222223,29.5,1.434782608695652,0.043478260869565216,12.0,0.01610305958132045,4.905838041431262
戸塚区,横浜市原宿保育園,2歳,144.72222222222223,29.5,2.652173913043478,0.043478260869565216,11.956521739130435,0.01610305958132045,4.905838041431262
港北区,みらいく高田園,1歳,144.72222222222223,29.5,4.478260869565218,0.043478260869565216,7.956521739130435,0.01610305958132045,4.905838041431262
戸塚区,芙蓉保育園,1歳,144.72222222222223,29.5,3.4782608695652173,0.043478260869565216,14.0,0.01610305958132045,4.905838041431262
港北区,第二福澤保育センター,1歳,144.72222222222223,29.5,5.130434782608695,0.043478260869565216,21.47826086956522,0.01610305958132045,4.905838041431262
青葉区,ニチイキッズ美しが丘保育園,0歳,144.72222222222223,29.5,4.608695652173913,0.043478260869565216,5.956521739130435,0.01610305958132045,4.905838041431262
港北区,大倉山保育園,1歳,144.72222222222223,29.5,4.130434782608695,0.043478260869565216,16.347826086956523,0.01610305958132045,4.905838041431262
港北区,うみのくに保育園きくな,1歳,144.72222222222223,29.5,1.4782608695652173,0.043478260869565216,11.826086956521738,0.01610305958132045,4.905838041431262
中区,アメリカ山徳育こども園,2歳,144.72222222222223,29.5,2.9130434782608696,0.043478260869565216,15.91304347826087,0.01610305958132045,4.905838041431262
戸塚区,ヴィラ東戸塚こども園,0歳,53.958333333333336,11.0,10.181818181818182,0.09090909090909091,5.909090909090909,0.01893939393939394,4.90530303030303
戸塚区,俣野保育園,2歳,144.6998579209093,29.5,6.130434782608695,0.08695652173913043,11.91304347826087,0.01904683462199755,4.905079929522349
港北区,クレシュ新横浜,1歳,144.68005295675198,29.5,9.695652173913043,0.08695652173913043,14.0,0.016347519091292836,4.904408574805152
港北区,岩崎学園新横浜第二保育園,1歳,144.6130301058733,29.5,13.0,0.13043478260869565,19.956521739130434,0.019371103470563172,4.902136613758417
南区,睦町保育園,1歳,134.7972972972973,27.5,6.590909090909091,0.09090909090909091,11.909090909090908,0.024570024570024565,4.901719901719901
保土ケ谷区,認定こども園　育和幼稚園,2歳,90.67073170731707,18.5,6.0,0.08333333333333333,9.916666666666666,0.020325203252032523,4.90112063282795
港北区,にじいろ保育園日吉,0歳,144.57386363636363,29.5,34.47826086956522,0.08695652173913043,5.521739130434782,0.0169631093544137,4.900808936825886
鶴見区,きくなハート保育園,1歳,144.55882352941177,29.5,2.391304347826087,0.043478260869565216,8.0,0.01278772378516624,4.900299102691925
港南区,港南つくしんぼ保育園,2歳,144.55882352941177,29.5,5.043478260869565,0.043478260869565216,23.956521739130434,0.01278772378516624,4.900299102691925
西区,横浜そらいろ保育園,1歳,144.55882352941177,29.5,0.782608695652174,0.043478260869565216,8.956521739130435,0.01278772378516624,4.900299102691925
旭区,オハナ鶴ヶ峰保育園,2歳,144.55882352941177,29.5,4.086956521739131,0.08695652173913043,14.91304347826087,0.02557544757033248,4.900299102691925
戸塚区,戸塚愛児園,0歳,144.55882352941177,29.5,24.08695652173913,0.043478260869565216,15.304347826086957,0.01278772378516624,4.900299102691925
青葉区,たまプラーザ小桜愛児園,1歳,144.55882352941177,29.5,5.043478260869565,0.043478260869565216,17.956521739130434,0.01278772378516624,4.900299102691925
瀬谷区,ネストうーたん,2歳,144.55882352941177,29.5,1.3043478260869565,0.043478260869565216,9.434782608695652,0.01278772378516624,4.900299102691925
西区,キッズポケット木の葉保育園,0歳,144.55882352941177,29.5,33.78260869565217,0.043478260869565216,6.956521739130435,0.01278772378516624,4.900299102691925
瀬谷区,てぃんく２＠ねすと,2歳,144.55882352941177,29.5,1.5217391304347827,0.08695652173913043,6.913043478260869,0.02557544757033248,4.900299102691925
神奈川区,マフィス白楽ナーサリー,1歳,144.52732240437157,29.5,2.9565217391304346,0.08695652173913043,9.0,0.025849370396768833,4.899231267944799
都筑区,アスクセンター南保育園,2歳,144.52732240437157,29.5,1.826086956521739,0.08695652173913043,9.956521739130435,0.025849370396768833,4.899231267944799
港北区,にじいろ保育園綱島,0歳,144.51492537313433,29.5,8.347826086956522,0.08695652173913043,7.913043478260869,0.02595717066839714,4.898811029597774
青葉区,認定こども園あざみ野白ゆり幼稚園,1歳,144.51492537313433,29.5,2.347826086956522,0.08695652173913043,7.913043478260869,0.02595717066839714,4.898811029597774
青葉区,こどもの国ほしぞら保育園,0歳,144.51492537313433,29.5,4.695652173913044,0.08695652173913043,1.4782608695652173,0.02595717066839714,4.898811029597774
青葉区,ベネッセ　市ヶ尾駅前保育園,1歳,144.4812734082397,29.5,6.6521739130434785,0.08695652173913043,10.956521739130435,0.02136459859957662,4.897670285025074
泉区,横浜市和泉保育園,2歳,144.40434505809327,29.5,5.521739130434782,0.08695652173913043,16.869565217391305,0.022697548249589992,4.895062544342145
南区,チームナーサリーＢｉｇＨｕｇ南太田,1歳,144.3900675024108,29.5,4.521739130434782,0.08695652173913043,4.130434782608695,0.027042891283384343,4.894578559403756
中区,新山下二丁目保育所,2歳,144.3900675024108,29.5,2.217391304347826,0.08695652173913043,17.0,0.027042891283384343,4.894578559403756
戸塚区,戸塚せせらぎ保育園,3歳,144.3900675024108,29.5,2.391304347826087,0.08695652173913043,15.956521739130435,0.027042891283384343,4.894578559403756
瀬谷区,わらべ細谷戸保育園,1歳,144.3900675024108,29.5,4.173913043478261,0.08695652173913043,11.956521739130435,0.027042891283384343,4.894578559403756
金沢区,にじいろ保育園金沢文庫,1歳,144.35829606196137,29.5,6.478260869565218,0.08695652173913043,9.91304347826087,0.01821277645239778,4.893501561422419
金沢区,アイン金沢文庫保育園,1歳,144.35829606196137,29.5,4.565217391304348,0.08695652173913043,11.91304347826087,0.01821277645239778,4.893501561422419
磯子区,新杉田のびのび保育園,2歳,144.31634592539797,29.5,8.695652173913043,0.08695652173913043,20.956521739130434,0.020556364725691324,4.892079522894846
都筑区,まなびの森　中川こども園,0歳,90.5,18.5,2.75,0.08333333333333333,3.3333333333333335,0.022222222222222223,4.891891891891892
磯子区,グローバルキッズ磯子保育園,1歳,144.30851063829786,29.5,5.304347826086956,0.043478260869565216,11.956521739130435,0.018501387604070305,4.8918139199423
旭区,川井宿幼保連携型認定こども園,1歳,144.30851063829786,29.5,4.608695652173913,0.043478260869565216,17.956521739130434,0.018501387604070305,4.8918139199423
都筑区,認定こども園　横浜黎明幼稚園,4歳,144.30851063829786,29.5,0.6086956521739131,0.043478260869565216,6.913043478260869,0.018501387604070305,4.8918139199423
鶴見区,末吉にこにこ保育園,3歳,144.30851063829786,29.5,0.21739130434782608,0.043478260869565216,11.956521739130435,0.018501387604070305,4.8918139199423
戸塚区,つくし保育園　戸塚,0歳,144.30851063829786,29.5,13.73913043478261,0.043478260869565216,8.956521739130435,0.018501387604070305,4.8918139199423
鶴見区,ぶれすと尻手ほいくえん附属元宮,1歳,144.30851063829786,29.5,1.1304347826086956,0.043478260869565216,7.739130434782608,0.018501387604070305,4.8918139199423
戸塚区,ニチイキッズ東戸塚保育園,3歳,144.30851063829786,29.5,0.43478260869565216,0.043478260869565216,12.956521739130435,0.018501387604070305,4.8918139199423
金沢区,ひかりとたねの保育園,4歳,144.30851063829786,29.5,0.6521739130434783,0.043478260869565216,13.826086956521738,0.018501387604070305,4.8918139199423
中区,ポピンズナーサリースクール馬車道,0歳,144.30851063829786,29.5,6.521739130434782,0.043478260869565216,5.956521739130435,0.018501387604070305,4.8918139199423
戸塚区,つくし保育園　東戸塚,2歳,144.30851063829786,29.5,0.5652173913043478,0.043478260869565216,10.0,0.018501387604070305,4.8918139199423
戸塚区,ニチイキッズ東戸塚保育園,1歳,144.30851063829786,29.5,2.782608695652174,0.043478260869565216,9.956521739130435,0.018501387604070305,4.8918139199423
港北区,第二福澤保育センター,3歳,144.30851063829786,29.5,0.43478260869565216,0.043478260869565216,28.391304347826086,0.018501387604070305,4.8918139199423
保土ケ谷区,認定こども園和田愛児園,2歳,144.30851063829786,29.5,1.434782608695652,0.043478260869565216,23.869565217391305,0.018501387604070305,4.8918139199423
磯子区,あっぷる滝頭保育園,1歳,144.30851063829786,29.5,3.217391304347826,0.043478260869565216,6.956521739130435,0.018501387604070305,4.8918139199423
鶴見区,鶴見どろんこ保育園,4歳,144.30851063829786,29.5,0.17391304347826086,0.043478260869565216,19.91304347826087,0.018501387604070305,4.8918139199423
瀬谷区,認定こども園はらのこ　原幼稚園,4歳,144.30851063829786,29.5,0.9565217391304348,0.043478260869565216,11.91304347826087,0.018501387604070305,4.8918139199423
戸塚区,芙蓉保育園,3歳,144.30851063829786,29.5,0.2608695652173913,0.043478260869565216,14.956521739130435,0.018501387604070305,4.8918139199423
鶴見区,みつる保育園,4歳,144.30851063829786,29.5,1.173913043478261,0.043478260869565216,22.0,0.018501387604070305,4.8918139199423
神奈川区,キッズパートナー六角橋,2歳,144.30851063829786,29.5,1.2173913043478262,0.043478260869565216,8.956521739130435,0.018501387604070305,4.8918139199423
港北区,ペガサス新横浜保育園,2歳,144.30851063829786,29.5,1.7826086956521738,0.043478260869565216,11.956521739130435,0.018501387604070305,4.8918139199423
旭区,横浜市今宿保育園,1歳,144.30851063829786,29.5,4.130434782608695,0.043478260869565216,12.782608695652174,0.018501387604070305,4.8918139199423
鶴見区,きくなハート保育園,2歳,144.30851063829786,29.5,0.9565217391304348,0.043478260869565216,9.869565217391305,0.018501387604070305,4.8918139199423
金沢区,アイン能見台駅前保育園,3歳,144.30851063829786,29.5,0.5217391304347826,0.043478260869565216,11.956521739130435,0.018501387604070305,4.8918139199423
南区,アイン弘明寺保育園,4歳,144.30851063829786,29.5,0.8695652173913043,0.043478260869565216,12.956521739130435,0.018501387604070305,4.8918139199423
緑区,横浜市十日市場保育園,2歳,144.30851063829786,29.5,3.217391304347826,0.043478260869565216,17.782608695652176,0.018501387604070305,4.8918139199423
南区,みなみマーノ保育園,2歳,144.30851063829786,29.5,4.304347826086956,0.043478260869565216,19.52173913043478,0.018501387604070305,4.8918139199423
戸塚区,にじいろ保育園戸塚,3歳,144.30851063829786,29.5,1.391304347826087,0.043478260869565216,15.0,0.018501387604070305,4.8918139199423
港南区,上大岡はるかぜ保育園,2歳,144.30851063829786,29.5,4.478260869565218,0.043478260869565216,19.869565217391305,0.018501387604070305,4.8918139199423
旭区,ちとせ保育園,1歳,144.30851063829786,29.5,4.304347826086956,0.043478260869565216,29.91304347826087,0.018501387604070305,4.8918139199423
戸塚区,横浜市汲沢保育園,1歳,144.30851063829786,29.5,4.956521739130435,0.043478260869565216,15.0,0.018501387604070305,4.8918139199423
港北区,大倉山きずな保育園,2歳,144.30851063829786,29.5,0.7391304347826086,0.043478260869565216,9.434782608695652,0.018501387604070305,4.8918139199423
都筑区,滝ヶ谷保育園,2歳,144.30851063829786,29.5,0.8260869565217391,0.043478260869565216,13.608695652173912,0.018501387604070305,4.8918139199423
港北区,ルリ保育園日吉,1歳,144.30851063829786,29.5,3.4782608695652173,0.043478260869565216,9.0,0.018501387604070305,4.8918139199423
青葉区,アスクあざみ野保育園,2歳,144.30851063829786,29.5,1.6956521739130435,0.043478260869565216,12.695652173913043,0.018501387604070305,4.8918139199423
神奈川区,あおぞら保育園,4歳,144.30851063829786,29.5,0.08695652173913043,0.043478260869565216,21.434782608695652,0.018501387604070305,4.8918139199423
中区,ララランド横浜伊勢佐木,2歳,144.30851063829786,29.5,1.0869565217391304,0.043478260869565216,13.956521739130435,0.018501387604070305,4.8918139199423
南区,上大岡ラビット保育園,0歳,144.30851063829786,29.5,3.8260869565217392,0.043478260869565216,6.0,0.018501387604070305,4.8918139199423
泉区,くるみ保育園,0歳,144.30851063829786,29.5,8.130434782608695,0.043478260869565216,5.913043478260869,0.018501387604070305,4.8918139199423
南区,キッズパートナー弘明寺,4歳,144.30851063829786,29.5,0.30434782608695654,0.043478260869565216,9.26086956521739,0.018501387604070305,4.8918139199423
保土ケ谷区,ベネッセ　保土ケ谷保育園,0歳,144.30851063829786,29.5,12.304347826086957,0.043478260869565216,5.956521739130435,0.018501387604070305,4.8918139199423
戸塚区,わかば保育園,1歳,144.30851063829786,29.5,3.739130434782609,0.043478260869565216,24.0,0.018501387604070305,4.8918139199423
都筑区,マーマセンター北保育園,4歳,144.30851063829786,29.5,0.17391304347826086,0.043478260869565216,11.869565217391305,0.018501387604070305,4.8918139199423
緑区,中山こども園,1歳,53.78048780487805,11.0,5.909090909090909,0.09090909090909091,11.727272727272727,0.022172949002217297,4.889135254988914
瀬谷区,阿久和保育園,3歳,144.22131147540983,29.5,0.5217391304347826,0.043478260869565216,15.565217391304348,0.014255167498218105,4.888858016115588
泉区,鳩の森愛の詩保育園,2歳,144.20698924731184,29.5,7.521739130434782,0.13043478260869565,19.869565217391305,0.019089917406887955,4.888372516858029
栄区,認定こども園　いのやま保育園,2歳,144.20014347202294,29.5,4.260869565217392,0.08695652173913043,10.91304347826087,0.023392177655791907,4.888140456678744
港北区,横浜りとるぱんぷきんず(保育所部分),2歳,144.20014347202294,29.5,5.391304347826087,0.08695652173913043,19.91304347826087,0.023392177655791907,4.888140456678744
保土ケ谷区,認定こども園　星川ルーナ,1歳,90.42126521788599,18.5,18.833333333333332,0.25,19.75,0.02309705313460007,4.887635957723567
瀬谷区,認定こども園　あづまの幼稚園・あづまのナーサリー,1歳,90.41666666666667,18.5,9.833333333333334,0.08333333333333333,6.916666666666667,0.017361111111111112,4.887387387387387
鶴見区,横浜市潮田保育園,4歳,144.16666666666666,29.5,0.6086956521739131,0.08695652173913043,23.47826086956522,0.02898550724637681,4.887005649717514
鶴見区,東寺尾どろんこ保育園,0歳,144.16666666666666,29.5,13.391304347826088,0.08695652173913043,14.91304347826087,0.02898550724637681,4.887005649717514
港北区,ポピンズナーサリースクール綱島,2歳,144.16666666666666,29.5,0.9130434782608695,0.08695652173913043,8.826086956521738,0.02898550724637681,4.887005649717514
青葉区,といろきっずたまプラーザ保育園,1歳,144.16666666666666,29.5,1.4782608695652173,0.08695652173913043,5.695652173913044,0.02898550724637681,4.887005649717514
鶴見区,末吉いづみ保育園,1歳,144.16666666666666,29.5,2.3043478260869565,0.08695652173913043,35.82608695652174,0.02898550724637681,4.887005649717514
磯子区,新杉田のびのび保育園,4歳,144.16666666666666,29.5,1.173913043478261,0.08695652173913043,20.652173913043477,0.02898550724637681,4.887005649717514
鶴見区,かもめ保育園,5歳,144.16666666666666,29.5,0.17391304347826086,0.08695652173913043,10.391304347826088,0.02898550724637681,4.887005649717514
鶴見区,こあらっこはうす　ル・ソレイユ,5歳,144.16666666666666,29.5,0.391304347826087,0.08695652173913043,11.043478260869565,0.02898550724637681,4.887005649717514
磯子区,アスク新杉田保育園,4歳,134.30851063829786,27.5,0.18181818181818182,0.045454545454545456,6.090909090909091,0.019342359767891684,4.8839458413926495
緑区,倉山保育室,1歳,144.07460545193686,29.5,3.1739130434782608,0.08695652173913043,1.8695652173913044,0.023392177655791907,4.883884930574131
南区,キッズパートナー井土ヶ谷,1歳,144.02941176470588,29.5,5.304347826086956,0.08695652173913043,8.956521739130435,0.024381926683716967,4.882352941176471
港南区,上永谷西保育園,2歳,144.00880388585307,29.5,1.0,0.08695652173913043,15.608695652173912,0.030358227079538554,4.881654369011969
神奈川区,キッズラボ白楽園,1歳,144.00880388585307,29.5,1.7826086956521738,0.08695652173913043,7.565217391304348,0.030358227079538554,4.881654369011969
神奈川区,アイン高島台保育園,1歳,144.00880388585307,29.5,1.7391304347826086,0.08695652173913043,7.913043478260869,0.030358227079538554,4.881654369011969
神奈川区,かながわ保育園,1歳,144.00880388585307,29.5,3.0,0.08695652173913043,17.91304347826087,0.030358227079538554,4.881654369011969
栄区,大船ルーテル保育園,2歳,143.9853384488901,29.5,8.304347826086957,0.08695652173913043,28.695652173913043,0.02037484957165156,4.880858930470851
港北区,アスクバイリンガル保育園ゆめみらい,0歳,90.29411764705883,18.5,19.333333333333332,0.08333333333333333,8.916666666666666,0.024509803921568627,4.880763116057234
神奈川区,いずみ松本町保育園,2歳,143.9607843137255,29.5,4.434782608695652,0.08695652173913043,27.956521739130434,0.024381926683716967,4.880026586905949
青葉区,藤が丘もみじ保育センター,1歳,53.666666666666664,11.0,2.4545454545454546,0.09090909090909091,6.818181818181818,0.024242424242424242,4.878787878787879
保土ケ谷区,森のルーナ保育園,2歳,53.666666666666664,11.0,4.0,0.09090909090909091,11.454545454545455,0.024242424242424242,4.878787878787879
旭区,キッズガーデン横浜鶴ヶ峰,2歳,143.9017521902378,29.5,1.6956521739130435,0.08695652173913043,10.91304347826087,0.03128911138923655,4.878025497974162
泉区,横浜市和泉保育園,1歳,143.8793103448276,29.5,10.565217391304348,0.13043478260869565,14.391304347826088,0.020989505247376312,4.8772647574517825
港南区,ちゅーりっぷハウス,1歳,143.83780696744716,29.5,3.1739130434782608,0.08695652173913043,4.391304347826087,0.02123010453653813,4.875857863303294
港北区,アスク日吉本町開善保育園,1歳,143.82147141143543,29.5,4.521739130434782,0.08695652173913043,21.434782608695652,0.024859621368843766,4.875304115641879
保土ケ谷区,横浜市天王町保育園,1歳,143.7962962962963,29.5,2.5217391304347827,0.08695652173913043,10.826086956521738,0.02147074610842727,4.8744507219083495
磯子区,根岸星の子保育園,2歳,143.7962962962963,29.5,6.434782608695652,0.043478260869565216,14.956521739130435,0.01610305958132045,4.8744507219083495
神奈川区,アイン松本町保育園,0歳,143.7962962962963,29.5,5.3478260869565215,0.043478260869565216,5.956521739130435,0.01610305958132045,4.8744507219083495
保土ケ谷区,にじいろ保育園上星川,0歳,143.7962962962963,29.5,10.826086956521738,0.043478260869565216,5.956521739130435,0.01610305958132045,4.8744507219083495
青葉区,明日葉保育園青葉台園,2歳,143.7962962962963,29.5,2.9130434782608696,0.043478260869565216,9.91304347826087,0.01610305958132045,4.8744507219083495
戸塚区,あきば幼保連携型認定こども園,3歳,143.7962962962963,29.5,2.4782608695652173,0.043478260869565216,28.782608695652176,0.01610305958132045,4.8744507219083495
戸塚区,レインボー保育園,2歳,143.7962962962963,29.5,2.4347826086956523,0.08695652173913043,10.782608695652174,0.02147074610842727,4.8744507219083495
磯子区,金剛保育園,0歳,143.7962962962963,29.5,6.478260869565218,0.043478260869565216,3.0,0.01610305958132045,4.8744507219083495
港北区,光の園アンティー保育園,3歳,143.7962962962963,29.5,0.43478260869565216,0.043478260869565216,13.956521739130435,0.01610305958132045,4.8744507219083495
磯子区,あっぷる滝頭保育園,2歳,143.7962962962963,29.5,1.7826086956521738,0.043478260869565216,6.956521739130435,0.01610305958132045,4.8744507219083495
西区,みなとみらいくばがさ保育園,1歳,143.7962962962963,29.5,2.391304347826087,0.043478260869565216,11.956521739130435,0.01610305958132045,4.8744507219083495
南区,京急キッズランド井土ケ谷駅保育園,4歳,143.75,29.5,0.4782608695652174,0.043478260869565216,10.956521739130435,0.021739130434782608,4.872881355932203
栄区,大船ルーテル保育園,5歳,143.75,29.5,0.782608695652174,0.043478260869565216,29.73913043478261,0.021739130434782608,4.872881355932203
港北区,たんぽぽ保育園,2歳,143.75,29.5,1.1304347826086956,0.043478260869565216,11.956521739130435,0.021739130434782608,4.872881355932203
戸塚区,グローバルキッズ戸塚第二保育園,0歳,143.75,29.5,12.391304347826088,0.043478260869565216,5.434782608695652,0.021739130434782608,4.872881355932203
旭区,横浜あさひ中央保育園,5歳,143.75,29.5,0.043478260869565216,0.043478260869565216,18.434782608695652,0.021739130434782608,4.872881355932203
青葉区,りんどう保育園,0歳,143.75,29.5,1.9565217391304348,0.043478260869565216,4.043478260869565,0.021739130434782608,4.872881355932203
旭区,おれんじハウス二俣川保育園,1歳,143.75,29.5,1.434782608695652,0.043478260869565216,4.956521739130435,0.021739130434782608,4.872881355932203
神奈川区,保育ルーム　岸根公園前,0歳,143.75,29.5,1.0869565217391304,0.043478260869565216,0.0,0.021739130434782608,4.872881355932203
港北区,天才キッズクラブ楽学館大倉山園,2歳,143.75,29.5,0.43478260869565216,0.043478260869565216,10.434782608695652,0.021739130434782608,4.872881355932203
中区,うちゅう保育園やました,2歳,143.75,29.5,3.391304347826087,0.043478260869565216,10.0,0.021739130434782608,4.872881355932203
神奈川区,保育ルーム　岸根公園前,2歳,143.75,29.5,0.34782608695652173,0.043478260869565216,3.5217391304347827,0.021739130434782608,4.872881355932203
港南区,アスク港南中央保育園,5歳,143.75,29.5,0.0,0.043478260869565216,17.695652173913043,0.021739130434782608,4.872881355932203
港北区,キディ大倉山・横浜,2歳,143.75,29.5,1.608695652173913,0.043478260869565216,9.956521739130435,0.021739130434782608,4.872881355932203
南区,横浜市しろばら保育園,2歳,143.75,29.5,1.3043478260869565,0.043478260869565216,13.521739130434783,0.021739130434782608,4.872881355932203
港北区,ピッコロ・グランデ新横浜,2歳,143.75,29.5,0.5217391304347826,0.043478260869565216,9.0,0.021739130434782608,4.872881355932203
港北区,小学館アカデミーつなしま保育園,2歳,143.75,29.5,1.0434782608695652,0.043478260869565216,9.869565217391305,0.021739130434782608,4.872881355932203
中区,うみの風保育園,4歳,143.75,29.5,0.0,0.043478260869565216,7.956521739130435,0.021739130434782608,4.872881355932203
緑区,わらべうた中山保育園,0歳,143.75,29.5,8.478260869565217,0.043478260869565216,6.0,0.021739130434782608,4.872881355932203
港北区,小学館アカデミーつなしま保育園,0歳,143.75,29.5,7.304347826086956,0.043478260869565216,5.956521739130435,0.021739130434782608,4.872881355932203
西区,ポピンズナーサリースクール横浜,2歳,143.75,29.5,1.826086956521739,0.043478260869565216,9.91304347826087,0.021739130434782608,4.872881355932203
旭区,ひまわり愛児園,3歳,143.75,29.5,0.391304347826087,0.043478260869565216,19.956521739130434,0.021739130434782608,4.872881355932203
金沢区,横浜市金沢さくら保育園,3歳,143.75,29.5,0.21739130434782608,0.043478260869565216,19.956521739130434,0.021739130434782608,4.872881355932203
港北区,森の樹保育園,0歳,143.75,29.5,3.3043478260869565,0.043478260869565216,4.3478260869565215,0.021739130434782608,4.872881355932203
港南区,アスク上大岡保育園,4歳,143.75,29.5,0.08695652173913043,0.043478260869565216,10.782608695652174,0.021739130434782608,4.872881355932203
港北区,グローバルキッズ大倉山園,1歳,143.75,29.5,0.6956521739130435,0.043478260869565216,11.956521739130435,0.021739130434782608,4.872881355932203
瀬谷区,ゆたか保育園,3歳,143.75,29.5,1.2173913043478262,0.043478260869565216,8.521739130434783,0.021739130434782608,4.872881355932203
栄区,大船ルーテル保育園,4歳,143.75,29.5,1.1304347826086956,0.043478260869565216,30.17391304347826,0.021739130434782608,4.872881355932203
旭区,太陽の子　白根保育園,5歳,143.75,29.5,0.17391304347826086,0.043478260869565216,11.956521739130435,0.021739130434782608,4.872881355932203
旭区,太陽の子　二俣川駅保育園,4歳,143.75,29.5,1.3043478260869565,0.043478260869565216,14.869565217391305,0.021739130434782608,4.872881355932203
南区,別所保育園,4歳,143.75,29.5,0.391304347826087,0.043478260869565216,20.782608695652176,0.021739130434782608,4.872881355932203
神奈川区,スターチャイルド≪三ッ沢上町ナーサリー≫,5歳,143.75,29.5,0.0,0.043478260869565216,12.956521739130435,0.021739130434782608,4.872881355932203
港北区,横浜市太尾保育園,1歳,143.75,29.5,0.6956521739130435,0.043478260869565216,21.82608695652174,0.021739130434782608,4.872881355932203
神奈川区,いずみ松本町保育園,5歳,143.75,29.5,0.34782608695652173,0.043478260869565216,29.956521739130434,0.021739130434782608,4.872881355932203
磯子区,杉田保育園,2歳,143.75,29.5,2.3043478260869565,0.043478260869565216,13.565217391304348,0.021739130434782608,4.872881355932203
都筑区,保育園みんなのおうち,2歳,143.75,29.5,0.13043478260869565,0.043478260869565216,7.956521739130435,0.021739130434782608,4.872881355932203
戸塚区,戸塚チューリップ保育園,2歳,143.75,29.5,0.6956521739130435,0.043478260869565216,7.086956521739131,0.021739130434782608,4.872881355932203
港北区,横浜りとるぱんぷきんず(保育所部分),4歳,143.75,29.5,1.2173913043478262,0.043478260869565216,20.043478260869566,0.021739130434782608,4.872881355932203
神奈川区,京進のほいくえんＨＯＰＰＡ反町園,2歳,143.75,29.5,0.0,0.043478260869565216,4.956521739130435,0.021739130434782608,4.872881355932203
泉区,にじいろ保育園いずみ中央,5歳,143.75,29.5,0.0,0.043478260869565216,9.478260869565217,0.021739130434782608,4.872881355932203
港南区,保育室アーモ,2歳,143.75,29.5,0.6956521739130435,0.043478260869565216,6.826086956521739,0.021739130434782608,4.872881355932203
都筑区,仲町台もみのき保育室,2歳,143.75,29.5,0.21739130434782608,0.043478260869565216,8.434782608695652,0.021739130434782608,4.872881355932203
磯子区,屏風ヶ浦保育園,5歳,143.75,29.5,0.0,0.043478260869565216,19.782608695652176,0.021739130434782608,4.872881355932203
鶴見区,入船の森保育園,2歳,143.75,29.5,0.30434782608695654,0.043478260869565216,8.0,0.021739130434782608,4.872881355932203
戸塚区,グローバルキッズ戸塚第二保育園,4歳,143.75,29.5,0.21739130434782608,0.043478260869565216,19.434782608695652,0.021739130434782608,4.872881355932203
港南区,つばさ保育園,4歳,143.75,29.5,0.0,0.043478260869565216,18.91304347826087,0.021739130434782608,4.872881355932203
旭区,保育園夢未来二俣川園,5歳,143.75,29.5,0.043478260869565216,0.043478260869565216,12.0,0.021739130434782608,4.872881355932203
神奈川区,横浜シュタイナー保育園,1歳,143.75,29.5,0.9565217391304348,0.043478260869565216,5.956521739130435,0.021739130434782608,4.872881355932203
港北区,新羽どろんこ保育園,4歳,143.75,29.5,0.9130434782608695,0.043478260869565216,17.956521739130434,0.021739130434782608,4.872881355932203
南区,キューピールームＰ-ｋａｂｏｏ園,2歳,143.75,29.5,0.043478260869565216,0.043478260869565216,4.956521739130435,0.021739130434782608,4.872881355932203
港南区,つくし保育園　上大岡,5歳,143.75,29.5,0.0,0.043478260869565216,15.956521739130435,0.021739130434782608,4.872881355932203
南区,六ツ川みどり保育園,3歳,143.75,29.5,1.0434782608695652,0.043478260869565216,19.82608695652174,0.021739130434782608,4.872881355932203
保土ケ谷区,ポポラー横浜和田町園,1歳,143.75,29.5,1.7391304347826086,0.043478260869565216,7.956521739130435,0.021739130434782608,4.872881355932203
青葉区,あっぷるキッズ青葉台,2歳,143.75,29.5,0.782608695652174,0.043478260869565216,9.956521739130435,0.021739130434782608,4.872881355932203
都筑区,コビープリスクールなかまちだい,4歳,143.75,29.5,0.043478260869565216,0.043478260869565216,14.0,0.021739130434782608,4.872881355932203
鶴見区,ひだまりの保育園,1歳,143.75,29.5,0.5217391304347826,0.043478260869565216,5.391304347826087,0.021739130434782608,4.872881355932203
旭区,明徳二俣川保育園,3歳,143.75,29.5,0.6086956521739131,0.043478260869565216,16.91304347826087,0.021739130434782608,4.872881355932203
神奈川区,ポピンズナーサリースクール片倉町,2歳,143.75,29.5,2.4782608695652173,0.043478260869565216,9.956521739130435,0.021739130434782608,4.872881355932203
神奈川区,スターチャイルド≪白楽ナーサリー≫,2歳,143.75,29.5,2.652173913043478,0.043478260869565216,9.956521739130435,0.021739130434782608,4.872881355932203
鶴見区,あゆみ保育園　鶴見,5歳,143.75,29.5,0.043478260869565216,0.043478260869565216,18.869565217391305,0.021739130434782608,4.872881355932203
神奈川区,横浜市神大寺保育園,3歳,143.75,29.5,0.30434782608695654,0.043478260869565216,11.956521739130435,0.021739130434782608,4.872881355932203
都筑区,シープ保育所,0歳,143.75,29.5,4.6521739130434785,0.043478260869565216,2.9565217391304346,0.021739130434782608,4.872881355932203
戸塚区,おおぞらどんぐり保育室,2歳,143.75,29.5,0.0,0.043478260869565216,2.9565217391304346,0.021739130434782608,4.872881355932203
泉区,ふたば保育園,4歳,143.75,29.5,0.30434782608695654,0.043478260869565216,21.956521739130434,0.021739130434782608,4.872881355932203
南区,アスクいどがや保育園,5歳,143.75,29.5,0.043478260869565216,0.043478260869565216,17.52173913043478,0.021739130434782608,4.872881355932203
港南区,横浜市港南台第二保育園,2歳,143.75,29.5,1.826086956521739,0.043478260869565216,15.0,0.021739130434782608,4.872881355932203
泉区,中田駅前　はまっこ保育園,0歳,143.75,29.5,5.260869565217392,0.043478260869565216,1.9565217391304348,0.021739130434782608,4.872881355932203
港南区,京急キッズランド上永谷保育園,2歳,143.75,29.5,2.4347826086956523,0.043478260869565216,9.956521739130435,0.021739130434782608,4.872881355932203
西区,Maple Nursery 横浜,3歳,143.75,29.5,0.08695652173913043,0.043478260869565216,10.956521739130435,0.021739130434782608,4.872881355932203
戸塚区,ララランド戸塚第２,0歳,143.75,29.5,23.043478260869566,0.043478260869565216,5.956521739130435,0.021739130434782608,4.872881355932203
戸塚区,小規模保育施設はまっこ,2歳,143.75,29.5,1.0,0.043478260869565216,10.434782608695652,0.021739130434782608,4.872881355932203
中区,クラウン保育園,2歳,143.75,29.5,0.9130434782608695,0.043478260869565216,14.826086956521738,0.021739130434782608,4.872881355932203
鶴見区,横浜市潮田保育園,0歳,143.75,29.5,7.956521739130435,0.043478260869565216,8.0,0.021739130434782608,4.872881355932203
緑区,寺山保育園,2歳,143.75,29.5,0.9130434782608695,0.043478260869565216,18.82608695652174,0.021739130434782608,4.872881355932203
旭区,中希望が丘保育園,4歳,143.75,29.5,0.43478260869565216,0.043478260869565216,15.826086956521738,0.021739130434782608,4.872881355932203
青葉区,パレット保育園・たまプラーザ,3歳,143.75,29.5,0.5217391304347826,0.043478260869565216,8.565217391304348,0.021739130434782608,4.872881355932203
港北区,ぶれすと綱島ほいくえん,2歳,143.75,29.5,1.0434782608695652,0.043478260869565216,12.956521739130435,0.021739130434782608,4.872881355932203
鶴見区,にじいろ保育園駒岡,5歳,143.75,29.5,0.08695652173913043,0.13043478260869565,13.217391304347826,0.03260869565217391,4.872881355932203
瀬谷区,ＧＥＮＫＩＤＳ瀬谷保育園,2歳,143.75,29.5,6.826086956521739,0.043478260869565216,10.521739130434783,0.021739130434782608,4.872881355932203
都筑区,よこはま夢保育園,4歳,143.75,29.5,0.5652173913043478,0.043478260869565216,13.434782608695652,0.021739130434782608,4.872881355932203
都筑区,クオリスキッズ鴨居駅前保育園,3歳,143.75,29.5,0.43478260869565216,0.043478260869565216,11.956521739130435,0.021739130434782608,4.872881355932203
港北区,認定こども園しのはら幼稚園（保育所部分）,3歳,143.75,29.5,0.4782608695652174,0.043478260869565216,3.0434782608695654,0.021739130434782608,4.872881355932203
泉区,ＹＭＣＡ山手台保育園アルク,3歳,143.75,29.5,1.173913043478261,0.043478260869565216,10.173913043478262,0.021739130434782608,4.872881355932203
保土ケ谷区,認定こども園和田愛児園,3歳,143.75,29.5,0.21739130434782608,0.043478260869565216,22.782608695652176,0.021739130434782608,4.872881355932203
金沢区,アイン能見台駅前保育園,4歳,143.75,29.5,0.08695652173913043,0.043478260869565216,11.91304347826087,0.021739130434782608,4.872881355932203
港南区,港南ひまわり保育園,2歳,143.75,29.5,1.434782608695652,0.043478260869565216,11.91304347826087,0.021739130434782608,4.872881355932203
保土ケ谷区,おれんじハウス星川保育園,2歳,143.75,29.5,0.043478260869565216,0.043478260869565216,5.173913043478261,0.021739130434782608,4.872881355932203
緑区,小学館アカデミーなかやま保育園,0歳,143.75,29.5,10.652173913043478,0.043478260869565216,5.913043478260869,0.021739130434782608,4.872881355932203
港北区,Gakkenほいくえん日吉本町,2歳,143.75,29.5,2.4347826086956523,0.043478260869565216,14.956521739130435,0.021739130434782608,4.872881355932203
旭区,グローバルキッズ南万騎が原園,4歳,143.75,29.5,0.6521739130434783,0.043478260869565216,10.73913043478261,0.021739130434782608,4.872881355932203
港北区,聖保育園,1歳,143.75,29.5,1.173913043478261,0.043478260869565216,15.869565217391305,0.021739130434782608,4.872881355932203
保土ケ谷区,にじいろ保育園和田町,2歳,143.75,29.5,1.608695652173913,0.043478260869565216,4.956521739130435,0.021739130434782608,4.872881355932203
鶴見区,こあらっこはうす　ル・ソレイユ,2歳,143.75,29.5,0.5217391304347826,0.043478260869565216,9.956521739130435,0.021739130434782608,4.872881355932203
港北区,第二尚花愛児園,3歳,143.75,29.5,0.0,0.043478260869565216,19.17391304347826,0.021739130434782608,4.872881355932203
戸塚区,しんざわあゆみ保育室,1歳,143.75,29.5,3.5217391304347827,0.043478260869565216,9.956521739130435,0.021739130434782608,4.872881355932203
港北区,マイ・ハート綱島東保育園,3歳,143.75,29.5,0.0,0.043478260869565216,10.826086956521738,0.021739130434782608,4.872881355932203
港北区,マーマしのはら保育園,2歳,143.75,29.5,3.130434782608696,0.043478260869565216,29.956521739130434,0.021739130434782608,4.872881355932203
都筑区,キッズフォレセンター北,3歳,143.75,29.5,3.8260869565217392,0.043478260869565216,18.869565217391305,0.021739130434782608,4.872881355932203
瀬谷区,認定こども園はらのこ　原幼稚園,3歳,143.75,29.5,0.782608695652174,0.043478260869565216,11.956521739130435,0.021739130434782608,4.872881355932203
港北区,なあな保育園,3歳,143.75,29.5,0.13043478260869565,0.043478260869565216,11.08695652173913,0.021739130434782608,4.872881355932203
金沢区,西柴保育園,5歳,143.75,29.5,0.0,0.043478260869565216,13.521739130434783,0.021739130434782608,4.872881355932203
中区,うちゅうこども園やまて,2歳,143.75,29.5,1.173913043478261,0.043478260869565216,12.0,0.021739130434782608,4.872881355932203
鶴見区,ＳＡＩＬ　ＫＩＤ保育園,1歳,143.75,29.5,1.3043478260869565,0.043478260869565216,8.565217391304348,0.021739130434782608,4.872881355932203
戸塚区,岩崎学園東戸塚保育園,3歳,143.73299616323683,29.5,3.4782608695652173,0.08695652173913043,36.95652173913044,0.032756555102288414,4.872304954685994
港北区,ブライト保育園横浜綱島,1歳,143.70973782771534,29.5,5.521739130434782,0.08695652173913043,9.91304347826087,0.02136459859957662,4.871516536532724
西区,Maple Nursery 横浜,1歳,143.68694716710496,29.5,4.608695652173913,0.08695652173913043,7.956521739130435,0.0282717833050962,4.87074397176627
青葉区,ミアヘルサ保育園ひびき市が尾,1歳,143.65477338476373,29.5,4.043478260869565,0.08695652173913043,9.73913043478261,0.027042891283384343,4.869653335076737
鶴見区,ビーンズ保育園,1歳,143.65477338476373,29.5,2.5217391304347827,0.08695652173913043,11.91304347826087,0.027042891283384343,4.869653335076737
南区,大岡はるかぜ保育園,3歳,143.64814814814815,29.5,3.130434782608696,0.08695652173913043,19.956521739130434,0.027697262479871178,4.869428750784683
青葉区,つどいの森もみの木こども園,1歳,143.64814814814815,29.5,3.1739130434782608,0.08695652173913043,13.73913043478261,0.027697262479871178,4.869428750784683
旭区,明徳二俣川保育園,0歳,143.64529914529913,29.5,30.82608695652174,0.17391304347826086,8.565217391304348,0.024823485693050908,4.86933217441692
青葉区,りとる・ピッピ,1歳,143.61346472646898,29.5,2.6956521739130435,0.08695652173913043,5.304347826086956,0.024025563199243996,4.86825304157522
都筑区,まなびの森　鴨居北こども園,2歳,90.04098360655738,18.5,2.6666666666666665,0.08333333333333333,23.5,0.027322404371584702,4.867080194949048
保土ケ谷区,認定こども園　森のルーナ,2歳,90.04098360655738,18.5,4.5,0.08333333333333333,9.666666666666666,0.027322404371584702,4.867080194949048
港北区,綱島こども園,2歳,53.529411764705884,11.0,4.363636363636363,0.09090909090909091,12.272727272727273,0.026737967914438502,4.866310160427807
保土ケ谷区,りとる・ルーナ保育園,1歳,53.529411764705884,11.0,8.090909090909092,0.09090909090909091,8.909090909090908,0.026737967914438502,4.866310160427807
中区,新山下二丁目保育所,1歳,143.54307213284898,29.5,5.0,0.08695652173913043,15.782608695652174,0.029105841474695967,4.865866851960982
青葉区,オルタスそらいろ,1歳,143.53072125623083,29.5,12.869565217391305,0.17391304347826086,9.956521739130435,0.02301031155808209,4.865448178177316
青葉区,認定こども園三陽幼稚園・三陽保育園,0歳,143.5249042145594,29.5,10.217391304347826,0.17391304347826086,6.826086956521739,0.027069798434116277,4.865250990324047
戸塚区,アスク戸塚保育園,4歳,143.52048857368007,29.5,0.21739130434782608,0.08695652173913043,11.782608695652174,0.034604447185390755,4.865101307582375
中区,木下の保育園　本牧,1歳,143.52048857368007,29.5,2.4782608695652173,0.08695652173913043,11.91304347826087,0.034604447185390755,4.865101307582375
港北区,岩崎学園新横浜保育園,0歳,143.52048857368007,29.5,23.565217391304348,0.08695652173913043,17.869565217391305,0.034604447185390755,4.865101307582375
港北区,ウッズ保育園,0歳,143.52048857368007,29.5,7.130434782608695,0.08695652173913043,2.9565217391304346,0.034604447185390755,4.865101307582375
南区,南愛児園,5歳,143.5,29.5,0.13043478260869565,0.17391304347826086,19.608695652173914,0.034782608695652174,4.864406779661017
金沢区,家庭的保育室　マリン,1歳,133.75,27.5,2.090909090909091,0.045454545454545456,5.0,0.022727272727272728,4.863636363636363
中区,アスク山下町保育園,1歳,133.75,27.5,0.6363636363636364,0.045454545454545456,9.909090909090908,0.022727272727272728,4.863636363636363
泉区,横浜市北上飯田保育園,1歳,143.44226579520696,29.5,2.8260869565217392,0.08695652173913043,11.782608695652174,0.028890783366486688,4.862449687973117
青葉区,荏田北幼保連携型認定こども園,1歳,143.44226579520696,29.5,5.478260869565218,0.08695652173913043,19.82608695652174,0.028890783366486688,4.862449687973117
青葉区,市が尾こどものいえ保育園,1歳,143.4016393442623,29.5,2.869565217391304,0.08695652173913043,11.608695652173912,0.02851033499643621,4.861072520144485
港北区,岩崎学園新横浜第二保育園,2歳,143.4016393442623,29.5,2.8260869565217392,0.08695652173913043,24.91304347826087,0.02851033499643621,4.861072520144485
戸塚区,とつかルーテル保育園,0歳,143.3945412798736,29.5,19.695652173913043,0.13043478260869565,12.434782608695652,0.028551483195791004,4.860831907792326
港南区,港南はるかぜ保育園,0歳,143.33333333333334,29.5,13.608695652173912,0.13043478260869565,11.608695652173912,0.024154589371980673,4.858757062146893
瀬谷区,ほうゆう保育園,5歳,143.33333333333334,29.5,0.0,0.21739130434782608,11.565217391304348,0.036231884057971016,4.858757062146893
神奈川区,白幡フレール保育園,0歳,143.29978688136396,29.5,11.782608695652174,0.17391304347826086,9.73913043478261,0.02434906155731038,4.857619894283524
緑区,キッズフォレ長津田,0歳,143.24468085106383,29.5,31.0,0.043478260869565216,2.9130434782608696,0.018501387604070305,4.855751893256401
中区,にじいろ保育園関内,3歳,143.24468085106383,29.5,0.34782608695652173,0.043478260869565216,8.478260869565217,0.018501387604070305,4.855751893256401
港北区,光の園アンティー保育園,0歳,143.24468085106383,29.5,13.652173913043478,0.043478260869565216,5.956521739130435,0.018501387604070305,4.855751893256401
瀬谷区,瀬谷そらいろ保育園,0歳,143.24468085106383,29.5,12.73913043478261,0.043478260869565216,2.4347826086956523,0.018501387604070305,4.855751893256401
港南区,日野保育園,0歳,143.24468085106383,29.5,7.6521739130434785,0.043478260869565216,5.956521739130435,0.018501387604070305,4.855751893256401
戸塚区,幼保連携型認定こども園　みどり幼稚園,3歳,143.24468085106383,29.5,3.8260869565217392,0.043478260869565216,12.304347826086957,0.018501387604070305,4.855751893256401
旭区,土と愛　子供の家保育所,2歳,143.24468085106383,29.5,1.0869565217391304,0.08695652173913043,14.304347826086957,0.03700277520814061,4.855751893256401
港北区,ぶれすと綱島二階ほいくえん,0歳,143.24468085106383,29.5,6.826086956521739,0.043478260869565216,3.0,0.018501387604070305,4.855751893256401
神奈川区,ゆうゆうきっず横浜,2歳,143.24468085106383,29.5,1.3478260869565217,0.08695652173913043,25.043478260869566,0.03700277520814061,4.855751893256401
青葉区,青葉フレール保育園,2歳,143.24468085106383,29.5,0.6521739130434783,0.08695652173913043,22.82608695652174,0.03700277520814061,4.855751893256401
港南区,つばさ保育園,0歳,143.24468085106383,29.5,10.521739130434783,0.08695652173913043,13.304347826086957,0.03700277520814061,4.855751893256401
磯子区,洋光台中央福澤保育センター,4歳,143.24468085106383,29.5,0.043478260869565216,0.043478260869565216,20.956521739130434,0.018501387604070305,4.855751893256401
都筑区,マーマセンター北保育園,3歳,143.24468085106383,29.5,1.0,0.043478260869565216,11.869565217391305,0.018501387604070305,4.855751893256401
港南区,クオリスキッズ上大岡駅前保育園,0歳,143.24468085106383,29.5,7.260869565217392,0.043478260869565216,5.913043478260869,0.018501387604070305,4.855751893256401
南区,大岡はるかぜ保育園,0歳,143.24468085106383,29.5,13.130434782608695,0.043478260869565216,6.956521739130435,0.018501387604070305,4.855751893256401
栄区,ニチイキッズさくら本郷台保育園,5歳,143.24468085106383,29.5,1.0869565217391304,0.043478260869565216,13.695652173913043,0.018501387604070305,4.855751893256401
泉区,認定こども園　宮の台幼稚園,2歳,143.24468085106383,29.5,2.4347826086956523,0.043478260869565216,6.956521739130435,0.018501387604070305,4.855751893256401
南区,アイン弘明寺保育園,0歳,143.24468085106383,29.5,11.217391304347826,0.043478260869565216,5.956521739130435,0.018501387604070305,4.855751893256401
瀬谷区,ネストうーたん,0歳,143.24468085106383,29.5,10.956521739130435,0.043478260869565216,3.391304347826087,0.018501387604070305,4.855751893256401
港南区,認定こども園　大谷幼稚園,3歳,143.24468085106383,29.5,1.0434782608695652,0.043478260869565216,3.260869565217391,0.018501387604070305,4.855751893256401
都筑区,横浜市大熊保育園,2歳,143.24468085106383,29.5,2.4347826086956523,0.043478260869565216,22.91304347826087,0.018501387604070305,4.855751893256401
旭区,ポプラ第二保育園,5歳,143.24468085106383,29.5,0.6521739130434783,0.08695652173913043,9.91304347826087,0.03700277520814061,4.855751893256401
港北区,ベネッセ　日吉保育園,3歳,143.24468085106383,29.5,0.8695652173913043,0.043478260869565216,14.956521739130435,0.018501387604070305,4.855751893256401
旭区,太陽の子　白根保育園,3歳,143.24468085106383,29.5,1.2608695652173914,0.043478260869565216,11.956521739130435,0.018501387604070305,4.855751893256401
港北区,たんぽぽ保育園,0歳,143.24468085106383,29.5,7.043478260869565,0.08695652173913043,5.913043478260869,0.03700277520814061,4.855751893256401
鶴見区,きくなハート保育園,3歳,143.24468085106383,29.5,0.6956521739130435,0.043478260869565216,12.956521739130435,0.018501387604070305,4.855751893256401
旭区,夢のつぼみ保育園,0歳,143.24468085106383,29.5,12.130434782608695,0.043478260869565216,7.956521739130435,0.018501387604070305,4.855751893256401
鶴見区,明日葉保育園駒岡園,0歳,143.24468085106383,29.5,5.391304347826087,0.043478260869565216,5.956521739130435,0.018501387604070305,4.855751893256401
戸塚区,ハートの森保育園,1歳,143.24468085106383,29.5,1.8695652173913044,0.043478260869565216,13.956521739130435,0.018501387604070305,4.855751893256401
青葉区,にじいろ保育園江田,0歳,143.24468085106383,29.5,5.043478260869565,0.043478260869565216,2.9565217391304346,0.018501387604070305,4.855751893256401
旭区,ポプラ第二保育園,0歳,143.24468085106383,29.5,13.130434782608695,0.043478260869565216,1.9565217391304348,0.018501387604070305,4.855751893256401
鶴見区,太陽の子　鶴見市場保育園,0歳,143.24468085106383,29.5,10.478260869565217,0.043478260869565216,5.956521739130435,0.018501387604070305,4.855751893256401
鶴見区,横浜山手モンテッソーリ保育園,1歳,143.24468085106383,29.5,1.7391304347826086,0.043478260869565216,8.434782608695652,0.018501387604070305,4.855751893256401
瀬谷区,下瀬谷保育園,1歳,143.22549019607843,29.5,7.391304347826087,0.08695652173913043,13.91304347826087,0.024381926683716967,4.85510136257893
神奈川区,ゆうゆうきっず新子安,0歳,143.1914512042492,29.5,33.65217391304348,0.13043478260869565,8.08695652173913,0.025704851106300695,4.853947498449125
鶴見区,上末吉白百合保育園,1歳,143.18913175470553,29.5,2.260869565217391,0.08695652173913043,11.869565217391305,0.030358227079538554,4.853868873040866
都筑区,よこはま夢保育園,1歳,143.15488044157956,29.5,9.956521739130435,0.17391304347826086,8.434782608695652,0.03289845048357786,4.852707811578968
保土ケ谷区,認定こども園あかいとりこども園,1歳,143.14814814814815,29.5,4.869565217391305,0.08695652173913043,17.91304347826087,0.03784219001610306,4.852479598242311
港北区,日吉夢保育園,4歳,143.14814814814815,29.5,1.0434782608695652,0.08695652173913043,23.652173913043477,0.03784219001610306,4.852479598242311
港北区,パレット保育園・大倉山,1歳,143.14814814814815,29.5,1.3043478260869565,0.08695652173913043,14.91304347826087,0.03784219001610306,4.852479598242311
南区,パナマリア保育園弘明寺園,2歳,143.14814814814815,29.5,2.608695652173913,0.08695652173913043,8.956521739130435,0.03784219001610306,4.852479598242311
緑区,ポピンズナーサリースクール横浜十日市場,2歳,143.11190403887034,29.5,3.652173913043478,0.13043478260869565,10.0,0.033272158333223306,4.851250984368486
港北区,ヴィラ日吉こども園,2歳,53.36065573770492,11.0,2.909090909090909,0.09090909090909091,11.909090909090908,0.02980625931445604,4.85096870342772
緑区,長津田こども園,0歳,53.36065573770492,11.0,4.454545454545454,0.09090909090909091,6.0,0.02980625931445604,4.85096870342772
都筑区,中川こども園,0歳,53.36065573770492,11.0,7.545454545454546,0.09090909090909091,3.0,0.02980625931445604,4.85096870342772
神奈川区,Gakkenほいくえん片倉,1歳,143.08823529411765,29.5,7.782608695652174,0.08695652173913043,7.913043478260869,0.02557544757033248,4.850448654037886
鶴見区,馬場どろんこ保育園,3歳,143.08287795992715,29.5,1.434782608695652,0.08695652173913043,13.826086956521738,0.030358227079538554,4.850267049489056
港北区,光の園アンティー保育園,2歳,143.0609756097561,29.5,5.3478260869565215,0.13043478260869565,12.91304347826087,0.032803110639802055,4.849524596940885
金沢区,関東学院六浦こども園,2歳,143.04098360655738,29.5,3.3043478260869565,0.08695652173913043,17.043478260869566,0.025849370396768833,4.8488469019172
港南区,白峰保育園,2歳,143.04098360655738,29.5,4.434782608695652,0.08695652173913043,14.91304347826087,0.025849370396768833,4.8488469019172
保土ケ谷区,向台保育園,2歳,143.02238805970148,29.5,0.9130434782608695,0.08695652173913043,12.608695652173912,0.02595717066839714,4.84821654439666
戸塚区,明日葉保育園第二戸塚園,0歳,143.00623167155425,29.5,24.52173913043478,0.17391304347826086,6.391304347826087,0.035569934973862044,4.8476688702221775
保土ケ谷区,キッズハーモニー・ほどがや,0歳,143.00441938433406,29.5,30.91304347826087,0.17391304347826086,2.652173913043478,0.03458648609252217,4.8476074367570865
港南区,横浜市大久保保育園,2歳,143.0,29.5,3.4347826086956523,0.08695652173913043,17.869565217391305,0.03333333333333333,4.8474576271186445
戸塚区,横浜市川上保育園,0歳,142.94487427466152,29.5,26.565217391304348,0.08695652173913043,14.826086956521738,0.026406525943991253,4.845588958463102
青葉区,スターチャイルド≪江田ナーサリー≫,0歳,142.89529914529913,29.5,4.3478260869565215,0.08695652173913043,4.913043478260869,0.029171311780007435,4.84390844560336
港北区,にじいろ保育園綱島東,2歳,142.87234042553192,29.5,0.2608695652173913,0.08695652173913043,9.869565217391305,0.04024051803885291,4.843130183916336
西区,横浜岡野すきっぷ保育園,2歳,142.87234042553192,29.5,1.391304347826087,0.08695652173913043,9.91304347826087,0.04024051803885291,4.843130183916336
南区,ひびき井土ヶ谷保育園,0歳,142.87234042553192,29.5,12.695652173913043,0.08695652173913043,5.913043478260869,0.04024051803885291,4.843130183916336
港南区,笹下南つくしんぼ保育園,3歳,142.87234042553192,29.5,0.30434782608695654,0.08695652173913043,18.73913043478261,0.04024051803885291,4.843130183916336
鶴見区,横浜市馬場保育園,3歳,142.87234042553192,29.5,0.21739130434782608,0.08695652173913043,14.782608695652174,0.04024051803885291,4.843130183916336
磯子区,にじいろ保育園　洋光台,3歳,142.87234042553192,29.5,0.21739130434782608,0.08695652173913043,14.782608695652174,0.04024051803885291,4.843130183916336
泉区,サクラフェリーチェ保育園,2歳,142.87234042553192,29.5,3.869565217391304,0.08695652173913043,7.956521739130435,0.04024051803885291,4.843130183916336
港北区,わかさと保育園,3歳,142.87234042553192,29.5,0.43478260869565216,0.08695652173913043,11.826086956521738,0.04024051803885291,4.843130183916336
都筑区,ベイキッズ　あおぞら保育園,1歳,142.87234042553192,29.5,0.17391304347826086,0.08695652173913043,3.869565217391304,0.04024051803885291,4.843130183916336
青葉区,ミアヘルサ保育園ひびき江田,1歳,142.87234042553192,29.5,2.3043478260869565,0.08695652173913043,7.956521739130435,0.04024051803885291,4.843130183916336
鶴見区,ルーチェ保育園　鶴見,2歳,142.87037037037038,29.5,3.130434782608696,0.08695652173913043,11.869565217391305,0.0322061191626409,4.843063402385437
西区,横浜みなとみらい保育園,0歳,142.8521999586862,29.5,10.391304347826088,0.08695652173913043,19.91304347826087,0.02694376835544219,4.842447456226651
港北区,スターチャイルド《日吉本町ナーサリー》,1歳,142.8409090909091,29.5,5.608695652173913,0.08695652173913043,7.913043478260869,0.02964426877470356,4.842064714946071
中区,アスク馬車道保育園,1歳,142.83792240300374,29.5,2.6956521739130435,0.08695652173913043,16.304347826086957,0.03128911138923655,4.841963471288262
南区,横浜市永田保育園,1歳,142.81949489707662,29.5,5.434782608695652,0.13043478260869565,11.91304347826087,0.040700044373246695,4.841338810070394
鶴見区,新鶴見はなかご保育園,1歳,142.7972972972973,29.5,3.652173913043478,0.13043478260869565,11.217391304347826,0.03509596553074813,4.840586349060925
戸塚区,アネラ保育室,1歳,142.66916637600278,29.5,1.608695652173913,0.08695652173913043,4.695652173913044,0.032756555102288414,4.836242928000094
金沢区,コンビプラザレイディアント保育園,1歳,142.66916637600278,29.5,1.434782608695652,0.08695652173913043,7.956521739130435,0.032756555102288414,4.836242928000094
栄区,アスク大船保育園,2歳,142.6327586922247,29.5,6.391304347826087,0.17391304347826086,12.695652173913043,0.03652673600964019,4.835008769227956
港北区,アスク日吉本町開善保育園,0歳,142.59456264775415,29.5,11.08695652173913,0.08695652173913043,11.91304347826087,0.034604447185390755,4.833713988059462
金沢区,かのん保育園,2歳,142.59456264775415,29.5,0.9130434782608695,0.08695652173913043,17.869565217391305,0.034604447185390755,4.833713988059462
港南区,港南台保育センター,2歳,142.58196721311475,29.5,1.6956521739130435,0.08695652173913043,8.73913043478261,0.02851033499643621,4.833287024173381
港北区,大豆戸どろんこ保育園,2歳,142.58196721311475,29.5,2.9565217391304346,0.08695652173913043,15.91304347826087,0.02851033499643621,4.833287024173381
栄区,大船ルーテル保育園,1歳,142.55042462845012,29.5,14.434782608695652,0.21739130434782608,27.91304347826087,0.028693190559709533,4.832217784015258
戸塚区,ヴィラ東戸塚こども園,3歳,53.14814814814815,11.0,2.8181818181818183,0.09090909090909091,15.909090909090908,0.03367003367003367,4.831649831649832
神奈川区,いずみ松本町保育園,1歳,142.5200431699044,29.5,9.217391304347826,0.08695652173913043,27.391304347826086,0.024802584831543528,4.831187904064556
港北区,小規模保育事業ＭＩＲＡｉｏ新横浜,1歳,142.51633986928104,29.5,2.391304347826087,0.08695652173913043,9.173913043478262,0.028890783366486688,4.831062368450205
栄区,かさまの杜保育園,3歳,142.51348396811488,29.5,3.8260869565217392,0.13043478260869565,24.130434782608695,0.043361008972914075,4.830965558241182
神奈川区,めばえ横浜保育園,0歳,142.5,29.5,6.217391304347826,0.08695652173913043,5.913043478260869,0.02898550724637681,4.830508474576271
神奈川区,なないろきっど保育園,0歳,142.5,29.5,1.565217391304348,0.043478260869565216,2.9565217391304346,0.021739130434782608,4.830508474576271
港南区,京急キッズランド上永谷保育園,3歳,142.5,29.5,0.8260869565217391,0.043478260869565216,9.956521739130435,0.021739130434782608,4.830508474576271
都筑区,パレット保育園・センター南,0歳,142.5,29.5,19.217391304347824,0.043478260869565216,4.913043478260869,0.021739130434782608,4.830508474576271
神奈川区,保育園こりす,3歳,142.5,29.5,1.0434782608695652,0.08695652173913043,15.869565217391305,0.043478260869565216,4.830508474576271
戸塚区,スターチャイルド≪戸塚ナーサリー≫,1歳,142.5,29.5,4.608695652173913,0.043478260869565216,7.956521739130435,0.021739130434782608,4.830508474576271
旭区,太陽の子　二俣川駅保育園,5歳,142.5,29.5,0.0,0.043478260869565216,14.956521739130435,0.021739130434782608,4.830508474576271
旭区,太陽の子　鶴ヶ峰保育園,0歳,142.5,29.5,8.695652173913043,0.043478260869565216,5.956521739130435,0.021739130434782608,4.830508474576271
神奈川区,横浜大口雲母保育園,2歳,142.5,29.5,1.5217391304347827,0.043478260869565216,10.956521739130435,0.021739130434782608,4.830508474576271
西区,キッズパートナーみなとみらい,1歳,142.5,29.5,1.5217391304347827,0.043478260869565216,6.913043478260869,0.021739130434782608,4.830508474576271
都筑区,キッズフォレセンター北,5歳,142.5,29.5,0.4782608695652174,0.043478260869565216,18.956521739130434,0.021739130434782608,4.830508474576271
都筑区,キッズフォレ東山田,4歳,142.5,29.5,0.4782608695652174,0.043478260869565216,10.956521739130435,0.021739130434782608,4.830508474576271
中区,ヨコハマきぼう保育園,2歳,142.5,29.5,0.34782608695652173,0.08695652173913043,16.347826086956523,0.043478260869565216,4.830508474576271
都筑区,グローバルキッズ都筑ふれあいの丘園,1歳,142.5,29.5,1.4782608695652173,0.043478260869565216,9.869565217391305,0.021739130434782608,4.830508474576271
都筑区,グローバルキッズ都筑ふれあいの丘園,5歳,142.5,29.5,0.0,0.043478260869565216,14.043478260869565,0.021739130434782608,4.830508474576271
西区,マイ・ハート紅葉ヶ丘保育園,3歳,142.5,29.5,0.391304347826087,0.043478260869565216,7.956521739130435,0.021739130434782608,4.830508474576271
鶴見区,北寺尾第二むつみ保育園,4歳,142.5,29.5,0.043478260869565216,0.043478260869565216,13.434782608695652,0.021739130434782608,4.830508474576271
港南区,笹下保育園,4歳,142.5,29.5,0.0,0.043478260869565216,19.82608695652174,0.021739130434782608,4.830508474576271
磯子区,グローバルキッズ磯子保育園,2歳,142.5,29.5,2.347826086956522,0.043478260869565216,13.91304347826087,0.021739130434782608,4.830508474576271
港北区,日吉箕輪えほんの森保育園,2歳,142.5,29.5,1.0434782608695652,0.043478260869565216,16.782608695652176,0.021739130434782608,4.830508474576271
保土ケ谷区,たしろ保育室,0歳,142.5,29.5,0.6956521739130435,0.08695652173913043,0.21739130434782608,0.043478260869565216,4.830508474576271
港北区,スターチス日吉保育園,0歳,142.5,29.5,1.6956521739130435,0.043478260869565216,2.869565217391304,0.021739130434782608,4.830508474576271
保土ケ谷区,にじいろ保育園天王町,1歳,142.5,29.5,2.1739130434782608,0.043478260869565216,7.956521739130435,0.021739130434782608,4.830508474576271
保土ケ谷区,えぶち保育園（分園含む）,2歳,142.5,29.5,2.391304347826087,0.08695652173913043,10.91304347826087,0.043478260869565216,4.830508474576271
都筑区,キッズフォレセンター北,4歳,142.5,29.5,0.6086956521739131,0.043478260869565216,18.956521739130434,0.021739130434782608,4.830508474576271
港北区,森のエルマー保育園,3歳,142.5,29.5,0.0,0.08695652173913043,8.217391304347826,0.02898550724637681,4.830508474576271
戸塚区,キッズパートナー東戸塚,1歳,142.5,29.5,1.9565217391304348,0.08695652173913043,6.913043478260869,0.043478260869565216,4.830508474576271
戸塚区,グローバルキッズ戸塚園,3歳,142.5,29.5,0.9565217391304348,0.043478260869565216,10.434782608695652,0.021739130434782608,4.830508474576271
神奈川区,アイン三枚町保育園,5歳,142.5,29.5,0.0,0.08695652173913043,14.869565217391305,0.043478260869565216,4.830508474576271
港南区,日野保育園,4歳,142.5,29.5,0.0,0.043478260869565216,14.434782608695652,0.021739130434782608,4.830508474576271
港北区,木下の保育園日吉,2歳,142.5,29.5,1.391304347826087,0.043478260869565216,9.956521739130435,0.021739130434782608,4.830508474576271
中区,保育園ころころキッズガーデン,1歳,142.5,29.5,0.7391304347826086,0.08695652173913043,6.521739130434782,0.043478260869565216,4.830508474576271
鶴見区,上末吉白百合保育園,4歳,142.5,29.5,1.0,0.043478260869565216,11.956521739130435,0.021739130434782608,4.830508474576271
西区,キッズパートナー横浜楠町,0歳,142.5,29.5,3.1739130434782608,0.043478260869565216,2.9565217391304346,0.021739130434782608,4.830508474576271
港北区,Gakkenほいくえん綱島,2歳,142.5,29.5,1.3478260869565217,0.043478260869565216,9.91304347826087,0.021739130434782608,4.830508474576271
港北区,preschool ALICE Clover,0歳,142.5,29.5,1.4782608695652173,0.043478260869565216,2.9565217391304346,0.021739130434782608,4.830508474576271
戸塚区,キッズパートナー東戸塚,2歳,142.5,29.5,0.13043478260869565,0.043478260869565216,9.826086956521738,0.021739130434782608,4.830508474576271
西区,グリーンポート桜木町保育園,2歳,142.5,29.5,0.9565217391304348,0.043478260869565216,15.956521739130435,0.021739130434782608,4.830508474576271
保土ケ谷区,保育室ピア・ピア,1歳,142.5,29.5,0.6086956521739131,0.043478260869565216,4.478260869565218,0.021739130434782608,4.830508474576271
青葉区,ベネッセ　市ヶ尾駅前保育園,2歳,142.5,29.5,3.347826086956522,0.043478260869565216,10.91304347826087,0.021739130434782608,4.830508474576271
港北区,木下の保育園日吉,5歳,142.5,29.5,0.0,0.043478260869565216,11.956521739130435,0.021739130434782608,4.830508474576271
泉区,緑園なえば保育園,5歳,142.5,29.5,0.4782608695652174,0.043478260869565216,26.91304347826087,0.021739130434782608,4.830508474576271
金沢区,マミーズエンジェル金沢文庫駅前保育園,5歳,142.5,29.5,0.0,0.08695652173913043,14.173913043478262,0.043478260869565216,4.830508474576271
金沢区,京急キッズランド金沢文庫保育園,1歳,142.5,29.5,4.956521739130435,0.043478260869565216,9.956521739130435,0.021739130434782608,4.830508474576271
神奈川区,フレール保育園,0歳,142.5,29.5,6.521739130434782,0.043478260869565216,2.9565217391304346,0.021739130434782608,4.830508474576271
都筑区,よこはま夢保育園,5歳,142.5,29.5,0.0,0.043478260869565216,13.478260869565217,0.021739130434782608,4.830508474576271
緑区,ハッピーシーズりんご園,1歳,142.5,29.5,1.7391304347826086,0.043478260869565216,5.956521739130435,0.021739130434782608,4.830508474576271
青葉区,といろきっずたまプラーザ保育園,0歳,142.5,29.5,2.4347826086956523,0.08695652173913043,3.9130434782608696,0.043478260869565216,4.830508474576271
中区,うちゅう保育園やました,4歳,142.5,29.5,0.4782608695652174,0.043478260869565216,9.391304347826088,0.021739130434782608,4.830508474576271
緑区,シャルール保育園,4歳,142.5,29.5,0.0,0.043478260869565216,10.956521739130435,0.021739130434782608,4.830508474576271
緑区,スターチャイルド≪中山ナーサリー≫,3歳,142.5,29.5,1.5217391304347827,0.043478260869565216,12.956521739130435,0.021739130434782608,4.830508474576271
緑区,やまゆり中山保育園,4歳,142.5,29.5,0.5652173913043478,0.043478260869565216,19.91304347826087,0.021739130434782608,4.830508474576271
南区,京急キッズランド黄金町保育園,3歳,142.5,29.5,0.5652173913043478,0.08695652173913043,10.608695652173912,0.043478260869565216,4.830508474576271
中区,うちゅうこども園やまて,0歳,142.5,29.5,13.217391304347826,0.043478260869565216,8.956521739130435,0.021739130434782608,4.830508474576271
鶴見区,ＳＡＮＤＡ ＫＩＤ保育園,2歳,142.5,29.5,0.5217391304347826,0.08695652173913043,9.73913043478261,0.043478260869565216,4.830508474576271
青葉区,ピッピみんなの保育園,4歳,142.5,29.5,0.0,0.043478260869565216,7.565217391304348,0.021739130434782608,4.830508474576271
鶴見区,ＳＡＮＤＡ ＫＩＤ保育園,4歳,142.5,29.5,0.34782608695652173,0.043478260869565216,11.956521739130435,0.021739130434782608,4.830508474576271
鶴見区,ＳＡＮＤＡ ＫＩＤ保育園,5歳,142.5,29.5,0.0,0.043478260869565216,11.782608695652174,0.021739130434782608,4.830508474576271
都筑区,つづき保育園,0歳,142.5,29.5,1.391304347826087,0.043478260869565216,2.347826086956522,0.021739130434782608,4.830508474576271
港北区,下田みんなの保育園,4歳,142.5,29.5,0.043478260869565216,0.043478260869565216,9.956521739130435,0.021739130434782608,4.830508474576271
港北区,保育室テックテックROOM,2歳,142.5,29.5,0.0,0.043478260869565216,9.956521739130435,0.021739130434782608,4.830508474576271
港南区,ＣＯＳＭＯＳ保育園,3歳,142.5,29.5,0.6521739130434783,0.043478260869565216,12.91304347826087,0.021739130434782608,4.830508474576271
旭区,あゆみ保育園,4歳,142.5,29.5,0.043478260869565216,0.08695652173913043,16.91304347826087,0.043478260869565216,4.830508474576271
青葉区,幼保連携型認定こども園青葉台幼稚園,5歳,142.5,29.5,1.9565217391304348,0.08695652173913043,29.91304347826087,0.043478260869565216,4.830508474576271
港北区,キッズパートナー綱島東,2歳,142.5,29.5,0.5652173913043478,0.043478260869565216,8.91304347826087,0.021739130434782608,4.830508474576271
磯子区,杉田保育園,4歳,142.5,29.5,0.21739130434782608,0.043478260869565216,13.565217391304348,0.021739130434782608,4.830508474576271
磯子区,杉田保育園,5歳,142.5,29.5,0.21739130434782608,0.043478260869565216,14.521739130434783,0.021739130434782608,4.830508474576271
青葉区,京進のほいくえんＨＯＰＰＡ青葉台園,1歳,142.5,29.5,3.0434782608695654,0.043478260869565216,4.521739130434782,0.021739130434782608,4.830508474576271
保土ケ谷区,スターチャイルド≪和田町ナーサリー≫,5歳,142.5,29.5,0.0,0.043478260869565216,11.956521739130435,0.021739130434782608,4.830508474576271
青葉区,天才キッズクラブ楽学館あざみ野園,2歳,142.5,29.5,1.434782608695652,0.043478260869565216,8.956521739130435,0.021739130434782608,4.830508474576271
都筑区,ＫＩＤＳＦＯＲＥ　ＡＣＡＤＥＭＹ,5歳,142.5,29.5,0.43478260869565216,0.043478260869565216,20.347826086956523,0.021739130434782608,4.830508474576271
戸塚区,風の子保育室,0歳,142.5,29.5,1.608695652173913,0.043478260869565216,0.9565217391304348,0.021739130434782608,4.830508474576271
中区,新山下二丁目保育所,5歳,142.5,29.5,0.0,0.08695652173913043,19.47826086956522,0.043478260869565216,4.830508474576271
鶴見区,ポピンズナーサリースクール鶴見,4歳,142.5,29.5,0.0,0.043478260869565216,11.91304347826087,0.021739130434782608,4.830508474576271
港北区,パレット保育園・妙蓮寺,5歳,142.5,29.5,0.0,0.043478260869565216,10.521739130434783,0.021739130434782608,4.830508474576271
磯子区,キッズガーデン横浜磯子,3歳,142.5,29.5,1.1304347826086956,0.043478260869565216,12.521739130434783,0.021739130434782608,4.830508474576271
金沢区,ゆめ和ほいくえん,3歳,142.5,29.5,0.7391304347826086,0.043478260869565216,12.434782608695652,0.021739130434782608,4.830508474576271
金沢区,ゆめ和柳町ほいくえん,5歳,142.5,29.5,0.08695652173913043,0.043478260869565216,12.91304347826087,0.021739130434782608,4.830508474576271
金沢区,わかくさ保育園,3歳,142.5,29.5,0.043478260869565216,0.043478260869565216,10.956521739130435,0.021739130434782608,4.830508474576271
神奈川区,ウィズブック保育園青木町,2歳,142.5,29.5,0.043478260869565216,0.043478260869565216,9.956521739130435,0.021739130434782608,4.830508474576271
神奈川区,キッズパートナー六角橋,0歳,142.5,29.5,4.173913043478261,0.043478260869565216,2.9565217391304346,0.021739130434782608,4.830508474576271
鶴見区,きくなハート保育園,5歳,142.5,29.5,0.0,0.043478260869565216,12.956521739130435,0.021739130434782608,4.830508474576271
鶴見区,にじいろ保育園駒岡,3歳,142.5,29.5,0.34782608695652173,0.08695652173913043,11.565217391304348,0.043478260869565216,4.830508474576271
鶴見区,にじの風保育園,0歳,142.5,29.5,6.826086956521739,0.043478260869565216,5.956521739130435,0.021739130434782608,4.830508474576271
南区,ぽかぽか保育園,1歳,142.5,29.5,1.608695652173913,0.043478260869565216,4.869565217391305,0.021739130434782608,4.830508474576271
青葉区,スターチャイルド≪藤が丘小規模保育所≫,1歳,142.5,29.5,3.5217391304347827,0.043478260869565216,7.130434782608695,0.021739130434782608,4.830508474576271
保土ケ谷区,保土ケ谷保育園,1歳,142.5,29.5,2.260869565217391,0.043478260869565216,20.956521739130434,0.021739130434782608,4.830508474576271
港北区,横浜市大曽根保育園,2歳,142.5,29.5,0.4782608695652174,0.043478260869565216,11.956521739130435,0.021739130434782608,4.830508474576271
泉区,認定こども園　明成幼稚園,5歳,142.5,29.5,0.4782608695652174,0.043478260869565216,4.739130434782608,0.021739130434782608,4.830508474576271
泉区,認定こども園　宮の台幼稚園,3歳,142.5,29.5,1.9130434782608696,0.043478260869565216,8.0,0.021739130434782608,4.830508474576271
泉区,認定こども園　上飯田幼稚園,4歳,142.5,29.5,0.9565217391304348,0.043478260869565216,6.956521739130435,0.021739130434782608,4.830508474576271
保土ケ谷区,霞台保育園（分園含む）,3歳,142.5,29.5,0.0,0.043478260869565216,14.956521739130435,0.021739130434782608,4.830508474576271
保土ケ谷区,霞台保育園（分園含む）,4歳,142.5,29.5,0.9565217391304348,0.043478260869565216,14.956521739130435,0.021739130434782608,4.830508474576271
保土ケ谷区,向台保育園,1歳,142.5,29.5,2.4347826086956523,0.043478260869565216,11.956521739130435,0.021739130434782608,4.830508474576271
神奈川区,ポピンズナーサリースクール片倉町駅前,3歳,142.5,29.5,0.34782608695652173,0.08695652173913043,10.91304347826087,0.043478260869565216,4.830508474576271
旭区,旭あじさい保育園,3歳,142.5,29.5,0.6521739130434783,0.08695652173913043,17.91304347826087,0.043478260869565216,4.830508474576271
南区,たけのこ永田東保育園,4歳,142.5,29.5,0.34782608695652173,0.043478260869565216,15.434782608695652,0.021739130434782608,4.830508474576271
港北区,第二福澤保育センター,4歳,142.5,29.5,0.5652173913043478,0.043478260869565216,28.434782608695652,0.021739130434782608,4.830508474576271
戸塚区,ちゃいれっく東戸塚駅前保育園,4歳,142.5,29.5,0.0,0.043478260869565216,10.956521739130435,0.021739130434782608,4.830508474576271
都筑区,ゆうぽーと保育園,5歳,142.5,29.5,0.043478260869565216,0.043478260869565216,11.956521739130435,0.021739130434782608,4.830508474576271
神奈川区,グローバルキッズ新子安保育園,0歳,142.5,29.5,6.086956521739131,0.043478260869565216,5.956521739130435,0.021739130434782608,4.830508474576271
戸塚区,アスク戸塚保育園,3歳,142.5,29.5,0.21739130434782608,0.08695652173913043,11.347826086956522,0.043478260869565216,4.830508474576271
鶴見区,フェアリーテイルつばさ,2歳,142.5,29.5,0.0,0.08695652173913043,9.826086956521738,0.043478260869565216,4.830508474576271
都筑区,わおわお仲町台保育園,0歳,142.5,29.5,19.17391304347826,0.043478260869565216,5.956521739130435,0.021739130434782608,4.830508474576271
青葉区,たまプラーザ　こどもの詩保育園,2歳,142.5,29.5,0.6521739130434783,0.043478260869565216,9.956521739130435,0.021739130434782608,4.830508474576271
港南区,赤い屋根保育園,4歳,142.5,29.5,1.2608695652173914,0.043478260869565216,23.956521739130434,0.021739130434782608,4.830508474576271
緑区,マームゆりかご　ながつた保育園,1歳,142.5,29.5,1.8695652173913044,0.08695652173913043,5.695652173913044,0.02898550724637681,4.830508474576271
中区,キディ石川町・横浜,1歳,142.5,29.5,1.6521739130434783,0.043478260869565216,11.956521739130435,0.021739130434782608,4.830508474576271
旭区,ひより保育室,2歳,142.5,29.5,0.0,0.043478260869565216,2.4347826086956523,0.021739130434782608,4.830508474576271
旭区,まきが原愛児園,3歳,142.5,29.5,0.30434782608695654,0.043478260869565216,23.956521739130434,0.021739130434782608,4.830508474576271
戸塚区,明日葉保育園戸塚西口園,3歳,142.5,29.5,0.8695652173913043,0.08695652173913043,13.434782608695652,0.043478260869565216,4.830508474576271
緑区,にこにこすまいる園,1歳,142.5,29.5,0.6086956521739131,0.043478260869565216,4.913043478260869,0.021739130434782608,4.830508474576271
保土ケ谷区,エルアンジュ保育園（分園含む）,5歳,142.5,29.5,0.4782608695652174,0.043478260869565216,13.0,0.021739130434782608,4.830508474576271
港南区,オハナ上永谷保育園,3歳,142.5,29.5,0.9565217391304348,0.043478260869565216,18.043478260869566,0.021739130434782608,4.830508474576271
港南区,クオリスキッズ上大岡西保育園,1歳,142.5,29.5,3.782608695652174,0.043478260869565216,5.695652173913044,0.021739130434782608,4.830508474576271
港北区,キッズパートナー綱島東,0歳,142.5,29.5,10.173913043478262,0.043478260869565216,2.9565217391304346,0.021739130434782608,4.830508474576271
南区,小さな足あと保育園,4歳,142.5,29.5,0.43478260869565216,0.043478260869565216,14.434782608695652,0.021739130434782608,4.830508474576271
金沢区,かまりや保育園,3歳,142.5,29.5,0.17391304347826086,0.043478260869565216,15.130434782608695,0.021739130434782608,4.830508474576271
磯子区,森おひさま保育園,2歳,142.5,29.5,0.21739130434782608,0.043478260869565216,3.739130434782609,0.021739130434782608,4.830508474576271
磯子区,岡村幼児園,5歳,142.5,29.5,0.0,0.043478260869565216,19.956521739130434,0.021739130434782608,4.830508474576271
南区,ララランド井土ヶ谷,5歳,142.5,29.5,0.0,0.043478260869565216,14.956521739130435,0.021739130434782608,4.830508474576271
栄区,エミールの森ひよこ保育園,0歳,142.5,29.5,1.7826086956521738,0.043478260869565216,1.391304347826087,0.021739130434782608,4.830508474576271
港北区,キディ大倉山・横浜,1歳,142.5,29.5,2.130434782608696,0.08695652173913043,7.782608695652174,0.043478260869565216,4.830508474576271
青葉区,美しが丘どろんこ保育園,3歳,142.5,29.5,1.2173913043478262,0.043478260869565216,11.91304347826087,0.021739130434782608,4.830508474576271
旭区,オハナ鶴ヶ峰保育園,4歳,142.5,29.5,0.2608695652173913,0.043478260869565216,14.956521739130435,0.021739130434782608,4.830508474576271
旭区,オハナ鶴ヶ峰保育園,5歳,142.5,29.5,0.0,0.043478260869565216,14.956521739130435,0.021739130434782608,4.830508474576271
青葉区,ぽれぽれ保育園藤が丘,5歳,142.5,29.5,0.0,0.043478260869565216,6.391304347826087,0.021739130434782608,4.830508474576271
港北区,マイ・ハート綱島東保育園,0歳,142.5,29.5,7.0,0.043478260869565216,5.956521739130435,0.021739130434782608,4.830508474576271
旭区,キッズビレッジつくし保育園,3歳,142.5,29.5,0.2608695652173913,0.043478260869565216,12.434782608695652,0.021739130434782608,4.830508474576271
都筑区,勝田保育園,2歳,142.5,29.5,1.0434782608695652,0.043478260869565216,17.956521739130434,0.021739130434782608,4.830508474576271
神奈川区,あおぞら第２保育園,1歳,142.5,29.5,0.4782608695652174,0.043478260869565216,10.956521739130435,0.021739130434782608,4.830508474576271
栄区,ふぁみりーさぽーと　のあ,3歳,142.5,29.5,0.0,0.043478260869565216,7.956521739130435,0.021739130434782608,4.830508474576271
港北区,太陽の子　日吉保育園,5歳,142.5,29.5,0.0,0.043478260869565216,9.956521739130435,0.021739130434782608,4.830508474576271
保土ケ谷区,境木保育園,2歳,142.5,29.5,1.565217391304348,0.043478260869565216,13.956521739130435,0.021739130434782608,4.830508474576271
南区,ララランド井土ヶ谷,3歳,142.5,29.5,1.9130434782608696,0.043478260869565216,14.956521739130435,0.021739130434782608,4.830508474576271
港北区,キッズパートナー日吉,0歳,142.5,29.5,4.043478260869565,0.043478260869565216,2.9565217391304346,0.021739130434782608,4.830508474576271
港北区,キッズパートナー小机,5歳,142.5,29.5,0.0,0.043478260869565216,10.956521739130435,0.021739130434782608,4.830508474576271
中区,木下の保育園　本牧,5歳,142.5,29.5,0.8695652173913043,0.043478260869565216,14.956521739130435,0.021739130434782608,4.830508474576271
鶴見区,わくわくの森保育園,2歳,142.5,29.5,0.2608695652173913,0.08695652173913043,12.73913043478261,0.043478260869565216,4.830508474576271
港北区,港北コスモス保育園,5歳,142.5,29.5,0.0,0.043478260869565216,12.956521739130435,0.021739130434782608,4.830508474576271
港北区,トゥインクルキッズ高田保育園,4歳,142.5,29.5,0.6086956521739131,0.043478260869565216,10.434782608695652,0.021739130434782608,4.830508474576271
青葉区,スターチャイルド≪たまプラーザナーサリー≫,3歳,142.5,29.5,0.2608695652173913,0.08695652173913043,11.91304347826087,0.02898550724637681,4.830508474576271
青葉区,スターチャイルド≪江田ナーサリー≫,2歳,142.5,29.5,0.6956521739130435,0.08695652173913043,4.869565217391305,0.043478260869565216,4.830508474576271
青葉区,スターチャイルド≪江田ナーサリー≫,4歳,142.5,29.5,0.0,0.043478260869565216,4.956521739130435,0.021739130434782608,4.830508474576271
青葉区,スターチャイルド≪江田ナーサリー≫,5歳,142.5,29.5,0.043478260869565216,0.08695652173913043,4.913043478260869,0.043478260869565216,4.830508474576271
青葉区,スターチャイルド≪荏田北ナーサリー≫,2歳,142.5,29.5,0.8695652173913043,0.08695652173913043,10.91304347826087,0.043478260869565216,4.830508474576271
青葉区,スターチャイルド≪荏田北ナーサリー≫,3歳,142.5,29.5,0.21739130434782608,0.08695652173913043,11.826086956521738,0.043478260869565216,4.830508474576271
神奈川区,スターチャイルド≪横浜ステーションナーサリー≫,0歳,142.5,29.5,8.521739130434783,0.043478260869565216,2.9565217391304346,0.021739130434782608,4.830508474576271
戸塚区,にじいろ保育園戸塚,4歳,142.5,29.5,0.21739130434782608,0.043478260869565216,14.956521739130435,0.021739130434782608,4.830508474576271
旭区,つぼみ保育園,5歳,142.5,29.5,0.043478260869565216,0.043478260869565216,13.434782608695652,0.021739130434782608,4.830508474576271
磯子区,洋光台中央福澤保育センター,3歳,142.5,29.5,1.0,0.08695652173913043,20.782608695652176,0.043478260869565216,4.830508474576271
栄区,認定こども園　飯島東保育園,0歳,142.5,29.5,9.26086956521739,0.08695652173913043,2.869565217391304,0.043478260869565216,4.830508474576271
金沢区,かのん保育園,3歳,142.5,29.5,0.6086956521739131,0.043478260869565216,19.47826086956522,0.021739130434782608,4.830508474576271
港北区,アスク日吉東保育園,0歳,142.5,29.5,7.217391304347826,0.043478260869565216,6.956521739130435,0.021739130434782608,4.830508474576271
港南区,上大岡ゆう保育園,5歳,142.5,29.5,0.391304347826087,0.043478260869565216,23.956521739130434,0.021739130434782608,4.830508474576271
鶴見区,駒岡保育園,1歳,142.5,29.5,4.173913043478261,0.08695652173913043,7.913043478260869,0.043478260869565216,4.830508474576271
港北区,大倉山きずな保育園,3歳,142.5,29.5,0.0,0.08695652173913043,10.695652173913043,0.043478260869565216,4.830508474576271
保土ケ谷区,明神台保育園,2歳,142.5,29.5,1.173913043478261,0.043478260869565216,23.26086956521739,0.021739130434782608,4.830508474576271
緑区,ポピンズナーサリースクール横浜十日市場,5歳,142.5,29.5,0.21739130434782608,0.043478260869565216,11.956521739130435,0.021739130434782608,4.830508474576271
旭区,あゆみ保育園,5歳,142.5,29.5,0.4782608695652174,0.043478260869565216,16.956521739130434,0.021739130434782608,4.830508474576271
旭区,おれんじハウス二俣川保育園,0歳,142.5,29.5,2.652173913043478,0.043478260869565216,1.9565217391304348,0.021739130434782608,4.830508474576271
緑区,みなみ台保育園,5歳,142.5,29.5,0.0,0.043478260869565216,24.043478260869566,0.021739130434782608,4.830508474576271
鶴見区,駒岡保育園,4歳,142.5,29.5,0.2608695652173913,0.08695652173913043,13.91304347826087,0.02898550724637681,4.830508474576271
鶴見区,駒岡保育園,5歳,142.5,29.5,0.043478260869565216,0.08695652173913043,13.91304347826087,0.043478260869565216,4.830508474576271
鶴見区,鶴見あけぼの保育園,2歳,142.5,29.5,0.17391304347826086,0.043478260869565216,10.91304347826087,0.021739130434782608,4.830508474576271
金沢区,アイン金沢文庫保育園,3歳,142.5,29.5,0.08695652173913043,0.08695652173913043,15.391304347826088,0.043478260869565216,4.830508474576271
都筑区,ベイキッズ　あおぞら保育園,2歳,142.5,29.5,0.08695652173913043,0.08695652173913043,3.6956521739130435,0.043478260869565216,4.830508474576271
神奈川区,きゃんばす子安台保育園,3歳,142.5,29.5,0.13043478260869565,0.08695652173913043,12.91304347826087,0.043478260869565216,4.830508474576271
保土ケ谷区,ラフ・クルー星川保育園,2歳,142.5,29.5,1.1304347826086956,0.08695652173913043,14.782608695652174,0.043478260869565216,4.830508474576271
港北区,アスクみのわ保育園,4歳,142.5,29.5,0.0,0.043478260869565216,14.478260869565217,0.021739130434782608,4.830508474576271
金沢区,にじいろ保育園金沢文庫,4歳,142.5,29.5,0.0,0.043478260869565216,11.434782608695652,0.021739130434782608,4.830508474576271
南区,認定こども園山王台幼稚園,0歳,142.5,29.5,7.3478260869565215,0.043478260869565216,2.9565217391304346,0.021739130434782608,4.830508474576271
戸塚区,南戸塚保育園,3歳,142.5,29.5,1.3043478260869565,0.043478260869565216,17.956521739130434,0.021739130434782608,4.830508474576271
旭区,中尾保育園,0歳,142.5,29.5,6.391304347826087,0.043478260869565216,5.956521739130435,0.021739130434782608,4.830508474576271
旭区,中希望が丘保育園,5歳,142.5,29.5,0.043478260869565216,0.043478260869565216,15.956521739130435,0.021739130434782608,4.830508474576271
瀬谷区,横浜市二ツ橋保育園,2歳,142.5,29.5,0.8695652173913043,0.08695652173913043,7.956521739130435,0.043478260869565216,4.830508474576271
青葉区,アスクあざみ野保育園,5歳,142.5,29.5,0.5217391304347826,0.043478260869565216,12.956521739130435,0.021739130434782608,4.830508474576271
青葉区,アートチャイルドケアろりぽっぷたまプラーザ,0歳,142.5,29.5,3.9130434782608696,0.043478260869565216,2.9565217391304346,0.021739130434782608,4.830508474576271
鶴見区,あゆみ保育園　鶴見,3歳,142.5,29.5,1.4782608695652173,0.043478260869565216,17.17391304347826,0.021739130434782608,4.830508474576271
港北区,コビープリスクールつなしま,5歳,142.5,29.5,0.2608695652173913,0.043478260869565216,15.956521739130435,0.021739130434782608,4.830508474576271
青葉区,こどもの国ほしぞら保育園,2歳,142.5,29.5,0.043478260869565216,0.043478260869565216,6.391304347826087,0.021739130434782608,4.830508474576271
旭区,認定こども園二俣川幼稚園,4歳,142.5,29.5,0.8260869565217391,0.08695652173913043,11.91304347826087,0.043478260869565216,4.830508474576271
都筑区,ピノキオ幼児舎センター南園,1歳,142.5,29.5,0.391304347826087,0.08695652173913043,6.130434782608695,0.043478260869565216,4.830508474576271
港北区,ブライト保育園横浜日吉,0歳,142.5,29.5,6.086956521739131,0.08695652173913043,5.913043478260869,0.043478260869565216,4.830508474576271
戸塚区,ベネッセ　東戸塚保育園,3歳,142.5,29.5,0.7391304347826086,0.08695652173913043,10.91304347826087,0.043478260869565216,4.830508474576271
瀬谷区,横浜市瀬谷第二保育園,3歳,142.5,29.5,2.217391304347826,0.043478260869565216,20.17391304347826,0.021739130434782608,4.830508474576271
金沢区,金沢八景ＹＭＣＡ保育園,0歳,142.5,29.5,9.826086956521738,0.043478260869565216,5.956521739130435,0.021739130434782608,4.830508474576271
金沢区,金沢八景ＹＭＣＡ保育園,3歳,142.5,29.5,0.08695652173913043,0.043478260869565216,13.956521739130435,0.021739130434782608,4.830508474576271
戸塚区,メモリー保育園,5歳,142.5,29.5,0.043478260869565216,0.08695652173913043,11.782608695652174,0.043478260869565216,4.830508474576271
西区,おはよう保育園　花咲町,2歳,142.5,29.5,4.130434782608695,0.043478260869565216,10.0,0.021739130434782608,4.830508474576271
西区,みなとみらいくばがさ保育園,2歳,142.5,29.5,3.0869565217391304,0.043478260869565216,12.91304347826087,0.021739130434782608,4.830508474576271
戸塚区,ニチイキッズ東戸塚保育園,5歳,142.5,29.5,0.043478260869565216,0.043478260869565216,12.956521739130435,0.021739130434782608,4.830508474576271
都筑区,ブライト保育園横浜佐江戸,4歳,142.5,29.5,0.0,0.043478260869565216,10.26086956521739,0.021739130434782608,4.830508474576271
港北区,Ｌｕｃｅ陽だまりの家保育園,1歳,142.5,29.5,0.21739130434782608,0.08695652173913043,3.9130434782608696,0.043478260869565216,4.830508474576271
金沢区,にじいろ保育園金沢文庫,5歳,142.5,29.5,0.0,0.043478260869565216,11.478260869565217,0.021739130434782608,4.830508474576271
南区,めいとく保育園,2歳,142.5,29.5,0.17391304347826086,0.043478260869565216,9.0,0.021739130434782608,4.830508474576271
戸塚区,あけぼの保育園,3歳,142.5,29.5,1.0,0.08695652173913043,13.91304347826087,0.043478260869565216,4.830508474576271
青葉区,しらとり台保育園　青葉台,0歳,142.5,29.5,6.913043478260869,0.043478260869565216,6.913043478260869,0.021739130434782608,4.830508474576271
緑区,すまいる保育園,2歳,142.5,29.5,0.5217391304347826,0.08695652173913043,4.956521739130435,0.02898550724637681,4.830508474576271
緑区,寺山保育園,5歳,142.5,29.5,0.0,0.08695652173913043,22.47826086956522,0.043478260869565216,4.830508474576271
戸塚区,幼保連携型認定こども園　南幼稚園,5歳,142.5,29.5,0.17391304347826086,0.043478260869565216,10.434782608695652,0.021739130434782608,4.830508474576271
戸塚区,幼保連携型認定こども園　ＹＭＣＡ東とつか保育園,2歳,142.5,29.5,1.2608695652173914,0.043478260869565216,18.434782608695652,0.021739130434782608,4.830508474576271
旭区,ポプラ保育園,5歳,142.5,29.5,0.6521739130434783,0.043478260869565216,8.956521739130435,0.021739130434782608,4.830508474576271
都筑区,池辺保育園,3歳,142.5,29.5,0.21739130434782608,0.043478260869565216,14.130434782608695,0.021739130434782608,4.830508474576271
青葉区,美しが丘どろんこ保育園,4歳,142.5,29.5,0.9565217391304348,0.043478260869565216,11.956521739130435,0.021739130434782608,4.830508474576271
南区,小さな足あと保育園,0歳,142.5,29.5,11.826086956521738,0.043478260869565216,5.956521739130435,0.021739130434782608,4.830508474576271
青葉区,青葉ぽかぽか保育室,0歳,142.5,29.5,0.5217391304347826,0.08695652173913043,0.043478260869565216,0.043478260869565216,4.830508474576271
港南区,みなみひの保育園,0歳,142.5,29.5,16.043478260869566,0.043478260869565216,8.91304347826087,0.021739130434782608,4.830508474576271
神奈川区,いずみ反町公園保育園,1歳,142.5,29.5,1.2173913043478262,0.043478260869565216,4.956521739130435,0.021739130434782608,4.830508474576271
瀬谷区,ネストぽぽ,0歳,142.5,29.5,9.782608695652174,0.08695652173913043,2.0,0.02898550724637681,4.830508474576271
緑区,おひさますまいる保育園,5歳,142.5,29.5,0.0,0.043478260869565216,16.434782608695652,0.021739130434782608,4.830508474576271
神奈川区,いずみ東白楽保育園,4歳,142.5,29.5,0.0,0.043478260869565216,14.956521739130435,0.021739130434782608,4.830508474576271
戸塚区,岩崎学園東戸塚保育園,4歳,142.5,29.5,1.0434782608695652,0.08695652173913043,36.82608695652174,0.043478260869565216,4.830508474576271
鶴見区,末吉にこにこ保育園,2歳,142.5,29.5,1.2173913043478262,0.08695652173913043,9.91304347826087,0.043478260869565216,4.830508474576271
鶴見区,末吉にこにこ保育園,5歳,142.5,29.5,0.08695652173913043,0.08695652173913043,11.91304347826087,0.043478260869565216,4.830508474576271
緑区,森の台保育園,2歳,142.5,29.5,1.565217391304348,0.043478260869565216,11.956521739130435,0.021739130434782608,4.830508474576271
磯子区,岡村幼児園,4歳,142.5,29.5,0.13043478260869565,0.043478260869565216,19.869565217391305,0.021739130434782608,4.830508474576271
南区,キューピールームＰ-ｋａｂｏｏ園,0歳,142.5,29.5,1.608695652173913,0.043478260869565216,2.347826086956522,0.021739130434782608,4.830508474576271
中区,ララランド横浜伊勢佐木,1歳,142.5,29.5,3.4782608695652173,0.043478260869565216,13.956521739130435,0.021739130434782608,4.830508474576271
緑区,森の台保育園,3歳,142.5,29.5,1.0869565217391304,0.043478260869565216,15.391304347826088,0.021739130434782608,4.830508474576271
金沢区,金沢白百合幼稚園,1歳,142.5,29.5,5.6521739130434785,0.08695652173913043,11.91304347826087,0.043478260869565216,4.830508474576271
港北区,くっくおさんぽ保育園ふとお,3歳,142.5,29.5,0.0,0.08695652173913043,3.8260869565217392,0.043478260869565216,4.830508474576271
港北区,おおつな森の保育園,2歳,142.5,29.5,0.391304347826087,0.043478260869565216,5.956521739130435,0.021739130434782608,4.830508474576271
中区,スターチャイルド《桜木町ステーションナーサリー》,4歳,142.5,29.5,0.043478260869565216,0.043478260869565216,9.956521739130435,0.021739130434782608,4.830508474576271
緑区,認可保育所どうぞのひろば,2歳,142.5,29.5,1.0869565217391304,0.043478260869565216,10.0,0.021739130434782608,4.830508474576271
戸塚区,丘の上保育園,5歳,142.5,29.5,0.4782608695652174,0.043478260869565216,10.91304347826087,0.021739130434782608,4.830508474576271
磯子区,太陽の子　磯子保育園,2歳,142.5,29.5,2.782608695652174,0.043478260869565216,14.956521739130435,0.021739130434782608,4.830508474576271
鶴見区,東漸保育園,0歳,142.5,29.5,3.0,0.043478260869565216,4.0,0.021739130434782608,4.830508474576271
青葉区,ちぐさのもり保育園,2歳,142.456658786446,29.5,2.3043478260869565,0.08695652173913043,12.91304347826087,0.034604447185390755,4.829039280896475
泉区,領家キッズ保育園,0歳,142.45454545454547,29.5,12.0,0.30434782608695654,3.3043478260869565,0.02924901185770751,4.828967642526965
港北区,横浜市南日吉保育園,2歳,142.41666666666666,29.5,1.9565217391304348,0.08695652173913043,15.826086956521738,0.03333333333333333,4.8276836158192085
磯子区,スターチャイルド≪洋光台六丁目ナーサリー≫,2歳,89.30851063829788,18.5,1.1666666666666667,0.08333333333333333,10.916666666666666,0.03546099290780142,4.827487061529615
緑区,まなびの森　十日市場こども園,2歳,89.30851063829788,18.5,2.3333333333333335,0.08333333333333333,12.0,0.03546099290780142,4.827487061529615
鶴見区,豊岡ひまわり保育園,1歳,142.33998561668466,29.5,4.0,0.08695652173913043,7.826086956521739,0.024545440332692337,4.8250842581927005
神奈川区,保育ルーム　岸根公園前,1歳,142.27941176470588,29.5,2.0,0.08695652173913043,3.347826086956522,0.03452685421994885,4.823030907278166
緑区,小さな保育園　ままのて,1歳,142.26240792794272,29.5,3.5652173913043477,0.13043478260869565,9.91304347826087,0.045544278887454645,4.822454506031956
都筑区,コビープリスクールなかまちだい,2歳,142.22222222222223,29.5,0.8695652173913043,0.08695652173913043,11.73913043478261,0.03784219001610306,4.821092278719398
青葉区,幼保連携型認定こども園青葉台幼稚園,3歳,142.2144456886898,29.5,4.086956521739131,0.13043478260869565,29.91304347826087,0.03680802375967671,4.820828667413214
戸塚区,南戸塚保育園,0歳,142.20211915233907,29.5,11.391304347826088,0.13043478260869565,7.173913043478261,0.035464075239469435,4.820410818723358
鶴見区,ねむの樹　北寺尾保育園,2歳,142.18085106382978,29.5,0.5652173913043478,0.08695652173913043,6.173913043478261,0.03700277520814061,4.819689866570501
戸塚区,丘の上保育園,3歳,142.18085106382978,29.5,0.7391304347826086,0.08695652173913043,11.08695652173913,0.03700277520814061,4.819689866570501
金沢区,聖星保育園,5歳,142.18085106382978,29.5,0.17391304347826086,0.08695652173913043,32.43478260869565,0.03700277520814061,4.819689866570501
神奈川区,ミアヘルサ保育園ひびき羽沢横浜国大,2歳,122.88461538461539,25.5,5.2105263157894735,0.631578947368421,11.31578947368421,0.048582995951417005,4.819004524886878
神奈川区,ミアヘルサ保育園ひびき羽沢横浜国大,1歳,122.88461538461539,25.5,18.68421052631579,0.631578947368421,11.368421052631579,0.048582995951417005,4.819004524886878
保土ケ谷区,認定こども園和田愛児園,0歳,142.15097831835007,29.5,7.260869565217392,0.13043478260869565,9.391304347826088,0.043006920653898335,4.818677231130511
泉区,認定こども園　ＹＭＣＡいずみ,4歳,132.5,27.5,0.045454545454545456,0.09090909090909091,21.818181818181817,0.0303030303030303,4.818181818181818
港北区,アスクみのわ保育園,2歳,142.12108534544586,29.5,4.521739130434782,0.13043478260869565,11.565217391304348,0.0467731709091665,4.817663910015114
青葉区,グローバルキッズ市が尾園,1歳,142.12004662004662,29.5,8.565217391304348,0.21739130434782608,7.0,0.03726901118205466,4.817628698984631
戸塚区,グローバルキッズ戸塚園,0歳,142.1138211382114,29.5,16.17391304347826,0.17391304347826086,5.0,0.034759043242606334,4.817417665702081
緑区,グローバルキッズ十日市場園,2歳,142.1026282853567,29.5,2.130434782608696,0.08695652173913043,10.869565217391305,0.03128911138923655,4.8170382469612445
青葉区,あっぷるキッズ青葉台,1歳,142.09459459459458,29.5,4.565217391304348,0.08695652173913043,9.91304347826087,0.02350176263219741,4.816765918460833
旭区,横浜市今宿保育園,2歳,142.09365190094175,29.5,3.260869565217391,0.08695652173913043,13.782608695652174,0.032756555102288414,4.816733962743788
港北区,日吉夢保育園,1歳,142.08075377430217,29.5,8.521739130434783,0.13043478260869565,23.869565217391305,0.031020820642139017,4.816296738111938
保土ケ谷区,エルアンジュ保育園（分園含む）,0歳,142.05882352941177,29.5,16.434782608695652,0.08695652173913043,8.391304347826088,0.03452685421994885,4.81555333998006
神奈川区,スターチャイルド≪片倉町ナーサリー≫,1歳,142.02788737446198,29.5,6.782608695652174,0.17391304347826086,9.826086956521738,0.04305460254091032,4.814504656761423
神奈川区,アイン高島台保育園,0歳,142.02516865594188,29.5,5.478260869565218,0.08695652173913043,5.913043478260869,0.02910584147469597,4.814412496811589
青葉区,青葉保育園,1歳,142.01542912246865,29.5,2.217391304347826,0.08695652173913043,19.956521739130434,0.027042891283384343,4.8140823431345305
港北区,岩崎学園新横浜保育園,2歳,142.01542912246865,29.5,4.391304347826087,0.08695652173913043,24.91304347826087,0.027042891283384343,4.8140823431345305
神奈川区,横浜大口雲母保育園,5歳,141.94444444444446,29.5,0.34782608695652173,0.08695652173913043,10.869565217391305,0.0322061191626409,4.811676082862524
保土ケ谷区,アミー保育園　三ツ沢園,0歳,141.94444444444446,29.5,16.130434782608695,0.13043478260869565,5.739130434782608,0.024154589371980673,4.811676082862524
南区,横浜市しろばら保育園,1歳,141.89814814814815,29.5,1.826086956521739,0.08695652173913043,9.91304347826087,0.03784219001610306,4.810106716886378
磯子区,横浜ナーサリー,2歳,141.89814814814815,29.5,2.0434782608695654,0.08695652173913043,24.82608695652174,0.03784219001610306,4.810106716886378
港北区,コビープリスクールつなしま,0歳,141.89814814814815,29.5,7.695652173913044,0.08695652173913043,7.913043478260869,0.03784219001610306,4.810106716886378
栄区,横浜市桂台保育園,5歳,141.875,29.5,0.13043478260869565,0.13043478260869565,17.565217391304348,0.03260869565217391,4.809322033898305
保土ケ谷区,アミー保育園　三ツ沢園,5歳,141.875,29.5,0.0,0.13043478260869565,13.434782608695652,0.03260869565217391,4.809322033898305
戸塚区,うみのくに保育園とつか,5歳,141.875,29.5,0.043478260869565216,0.13043478260869565,10.565217391304348,0.03260869565217391,4.809322033898305
戸塚区,おおぞらひまわり保育園,4歳,141.875,29.5,0.08695652173913043,0.13043478260869565,13.565217391304348,0.03260869565217391,4.809322033898305
都筑区,つづきルーテル保育園,1歳,141.87278788790294,29.5,5.0,0.17391304347826086,19.652173913043477,0.04180469548651754,4.809247047047557
青葉区,ミアヘルサ保育園ひびき市が尾,0歳,141.86065573770492,29.5,5.869565217391305,0.13043478260869565,3.130434782608696,0.037443573295319554,4.80883578771881
青葉区,幼保連携型認定こども園青葉台幼稚園,2歳,141.8145226537217,29.5,5.608695652173913,0.13043478260869565,28.391304347826086,0.029094554664415365,4.807271954363447
港北区,小規模保育事業ＭＩＲＡｉｏ新横浜,2歳,141.80851063829786,29.5,0.8260869565217391,0.08695652173913043,10.869565217391305,0.04024051803885291,4.807068157230436
緑区,ハッピーシーズりんご園,2歳,141.80851063829786,29.5,0.34782608695652173,0.08695652173913043,5.956521739130435,0.04024051803885291,4.807068157230436
保土ケ谷区,おれんじハウス星川保育園,1歳,141.80851063829786,29.5,0.8695652173913043,0.08695652173913043,6.260869565217392,0.04024051803885291,4.807068157230436
港北区,日吉こども園,0歳,52.87234042553192,11.0,7.090909090909091,0.09090909090909091,5.909090909090909,0.03868471953578337,4.806576402321084
保土ケ谷区,星川こども園,0歳,52.87234042553192,11.0,8.909090909090908,0.09090909090909091,5.909090909090909,0.03868471953578337,4.806576402321084
緑区,十日市場こども園,2歳,52.87234042553192,11.0,3.1818181818181817,0.09090909090909091,12.909090909090908,0.03868471953578337,4.806576402321084
保土ケ谷区,桜ケ丘保育園,3歳,52.87234042553192,11.0,0.8181818181818182,0.09090909090909091,16.90909090909091,0.03868471953578337,4.806576402321084
金沢区,明徳釜利谷保育園,0歳,141.75,29.5,3.0869565217391304,0.08695652173913043,5.956521739130435,0.03333333333333333,4.805084745762712
緑区,そよかぜ保育園,0歳,141.73503325942352,29.5,18.347826086956523,0.13043478260869565,9.869565217391305,0.030367299720428037,4.804577398624526
神奈川区,ゆうゆうきっず新子安,1歳,141.7249217367633,29.5,12.869565217391305,0.17391304347826086,19.608695652173914,0.029613980269971182,4.804234635144518
金沢区,北六浦いちい保育園,1歳,141.66863672182822,29.5,1.9130434782608696,0.08695652173913043,13.347826086956522,0.034604447185390755,4.8023266685365495
中区,高風保育園,1歳,141.66666666666666,29.5,1.173913043478261,0.13043478260869565,11.869565217391305,0.05072463768115942,4.80225988700565
西区,グリーンポート桜木町保育園,1歳,141.66666666666666,29.5,0.782608695652174,0.13043478260869565,15.782608695652174,0.05072463768115942,4.80225988700565
鶴見区,鶴見なのはな保育園,1歳,141.66666666666666,29.5,0.21739130434782608,0.13043478260869565,4.391304347826087,0.05072463768115942,4.80225988700565
南区,きらり保育園吉野町,3歳,141.66666666666666,29.5,0.782608695652174,0.13043478260869565,7.956521739130435,0.05072463768115942,4.80225988700565
保土ケ谷区,境木保育園,1歳,141.66666666666666,29.5,3.260869565217391,0.13043478260869565,11.826086956521738,0.05072463768115942,4.80225988700565
港北区,にじいろ保育園日吉,3歳,141.66666666666666,29.5,0.34782608695652173,0.13043478260869565,17.608695652173914,0.05072463768115942,4.80225988700565
戸塚区,エミールの森ひばり保育園,0歳,141.63618445177852,29.5,2.608695652173913,0.21739130434782608,1.3478260869565217,0.05098970041931729,4.801226591585713
戸塚区,にじいろ保育園品濃町,1歳,141.62234042553192,29.5,2.652173913043478,0.08695652173913043,11.826086956521738,0.04024051803885291,4.800757302560404
港北区,認定こども園新羽幼稚園（保育所部分）,3歳,141.62234042553192,29.5,0.043478260869565216,0.08695652173913043,2.9565217391304346,0.04024051803885291,4.800757302560404
緑区,みなみ台保育園,4歳,141.62234042553192,29.5,0.6086956521739131,0.08695652173913043,23.869565217391305,0.04024051803885291,4.800757302560404
保土ケ谷区,にじいろ保育園上星川,2歳,141.60533658876875,29.5,2.0434782608695654,0.08695652173913043,9.478260869565217,0.032756555102288414,4.800180901314195
保土ケ谷区,認定こども園　星川ルーナ,3歳,88.79629629629629,18.5,0.4166666666666667,0.08333333333333333,20.0,0.030864197530864196,4.7997997997998
戸塚区,まなびの森　東戸塚こども園,3歳,88.79629629629629,18.5,0.16666666666666666,0.08333333333333333,14.75,0.030864197530864196,4.7997997997998
港南区,アスク上大岡保育園,3歳,141.55172413793105,29.5,0.6956521739130435,0.17391304347826086,10.826086956521738,0.05172413793103448,4.7983635300993575
青葉区,スターチャイルド≪藤が丘ナーサリー≫,2歳,141.5441176470588,29.5,0.782608695652174,0.08695652173913043,9.782608695652174,0.03452685421994885,4.798105682951146
南区,横浜市しろばら保育園,3歳,141.52985074626866,29.5,0.8260869565217391,0.17391304347826086,16.347826086956523,0.05191434133679428,4.797622059195548
旭区,認定こども園　オーセルわかば幼稚園,1歳,141.52985074626866,29.5,0.30434782608695654,0.08695652173913043,3.9130434782608696,0.02595717066839714,4.797622059195548
港南区,チェリーガーデン保育園,3歳,141.52985074626866,29.5,0.6086956521739131,0.08695652173913043,19.869565217391305,0.02595717066839714,4.797622059195548
旭区,認定こども園　オーセルわかば幼稚園,3歳,141.52985074626866,29.5,0.5217391304347826,0.08695652173913043,6.782608695652174,0.02595717066839714,4.797622059195548
都筑区,ナーサリーつづき,5歳,141.52985074626866,29.5,0.043478260869565216,0.08695652173913043,24.08695652173913,0.02595717066839714,4.797622059195548
港北区,ぶれすと綱島二階ほいくえん,1歳,141.52985074626866,29.5,2.391304347826087,0.08695652173913043,8.0,0.02595717066839714,4.797622059195548
緑区,まなびの森　中山こども園,2歳,88.75,18.5,0.0,0.08333333333333333,12.0,0.041666666666666664,4.797297297297297
鶴見区,みんなのいえ東寺尾,0歳,88.75,18.5,4.583333333333333,0.08333333333333333,6.166666666666667,0.041666666666666664,4.797297297297297
戸塚区,まなびの森　ヴィラ東戸塚こども園,1歳,88.75,18.5,2.5,0.08333333333333333,13.916666666666666,0.041666666666666664,4.797297297297297
港北区,アスクバイリンガル保育園ゆめみらい,3歳,88.75,18.5,0.0,0.08333333333333333,18.916666666666668,0.041666666666666664,4.797297297297297
南区,木の花保育園,1歳,141.4853384488901,29.5,4.0,0.13043478260869565,9.08695652173913,0.04211398000643417,4.796113167758986
南区,六ツ川みどり保育園,2歳,141.44353369763206,29.5,5.217391304347826,0.08695652173913043,18.956521739130434,0.030358227079538554,4.79469605754685
港南区,ニコニコ保育園,1歳,141.4154125583809,29.5,7.0,0.08695652173913043,6.521739130434782,0.029105841474695967,4.793742798589183
港北区,ベネッセ　綱島台保育園,0歳,141.39978213507626,29.5,12.08695652173913,0.13043478260869565,5.869565217391305,0.044993842947807144,4.793212953731399
旭区,土と愛　子供の家保育所第２,1歳,141.38888888888889,29.5,3.0,0.13043478260869565,10.434782608695652,0.04508856682769726,4.792843691148776
港南区,めぐみ保育園,1歳,141.31313131313132,29.5,6.739130434782608,0.13043478260869565,10.434782608695652,0.03586590543112282,4.790275637733266
神奈川区,白幡フレール保育園,1歳,141.29098360655738,29.5,5.608695652173913,0.08695652173913043,15.956521739130435,0.03599429793300071,4.789524868018894
港北区,横浜市港北保育園,2歳,141.29098360655738,29.5,3.0434782608695654,0.08695652173913043,18.956521739130434,0.03599429793300071,4.789524868018894
西区,マイ・ハート紅葉ヶ丘保育園,0歳,141.29098360655738,29.5,7.3478260869565215,0.08695652173913043,2.9130434782608696,0.03599429793300071,4.789524868018894
磯子区,根岸すみれ保育園,1歳,141.28086419753086,29.5,2.260869565217391,0.13043478260869565,9.08695652173913,0.043209876543209874,4.789181837204436
中区,うみの風保育園,1歳,141.25,29.5,0.6956521739130435,0.08695652173913043,7.913043478260869,0.043478260869565216,4.788135593220339
旭区,あさひすまいる保育園,0歳,141.25,29.5,3.391304347826087,0.08695652173913043,2.869565217391304,0.043478260869565216,4.788135593220339
港南区,日野保育園,3歳,141.25,29.5,0.13043478260869565,0.08695652173913043,13.91304347826087,0.043478260869565216,4.788135593220339
港北区,菊名愛児園,1歳,141.25,29.5,0.782608695652174,0.17391304347826086,7.434782608695652,0.05434782608695652,4.788135593220339
泉区,ＧＥＮＫＩＤＳいずみ中央保育園,4歳,141.25,29.5,0.0,0.08695652173913043,9.91304347826087,0.043478260869565216,4.788135593220339
鶴見区,市場ポケット保育園,1歳,141.25,29.5,0.782608695652174,0.08695652173913043,7.782608695652174,0.043478260869565216,4.788135593220339
旭区,三ツ境たんぽぽ保育園,0歳,141.25,29.5,7.608695652173913,0.08695652173913043,4.913043478260869,0.043478260869565216,4.788135593220339
泉区,横浜ルンビニー保育園,3歳,141.25,29.5,0.43478260869565216,0.17391304347826086,19.565217391304348,0.05434782608695652,4.788135593220339
保土ケ谷区,プチアンジュ保育園,1歳,141.25,29.5,0.782608695652174,0.08695652173913043,15.826086956521738,0.043478260869565216,4.788135593220339
南区,中村愛児園,3歳,141.25,29.5,0.5217391304347826,0.17391304347826086,17.17391304347826,0.05434782608695652,4.788135593220339
戸塚区,東戸塚わかば保育園,2歳,141.25,29.5,0.0,0.08695652173913043,8.521739130434783,0.043478260869565216,4.788135593220339
金沢区,とみおかスマイル保育園,3歳,141.17053620784964,29.5,1.1304347826086956,0.13043478260869565,11.0,0.04206023024971759,4.785441905350835
磯子区,横浜おひさま保育園,1歳,141.16666666666666,29.5,3.6956521739130435,0.08695652173913043,11.91304347826087,0.03333333333333333,4.785310734463277
磯子区,横浜市東滝頭保育園,0歳,141.16666666666666,29.5,13.0,0.08695652173913043,8.91304347826087,0.03333333333333333,4.785310734463277
港南区,めぐみ保育園,2歳,141.16666666666666,29.5,1.608695652173913,0.13043478260869565,10.869565217391305,0.04057971014492754,4.785310734463277
神奈川区,ゆうゆうきっず横浜,1歳,141.14973262032086,29.5,4.130434782608695,0.17391304347826086,23.08695652173913,0.04533829342013485,4.784736698993927
栄区,ニチイキッズさくら本郷台保育園,4歳,141.11702127659575,29.5,1.2608695652173914,0.08695652173913043,13.521739130434783,0.03700277520814061,4.783627839884602
神奈川区,おれんじハウス横浜駅前保育園,1歳,141.11702127659575,29.5,1.2173913043478262,0.13043478260869565,4.565217391304348,0.05550416281221092,4.783627839884602
神奈川区,ＹＭＣＡ東かながわ保育園,3歳,141.11702127659575,29.5,0.8260869565217391,0.08695652173913043,12.869565217391305,0.03700277520814061,4.783627839884602
緑区,おひさますまいる保育園,4歳,141.11702127659575,29.5,0.782608695652174,0.08695652173913043,16.217391304347824,0.03700277520814061,4.783627839884602
旭区,横濱あんじゅ保育園,2歳,141.11702127659575,29.5,3.130434782608696,0.13043478260869565,14.869565217391305,0.05550416281221092,4.783627839884602
都筑区,アスク北山田保育園,2歳,141.11702127659575,29.5,0.7391304347826086,0.08695652173913043,14.478260869565217,0.03700277520814061,4.783627839884602
神奈川区,太陽の子　新子安保育園,1歳,141.11702127659575,29.5,1.434782608695652,0.08695652173913043,5.913043478260869,0.03700277520814061,4.783627839884602
泉区,認定こども園　明成幼稚園,0歳,141.11702127659575,29.5,2.652173913043478,0.13043478260869565,2.869565217391304,0.05550416281221092,4.783627839884602
都筑区,エクレスすみれ保育園,1歳,141.11702127659575,29.5,3.5652173913043477,0.08695652173913043,19.91304347826087,0.03700277520814061,4.783627839884602
旭区,コナミスポーツ保育園　希望が丘,0歳,141.11702127659575,29.5,10.869565217391305,0.13043478260869565,1.826086956521739,0.05550416281221092,4.783627839884602
港北区,横浜りとるぱんぷきんず(保育所部分),3歳,141.11702127659575,29.5,1.0869565217391304,0.13043478260869565,20.391304347826086,0.05550416281221092,4.783627839884602
港北区,日吉夢保育園,2歳,141.11137897782064,29.5,3.0434782608695654,0.13043478260869565,23.52173913043478,0.041298058781602455,4.783436575519343
港北区,ピッコロ・グランデ新横浜,1歳,141.05989956958393,29.5,3.130434782608696,0.13043478260869565,6.608695652173913,0.045131308090574515,4.781691510833354
泉区,中田いちご保育園,1歳,141.02941176470588,29.5,3.0869565217391304,0.08695652173913043,4.913043478260869,0.03452685421994885,4.780658025922233
戸塚区,おんぷ保育園,2歳,141.02941176470588,29.5,1.6521739130434783,0.13043478260869565,9.652173913043478,0.05626598465473146,4.780658025922233
青葉区,京進のほいくえんＨＯＰＰＡたまプラーザ,1歳,141.01851851851853,29.5,2.260869565217391,0.08695652173913043,11.0,0.0322061191626409,4.780288763339612
保土ケ谷区,横浜市岩井保育園,1歳,140.97517730496455,29.5,0.6086956521739131,0.13043478260869565,14.869565217391305,0.04748689485044712,4.778819569659815
港北区,グローバルキッズ菊名園,0歳,140.97517730496455,29.5,5.391304347826087,0.13043478260869565,8.869565217391305,0.04748689485044712,4.778819569659815
港北区,グローバルキッズ日吉園,0歳,140.97222222222223,29.5,7.739130434782608,0.08695652173913043,8.869565217391305,0.03784219001610306,4.778719397363465
都筑区,よこはま・もあな保育園,1歳,140.97222222222223,29.5,1.3043478260869565,0.08695652173913043,8.565217391304348,0.03784219001610306,4.778719397363465
金沢区,明日葉保育園金沢文庫園,2歳,140.97222222222223,29.5,2.130434782608696,0.08695652173913043,10.782608695652174,0.03784219001610306,4.778719397363465
神奈川区,浦島保育園,0歳,140.94955642665568,29.5,8.956521739130435,0.13043478260869565,0.8260869565217391,0.030139665055031798,4.777951065310362
栄区,横浜市桂台保育園,3歳,140.94594594594594,29.5,0.9130434782608695,0.13043478260869565,17.47826086956522,0.045240893066980016,4.777828676133761
神奈川区,うちゅうこども園たんまち,0歳,140.94594594594594,29.5,7.869565217391305,0.13043478260869565,10.304347826086957,0.045240893066980016,4.777828676133761
港北区,下田みんなの保育園,2歳,140.9375,29.5,0.0,0.30434782608695654,7.0,0.03804347826086957,4.7775423728813555
緑区,ひまわり中山駅前保育園,1歳,140.9016393442623,29.5,2.652173913043478,0.13043478260869565,9.565217391304348,0.05024946543121882,4.77632675743262
港北区,マーマしのはら保育園,1歳,140.89941972920695,29.5,4.304347826086956,0.13043478260869565,27.869565217391305,0.03826423345387268,4.7762515162443036
港北区,横浜市菊名保育園,1歳,140.87234042553192,29.5,2.652173913043478,0.13043478260869565,11.826086956521738,0.05183472093740364,4.7753335737468445
鶴見区,わおわお江ヶ崎保育園,3歳,140.83333333333334,29.5,0.0,0.08695652173913043,12.956521739130435,0.02898550724637681,4.7740112994350286
中区,うみの風保育園,0歳,140.83333333333334,29.5,3.391304347826087,0.08695652173913043,2.9130434782608696,0.02898550724637681,4.7740112994350286
緑区,ハッピーシーズくるみ園,1歳,140.83333333333334,29.5,1.7826086956521738,0.08695652173913043,5.913043478260869,0.02898550724637681,4.7740112994350286
緑区,シャルール保育園,3歳,140.83333333333334,29.5,0.0,0.08695652173913043,10.91304347826087,0.02898550724637681,4.7740112994350286
泉区,苗場保育園,2歳,140.83333333333334,29.5,2.652173913043478,0.08695652173913043,11.608695652173912,0.02898550724637681,4.7740112994350286
中区,すいとぴー保育園,0歳,140.83333333333334,29.5,4.0,0.08695652173913043,4.913043478260869,0.02898550724637681,4.7740112994350286
緑区,スターチャイルド≪長津田ナーサリー≫,5歳,140.83333333333334,29.5,0.0,0.08695652173913043,11.91304347826087,0.02898550724637681,4.7740112994350286
戸塚区,にじいろ保育園東戸塚,2歳,140.83333333333334,29.5,1.1304347826086956,0.08695652173913043,9.434782608695652,0.02898550724637681,4.7740112994350286
港北区,ウッズ保育園,3歳,140.83333333333334,29.5,0.13043478260869565,0.08695652173913043,12.521739130434783,0.02898550724637681,4.7740112994350286
港北区,preschool ALICE Clover,2歳,140.83333333333334,29.5,0.0,0.08695652173913043,7.956521739130435,0.02898550724637681,4.7740112994350286
港北区,preschool ALICE Clover,1歳,140.83333333333334,29.5,1.565217391304348,0.08695652173913043,7.869565217391305,0.02898550724637681,4.7740112994350286
保土ケ谷区,保土ケ谷保育園,3歳,140.83333333333334,29.5,0.17391304347826086,0.08695652173913043,23.91304347826087,0.02898550724637681,4.7740112994350286
青葉区,パレット保育園・たまプラーザ,4歳,140.83333333333334,29.5,0.0,0.08695652173913043,8.304347826086957,0.02898550724637681,4.7740112994350286
神奈川区,アイン高島台保育園,3歳,140.83333333333334,29.5,0.0,0.08695652173913043,11.869565217391305,0.02898550724637681,4.7740112994350286
旭区,太陽の子　さちが丘保育園,5歳,140.83333333333334,29.5,0.08695652173913043,0.08695652173913043,13.91304347826087,0.02898550724637681,4.7740112994350286
鶴見区,三色えのぐの保育園,2歳,140.83333333333334,29.5,0.21739130434782608,0.08695652173913043,4.782608695652174,0.02898550724637681,4.7740112994350286
保土ケ谷区,にじいろ保育園和田町,0歳,140.83333333333334,29.5,5.6521739130434785,0.08695652173913043,2.9130434782608696,0.02898550724637681,4.7740112994350286
旭区,旭あじさい保育園,5歳,140.83333333333334,29.5,0.0,0.08695652173913043,17.91304347826087,0.02898550724637681,4.7740112994350286
保土ケ谷区,合歓の木保育園,0歳,140.83333333333334,29.5,4.434782608695652,0.08695652173913043,7.826086956521739,0.02898550724637681,4.7740112994350286
港北区,パレット保育園・妙蓮寺,3歳,140.83333333333334,29.5,0.4782608695652174,0.08695652173913043,12.391304347826088,0.02898550724637681,4.7740112994350286
西区,トキワ保育園,3歳,140.83333333333334,29.5,0.13043478260869565,0.08695652173913043,11.91304347826087,0.02898550724637681,4.7740112994350286
都筑区,つくし保育園　センター南,2歳,140.83333333333334,29.5,2.130434782608696,0.08695652173913043,12.91304347826087,0.02898550724637681,4.7740112994350286
都筑区,つくし保育園　センター南,3歳,140.83333333333334,29.5,0.5217391304347826,0.08695652173913043,16.304347826086957,0.02898550724637681,4.7740112994350286
保土ケ谷区,おれんじハウス星川保育園,0歳,140.83333333333334,29.5,2.4347826086956523,0.17391304347826086,2.3043478260869565,0.05797101449275362,4.7740112994350286
都筑区,アスクセンター南保育園,0歳,140.83333333333334,29.5,5.608695652173913,0.08695652173913043,8.173913043478262,0.02898550724637681,4.7740112994350286
鶴見区,みつばち保育園,3歳,140.83333333333334,29.5,0.30434782608695654,0.08695652173913043,15.869565217391305,0.02898550724637681,4.7740112994350286
神奈川区,コビープリスクールかたくら,3歳,140.83333333333334,29.5,0.8695652173913043,0.08695652173913043,11.91304347826087,0.02898550724637681,4.7740112994350286
金沢区,横浜市南六浦保育園,3歳,140.83333333333334,29.5,1.6956521739130435,0.08695652173913043,24.91304347826087,0.02898550724637681,4.7740112994350286
戸塚区,ベイキッズひまわり保育園,2歳,140.83333333333334,29.5,1.0,0.08695652173913043,3.9130434782608696,0.02898550724637681,4.7740112994350286
金沢区,横浜市南六浦保育園,0歳,140.83333333333334,29.5,12.565217391304348,0.08695652173913043,11.304347826086957,0.02898550724637681,4.7740112994350286
港北区,木下の保育園　綱島東,5歳,140.83333333333334,29.5,0.0,0.08695652173913043,14.956521739130435,0.02898550724637681,4.7740112994350286
泉区,小学館アカデミーりょくえんとし保育園,4歳,140.83333333333334,29.5,0.6521739130434783,0.08695652173913043,12.91304347826087,0.02898550724637681,4.7740112994350286
金沢区,聖星保育園,3歳,140.83333333333334,29.5,0.0,0.08695652173913043,28.434782608695652,0.02898550724637681,4.7740112994350286
戸塚区,スターチャイルド≪戸塚ナーサリー≫,3歳,140.83333333333334,29.5,0.2608695652173913,0.08695652173913043,12.826086956521738,0.02898550724637681,4.7740112994350286
旭区,中希望が丘保育園,0歳,140.83333333333334,29.5,18.26086956521739,0.08695652173913043,11.91304347826087,0.02898550724637681,4.7740112994350286
都筑区,ブライト保育園横浜佐江戸,0歳,140.83333333333334,29.5,5.869565217391305,0.08695652173913043,3.869565217391304,0.02898550724637681,4.7740112994350286
都筑区,ブライト保育園横浜佐江戸,5歳,140.83333333333334,29.5,0.0,0.08695652173913043,11.434782608695652,0.02898550724637681,4.7740112994350286
保土ケ谷区,若葉保育園（分園含む）,5歳,140.83333333333334,29.5,0.0,0.08695652173913043,12.391304347826088,0.02898550724637681,4.7740112994350286
青葉区,グローバルキッズたまプラーザ保育園,1歳,140.83333333333334,29.5,2.608695652173913,0.08695652173913043,9.91304347826087,0.02898550724637681,4.7740112994350286
都筑区,パレット保育園・牛久保西,3歳,140.83333333333334,29.5,0.782608695652174,0.08695652173913043,13.434782608695652,0.02898550724637681,4.7740112994350286
港北区,日吉みんなの保育園,5歳,140.83333333333334,29.5,0.391304347826087,0.08695652173913043,9.91304347826087,0.02898550724637681,4.7740112994350286
磯子区,ベイキッズなのはな保育園,2歳,140.83333333333334,29.5,0.34782608695652173,0.08695652173913043,7.217391304347826,0.02898550724637681,4.7740112994350286
磯子区,ヨコハマみらい保育園,3歳,140.83333333333334,29.5,1.1304347826086956,0.08695652173913043,14.478260869565217,0.02898550724637681,4.7740112994350286
緑区,横浜市鴨居保育園,5歳,140.83333333333334,29.5,0.0,0.08695652173913043,28.434782608695652,0.02898550724637681,4.7740112994350286
鶴見区,木下の保育園　江ヶ崎,2歳,140.83333333333334,29.5,1.173913043478261,0.08695652173913043,8.826086956521738,0.02898550724637681,4.7740112994350286
港北区,ベネッセ　新横浜保育園,5歳,140.83333333333334,29.5,0.0,0.08695652173913043,11.91304347826087,0.02898550724637681,4.7740112994350286
中区,ポピンズナーサリースクール馬車道,4歳,140.83333333333334,29.5,0.4782608695652174,0.17391304347826086,8.043478260869565,0.05797101449275362,4.7740112994350286
戸塚区,小雀みどり保育園,3歳,140.83333333333334,29.5,0.0,0.08695652173913043,12.08695652173913,0.02898550724637681,4.7740112994350286
保土ケ谷区,西谷保育園,3歳,140.83333333333334,29.5,1.7826086956521738,0.08695652173913043,35.130434782608695,0.02898550724637681,4.7740112994350286
神奈川区,きゃんばす子安台保育園,2歳,140.83333333333334,29.5,1.1304347826086956,0.08695652173913043,9.826086956521738,0.02898550724637681,4.7740112994350286
港北区,尚花愛児園,0歳,140.83333333333334,29.5,18.26086956521739,0.17391304347826086,13.826086956521738,0.05797101449275362,4.7740112994350286
旭区,ポプラ保育園,0歳,140.83333333333334,29.5,17.26086956521739,0.08695652173913043,5.913043478260869,0.02898550724637681,4.7740112994350286
港北区,ペガサス夜間保育園,2歳,140.83333333333334,29.5,0.0,0.08695652173913043,3.869565217391304,0.02898550724637681,4.7740112994350286
南区,キッズパートナー弘明寺,5歳,140.83333333333334,29.5,0.043478260869565216,0.08695652173913043,9.91304347826087,0.02898550724637681,4.7740112994350286
旭区,ポプラ第二保育園,3歳,140.83333333333334,29.5,1.0434782608695652,0.08695652173913043,9.73913043478261,0.02898550724637681,4.7740112994350286
神奈川区,Yokohama Front Mutsumi Nursery,0歳,140.83333333333334,29.5,8.652173913043478,0.08695652173913043,4.913043478260869,0.02898550724637681,4.7740112994350286
港北区,太陽の子　日吉保育園,3歳,140.83333333333334,29.5,0.08695652173913043,0.08695652173913043,9.91304347826087,0.02898550724637681,4.7740112994350286
港北区,マイ・ハート綱島東保育園,4歳,140.83333333333334,29.5,0.0,0.08695652173913043,10.91304347826087,0.02898550724637681,4.7740112994350286
旭区,グローバルキッズ白根保育園,5歳,140.83333333333334,29.5,0.0,0.08695652173913043,10.91304347826087,0.02898550724637681,4.7740112994350286
緑区,にじいろ保育園鴨居,3歳,140.83333333333334,29.5,0.043478260869565216,0.08695652173913043,13.869565217391305,0.02898550724637681,4.7740112994350286
港北区,クレシュ新横浜,0歳,140.83333333333334,29.5,9.130434782608695,0.17391304347826086,7.826086956521739,0.05797101449275362,4.7740112994350286
緑区,寺山保育園,4歳,140.83333333333334,29.5,0.08695652173913043,0.17391304347826086,22.304347826086957,0.05797101449275362,4.7740112994350286
港北区,たかた保育園,0歳,140.83333333333334,29.5,4.565217391304348,0.17391304347826086,3.8260869565217392,0.05797101449275362,4.7740112994350286
港北区,さくらんぼ保育園,5歳,140.83333333333334,29.5,0.34782608695652173,0.08695652173913043,0.43478260869565216,0.02898550724637681,4.7740112994350286
鶴見区,馬場どろんこ保育園,2歳,140.83333333333334,29.5,1.826086956521739,0.08695652173913043,12.0,0.02898550724637681,4.7740112994350286
鶴見区,駒岡保育園,0歳,140.83333333333334,29.5,9.73913043478261,0.08695652173913043,2.9130434782608696,0.02898550724637681,4.7740112994350286
旭区,コナミスポーツ保育園　希望が丘,5歳,140.83333333333334,29.5,0.043478260869565216,0.08695652173913043,5.130434782608695,0.02898550724637681,4.7740112994350286
港北区,しんよしだこども園（保育所部分）,4歳,140.83333333333334,29.5,0.0,0.08695652173913043,33.34782608695652,0.02898550724637681,4.7740112994350286
旭区,ちとせ保育園,0歳,140.83333333333334,29.5,8.08695652173913,0.08695652173913043,8.782608695652174,0.02898550724637681,4.7740112994350286
港北区,下田みんなの保育園,3歳,140.83333333333334,29.5,0.043478260869565216,0.08695652173913043,9.91304347826087,0.02898550724637681,4.7740112994350286
緑区,ハッピーシーズ保育園,1歳,140.83333333333334,29.5,1.9565217391304348,0.08695652173913043,5.913043478260869,0.02898550724637681,4.7740112994350286
緑区,パレット保育園・長津田,4歳,140.83333333333334,29.5,0.043478260869565216,0.08695652173913043,8.869565217391305,0.02898550724637681,4.7740112994350286
港南区,ＣＯＳＭＯＳ保育園,2歳,140.83333333333334,29.5,0.7391304347826086,0.08695652173913043,11.91304347826087,0.02898550724637681,4.7740112994350286
青葉区,にじいろ保育園青葉台,2歳,140.80882352941177,29.5,0.9130434782608695,0.08695652173913043,12.695652173913043,0.03452685421994885,4.773180458624128
保土ケ谷区,星川こども園,4歳,52.5,11.0,0.0,0.09090909090909091,23.0,0.045454545454545456,4.7727272727272725
保土ケ谷区,星川こども園,5歳,52.5,11.0,0.0,0.09090909090909091,22.0,0.045454545454545456,4.7727272727272725
都筑区,鴨居北こども園,3歳,52.5,11.0,0.6363636363636364,0.09090909090909091,25.727272727272727,0.045454545454545456,4.7727272727272725
緑区,中山こども園,3歳,52.5,11.0,1.2727272727272727,0.09090909090909091,12.909090909090908,0.045454545454545456,4.7727272727272725
保土ケ谷区,森のルーナ保育園,5歳,52.5,11.0,0.0,0.09090909090909091,13.636363636363637,0.045454545454545456,4.7727272727272725
都筑区,中川こども園,3歳,52.5,11.0,0.45454545454545453,0.09090909090909091,17.90909090909091,0.045454545454545456,4.7727272727272725
港北区,日吉こども園,4歳,52.5,11.0,0.0,0.09090909090909091,13.636363636363637,0.045454545454545456,4.7727272727272725
緑区,鴨居こども園,3歳,52.5,11.0,0.18181818181818182,0.09090909090909091,19.90909090909091,0.045454545454545456,4.7727272727272725
青葉区,オルタスそらいろ,2歳,140.7856644576212,29.5,2.3043478260869565,0.13043478260869565,11.652173913043478,0.051257942706358715,4.772395405343092
緑区,太陽の子　長津田北保育園,0歳,140.74468085106383,29.5,8.608695652173912,0.08695652173913043,5.913043478260869,0.04024051803885291,4.771006130544537
保土ケ谷区,若葉保育園（分園含む）,0歳,140.74468085106383,29.5,4.304347826086956,0.13043478260869565,4.173913043478261,0.05874190564292321,4.771006130544537
泉区,領家キッズ保育園,4歳,140.74468085106383,29.5,1.391304347826087,0.13043478260869565,19.347826086956523,0.05874190564292321,4.771006130544537
保土ケ谷区,認定こども園　星川ルーナ,4歳,88.24468085106383,18.5,1.0,0.08333333333333333,19.916666666666668,0.03546099290780142,4.769982748706153
保土ケ谷区,認定こども園　星川ルーナ,5歳,88.24468085106383,18.5,0.16666666666666666,0.08333333333333333,20.916666666666668,0.03546099290780142,4.769982748706153
保土ケ谷区,まなびの森　星川こども園,4歳,88.24468085106383,18.5,0.08333333333333333,0.08333333333333333,21.0,0.03546099290780142,4.769982748706153
保土ケ谷区,認定こども園　りとるルーナ,4歳,88.24468085106383,18.5,1.8333333333333333,0.08333333333333333,11.833333333333334,0.03546099290780142,4.769982748706153
磯子区,みらいつばさ新杉田保育園,1歳,140.67073170731706,29.5,5.478260869565218,0.08695652173913043,3.9130434782608696,0.03234358430540827,4.768499379909053
緑区,みなみ台保育園,2歳,140.64814814814815,29.5,1.0,0.13043478260869565,23.91304347826087,0.05958132045088566,4.7677338355304455
港北区,スターチャイルド≪綱島ナーサリー≫,2歳,140.64814814814815,29.5,1.5217391304347827,0.08695652173913043,10.0,0.03784219001610306,4.7677338355304455
保土ケ谷区,川島保育園,1歳,52.43589743589744,11.0,7.909090909090909,0.36363636363636365,12.545454545454545,0.046620046620046623,4.766899766899767
戸塚区,ことは保育園,2歳,140.60480693459417,29.5,0.8260869565217391,0.08695652173913043,19.869565217391305,0.034604447185390755,4.76626464185065
中区,アスク本牧保育園,1歳,140.60344827586206,29.5,6.739130434782608,0.13043478260869565,9.0,0.029985007496251877,4.766218585622443
戸塚区,幼保連携型認定こども園　南幼稚園,4歳,140.55851063829786,29.5,0.4782608695652174,0.08695652173913043,10.956521739130435,0.04024051803885291,4.764695275874503
神奈川区,ＧＥＮＫＩＤＳバイリンガル保育園新子安,4歳,140.55851063829786,29.5,0.043478260869565216,0.08695652173913043,12.0,0.04024051803885291,4.764695275874503
緑区,キッズフォレ長津田,2歳,140.55851063829786,29.5,2.0434782608695654,0.08695652173913043,19.869565217391305,0.04024051803885291,4.764695275874503
金沢区,とみおかスマイル保育園,0歳,140.55851063829786,29.5,7.434782608695652,0.08695652173913043,7.913043478260869,0.04024051803885291,4.764695275874503
戸塚区,あおぞらみらい保育園,1歳,140.55851063829786,29.5,4.782608695652174,0.08695652173913043,9.478260869565217,0.04024051803885291,4.764695275874503
都筑区,中川小桜愛児園,5歳,140.55851063829786,29.5,0.08695652173913043,0.08695652173913043,20.782608695652176,0.04024051803885291,4.764695275874503
港南区,港南台保育センター,3歳,140.55851063829786,29.5,0.5217391304347826,0.08695652173913043,10.434782608695652,0.04024051803885291,4.764695275874503
港北区,港北コスモス保育園,2歳,140.46690307328606,29.5,1.8695652173913044,0.08695652173913043,9.91304347826087,0.034604447185390755,4.761589934687663
青葉区,アスク藤が丘保育園,2歳,140.46690307328606,29.5,1.608695652173913,0.13043478260869565,7.782608695652174,0.053105834789461064,4.761589934687663
戸塚区,アスノスひらと保育園東戸塚,0歳,140.46087131908027,29.5,3.347826086956522,0.17391304347826086,0.0,0.049458933300594546,4.761385468443399
都筑区,ＫＩＤＳＦＯＲＥ　ＡＣＡＤＥＭＹ,1歳,140.45430763864667,29.5,4.608695652173913,0.13043478260869565,18.82608695652174,0.04701172260050651,4.761162970801582
青葉区,つどいの森もみの木こども園,0歳,140.37234042553192,29.5,5.304347826086956,0.13043478260869565,5.826086956521739,0.06197964847363552,4.758384421204472
戸塚区,幼保連携型認定こども園　ＹＭＣＡ東とつか保育園,3歳,140.37234042553192,29.5,0.391304347826087,0.13043478260869565,19.695652173913043,0.06197964847363552,4.758384421204472
港北区,アスク大倉山保育園,2歳,140.37234042553192,29.5,0.7391304347826086,0.13043478260869565,15.956521739130435,0.06197964847363552,4.758384421204472
港北区,めぐみ保育園,2歳,140.37234042553192,29.5,0.13043478260869565,0.13043478260869565,14.91304347826087,0.06197964847363552,4.758384421204472
旭区,太陽の子　さちが丘保育園,3歳,140.37234042553192,29.5,0.2608695652173913,0.08695652173913043,13.91304347826087,0.04024051803885291,4.758384421204472
神奈川区,反町ひかり保育園,1歳,140.37234042553192,29.5,0.4782608695652174,0.13043478260869565,7.869565217391305,0.06197964847363552,4.758384421204472
港北区,ブライト保育園横浜綱島,2歳,140.37234042553192,29.5,1.0869565217391304,0.08695652173913043,9.869565217391305,0.04024051803885291,4.758384421204472
泉区,立場エンゼル保育園,2歳,140.37234042553192,29.5,4.521739130434782,0.13043478260869565,9.869565217391305,0.06197964847363552,4.758384421204472
港北区,日吉ちとせ保育園,5歳,140.37234042553192,29.5,0.391304347826087,0.13043478260869565,13.869565217391305,0.06197964847363552,4.758384421204472
緑区,やまゆり中山保育園,3歳,140.37234042553192,29.5,1.6956521739130435,0.08695652173913043,19.52173913043478,0.04024051803885291,4.758384421204472
磯子区,汐見台第二愛育園,0歳,140.37234042553192,29.5,2.130434782608696,0.13043478260869565,4.304347826086956,0.06197964847363552,4.758384421204472
保土ケ谷区,ベネッセ　保土ケ谷保育園,2歳,140.37234042553192,29.5,0.30434782608695654,0.08695652173913043,10.869565217391305,0.04024051803885291,4.758384421204472
港北区,小学館アカデミーつなしま保育園,1歳,140.37234042553192,29.5,2.5217391304347827,0.13043478260869565,7.869565217391305,0.06197964847363552,4.758384421204472
中区,ララランド横浜伊勢佐木,4歳,140.37234042553192,29.5,1.0434782608695652,0.08695652173913043,16.0,0.04024051803885291,4.758384421204472
神奈川区,いずみ東白楽保育園,1歳,140.37234042553192,29.5,1.565217391304348,0.13043478260869565,11.304347826086957,0.06197964847363552,4.758384421204472
緑区,認定こども園　横浜あすか幼稚園,5歳,140.37234042553192,29.5,0.4782608695652174,0.08695652173913043,6.913043478260869,0.04024051803885291,4.758384421204472
青葉区,にじいろ保育園青葉台,0歳,140.3351012536162,29.5,9.521739130434783,0.13043478260869565,5.826086956521739,0.04878202171816695,4.757122076393769
保土ケ谷区,アスク和田町保育園,2歳,140.32899921197793,29.5,1.565217391304348,0.13043478260869565,11.347826086956522,0.053105834789461064,4.756915227524676
鶴見区,鶴見ルーナ保育園,0歳,140.2941176470588,29.5,2.9130434782608696,0.08695652173913043,4.956521739130435,0.03452685421994885,4.755732801595214
鶴見区,北寺尾第二むつみ保育園,2歳,140.2941176470588,29.5,2.608695652173913,0.08695652173913043,10.826086956521738,0.03452685421994885,4.755732801595214
港北区,Gakkenほいくえん日吉本町,0歳,140.25960622419817,29.5,13.434782608695652,0.17391304347826086,8.826086956521738,0.06295994587653775,4.754562922854175
港南区,芹が谷ぴよっこ保育園,0歳,140.25880388585307,29.5,6.6521739130434785,0.13043478260869565,6.608695652173913,0.052097357514321166,4.754535724944172
鶴見区,フェアリーテイルつばさ,0歳,140.16666666666666,29.5,1.8695652173913044,0.2608695652173913,1.9565217391304348,0.063768115942029,4.751412429378531
泉区,ふたば保育園,2歳,140.13474835347463,29.5,3.347826086956522,0.13043478260869565,21.91304347826087,0.045544278887454645,4.750330452660157
南区,まなびの森　プチ・ナーサリー弘明寺,5歳,80.74468085106383,17.0,0.2727272727272727,0.09090909090909091,5.363636363636363,0.03868471953578337,4.749687108886108
栄区,いいじまルーテル保育園,2歳,140.09259259259258,29.5,2.5652173913043477,0.13043478260869565,10.826086956521738,0.04830917874396135,4.748901443816698
戸塚区,アップルミントとつか保育園,1歳,87.8351012536162,18.5,3.0,0.16666666666666666,7.083333333333333,0.051832208293153326,4.747843311006281
南区,南愛児園,2歳,140.0462962962963,29.5,1.6521739130434783,0.08695652173913043,11.869565217391305,0.03784219001610306,4.747332077840553
戸塚区,おんぷ保育園,1歳,140.04098360655738,29.5,6.173913043478261,0.08695652173913043,10.043478260869565,0.03599429793300071,4.747151986662962
南区,三春台保育園,1歳,140.04098360655738,29.5,3.5217391304347827,0.08695652173913043,11.869565217391305,0.03599429793300071,4.747151986662962
港南区,風の丘・上大岡東保育園,3歳,140.04098360655738,29.5,1.0,0.08695652173913043,18.91304347826087,0.03599429793300071,4.747151986662962
鶴見区,總持寺本町通保育園,1歳,140.02336448598132,29.5,1.3478260869565217,0.34782608695652173,20.08695652173913,0.0650142218610321,4.746554728338349
磯子区,つくしんぼ保育園,1歳,140.02336448598132,29.5,2.347826086956522,0.17391304347826086,8.782608695652174,0.03250711093051605,4.746554728338349
戸塚区,にじいろ保育園戸塚,5歳,140.0,29.5,0.0,0.08695652173913043,14.91304347826087,0.043478260869565216,4.745762711864407
旭区,ちとせ保育園,3歳,140.0,29.5,0.5652173913043478,0.13043478260869565,33.43478260869565,0.06521739130434782,4.745762711864407
旭区,土と愛　子供の家保育所,4歳,140.0,29.5,0.391304347826087,0.08695652173913043,14.869565217391305,0.043478260869565216,4.745762711864407
都筑区,なかまちっこ　じゃんぷ園,1歳,140.0,29.5,0.43478260869565216,0.08695652173913043,11.91304347826087,0.043478260869565216,4.745762711864407
緑区,グローバルキッズ十日市場園,0歳,140.0,29.5,3.8260869565217392,0.13043478260869565,3.8260869565217392,0.03260869565217391,4.745762711864407
金沢区,スターチャイルド≪金沢文庫ナーサリー≫,3歳,140.0,29.5,0.043478260869565216,0.13043478260869565,11.869565217391305,0.03260869565217391,4.745762711864407
鶴見区,鶴見乳幼児福祉センター保育園,2歳,140.0,29.5,0.13043478260869565,0.13043478260869565,19.82608695652174,0.06521739130434782,4.745762711864407
港北区,ばばほいくしつ綱島,1歳,140.0,29.5,0.30434782608695654,0.08695652173913043,9.26086956521739,0.043478260869565216,4.745762711864407
鶴見区,鶴見ルーナ保育園,3歳,140.0,29.5,0.043478260869565216,0.13043478260869565,19.869565217391305,0.06521739130434782,4.745762711864407
緑区,キッズフォレ長津田,5歳,140.0,29.5,0.4782608695652174,0.08695652173913043,18.82608695652174,0.043478260869565216,4.745762711864407
磯子区,東滝頭保育園　分園,2歳,140.0,29.5,0.8695652173913043,0.08695652173913043,11.869565217391305,0.043478260869565216,4.745762711864407
磯子区,根岸星の子保育園,5歳,140.0,29.5,0.0,0.2608695652173913,18.304347826086957,0.06521739130434782,4.745762711864407
港北区,キッズパートナー小机,3歳,140.0,29.5,0.13043478260869565,0.13043478260869565,10.73913043478261,0.06521739130434782,4.745762711864407
緑区,認可保育所どうぞのひろば,3歳,140.0,29.5,0.0,0.13043478260869565,9.91304347826087,0.06521739130434782,4.745762711864407
瀬谷区,保育室「ネスト」,4歳,140.0,29.5,0.08695652173913043,0.13043478260869565,9.869565217391305,0.03260869565217391,4.745762711864407
戸塚区,うみのくに保育園とつか,2歳,140.0,29.5,0.6521739130434783,0.08695652173913043,11.521739130434783,0.043478260869565216,4.745762711864407
旭区,認定こども園　オーセルわかば幼稚園,2歳,140.0,29.5,0.30434782608695654,0.13043478260869565,4.826086956521739,0.06521739130434782,4.745762711864407
都筑区,アソシエふれあいの丘保育園,3歳,140.0,29.5,0.30434782608695654,0.08695652173913043,14.91304347826087,0.043478260869565216,4.745762711864407
港北区,イルカ保育園,0歳,140.0,29.5,2.869565217391304,0.08695652173913043,1.9565217391304348,0.043478260869565216,4.745762711864407
港北区,グローバルキッズ下田町園,5歳,140.0,29.5,0.4782608695652174,0.13043478260869565,9.869565217391305,0.03260869565217391,4.745762711864407
都筑区,わおわおセンター北保育園,0歳,140.0,29.5,6.608695652173913,0.13043478260869565,5.869565217391305,0.03260869565217391,4.745762711864407
港北区,木下の保育園　綱島東,2歳,140.0,29.5,0.9565217391304348,0.08695652173913043,9.869565217391305,0.043478260869565216,4.745762711864407
港北区,森の樹保育園,4歳,140.0,29.5,0.0,0.08695652173913043,20.391304347826086,0.043478260869565216,4.745762711864407
港南区,上永谷保育園,2歳,140.0,29.5,1.9565217391304348,0.08695652173913043,13.91304347826087,0.043478260869565216,4.745762711864407
西区,ろぜっと保育園,4歳,140.0,29.5,0.0,0.08695652173913043,17.82608695652174,0.043478260869565216,4.745762711864407
西区,キッズパートナーみなとみらい,2歳,140.0,29.5,0.13043478260869565,0.13043478260869565,6.869565217391305,0.06521739130434782,4.745762711864407
鶴見区,にじの風保育園,5歳,140.0,29.5,0.08695652173913043,0.08695652173913043,15.91304347826087,0.043478260869565216,4.745762711864407
青葉区,京進のほいくえんＨＯＰＰＡ青葉台園,2歳,140.0,29.5,0.7391304347826086,0.08695652173913043,4.826086956521739,0.043478260869565216,4.745762711864407
港北区,テンダーラビング保育園綱島東,0歳,140.0,29.5,6.173913043478261,0.13043478260869565,5.869565217391305,0.03260869565217391,4.745762711864407
青葉区,スターチャイルド≪藤が丘ナーサリー≫,5歳,140.0,29.5,0.0,0.13043478260869565,9.869565217391305,0.03260869565217391,4.745762711864407
旭区,土と愛　子供の家保育所第２,2歳,140.0,29.5,1.0,0.08695652173913043,11.956521739130435,0.043478260869565216,4.745762711864407
旭区,ひまわり愛児園,0歳,140.0,29.5,6.478260869565218,0.13043478260869565,8.869565217391305,0.06521739130434782,4.745762711864407
南区,中村愛児園,5歳,140.0,29.5,0.08695652173913043,0.08695652173913043,24.08695652173913,0.043478260869565216,4.745762711864407
戸塚区,東戸塚わかば保育園,0歳,140.0,29.5,1.6956521739130435,0.08695652173913043,0.5217391304347826,0.043478260869565216,4.745762711864407
青葉区,市ヶ尾保育園,4歳,140.0,29.5,0.43478260869565216,0.08695652173913043,12.91304347826087,0.043478260869565216,4.745762711864407
戸塚区,アートチャイルドケア東戸塚,1歳,140.0,29.5,0.8260869565217391,0.13043478260869565,13.173913043478262,0.03260869565217391,4.745762711864407
旭区,横浜市左近山保育園,2歳,140.0,29.5,1.608695652173913,0.08695652173913043,18.91304347826087,0.043478260869565216,4.745762711864407
鶴見区,ひだまりの保育園,2歳,140.0,29.5,0.043478260869565216,0.13043478260869565,6.521739130434782,0.06521739130434782,4.745762711864407
鶴見区,みつばち保育園,2歳,140.0,29.5,0.782608695652174,0.08695652173913043,15.173913043478262,0.043478260869565216,4.745762711864407
港南区,芹が谷ぴよっこ保育園,3歳,140.0,29.5,1.4782608695652173,0.13043478260869565,12.826086956521738,0.06521739130434782,4.745762711864407
青葉区,オルタスそらいろ,4歳,140.0,29.5,0.08695652173913043,0.13043478260869565,12.695652173913043,0.06521739130434782,4.745762711864407
中区,ラフ・クルー元町保育園,4歳,140.0,29.5,0.30434782608695654,0.13043478260869565,10.869565217391305,0.03260869565217391,4.745762711864407
神奈川区,フレール保育園,4歳,140.0,29.5,0.4782608695652174,0.13043478260869565,9.782608695652174,0.06521739130434782,4.745762711864407
緑区,ポピンズナーサリースクール十日市場駅前,5歳,140.0,29.5,0.21739130434782608,0.08695652173913043,5.913043478260869,0.043478260869565216,4.745762711864407
港北区,たんぽぽ保育園,3歳,140.0,29.5,0.6956521739130435,0.13043478260869565,12.869565217391305,0.03260869565217391,4.745762711864407
磯子区,あっぷる滝頭保育園,5歳,140.0,29.5,0.08695652173913043,0.13043478260869565,14.869565217391305,0.03260869565217391,4.745762711864407
旭区,横浜小谷かなりや保育園,0歳,140.0,29.5,5.956521739130435,0.08695652173913043,5.913043478260869,0.043478260869565216,4.745762711864407
港北区,ちいさなたね保育園,2歳,140.0,29.5,1.0,0.08695652173913043,10.956521739130435,0.043478260869565216,4.745762711864407
西区,トキワ保育園,4歳,140.0,29.5,0.4782608695652174,0.08695652173913043,11.91304347826087,0.043478260869565216,4.745762711864407
青葉区,スターチャイルド≪たまプラーザナーサリー≫,2歳,140.0,29.5,0.9565217391304348,0.08695652173913043,10.869565217391305,0.043478260869565216,4.745762711864407
磯子区,日枝幼児園,1歳,140.0,29.5,1.3478260869565217,0.13043478260869565,7.869565217391305,0.03260869565217391,4.745762711864407
戸塚区,ちゃいれっく前田町保育園,2歳,140.0,29.5,0.5652173913043478,0.13043478260869565,5.391304347826087,0.06521739130434782,4.745762711864407
保土ケ谷区,ベイキッズ　おりーぶ保育園,0歳,140.0,29.5,0.6956521739130435,0.08695652173913043,1.9130434782608696,0.043478260869565216,4.745762711864407
泉区,横浜市和泉保育園,0歳,140.0,29.5,7.304347826086956,0.13043478260869565,10.91304347826087,0.06521739130434782,4.745762711864407
青葉区,プレスクールあおば,0歳,140.0,29.5,5.0,0.13043478260869565,2.869565217391304,0.06521739130434782,4.745762711864407
港南区,小学館アカデミーかみながや保育園,2歳,140.0,29.5,2.1739130434782608,0.08695652173913043,9.91304347826087,0.043478260869565216,4.745762711864407
都筑区,グローバルキッズ都筑ふれあいの丘園,2歳,140.0,29.5,0.2608695652173913,0.13043478260869565,12.652173913043478,0.03260869565217391,4.745762711864407
青葉区,しらとり台保育園つつじが丘,4歳,140.0,29.5,0.5217391304347826,0.08695652173913043,10.26086956521739,0.043478260869565216,4.745762711864407
鶴見区,新鶴見はなかご保育園,2歳,140.0,29.5,1.0869565217391304,0.13043478260869565,11.347826086956522,0.06521739130434782,4.745762711864407
港北区,まめどくれっしゅ,0歳,140.0,29.5,6.304347826086956,0.13043478260869565,2.869565217391304,0.06521739130434782,4.745762711864407
神奈川区,あおぞら菅田保育園,5歳,140.0,29.5,0.8260869565217391,0.13043478260869565,15.869565217391305,0.03260869565217391,4.745762711864407
戸塚区,くすのき第二保育園,4歳,140.0,29.5,0.43478260869565216,0.08695652173913043,17.82608695652174,0.043478260869565216,4.745762711864407
西区,にじいろ保育園みなとみらい,2歳,140.0,29.5,0.9130434782608695,0.08695652173913043,14.869565217391305,0.043478260869565216,4.745762711864407
保土ケ谷区,笹山保育園,2歳,140.0,29.5,0.782608695652174,0.08695652173913043,17.608695652173914,0.043478260869565216,4.745762711864407
磯子区,岩原保育室,2歳,140.0,29.5,1.391304347826087,0.08695652173913043,3.5652173913043477,0.043478260869565216,4.745762711864407
金沢区,横浜市南六浦保育園,5歳,140.0,29.5,0.4782608695652174,0.13043478260869565,31.565217391304348,0.03260869565217391,4.745762711864407
戸塚区,ベイキッズひまわり保育園,0歳,140.0,29.5,1.565217391304348,0.08695652173913043,1.9130434782608696,0.043478260869565216,4.745762711864407
戸塚区,ちゃいれっく前田町保育園,1歳,140.0,29.5,2.4347826086956523,0.08695652173913043,5.391304347826087,0.043478260869565216,4.745762711864407
戸塚区,戸塚みどり保育園,5歳,140.0,29.5,0.0,0.13043478260869565,11.608695652173912,0.06521739130434782,4.745762711864407
青葉区,江田ひまわり保育園,0歳,140.0,29.5,1.9565217391304348,0.08695652173913043,1.6956521739130435,0.043478260869565216,4.745762711864407
旭区,横濱あんじゅ保育園,5歳,140.0,29.5,0.0,0.08695652173913043,22.91304347826087,0.043478260869565216,4.745762711864407
戸塚区,こんにちは・ありがとうえん,2歳,140.0,29.5,0.0,0.13043478260869565,12.91304347826087,0.06521739130434782,4.745762711864407
戸塚区,ちゃいれっく前田町保育園,0歳,140.0,29.5,1.0869565217391304,0.13043478260869565,3.391304347826087,0.06521739130434782,4.745762711864407
旭区,キッズガーデン横浜鶴ヶ峰,4歳,140.0,29.5,0.21739130434782608,0.13043478260869565,11.043478260869565,0.06521739130434782,4.745762711864407
都筑区,すくすく保育園,3歳,140.0,29.5,0.043478260869565216,0.13043478260869565,12.826086956521738,0.03260869565217391,4.745762711864407
都筑区,すくすく保育園,1歳,140.0,29.5,0.6956521739130435,0.13043478260869565,11.869565217391305,0.05072463768115942,4.745762711864407
港北区,まめどくれっしゅ,2歳,140.0,29.5,1.173913043478261,0.08695652173913043,9.91304347826087,0.043478260869565216,4.745762711864407
港北区,ウッズ保育園,4歳,140.0,29.5,0.0,0.08695652173913043,12.304347826086957,0.043478260869565216,4.745762711864407
中区,ほんもくはら保育園,0歳,140.0,29.5,1.173913043478261,0.08695652173913043,1.9565217391304348,0.043478260869565216,4.745762711864407
金沢区,関東学院六浦こども園,5歳,140.0,29.5,0.0,0.08695652173913043,15.91304347826087,0.043478260869565216,4.745762711864407
泉区,中田ひまわり保育室,2歳,140.0,29.5,2.1739130434782608,0.13043478260869565,6.608695652173913,0.06521739130434782,4.745762711864407
旭区,鶴ヶ峰保育園,4歳,140.0,29.5,0.17391304347826086,0.08695652173913043,11.956521739130435,0.043478260869565216,4.745762711864407
磯子区,ペガサスわくわくランド,4歳,140.0,29.5,0.34782608695652173,0.2608695652173913,8.347826086956522,0.06521739130434782,4.745762711864407
泉区,中田いちご保育園,0歳,140.0,29.5,1.9130434782608696,0.13043478260869565,1.7391304347826086,0.06521739130434782,4.745762711864407
瀬谷区,ティンクル瀬谷保育園,4歳,140.0,29.5,0.08695652173913043,0.13043478260869565,21.782608695652176,0.06521739130434782,4.745762711864407
旭区,グローバルキッズ南万騎が原園,3歳,140.0,29.5,0.391304347826087,0.08695652173913043,10.91304347826087,0.043478260869565216,4.745762711864407
港南区,アスクさいど保育園,4歳,140.0,29.5,0.043478260869565216,0.08695652173913043,14.91304347826087,0.043478260869565216,4.745762711864407
泉区,にじいろ保育園いずみ中央,2歳,140.0,29.5,3.130434782608696,0.13043478260869565,9.91304347826087,0.06521739130434782,4.745762711864407
瀬谷区,保育室「ネスト」,5歳,140.0,29.5,0.08695652173913043,0.13043478260869565,9.869565217391305,0.06521739130434782,4.745762711864407
旭区,認定こども園　上の原幼稚園,3歳,140.0,29.5,0.43478260869565216,0.13043478260869565,11.869565217391305,0.06521739130434782,4.745762711864407
鶴見区,かもめ保育園,4歳,140.0,29.5,0.13043478260869565,0.13043478260869565,11.521739130434783,0.06521739130434782,4.745762711864407
金沢区,西柴保育園,4歳,140.0,29.5,0.0,0.13043478260869565,13.304347826086957,0.03260869565217391,4.745762711864407
神奈川区,羽沢保育園,3歳,140.0,29.5,0.8260869565217391,0.08695652173913043,29.043478260869566,0.043478260869565216,4.745762711864407
中区,木下の保育園　山下町,2歳,140.0,29.5,1.5217391304347827,0.08695652173913043,9.0,0.043478260869565216,4.745762711864407
金沢区,ＹＭＣＡマナ保育園,3歳,140.0,29.5,0.8260869565217391,0.08695652173913043,12.869565217391305,0.043478260869565216,4.745762711864407
緑区,新治保育園,2歳,140.0,29.5,0.43478260869565216,0.13043478260869565,5.869565217391305,0.06521739130434782,4.745762711864407
港北区,くじら保育園,0歳,140.0,29.5,3.260869565217391,0.08695652173913043,3.9130434782608696,0.043478260869565216,4.745762711864407
港北区,きゅーぴーるーむ大倉山園,2歳,140.0,29.5,0.043478260869565216,0.13043478260869565,8.826086956521738,0.06521739130434782,4.745762711864407
青葉区,アスク藤が丘保育園,0歳,140.0,29.5,8.0,0.13043478260869565,5.869565217391305,0.03260869565217391,4.745762711864407
神奈川区,ＧＥＮＫＩＤＳバイリンガル保育園新子安,0歳,140.0,29.5,2.0869565217391304,0.08695652173913043,2.9565217391304346,0.043478260869565216,4.745762711864407
泉区,鳩の森愛の詩あすなろ保育園,5歳,140.0,29.5,0.2608695652173913,0.13043478260869565,22.82608695652174,0.06521739130434782,4.745762711864407
鶴見区,ミアヘルサ保育園ひびき矢向,1歳,140.0,29.5,0.21739130434782608,0.13043478260869565,11.869565217391305,0.03260869565217391,4.745762711864407
保土ケ谷区,アスク和田町保育園,5歳,140.0,29.5,0.0,0.13043478260869565,11.391304347826088,0.06521739130434782,4.745762711864407
神奈川区,いずみ反町公園保育園,2歳,140.0,29.5,0.4782608695652174,0.13043478260869565,6.434782608695652,0.03260869565217391,4.745762711864407
港北区,グローバルキッズ大倉山園,3歳,140.0,29.5,0.17391304347826086,0.08695652173913043,13.91304347826087,0.043478260869565216,4.745762711864407
金沢区,スターチャイルド≪金沢文庫ナーサリー≫,2歳,140.0,29.5,0.6956521739130435,0.08695652173913043,11.782608695652174,0.043478260869565216,4.745762711864407
神奈川区,ポピンズナーサリースクール片倉町駅前,2歳,140.0,29.5,1.9130434782608696,0.08695652173913043,8.91304347826087,0.043478260869565216,4.745762711864407
青葉区,サンキッズ荏田西保育園,5歳,140.0,29.5,0.13043478260869565,0.13043478260869565,21.869565217391305,0.06521739130434782,4.745762711864407
港北区,なあな保育園,2歳,140.0,29.5,1.391304347826087,0.13043478260869565,12.347826086956522,0.06521739130434782,4.745762711864407
西区,横浜そらいろ保育園,0歳,140.0,29.5,8.521739130434783,0.08695652173913043,2.9130434782608696,0.043478260869565216,4.745762711864407
南区,きらり保育園吉野町,5歳,140.0,29.5,0.0,0.13043478260869565,7.869565217391305,0.06521739130434782,4.745762711864407
鶴見区,鶴見ポケット保育園,0歳,140.0,29.5,7.478260869565218,0.08695652173913043,5.956521739130435,0.043478260869565216,4.745762711864407
鶴見区,鶴見どろんこ保育園,5歳,140.0,29.5,0.043478260869565216,0.08695652173913043,19.869565217391305,0.043478260869565216,4.745762711864407
泉区,小学館アカデミーりょくえんとし保育園,2歳,140.0,29.5,2.8260869565217392,0.13043478260869565,9.869565217391305,0.06521739130434782,4.745762711864407
磯子区,ヨコハマみらい保育園,5歳,140.0,29.5,0.0,0.08695652173913043,14.08695652173913,0.043478260869565216,4.745762711864407
港南区,丸山台保育園,3歳,140.0,29.5,1.2608695652173914,0.13043478260869565,19.869565217391305,0.03260869565217391,4.745762711864407
緑区,新治保育園,1歳,140.0,29.5,0.6521739130434783,0.08695652173913043,4.913043478260869,0.043478260869565216,4.745762711864407
中区,キディ石川町・横浜,5歳,140.0,29.5,0.0,0.08695652173913043,13.91304347826087,0.043478260869565216,4.745762711864407
中区,うちゅうこども園やまて,4歳,140.0,29.5,0.6956521739130435,0.08695652173913043,12.043478260869565,0.043478260869565216,4.745762711864407
鶴見区,鶴見乳幼児福祉センター保育園,5歳,140.0,29.5,0.43478260869565216,0.08695652173913043,22.391304347826086,0.043478260869565216,4.745762711864407
戸塚区,あおぞらみらい保育園,2歳,140.0,29.5,0.6086956521739131,0.13043478260869565,9.695652173913043,0.06521739130434782,4.745762711864407
港南区,京急キッズランド上永谷保育園,5歳,140.0,29.5,0.0,0.08695652173913043,10.91304347826087,0.043478260869565216,4.745762711864407
神奈川区,ナーサリー横浜ポートサイド,0歳,139.9113475177305,29.5,8.91304347826087,0.17391304347826086,5.782608695652174,0.06598828245451742,4.742757542973915
青葉区,グローバルキッズ藤が丘一丁目園,1歳,139.90560794797972,29.5,7.478260869565218,0.17391304347826086,9.826086956521738,0.046428820814928926,4.742562981287448
磯子区,ピノキオ幼児舎 新杉田園,1歳,139.88308886971527,29.5,5.130434782608695,0.17391304347826086,9.347826086956522,0.04415600655237524,4.741799622702213
金沢区,関東学院六浦こども園,0歳,139.83089869799937,29.5,6.782608695652174,0.13043478260869565,5.173913043478261,0.04445855827246745,4.740030464338962
神奈川区,白幡フレール保育園,2歳,139.83089869799937,29.5,2.0,0.13043478260869565,19.782608695652176,0.04445855827246745,4.740030464338962
磯子区,横浜市洋光台第二保育園,2歳,139.83089869799937,29.5,5.956521739130435,0.13043478260869565,19.0,0.04445855827246745,4.740030464338962
神奈川区,Yokohama Front Mutsumi Nursery,1歳,139.77048857368007,29.5,1.0869565217391304,0.13043478260869565,7.913043478260869,0.05634357762017337,4.737982663514579
泉区,鳩の森愛の詩あすなろ保育園,2歳,139.7534847369169,29.5,3.9130434782608696,0.17391304347826086,22.782608695652176,0.06736100228767918,4.73740626226837
緑区,寺山保育園,3歳,139.75,29.5,0.21739130434782608,0.30434782608695654,21.91304347826087,0.06739130434782609,4.737288135593221
西区,にじいろ保育園みなとみらい,1歳,139.75,29.5,1.826086956521739,0.30434782608695654,11.91304347826087,0.06739130434782609,4.737288135593221
青葉区,もみじ第二保育園,1歳,139.72222222222223,29.5,2.5217391304347827,0.08695652173913043,13.869565217391305,0.03784219001610306,4.736346516007533
港北区,パレット保育園・大倉山,3歳,139.72222222222223,29.5,0.30434782608695654,0.08695652173913043,14.956521739130435,0.03784219001610306,4.736346516007533
港北区,はなまる保育園,1歳,139.72222222222223,29.5,3.4347826086956523,0.08695652173913043,16.304347826086957,0.03784219001610306,4.736346516007533
戸塚区,明日葉保育園第三戸塚園,0歳,139.72222222222223,29.5,20.304347826086957,0.08695652173913043,5.913043478260869,0.03784219001610306,4.736346516007533
都筑区,池辺保育園,0歳,139.72222222222223,29.5,2.391304347826087,0.08695652173913043,2.4347826086956523,0.03784219001610306,4.736346516007533
青葉区,ベビーぽけっと松風台,1歳,139.72183467038715,29.5,2.0434782608695654,0.13043478260869565,8.130434782608695,0.051257942706358715,4.736333378657192
鶴見区,ぶれすと尻手ほいくえん,1歳,139.67799889441682,29.5,0.8695652173913043,0.13043478260869565,10.0,0.04206023024971759,4.734847420149722
保土ケ谷区,合歓の木保育園,1歳,139.61065573770492,29.5,2.608695652173913,0.13043478260869565,17.695652173913043,0.05773342836778332,4.732564601278133
緑区,シャルール保育園,2歳,139.6026282853567,29.5,1.2173913043478262,0.13043478260869565,10.826086956521738,0.053028241824019155,4.732292484249379
戸塚区,東戸塚かもめ第４保育園,0歳,139.57386363636363,29.5,4.260869565217392,0.13043478260869565,1.5217391304347827,0.03870223978919631,4.731317411402157
金沢区,フレンド金沢文庫保育園,1歳,139.56460674157304,29.5,4.304347826086956,0.21739130434782608,13.782608695652174,0.06411822178798242,4.731003618358408
鶴見区,わおわお保育園,1歳,139.53900709219857,29.5,1.565217391304348,0.17391304347826086,21.782608695652176,0.06922602528522973,4.73013583363385
港北区,ミアヘルサ保育園ひびき綱島,2歳,87.5,18.5,0.08333333333333333,0.16666666666666666,10.25,0.05555555555555555,4.72972972972973
戸塚区,アップルミントとつか保育園,2歳,87.5,18.5,2.0,0.08333333333333333,6.75,0.041666666666666664,4.72972972972973
青葉区,あゆみ保育園 藤が丘,2歳,87.5,18.5,0.3333333333333333,0.08333333333333333,6.916666666666667,0.041666666666666664,4.72972972972973
南区,弘明寺なぎさ保育園,2歳,87.5,18.5,0.8333333333333334,0.08333333333333333,5.916666666666667,0.041666666666666664,4.72972972972973
戸塚区,グロウアップモンテッソーリ子どもの家（戸塚園）,1歳,87.5,18.5,2.0,0.08333333333333333,10.916666666666666,0.041666666666666664,4.72972972972973
港北区,ミアヘルサ保育園ひびき綱島,3歳,87.5,18.5,0.0,0.08333333333333333,10.916666666666666,0.041666666666666664,4.72972972972973
港北区,まなびの森　菊名こども園,4歳,87.5,18.5,0.08333333333333333,0.08333333333333333,13.75,0.041666666666666664,4.72972972972973
港北区,まなびの森　ヴィラ日吉こども園,2歳,87.5,18.5,0.5833333333333334,0.08333333333333333,12.0,0.041666666666666664,4.72972972972973
保土ケ谷区,まなびの森　星川こども園,3歳,87.5,18.5,0.4166666666666667,0.08333333333333333,21.0,0.041666666666666664,4.72972972972973
保土ケ谷区,まなびの森　星川こども園,5歳,87.5,18.5,0.08333333333333333,0.08333333333333333,22.75,0.041666666666666664,4.72972972972973
金沢区,かぜのねこども園,2歳,87.5,18.5,0.16666666666666666,0.08333333333333333,17.833333333333332,0.041666666666666664,4.72972972972973
金沢区,横浜市南六浦保育園,4歳,139.5,29.5,2.0869565217391304,0.13043478260869565,28.956521739130434,0.04057971014492754,4.728813559322034
磯子区,岡村幼児園,3歳,139.5,29.5,0.9130434782608695,0.17391304347826086,19.652173913043477,0.034782608695652174,4.728813559322034
神奈川区,いずみ東白楽保育園,2歳,139.5,29.5,0.21739130434782608,0.17391304347826086,14.347826086956522,0.034782608695652174,4.728813559322034
港南区,アスク港南中央保育園,0歳,139.5,29.5,10.391304347826088,0.17391304347826086,10.869565217391305,0.034782608695652174,4.728813559322034
港北区,小学館アカデミーつなしま保育園,5歳,139.5,29.5,0.0,0.17391304347826086,11.826086956521738,0.034782608695652174,4.728813559322034
金沢区,わらべシーサイド保育園,4歳,139.5,29.5,0.5217391304347826,0.17391304347826086,16.0,0.034782608695652174,4.728813559322034
緑区,みどり寺山保育園,5歳,139.5,29.5,0.0,0.17391304347826086,23.82608695652174,0.034782608695652174,4.728813559322034
鶴見区,新鶴見はなかご保育園,0歳,139.49468085106383,29.5,5.826086956521739,0.17391304347826086,2.9565217391304346,0.051110083256244214,4.728633249188604
港北区,大倉山元気の泉保育園,1歳,139.49468085106383,29.5,1.2173913043478262,0.08695652173913043,14.956521739130435,0.04024051803885291,4.728633249188604
港南区,横浜こども保育園,0歳,106.38888888888889,22.5,4.375,0.1875,5.875,0.06481481481481481,4.728395061728395
都筑区,クオリスキッズ鴨居駅前保育園,0歳,139.48437647566752,29.5,10.652173913043478,0.17391304347826086,8.565217391304348,0.05119968652056007,4.728283948327713
港北区,わかさと保育園,2歳,139.36274509803923,29.5,1.5217391304347827,0.13043478260869565,9.91304347826087,0.04177323103154305,4.724160850780991
青葉区,ピッピみんなの保育園,0歳,139.31982976040354,29.5,10.608695652173912,0.13043478260869565,2.8260869565217392,0.04017489993968968,4.722706093573001
港南区,ちゅーりっぷキッズ,1歳,139.30851063829786,29.5,1.1304347826086956,0.08695652173913043,4.695652173913044,0.04024051803885291,4.722322394518572
鶴見区,東漸保育園,4歳,139.30851063829786,29.5,0.43478260869565216,0.08695652173913043,17.91304347826087,0.04024051803885291,4.722322394518572
鶴見区,にじいろ保育園駒岡,2歳,139.30851063829786,29.5,0.391304347826087,0.08695652173913043,9.73913043478261,0.04024051803885291,4.722322394518572
戸塚区,ベイキッズひまわり保育園,1歳,139.30851063829786,29.5,4.956521739130435,0.08695652173913043,3.9565217391304346,0.04024051803885291,4.722322394518572
港北区,めぐみ保育園,4歳,139.30851063829786,29.5,0.17391304347826086,0.08695652173913043,16.73913043478261,0.04024051803885291,4.722322394518572
旭区,とこちゃん☆みっつ保育園,0歳,139.30851063829786,29.5,8.0,0.08695652173913043,2.9130434782608696,0.04024051803885291,4.722322394518572
磯子区,にじいろ保育園　洋光台,5歳,139.30851063829786,29.5,0.043478260869565216,0.13043478260869565,14.826086956521738,0.06197964847363552,4.722322394518572
金沢区,明徳釜利谷保育園,3歳,139.30851063829786,29.5,0.08695652173913043,0.08695652173913043,20.304347826086957,0.04024051803885291,4.722322394518572
港北区,にじいろ保育園日吉,2歳,139.29588556734168,29.5,4.130434782608695,0.17391304347826086,13.521739130434783,0.051424817967101306,4.721894426011582
南区,睦町保育園,3歳,129.83089869799937,27.5,1.2727272727272727,0.13636363636363635,16.40909090909091,0.046479401830306875,4.721123589018159
港北区,アスク日吉本町第二保育園,1歳,139.20014347202294,29.5,4.565217391304348,0.13043478260869565,9.91304347826087,0.045131308090574515,4.718648931255015
戸塚区,グロウアップモンテッソーリ子どもの家（戸塚園）,2歳,87.28319783197833,18.5,4.333333333333333,0.25,10.833333333333334,0.057964468533574225,4.7180106936204504
鶴見区,末吉いづみ保育園,0歳,139.18033361368097,29.5,9.0,0.2608695652173913,13.956521739130435,0.06147535988103509,4.717977410633253
都筑区,よこはま夢保育園,2歳,139.16863672182822,29.5,2.5217391304347827,0.17391304347826086,10.478260869565217,0.07244663720149382,4.717580905824685
青葉区,京進のほいくえんＨＯＰＰＡ青葉台園,0歳,139.16666666666666,29.5,3.4347826086956523,0.17391304347826086,2.3043478260869565,0.07246376811594202,4.717514124293785
保土ケ谷区,明神台保育園,3歳,139.16666666666666,29.5,0.0,0.13043478260869565,23.217391304347824,0.05072463768115942,4.717514124293785
港北区,ポピンズナーサリースクール綱島,0歳,139.16666666666666,29.5,7.826086956521739,0.17391304347826086,5.826086956521739,0.07246376811594202,4.717514124293785
青葉区,もみじ第二保育園,0歳,139.16666666666666,29.5,2.347826086956522,0.17391304347826086,4.826086956521739,0.07246376811594202,4.717514124293785
港南区,認定こども園関東学院のびのびのば園,3歳,139.16666666666666,29.5,1.0434782608695652,0.21739130434782608,18.043478260869566,0.036231884057971016,4.717514124293785
中区,キディ石川町・横浜,0歳,139.16666666666666,29.5,9.26086956521739,0.17391304347826086,2.8260869565217392,0.07246376811594202,4.717514124293785
神奈川区,ゆうゆうきっず横浜,0歳,139.16666666666666,29.5,11.565217391304348,0.21739130434782608,9.73913043478261,0.036231884057971016,4.717514124293785
港南区,認定こども園　大谷幼稚園,5歳,139.16666666666666,29.5,0.8260869565217391,0.21739130434782608,3.0,0.036231884057971016,4.717514124293785
金沢区,金沢ふたば保育園,0歳,139.13609684519443,29.5,6.6521739130434785,0.17391304347826086,5.043478260869565,0.048486395100322176,4.716477859159133
旭区,ＳＡＦＡＲＩ　ＫＩＤ保育園,1歳,139.12234042553192,29.5,0.8260869565217391,0.13043478260869565,8.73913043478261,0.06197964847363552,4.716011539848539
戸塚区,くすのき第二保育園,3歳,139.12234042553192,29.5,0.391304347826087,0.13043478260869565,17.82608695652174,0.06197964847363552,4.716011539848539
緑区,みどりさくら保育園,2歳,139.0909090909091,29.5,4.3478260869565215,0.13043478260869565,10.91304347826087,0.041501976284584984,4.714946070878274
鶴見区,鶴見あけぼの保育園,0歳,139.09028914348062,29.5,4.565217391304348,0.17391304347826086,6.434782608695652,0.06941182981886035,4.714925055711207
神奈川区,白楽あいいく保育園,0歳,139.03086419753086,29.5,6.086956521739131,0.2608695652173913,6.3478260869565215,0.05625335480407944,4.712910650763758
都筑区,ＫＩＤＳＦＯＲＥ　ＡＣＡＤＥＭＹ,4歳,139.0307328605201,29.5,0.34782608695652173,0.13043478260869565,18.782608695652176,0.05634357762017337,4.712906198661698
戸塚区,こんにちは・ありがとうえん,1歳,139.02985074626866,29.5,1.1304347826086956,0.13043478260869565,11.869565217391305,0.04769630110317975,4.7128762964836834
港北区,テンダーラビング保育園綱島東,4歳,138.92857142857142,29.5,0.0,0.2608695652173913,10.73913043478261,0.037267080745341616,4.709443099273607
青葉区,小学館アカデミーたまプラーザ保育園,1歳,138.92857142857142,29.5,1.5217391304347827,0.2608695652173913,14.608695652173912,0.037267080745341616,4.709443099273607
神奈川区,スターチャイルド≪横浜ステーションナーサリー≫,1歳,138.9021625392396,29.5,1.608695652173913,0.13043478260869565,7.869565217391305,0.051257942706358715,4.708547882686089
都筑区,横浜市茅ケ崎南保育園,2歳,138.8541149196887,29.5,3.5217391304347827,0.17391304347826086,23.304347826086957,0.050121072929340926,4.706919149819956
都筑区,都筑ひよこ保育園,1歳,138.84456264775415,29.5,2.217391304347826,0.13043478260869565,19.782608695652176,0.05634357762017337,4.706595343991666
港北区,日吉夢保育園,3歳,138.84456264775415,29.5,1.1304347826086956,0.13043478260869565,23.391304347826086,0.05634357762017337,4.706595343991666
神奈川区,あおぞら菅田保育園,2歳,138.83451194685526,29.5,4.304347826086956,0.21739130434782608,12.73913043478261,0.0753520700273457,4.70625464226628
港南区,笹下保育園,0歳,138.7962962962963,29.5,7.260869565217392,0.13043478260869565,5.043478260869565,0.043209876543209874,4.70495919648462
金沢区,わらべシーサイド保育園,1歳,138.7962962962963,29.5,2.4347826086956523,0.13043478260869565,8.217391304347826,0.043209876543209874,4.70495919648462
鶴見区,豊岡ひまわり保育園,0歳,138.79032258064515,29.5,6.086956521739131,0.17391304347826086,5.826086956521739,0.039621318373071535,4.704756697648988
中区,ル・ボワ保育園,0歳,138.76929495202336,29.5,1.826086956521739,0.17391304347826086,2.8260869565217392,0.06027461863561335,4.704043896678758
戸塚区,東戸塚赤ちゃん保育園,1歳,138.75,29.5,1.6521739130434783,0.13043478260869565,7.869565217391305,0.06521739130434782,4.703389830508475
港南区,認定こども園　日野幼稚園,5歳,138.75,29.5,0.0,0.08695652173913043,2.4347826086956523,0.043478260869565216,4.703389830508475
港北区,マーマしのはら保育園,4歳,138.75,29.5,1.173913043478261,0.13043478260869565,29.608695652173914,0.05072463768115942,4.703389830508475
港北区,ブライト保育園横浜日吉,2歳,138.75,29.5,1.0869565217391304,0.13043478260869565,9.608695652173912,0.05072463768115942,4.703389830508475
港南区,港南ひまわり保育園,5歳,138.75,29.5,0.0,0.13043478260869565,11.434782608695652,0.06521739130434782,4.703389830508475
保土ケ谷区,横浜市神戸保育園,1歳,138.75,29.5,1.2608695652173914,0.21739130434782608,17.73913043478261,0.07608695652173914,4.703389830508475
金沢区,金沢ぴよっこ保育園,0歳,138.75,29.5,3.6956521739130435,0.08695652173913043,7.391304347826087,0.043478260869565216,4.703389830508475
緑区,パレット保育園・長津田,3歳,138.75,29.5,0.13043478260869565,0.13043478260869565,8.782608695652174,0.06521739130434782,4.703389830508475
磯子区,キッズガーデン横浜磯子,1歳,138.75,29.5,3.3043478260869565,0.08695652173913043,11.91304347826087,0.043478260869565216,4.703389830508475
港北区,第二福澤保育センター,0歳,138.75,29.5,8.826086956521738,0.13043478260869565,7.826086956521739,0.05072463768115942,4.703389830508475
鶴見区,みゆさと保育園,2歳,138.75,29.5,0.6956521739130435,0.08695652173913043,9.91304347826087,0.043478260869565216,4.703389830508475
港北区,にじいろ保育園日吉,5歳,138.75,29.5,0.0,0.13043478260869565,18.0,0.06521739130434782,4.703389830508475
金沢区,しののめ並木保育園,5歳,138.75,29.5,0.4782608695652174,0.08695652173913043,22.304347826086957,0.043478260869565216,4.703389830508475
戸塚区,明日葉保育園戸塚西口園,4歳,138.75,29.5,0.2608695652173913,0.08695652173913043,13.73913043478261,0.043478260869565216,4.703389830508475
中区,横浜市山手保育園,1歳,138.75,29.5,0.5652173913043478,0.13043478260869565,7.782608695652174,0.05072463768115942,4.703389830508475
金沢区,ゆめ和ほいくえん,0歳,138.75,29.5,5.608695652173913,0.08695652173913043,6.086956521739131,0.043478260869565216,4.703389830508475
旭区,中希望が丘保育園,3歳,138.75,29.5,0.30434782608695654,0.13043478260869565,15.91304347826087,0.06521739130434782,4.703389830508475
都筑区,グローバルキッズ都筑ふれあいの丘園,0歳,138.75,29.5,3.0869565217391304,0.08695652173913043,3.9130434782608696,0.043478260869565216,4.703389830508475
都筑区,横浜市みどり保育園,5歳,138.75,29.5,0.0,0.13043478260869565,30.652173913043477,0.06521739130434782,4.703389830508475
青葉区,グローバルキッズ市が尾園,5歳,138.75,29.5,0.0,0.08695652173913043,9.0,0.043478260869565216,4.703389830508475
鶴見区,總持寺本町通保育園,3歳,138.75,29.5,0.5652173913043478,0.08695652173913043,28.130434782608695,0.043478260869565216,4.703389830508475
港南区,横浜市港南台第二保育園,3歳,138.75,29.5,0.4782608695652174,0.08695652173913043,19.869565217391305,0.043478260869565216,4.703389830508475
中区,保育園小紅,2歳,138.706658786446,29.5,0.7391304347826086,0.13043478260869565,14.91304347826087,0.05634357762017337,4.701920636828678
鶴見区,北寺尾むつみ保育園,0歳,138.706658786446,29.5,6.608695652173913,0.13043478260869565,5.782608695652174,0.05634357762017337,4.701920636828678
港北区,みのわのぞみ保育園,2歳,138.66666666666666,29.5,1.9565217391304348,0.13043478260869565,14.73913043478261,0.05507246376811594,4.700564971751412
磯子区,みらいつばさ新杉田保育園,2歳,138.66666666666666,29.5,2.0869565217391304,0.13043478260869565,3.869565217391304,0.05507246376811594,4.700564971751412
青葉区,天才キッズクラブ楽学館あざみ野園,1歳,138.65800488315313,29.5,1.1304347826086956,0.13043478260869565,8.782608695652174,0.051257942706358715,4.700271351971292
金沢区,にじいろ保育園釜利谷,0歳,138.62026196190308,29.5,6.434782608695652,0.21739130434782608,5.739130434782608,0.07721511337475585,4.698991930911969
金沢区,横浜市並木保育園,1歳,138.61111111111111,29.5,5.695652173913044,0.34782608695652173,16.47826086956522,0.03864734299516908,4.698681732580038
港北区,つばき駅前保育園,1歳,110.41666666666667,23.5,1.0,0.29411764705882354,12.588235294117647,0.08333333333333333,4.698581560283688
緑区,みどりさくら保育園,3歳,138.60339848044765,29.5,3.217391304347826,0.2608695652173913,12.73913043478261,0.07736175234393337,4.698420287472802
青葉区,ChaCha Children Kakinokidai,0歳,138.56705380636964,29.5,8.73913043478261,0.21739130434782608,14.782608695652174,0.04094949168188794,4.6971882646226994
南区,南愛児園,4歳,138.54166666666666,29.5,0.17391304347826086,0.21739130434782608,20.347826086956523,0.06159420289855072,4.696327683615819
泉区,ＧＥＮＫＩＤＳいずみ中央保育園,0歳,138.52048857368007,29.5,18.695652173913043,0.17391304347826086,5.826086956521739,0.07808270805495597,4.695609782158646
中区,木下の保育園　本牧,0歳,138.500891000891,29.5,7.521739130434782,0.34782608695652173,3.6956521739130435,0.05216874782092173,4.6949454576573215
港北区,キッズラディ,0歳,138.5,29.5,2.260869565217391,0.2608695652173913,2.8260869565217392,0.0782608695652174,4.694915254237288
鶴見区,木下の保育園　江ヶ崎,0歳,138.5,29.5,2.9565217391304346,0.13043478260869565,2.217391304347826,0.04492753623188405,4.694915254237288
泉区,ぬくもりの森しんばし　やよい台こども園,1歳,138.43085106382978,29.5,2.4347826086956523,0.13043478260869565,5.956521739130435,0.05874190564292321,4.692571222502704
磯子区,汐見台愛育園,1歳,138.36065573770492,29.5,1.6956521739130435,0.17391304347826086,9.869565217391305,0.04686386315039202,4.6901917199222005
都筑区,横浜市みどり保育園,0歳,138.36065573770492,29.5,15.391304347826088,0.17391304347826086,9.826086956521738,0.04686386315039202,4.6901917199222005
瀬谷区,シャローム三育保育園,0歳,138.3526282853567,29.5,9.73913043478261,0.13043478260869565,7.086956521739131,0.053028241824019155,4.689919602893448
泉区,もも保育園,0歳,138.3481787216818,29.5,11.695652173913043,0.21739130434782608,5.434782608695652,0.07033036079203613,4.689768770226501
港北区,尚花愛児園,5歳,138.33333333333334,29.5,0.2608695652173913,0.13043478260869565,30.73913043478261,0.05072463768115942,4.689265536723164
緑区,太陽の子　鴨居駅前保育園,5歳,138.33333333333334,29.5,0.0,0.13043478260869565,11.869565217391305,0.05072463768115942,4.689265536723164
緑区,横浜市十日市場保育園,5歳,138.33333333333334,29.5,0.5217391304347826,0.4782608695652174,24.91304347826087,0.03985507246376811,4.689265536723164
都筑区,つくし保育園　センター南,5歳,138.33333333333334,29.5,0.0,0.13043478260869565,15.434782608695652,0.05072463768115942,4.689265536723164
青葉区,市ヶ尾保育園,0歳,138.33333333333334,29.5,5.086956521739131,0.21739130434782608,2.782608695652174,0.07971014492753623,4.689265536723164
港北区,なあな保育園,1歳,138.33333333333334,29.5,3.0,0.21739130434782608,11.782608695652174,0.07971014492753623,4.689265536723164
南区,京急キッズランド黄金町保育園,5歳,138.33333333333334,29.5,0.043478260869565216,0.13043478260869565,11.391304347826088,0.05072463768115942,4.689265536723164
神奈川区,キッズパートナー新子安,0歳,138.33333333333334,29.5,1.7391304347826086,0.13043478260869565,2.869565217391304,0.05072463768115942,4.689265536723164
神奈川区,グローバルキッズ白楽園,0歳,138.33333333333334,29.5,3.869565217391304,0.13043478260869565,5.869565217391305,0.05072463768115942,4.689265536723164
港北区,うみのくに保育園きくな,0歳,138.33333333333334,29.5,6.3478260869565215,0.21739130434782608,5.739130434782608,0.07971014492753623,4.689265536723164
西区,おれんじハウス西戸部保育園,0歳,138.33333333333334,29.5,1.434782608695652,0.21739130434782608,1.7826086956521738,0.07971014492753623,4.689265536723164
保土ケ谷区,ばばほいくしつ星川,0歳,138.33333333333334,29.5,1.9130434782608696,0.21739130434782608,2.652173913043478,0.07971014492753623,4.689265536723164
港北区,グローバルキッズ日吉五丁目園,4歳,138.33333333333334,29.5,0.0,0.13043478260869565,13.826086956521738,0.05072463768115942,4.689265536723164
都筑区,滝ヶ谷保育園,3歳,138.33333333333334,29.5,0.43478260869565216,0.13043478260869565,13.73913043478261,0.05072463768115942,4.689265536723164
都筑区,キッズフォレセンター北,2歳,138.2941176470588,29.5,3.391304347826087,0.13043478260869565,15.956521739130435,0.04612105711849957,4.687936191425722
青葉区,パレット保育園・たまプラーザ,1歳,138.28658985022986,29.5,6.304347826086956,0.21739130434782608,11.043478260869565,0.04416037952996573,4.687681011872199
港北区,オハナ新羽保育園,3歳,138.24468085106383,29.5,0.5217391304347826,0.17391304347826086,19.652173913043477,0.06598828245451742,4.686260367832673
旭区,ＳＥＡＳＯＮ　ＫＩＤ保育園,0歳,138.24468085106383,29.5,8.608695652173912,0.13043478260869565,3.217391304347826,0.05874190564292321,4.686260367832673
戸塚区,ハートの森保育園,2歳,138.24468085106383,29.5,0.2608695652173913,0.13043478260869565,13.91304347826087,0.06197964847363552,4.686260367832673
戸塚区,アートチャイルドケア東戸塚,0歳,138.24468085106383,29.5,3.347826086956522,0.13043478260869565,3.0,0.06197964847363552,4.686260367832673
旭区,明徳二俣川保育園,4歳,138.24468085106383,29.5,0.43478260869565216,0.17391304347826086,17.73913043478261,0.08048103607770582,4.686260367832673
青葉区,認定こども園ナザレ幼稚園,3歳,138.16666666666666,29.5,1.391304347826087,0.2608695652173913,8.652173913043478,0.063768115942029,4.683615819209039
旭区,すずらん二俣川保育園,1歳,138.16645807259073,29.5,3.5217391304347827,0.13043478260869565,9.130434782608695,0.053028241824019155,4.683608748223414
瀬谷区,stellar education garden阿久和小規模保育園,1歳,138.150623885918,29.5,5.3478260869565215,0.21739130434782608,5.869565217391305,0.05573897543207006,4.6830719961328136
南区,ララランド井土ヶ谷,0歳,138.14814814814815,29.5,7.608695652173913,0.17391304347826086,4.826086956521739,0.08132045088566828,4.682988072818581
泉区,中田ひまわり保育室,0歳,138.14814814814815,29.5,3.0434782608695654,0.13043478260869565,3.260869565217391,0.05958132045088566,4.682988072818581
戸塚区,幼保連携型認定こども園　ＹＭＣＡとつか保育園,0歳,138.14443188241944,29.5,14.304347826086957,0.17391304347826086,14.826086956521738,0.04424017499446998,4.682862097709133
鶴見区,スターチャイルド≪生麦ナーサリー≫,1歳,138.09949424485524,29.5,2.0,0.13043478260869565,7.869565217391305,0.05449568553707102,4.681338787961194
都筑区,アスク北山田保育園,0歳,138.08157488419968,29.5,5.6521739130434785,0.30434782608695654,7.695652173913044,0.08189934883304616,4.680731352006769
青葉区,横浜市奈良保育園,1歳,138.06222267043162,29.5,1.7391304347826086,0.21739130434782608,8.08695652173913,0.07119806373537715,4.680075344760394
鶴見区,あゆみ保育園　鶴見,2歳,138.05851063829786,29.5,0.30434782608695654,0.21739130434782608,14.782608695652174,0.07284921369102683,4.679949513162639
磯子区,横浜おひさま保育園,3歳,138.05555555555554,29.5,0.9565217391304348,0.13043478260869565,12.869565217391305,0.04508856682769726,4.67984934086629
戸塚区,グローバルキッズ戸塚吉田町保育園,4歳,138.02238805970148,29.5,0.43478260869565216,0.17391304347826086,23.608695652173914,0.06943543153796236,4.678725018972932
磯子区,屏風ヶ浦保育園,2歳,138.0,29.5,4.739130434782608,0.17391304347826086,18.217391304347824,0.04420289855072464,4.677966101694915
磯子区,横浜ナーサリー,1歳,137.97131147540983,29.5,3.260869565217391,0.21739130434782608,24.782608695652176,0.06860299358517462,4.676993609335927
戸塚区,ののはな保育園,0歳,137.94753086419752,29.5,3.6956521739130435,0.21739130434782608,5.521739130434782,0.07219538378958669,4.6761874869219495
戸塚区,くすのき保育園,3歳,137.9255319148936,29.5,1.0434782608695652,0.13043478260869565,20.82608695652174,0.05550416281221092,4.675441759826902
西区,キャリー保育園　桜木町,0歳,137.91863672182822,29.5,2.869565217391304,0.13043478260869565,2.869565217391304,0.05634357762017337,4.675208024468753
戸塚区,うみのくに保育園とつか,4歳,137.91666666666666,29.5,0.08695652173913043,0.17391304347826086,10.0,0.07246376811594202,4.675141242937853
港北区,アスク日吉本町開善保育園,4歳,137.87234042553192,29.5,0.17391304347826086,0.17391304347826086,25.26086956521739,0.08371877890841813,4.6736386584926075
旭区,前島保育園,2歳,137.87234042553192,29.5,0.391304347826087,0.17391304347826086,4.304347826086956,0.08371877890841813,4.6736386584926075
青葉区,たまプラーザもみじ保育園,2歳,137.87234042553192,29.5,0.7391304347826086,0.13043478260869565,21.434782608695652,0.06197964847363552,4.6736386584926075
港南区,横浜市港南台第二保育園,4歳,137.87234042553192,29.5,0.7391304347826086,0.13043478260869565,20.0,0.06197964847363552,4.6736386584926075
鶴見区,ねむの樹　北寺尾保育園,3歳,137.87234042553192,29.5,0.13043478260869565,0.13043478260869565,7.3478260869565215,0.06197964847363552,4.6736386584926075
青葉区,横浜市美しが丘保育園,0歳,137.87234042553192,29.5,7.086956521739131,0.17391304347826086,5.869565217391305,0.051110083256244214,4.6736386584926075
南区,ララランド井土ヶ谷,4歳,137.87234042553192,29.5,0.43478260869565216,0.17391304347826086,14.826086956521738,0.08371877890841813,4.6736386584926075
戸塚区,エミールの森ひばり保育園,1歳,137.84825870646767,29.5,2.130434782608696,0.2608695652173913,5.217391304347826,0.08392818516115076,4.672822329032803
磯子区,キッズガーデン横浜磯子,2歳,137.8351012536162,29.5,2.347826086956522,0.13043478260869565,11.695652173913043,0.04878202171816695,4.672376313681904
緑区,みどり寺山保育園,3歳,137.7941176470588,29.5,0.9565217391304348,0.13043478260869565,20.391304347826086,0.05626598465473146,4.670987038883349
青葉区,ＭＩＷＡあかね台光の子保育園,2歳,137.7807328605201,29.5,1.391304347826087,0.13043478260869565,15.826086956521738,0.05634357762017337,4.6705333173057655
青葉区,ぽれぽれ保育園藤が丘,2歳,137.77985074626866,29.5,0.8695652173913043,0.13043478260869565,7.869565217391305,0.04769630110317975,4.670503415127751
青葉区,美しが丘どろんこ保育園,0歳,137.75462962962962,29.5,5.086956521739131,0.17391304347826086,5.826086956521739,0.06300322061191625,4.669648462021343
青葉区,パレット家庭的保育室　なないろ,1歳,128.33333333333334,27.5,0.9090909090909091,0.22727272727272727,1.5,0.08333333333333333,4.666666666666667
栄区,横浜市飯島保育園,0歳,137.66666666666666,29.5,4.608695652173913,0.30434782608695654,5.565217391304348,0.0855072463768116,4.666666666666666
金沢区,わかくさ保育園,1歳,137.64814814814815,29.5,2.782608695652174,0.21739130434782608,9.826086956521738,0.05088566827697263,4.6660389202762085
神奈川区,ひびき金港町保育園,1歳,137.64282899921199,29.5,2.0,0.17391304347826086,11.695652173913043,0.07484496522424366,4.665858610142779
金沢区,聖星保育園,4歳,137.6418439716312,29.5,0.2608695652173913,0.13043478260869565,28.17391304347826,0.04748689485044712,4.665825219377329
青葉区,木下の保育園　たまプラーザ,0歳,137.6418439716312,29.5,2.739130434782609,0.13043478260869565,2.9130434782608696,0.04748689485044712,4.665825219377329
港南区,笹下保育園,3歳,137.6418439716312,29.5,0.30434782608695654,0.13043478260869565,17.91304347826087,0.04748689485044712,4.665825219377329
金沢区,にじいろ保育園金沢文庫,3歳,137.6418439716312,29.5,0.5217391304347826,0.13043478260869565,11.08695652173913,0.04748689485044712,4.665825219377329
鶴見区,北寺尾むつみ保育園,4歳,137.6418439716312,29.5,0.30434782608695654,0.13043478260869565,15.826086956521738,0.04748689485044712,4.665825219377329
泉区,マーヤ保育園,2歳,137.54098360655738,29.5,1.3478260869565217,0.17391304347826086,7.826086956521739,0.07947255880256593,4.6624062239510975
鶴見区,市場ポケット保育園,3歳,137.5,29.5,0.43478260869565216,0.13043478260869565,11.26086956521739,0.06521739130434782,4.661016949152542
鶴見区,ヨコハマさくら保育園,4歳,137.5,29.5,0.0,0.13043478260869565,17.869565217391305,0.06521739130434782,4.661016949152542
旭区,認定こども園二俣川幼稚園,5歳,137.5,29.5,0.2608695652173913,0.17391304347826086,12.304347826086957,0.08695652173913043,4.661016949152542
南区,アスクいどがや保育園,4歳,137.5,29.5,0.13043478260869565,0.17391304347826086,18.043478260869566,0.08695652173913043,4.661016949152542
栄区,上郷いちい保育園,5歳,137.5,29.5,0.0,0.17391304347826086,13.26086956521739,0.08695652173913043,4.661016949152542
中区,ほんもくはら保育園,2歳,137.5,29.5,0.0,0.13043478260869565,8.608695652173912,0.06521739130434782,4.661016949152542
港南区,京急キッズランド上大岡保育園,5歳,137.5,29.5,0.0,0.2608695652173913,10.043478260869565,0.08695652173913043,4.661016949152542
青葉区,ベネッセ　青葉台保育園,3歳,137.5,29.5,0.08695652173913043,0.2608695652173913,12.73913043478261,0.08695652173913043,4.661016949152542
鶴見区,ベネッセ　矢向保育園,1歳,137.5,29.5,0.08695652173913043,0.17391304347826086,9.826086956521738,0.08695652173913043,4.661016949152542
港北区,グローバルキッズ綱島園,0歳,137.5,29.5,5.304347826086956,0.17391304347826086,8.826086956521738,0.05797101449275362,4.661016949152542
保土ケ谷区,ラフ・クルー星川保育園,5歳,137.5,29.5,0.43478260869565216,0.17391304347826086,14.826086956521738,0.05797101449275362,4.661016949152542
青葉区,パレット保育園・たまプラーザ,5歳,137.5,29.5,0.0,0.17391304347826086,7.391304347826087,0.08695652173913043,4.661016949152542
戸塚区,アスク戸塚保育園,5歳,137.5,29.5,0.0,0.17391304347826086,11.695652173913043,0.08695652173913043,4.661016949152542
都筑区,勝田保育園,5歳,137.5,29.5,0.0,0.2608695652173913,18.652173913043477,0.08695652173913043,4.661016949152542
都筑区,勝田保育園,4歳,137.5,29.5,0.0,0.13043478260869565,18.869565217391305,0.06521739130434782,4.661016949152542
泉区,ぬくもりの森しんばし　やよい台こども園,2歳,137.5,29.5,0.5217391304347826,0.17391304347826086,5.086956521739131,0.08695652173913043,4.661016949152542
磯子区,ペガサスわくわくランド,3歳,137.5,29.5,0.6086956521739131,0.13043478260869565,9.478260869565217,0.06521739130434782,4.661016949152542
鶴見区,横浜山手モンテッソーリ保育園,4歳,137.5,29.5,0.0,0.17391304347826086,10.26086956521739,0.08695652173913043,4.661016949152542
金沢区,かまりや保育園,4歳,137.5,29.5,0.043478260869565216,0.13043478260869565,16.565217391304348,0.06521739130434782,4.661016949152542
神奈川区,横浜市西菅田保育園,3歳,137.5,29.5,0.0,0.17391304347826086,13.347826086956522,0.05797101449275362,4.661016949152542
金沢区,にじいろ保育園釜利谷,3歳,137.5,29.5,0.4782608695652174,0.13043478260869565,13.347826086956522,0.06521739130434782,4.661016949152542
緑区,といろきっず中山保育園,2歳,137.5,29.5,0.08695652173913043,0.13043478260869565,5.826086956521739,0.06521739130434782,4.661016949152542
都筑区,池辺おひさま保育園,1歳,137.5,29.5,3.0869565217391304,0.17391304347826086,7.826086956521739,0.05797101449275362,4.661016949152542
栄区,ふぁみりーさぽーと　のあ,4歳,137.5,29.5,0.0,0.17391304347826086,7.869565217391305,0.08695652173913043,4.661016949152542
緑区,たけやまの森保育園,2歳,137.5,29.5,0.043478260869565216,0.13043478260869565,14.652173913043478,0.06521739130434782,4.661016949152542
港北区,日吉チューリップルーム,2歳,137.5,29.5,0.0,0.13043478260869565,2.869565217391304,0.06521739130434782,4.661016949152542
中区,ラフ・クルー元町保育園,1歳,137.5,29.5,0.8695652173913043,0.17391304347826086,9.826086956521738,0.08695652173913043,4.661016949152542
都筑区,わおわお仲町台保育園,4歳,137.5,29.5,0.0,0.17391304347826086,21.82608695652174,0.05434782608695652,4.661016949152542
戸塚区,こんにちは・ありがとうえん,3歳,137.5,29.5,0.0,0.13043478260869565,12.869565217391305,0.06521739130434782,4.661016949152542
都筑区,アスクセンター北保育園,1歳,137.5,29.5,3.652173913043478,0.17391304347826086,9.782608695652174,0.08695652173913043,4.661016949152542
保土ケ谷区,梅の木保育園,0歳,137.5,29.5,12.652173913043478,0.17391304347826086,7.739130434782608,0.05797101449275362,4.661016949152542
青葉区,しらとり台保育園さつきが丘,3歳,137.5,29.5,1.0,0.17391304347826086,14.782608695652174,0.08695652173913043,4.661016949152542
旭区,善部保育園,0歳,137.5,29.5,10.26086956521739,0.13043478260869565,5.869565217391305,0.06521739130434782,4.661016949152542
青葉区,オルタスそらいろ,3歳,137.5,29.5,0.08695652173913043,0.17391304347826086,12.521739130434783,0.08695652173913043,4.661016949152542
港北区,まめどくれっしゅ,4歳,137.5,29.5,0.043478260869565216,0.17391304347826086,10.695652173913043,0.08695652173913043,4.661016949152542
港北区,アスク大倉山保育園,1歳,137.5,29.5,2.739130434782609,0.17391304347826086,15.826086956521738,0.08695652173913043,4.661016949152542
西区,ろぜっと保育園,3歳,137.5,29.5,0.043478260869565216,0.17391304347826086,17.82608695652174,0.05797101449275362,4.661016949152542
都筑区,わおわおセンター北保育園,2歳,137.5,29.5,0.17391304347826086,0.13043478260869565,11.826086956521738,0.05072463768115942,4.661016949152542
南区,つぼみの森保育室,1歳,137.5,29.5,0.0,0.13043478260869565,1.173913043478261,0.06521739130434782,4.661016949152542
港南区,アスク港南中央保育園,4歳,137.5,29.5,0.0,0.17391304347826086,19.0,0.08695652173913043,4.661016949152542
中区,寿福祉センター保育所,3歳,137.5,29.5,0.2608695652173913,0.17391304347826086,12.08695652173913,0.08695652173913043,4.661016949152542
西区,ポピンズナーサリースクールみなとみらい,4歳,137.5,29.5,0.0,0.17391304347826086,9.217391304347826,0.08695652173913043,4.661016949152542
西区,ポピンズナーサリースクール横浜,0歳,137.5,29.5,2.1739130434782608,0.17391304347826086,5.826086956521739,0.05434782608695652,4.661016949152542
中区,横濱中華幼保園,0歳,137.5,29.5,3.3043478260869565,0.17391304347826086,7.826086956521739,0.05434782608695652,4.661016949152542
泉区,立場エンゼル保育園,3歳,137.5,29.5,0.13043478260869565,0.17391304347826086,9.217391304347826,0.08695652173913043,4.661016949152542
西区,ポピンズナーサリースクールみなとみらい,3歳,137.5,29.5,0.0,0.17391304347826086,9.26086956521739,0.08695652173913043,4.661016949152542
旭区,太陽の子　さちが丘保育園,4歳,137.5,29.5,0.043478260869565216,0.13043478260869565,13.869565217391305,0.06521739130434782,4.661016949152542
金沢区,アイン能見台駅前保育園,5歳,137.5,29.5,0.0,0.13043478260869565,11.869565217391305,0.06521739130434782,4.661016949152542
緑区,スターチャイルド≪長津田駅前ナーサリー≫,2歳,137.5,29.5,1.434782608695652,0.13043478260869565,10.869565217391305,0.06521739130434782,4.661016949152542
泉区,横浜文化保育園,1歳,137.47051895752602,29.5,7.086956521739131,0.2608695652173913,23.91304347826087,0.05470576769969244,4.6600175917805435
泉区,白梅いずみ保育園,0歳,137.38726579866625,29.5,7.130434782608695,0.17391304347826086,5.608695652173913,0.06619768870725005,4.657195450802246
旭区,横浜市ひかりが丘保育園,1歳,137.36702127659575,29.5,3.652173913043478,0.13043478260869565,12.956521739130435,0.05874190564292321,4.656509195816805
西区,Maple Nursery WEST,2歳,137.36702127659575,29.5,0.7391304347826086,0.13043478260869565,4.869565217391305,0.05874190564292321,4.656509195816805
港北区,クレシュ新横浜,2歳,137.35776847653375,29.5,1.608695652173913,0.17391304347826086,14.0,0.06496267426492931,4.656195541577415
中区,にじいろ保育園関内,0歳,137.3524013935548,29.5,5.391304347826087,0.17391304347826086,4.6521739130434785,0.05882665858808806,4.65601360656118
神奈川区,羽沢保育園,0歳,137.31664951106535,29.5,6.739130434782608,0.2608695652173913,8.08695652173913,0.07768130859943163,4.654801678341198
鶴見区,鶴見ポケット保育園,3歳,137.3148148148148,29.5,0.5217391304347826,0.2608695652173913,11.782608695652174,0.05233494363929147,4.654739485247959
栄区,横浜市公田保育園,1歳,137.27941176470588,29.5,2.652173913043478,0.34782608695652173,11.391304347826088,0.050831202046035806,4.653539381854436
港北区,キッズラディ,1歳,137.27766123930343,29.5,1.6521739130434783,0.30434782608695654,11.0,0.08083837247626645,4.653480042010286
都筑区,マーマセンター北保育園,1歳,137.2745315973325,29.5,1.3478260869565217,0.21739130434782608,8.73913043478261,0.07041572894086459,4.6533739524519495
都筑区,アスク北山田保育園,1歳,137.2745315973325,29.5,2.1739130434782608,0.2608695652173913,14.26086956521739,0.0889171165449349,4.6533739524519495
戸塚区,小雀みどり保育園,0歳,137.25,29.5,3.3043478260869565,0.34782608695652173,5.6521739130434785,0.0891304347826087,4.6525423728813555
港北区,グローバルキッズ菊名園,1歳,137.22491909385113,29.5,2.347826086956522,0.17391304347826086,14.869565217391305,0.05675155949533324,4.651692172672919
港北区,たんぽぽ保育園,1歳,137.22222222222223,29.5,0.782608695652174,0.13043478260869565,11.91304347826087,0.05958132045088566,4.651600753295669
旭区,太陽の子　鶴ヶ峰保育園,5歳,137.13750985027582,29.5,0.5652173913043478,0.21739130434782608,10.782608695652174,0.09010860999760167,4.648729147466977
保土ケ谷区,保土ケ谷保育園,2歳,137.08333333333334,29.5,0.21739130434782608,0.13043478260869565,22.91304347826087,0.05072463768115942,4.646892655367232
緑区,スターチャイルド≪中山ナーサリー≫,5歳,137.08333333333334,29.5,0.0,0.13043478260869565,12.869565217391305,0.05072463768115942,4.646892655367232
神奈川区,グローバルキッズ大口園,3歳,137.08333333333334,29.5,0.0,0.13043478260869565,12.869565217391305,0.05072463768115942,4.646892655367232
港南区,認定こども園　森が丘幼稚園,5歳,137.08333333333334,29.5,0.0,0.21739130434782608,7.478260869565218,0.07971014492753623,4.646892655367232
都筑区,横浜茅ケ崎保育園,0歳,137.08333333333334,29.5,5.173913043478261,0.13043478260869565,6.260869565217392,0.05072463768115942,4.646892655367232
青葉区,にじいろ保育園青葉台,4歳,137.08333333333334,29.5,0.08695652173913043,0.13043478260869565,14.26086956521739,0.05072463768115942,4.646892655367232
戸塚区,東戸塚みもざ保育園,2歳,137.08333333333334,29.5,0.13043478260869565,0.13043478260869565,9.347826086956522,0.05072463768115942,4.646892655367232
瀬谷区,瀬谷そらいろ保育園,2歳,137.05882352941177,29.5,2.391304347826087,0.13043478260869565,9.956521739130435,0.05626598465473146,4.646061814556331
港北区,ほわいと保育園　きくな,2歳,27.872340425531917,6.0,1.3333333333333333,0.16666666666666666,10.666666666666666,0.07092198581560284,4.645390070921986
緑区,もみの木保育園,4歳,137.03900709219857,29.5,0.43478260869565216,0.17391304347826086,12.434782608695652,0.06922602528522973,4.6453900709219855
神奈川区,こころキッズ,4歳,137.0,29.5,0.0,0.21739130434782608,15.304347826086957,0.05652173913043478,4.6440677966101696
鶴見区,横浜市潮田保育園,3歳,137.0,29.5,0.4782608695652174,0.21739130434782608,23.130434782608695,0.05652173913043478,4.6440677966101696
青葉区,にじいろ保育園江田,3歳,137.0,29.5,0.4782608695652174,0.21739130434782608,9.478260869565217,0.05652173913043478,4.6440677966101696
戸塚区,にじいろ保育園川上町,3歳,136.99468085106383,29.5,0.43478260869565216,0.13043478260869565,17.695652173913043,0.06197964847363552,4.64388748647674
金沢区,横浜市金沢さくら保育園,0歳,136.97517730496455,29.5,8.347826086956522,0.30434782608695654,8.695652173913043,0.08226950354609928,4.643226349320832
鶴見区,みつる保育園,5歳,136.9683908045977,29.5,0.043478260869565216,0.34782608695652173,21.391304347826086,0.09157921039480259,4.642996298460939
旭区,グローバルキッズ南万騎が原園,2歳,136.94444444444446,29.5,2.608695652173913,0.17391304347826086,10.826086956521738,0.05931293612453033,4.642184557438795
保土ケ谷区,桜ヶ丘保育園,4歳,85.83333333333333,18.5,0.08333333333333333,0.16666666666666666,16.833333333333332,0.05555555555555555,4.63963963963964
磯子区,スターチャイルド≪洋光台六丁目ナーサリー≫,4歳,85.83333333333333,18.5,0.0,0.16666666666666666,0.9166666666666666,0.05555555555555555,4.63963963963964
戸塚区,戸塚愛児園,3歳,136.85480693459417,29.5,1.0,0.13043478260869565,34.82608695652174,0.05634357762017337,4.639145997782853
緑区,ひまわり中山駅前保育園,0歳,136.83333333333334,29.5,1.8695652173913044,0.43478260869565216,2.8260869565217392,0.0927536231884058,4.638418079096046
西区,キッズパートナー平沼橋,1歳,136.80851063829786,29.5,0.21739130434782608,0.13043478260869565,5.782608695652174,0.06197964847363552,4.6375766318067075
港北区,おおつな保育園,3歳,136.80851063829786,29.5,0.4782608695652174,0.17391304347826086,35.82608695652174,0.051110083256244214,4.6375766318067075
金沢区,にじいろ保育園金沢文庫,2歳,136.80851063829786,29.5,2.217391304347826,0.13043478260869565,9.91304347826087,0.06197964847363552,4.6375766318067075
戸塚区,メモリー保育園,0歳,136.80851063829786,29.5,4.608695652173913,0.17391304347826086,6.086956521739131,0.06922602528522973,4.6375766318067075
南区,めいとく保育園,1歳,136.80851063829786,29.5,1.3043478260869565,0.13043478260869565,8.91304347826087,0.06197964847363552,4.6375766318067075
都筑区,仲町台もみのき保育室,1歳,136.80851063829786,29.5,0.6521739130434783,0.17391304347826086,8.869565217391305,0.06922602528522973,4.6375766318067075
磯子区,スターチャイルド≪洋光台ナーサリー≫,3歳,136.80851063829786,29.5,0.6521739130434783,0.13043478260869565,13.782608695652174,0.06197964847363552,4.6375766318067075
港北区,グローバルキッズ菊名園,2歳,136.80851063829786,29.5,1.4782608695652173,0.13043478260869565,14.826086956521738,0.06197964847363552,4.6375766318067075
青葉区,わいわいＫｉｄｓつつじが丘保育室,1歳,136.80851063829786,29.5,1.3478260869565217,0.17391304347826086,6.304347826086956,0.051110083256244214,4.6375766318067075
戸塚区,グローバルキッズ戸塚園,4歳,136.80851063829786,29.5,0.21739130434782608,0.17391304347826086,11.652173913043478,0.051110083256244214,4.6375766318067075
港北区,ブライト保育園横浜綱島,0歳,136.79709618980505,29.5,7.3478260869565215,0.34782608695652173,5.6521739130434785,0.09306872878430396,4.637189701349324
中区,アメリカ山徳育こども園,1歳,136.74874491991395,29.5,4.913043478260869,0.17391304347826086,15.826086956521738,0.07175004417466142,4.63555067525132
金沢区,にじいろ保育園釜利谷,2歳,136.72670405522,29.5,2.347826086956522,0.21739130434782608,14.695652173913043,0.06855610158682522,4.634803527295594
都筑区,さんさん森の保育園センター南,0歳,136.72222222222223,29.5,5.217391304347826,0.21739130434782608,5.826086956521739,0.05088566827697263,4.634651600753296
鶴見区,鶴見ポケット保育園,1歳,136.72131147540983,29.5,2.8260869565217392,0.17391304347826086,9.782608695652174,0.07947255880256593,4.6346207279799945
都筑区,認定こども園エクレス,0歳,136.70731707317074,29.5,9.608695652173912,0.21739130434782608,5.130434782608695,0.06486390950866029,4.634146341463415
鶴見区,ビーンズ保育園,0歳,136.66666666666666,29.5,5.391304347826087,0.21739130434782608,7.782608695652174,0.06159420289855072,4.63276836158192
青葉区,たまプラーザ　こどもの詩保育園,4歳,136.66666666666666,29.5,0.0,0.17391304347826086,10.652173913043478,0.07246376811594202,4.63276836158192
鶴見区,花月園前ここわ保育園,3歳,136.66666666666666,29.5,0.6956521739130435,0.21739130434782608,13.217391304347826,0.06159420289855072,4.63276836158192
緑区,みどり寺山保育園,4歳,136.66666666666666,29.5,0.08695652173913043,0.2608695652173913,21.47826086956522,0.05797101449275363,4.63276836158192
鶴見区,總持寺本町通保育園,0歳,136.66666666666666,29.5,6.217391304347826,0.34782608695652173,8.043478260869565,0.09420289855072463,4.63276836158192
港北区,キッズラディ,2歳,136.66666666666666,29.5,0.13043478260869565,0.21739130434782608,11.73913043478261,0.09420289855072463,4.63276836158192
南区,ばばほいくしつ黄金町,1歳,136.66666666666666,29.5,1.173913043478261,0.21739130434782608,7.782608695652174,0.09420289855072463,4.63276836158192
青葉区,アートチャイルドケアろりぽっぷたまプラーザ,1歳,136.66666666666666,29.5,2.347826086956522,0.2608695652173913,11.73913043478261,0.05797101449275363,4.63276836158192
港北区,アスク日吉本町第二保育園,0歳,136.66666666666666,29.5,10.08695652173913,0.21739130434782608,5.782608695652174,0.09420289855072463,4.63276836158192
保土ケ谷区,横浜市神戸保育園,2歳,136.66666666666666,29.5,0.17391304347826086,0.17391304347826086,19.869565217391305,0.07246376811594202,4.63276836158192
鶴見区,太陽の子　尻手保育園,1歳,136.66666666666666,29.5,0.21739130434782608,0.21739130434782608,14.782608695652174,0.09420289855072463,4.63276836158192
港北区,たんぽぽ保育園,4歳,136.62234042553192,29.5,0.17391304347826086,0.13043478260869565,12.73913043478261,0.06197964847363552,4.631265777136675
南区,やすらぎ保育園,2歳,136.62234042553192,29.5,1.5217391304347827,0.17391304347826086,11.521739130434783,0.08371877890841813,4.631265777136675
鶴見区,總持寺本町通保育園,2歳,136.62150276428213,29.5,1.0,0.391304347826087,23.391304347826086,0.08534493433464203,4.631237381840072
戸塚区,銀杏保育園,0歳,136.60580793559518,29.5,1.8695652173913044,0.30434782608695654,4.478260869565218,0.08023935128467968,4.630705353748989
磯子区,ヨコハマみらい保育園,0歳,136.57801418439718,29.5,7.3478260869565215,0.2608695652173913,5.6521739130434785,0.09497378970089423,4.6297631926914296
旭区,三ツ境たんぽぽ保育園,3歳,136.48936170212767,29.5,0.5217391304347826,0.21739130434782608,11.652173913043478,0.09574468085106382,4.626758023800938
金沢区,アイグラン保育園富岡東,0歳,136.39282899921199,29.5,6.956521739130435,0.17391304347826086,5.826086956521739,0.07808270805495597,4.623485728786847
金沢区,しののめ並木保育園,1歳,136.38888888888889,29.5,1.9565217391304348,0.2608695652173913,14.73913043478261,0.05233494363929147,4.623352165725047
南区,京急キッズランド黄金町保育園,0歳,136.32978723404256,29.5,3.652173913043478,0.21739130434782608,5.782608695652174,0.06475485661424607,4.6213487197980525
南区,中村愛児園,2歳,136.3031914893617,29.5,1.6956521739130435,0.13043478260869565,13.304347826086957,0.05874190564292321,4.620447169130905
都筑区,アソシエふれあいの丘保育園,4歳,136.2962962962963,29.5,0.34782608695652173,0.21739130434782608,14.782608695652174,0.09742351046698872,4.620213433772756
保土ケ谷区,エルアンジュ保育園（分園含む）,2歳,136.25640346228582,29.5,2.608695652173913,0.21739130434782608,14.0,0.06518026978385034,4.618861134314773
都筑区,パレット保育園・牛久保西,1歳,136.2520729684909,29.5,1.7391304347826086,0.17391304347826086,12.608695652173912,0.06379936068450019,4.618714337914946
旭区,ちゃいれっく　上白根保育室,2歳,136.25,29.5,0.13043478260869565,0.17391304347826086,5.826086956521739,0.08695652173913043,4.61864406779661
保土ケ谷区,プチアンジュ保育園,2歳,136.25,29.5,1.1304347826086956,0.13043478260869565,16.608695652173914,0.06521739130434782,4.61864406779661
磯子区,森おひさま保育園,0歳,136.25,29.5,0.6956521739130435,0.17391304347826086,1.0869565217391304,0.08695652173913043,4.61864406779661
港南区,港南台保育センター,5歳,136.25,29.5,0.043478260869565216,0.13043478260869565,9.565217391304348,0.06521739130434782,4.61864406779661
戸塚区,柏尾スマイル保育園,3歳,136.25,29.5,0.043478260869565216,0.13043478260869565,10.695652173913043,0.06521739130434782,4.61864406779661
栄区,横浜市桂台保育園,4歳,136.25,29.5,1.0,0.13043478260869565,17.82608695652174,0.06521739130434782,4.61864406779661
中区,うちゅうこども園やまて,3歳,136.25,29.5,0.0,0.13043478260869565,11.869565217391305,0.06521739130434782,4.61864406779661
港北区,グローバルキッズ日吉園,2歳,136.25,29.5,1.9130434782608696,0.13043478260869565,11.73913043478261,0.06521739130434782,4.61864406779661
鶴見区,尻手すきっぷ保育園,2歳,136.25,29.5,0.21739130434782608,0.13043478260869565,11.869565217391305,0.06521739130434782,4.61864406779661
神奈川区,横浜大口雲母保育園,1歳,136.25,29.5,2.0,0.13043478260869565,9.869565217391305,0.06521739130434782,4.61864406779661
西区,あそびの杜保育園（分園含む）,4歳,136.25,29.5,0.0,0.13043478260869565,15.08695652173913,0.06521739130434782,4.61864406779661
磯子区,あっぷる滝頭保育園,0歳,136.25,29.5,3.3043478260869565,0.17391304347826086,5.826086956521739,0.08695652173913043,4.61864406779661
神奈川区,こころキッズ,2歳,136.25,29.5,0.8260869565217391,0.13043478260869565,8.956521739130435,0.06521739130434782,4.61864406779661
都筑区,中川保育園,5歳,136.25,29.5,0.0,0.13043478260869565,8.217391304347826,0.06521739130434782,4.61864406779661
中区,寿福祉センター保育所,5歳,136.25,29.5,0.0,0.13043478260869565,12.391304347826088,0.06521739130434782,4.61864406779661
戸塚区,あーす保育園戸塚Ａｎｎｅｘ,0歳,136.25,29.5,7.826086956521739,0.13043478260869565,2.869565217391304,0.06521739130434782,4.61864406779661
中区,ニチイキッズ桜木町保育園,1歳,136.25,29.5,0.34782608695652173,0.17391304347826086,6.217391304347826,0.07246376811594202,4.61864406779661
青葉区,青葉フレール保育園,4歳,136.25,29.5,0.0,0.13043478260869565,22.82608695652174,0.06521739130434782,4.61864406779661
鶴見区,えみ保育園,3歳,136.25,29.5,0.043478260869565216,0.13043478260869565,18.869565217391305,0.06521739130434782,4.61864406779661
神奈川区,ＧＥＮＫＩＤＳバイリンガル保育園新子安,1歳,136.25,29.5,0.9130434782608695,0.13043478260869565,9.91304347826087,0.06521739130434782,4.61864406779661
都筑区,ポピンズナーサリースクールセンター南,2歳,136.25,29.5,0.34782608695652173,0.13043478260869565,7.782608695652174,0.06521739130434782,4.61864406779661
都筑区,保育ルームキューティー北山田,1歳,136.25,29.5,1.3478260869565217,0.13043478260869565,8.26086956521739,0.06521739130434782,4.61864406779661
都筑区,保育ルームキューティーユー,0歳,136.25,29.5,1.0,0.2608695652173913,1.434782608695652,0.06521739130434782,4.61864406779661
神奈川区,ナーサリー横浜ポートサイド,1歳,136.25,29.5,2.1739130434782608,0.13043478260869565,15.782608695652174,0.06521739130434782,4.61864406779661
神奈川区,スターチャイルド≪横浜ステーションナーサリー≫,2歳,136.25,29.5,0.21739130434782608,0.13043478260869565,7.826086956521739,0.06521739130434782,4.61864406779661
神奈川区,ウィズブック保育園青木町,1歳,136.25,29.5,1.173913043478261,0.13043478260869565,7.826086956521739,0.06521739130434782,4.61864406779661
鶴見区,横浜市鶴見保育園,4歳,136.25,29.5,0.8695652173913043,0.17391304347826086,16.82608695652174,0.05434782608695652,4.61864406779661
戸塚区,ちゃいれっく前田町保育園,3歳,136.25,29.5,0.17391304347826086,0.13043478260869565,5.3478260869565215,0.06521739130434782,4.61864406779661
栄区,かつら愛児園,5歳,136.25,29.5,0.17391304347826086,0.17391304347826086,51.0,0.08695652173913043,4.61864406779661
瀬谷区,ティンクル瀬谷保育園,5歳,136.25,29.5,0.08695652173913043,0.13043478260869565,21.82608695652174,0.06521739130434782,4.61864406779661
都筑区,アスク北山田保育園,5歳,136.25,29.5,0.0,0.13043478260869565,14.826086956521738,0.06521739130434782,4.61864406779661
港北区,スターチャイルド≪新吉田ナーサリー≫,0歳,136.25,29.5,9.91304347826087,0.13043478260869565,5.869565217391305,0.06521739130434782,4.61864406779661
港北区,Gakkenほいくえん日吉本町,3歳,136.25,29.5,0.21739130434782608,0.13043478260869565,17.782608695652176,0.06521739130434782,4.61864406779661
港北区,聖保育園第二,2歳,136.25,29.5,0.5652173913043478,0.13043478260869565,7.782608695652174,0.06521739130434782,4.61864406779661
磯子区,汐見台第二愛育園,1歳,136.25,29.5,0.6086956521739131,0.13043478260869565,7.217391304347826,0.06521739130434782,4.61864406779661
港南区,港南台保育センター,4歳,136.25,29.5,0.6086956521739131,0.13043478260869565,9.565217391304348,0.06521739130434782,4.61864406779661
神奈川区,グローバルキッズ新子安第二保育園,4歳,136.25,29.5,0.0,0.13043478260869565,11.391304347826088,0.06521739130434782,4.61864406779661
港北区,アスク日吉東保育園,5歳,136.25,29.5,0.0,0.17391304347826086,15.826086956521738,0.05434782608695652,4.61864406779661
磯子区,根岸すみれ保育園,0歳,136.25,29.5,3.608695652173913,0.17391304347826086,1.565217391304348,0.07246376811594202,4.61864406779661
金沢区,金沢愛児園,1歳,136.2336387434555,29.5,6.130434782608695,0.43478260869565216,18.565217391304348,0.08886296380605509,4.618089448930695
神奈川区,浦島保育園,2歳,136.20567375886526,29.5,0.21739130434782608,0.17391304347826086,15.608695652173912,0.06922602528522973,4.617141483351364
鶴見区,おれんじハウス鶴見保育園,0歳,136.20567375886526,29.5,2.217391304347826,0.2608695652173913,1.7826086956521738,0.09821153253160653,4.617141483351364
中区,アスク馬車道保育園,0歳,136.2037922205195,29.5,5.565217391304348,0.21739130434782608,6.695652173913044,0.07446651860822277,4.617077702390491
港北区,第二福澤保育センター,2歳,136.19857814070866,29.5,1.6956521739130435,0.17391304347826086,24.82608695652174,0.06728340932223725,4.616900953922327
磯子区,磯子おひさま保育園,2歳,136.1233254531127,29.5,3.260869565217391,0.17391304347826086,15.347826086956522,0.0679377805187241,4.6143500153597525
西区,平沼保育園,2歳,136.11702127659575,29.5,1.173913043478261,0.13043478260869565,11.869565217391305,0.05874190564292321,4.614136314460873
南区,キッズパートナー弘明寺,0歳,136.11702127659575,29.5,4.6521739130434785,0.21739130434782608,2.782608695652174,0.09898242368177614,4.614136314460873
金沢区,コンビプラザレイディアント保育園,2歳,136.11702127659575,29.5,0.7391304347826086,0.13043478260869565,8.91304347826087,0.05874190564292321,4.614136314460873
神奈川区,Gakkenほいくえん反町,2歳,136.11702127659575,29.5,0.782608695652174,0.13043478260869565,9.869565217391305,0.05874190564292321,4.614136314460873
青葉区,グローバルキッズあざみ野園,2歳,136.08333333333334,29.5,0.6086956521739131,0.21739130434782608,10.73913043478261,0.08840579710144927,4.612994350282486
神奈川区,横浜すきっぷ保育園,1歳,136.02048857368007,29.5,1.434782608695652,0.21739130434782608,7.739130434782608,0.09982183848973858,4.610864019446782
戸塚区,レインボー保育園,1歳,136.0087145969499,29.5,4.304347826086956,0.2608695652173913,9.26086956521739,0.07474345615863091,4.610464901591522
港南区,認定こども園　大谷幼稚園,4歳,135.97517730496455,29.5,0.9565217391304348,0.2608695652173913,2.9565217391304346,0.05473327166204132,4.609328044236086
都筑区,やまた保育園,0歳,135.97222222222223,29.5,10.434782608695652,0.13043478260869565,9.869565217391305,0.05958132045088566,4.609227871939736
港南区,小学館アカデミーかみおおおか保育園,3歳,135.96690307328606,29.5,1.434782608695652,0.17391304347826086,9.91304347826087,0.0679377805187241,4.609047561806308
金沢区,明徳釜利谷保育園,2歳,135.94594594594594,29.5,1.9565217391304348,0.17391304347826086,19.82608695652174,0.06698002350176262,4.608337150710032
栄区,横浜市桂台保育園,0歳,135.90311753328024,29.5,7.565217391304348,0.2608695652173913,8.347826086956522,0.07381591943816464,4.606885340111194
港北区,アイグラン保育園高田東,2歳,135.83924349881798,29.5,1.7391304347826086,0.17391304347826086,14.782608695652174,0.07484496522424366,4.604720118603999
中区,アメリカ山徳育こども園,0歳,135.83333333333334,29.5,6.608695652173913,0.21739130434782608,8.782608695652174,0.07971014492753623,4.6045197740113
鶴見区,新鶴見はなかご保育園,5歳,135.83333333333334,29.5,0.0,0.2608695652173913,11.391304347826088,0.10144927536231883,4.6045197740113
中区,アメリカ山徳育こども園,5歳,135.83333333333334,29.5,0.0,0.17391304347826086,21.82608695652174,0.05797101449275362,4.6045197740113
青葉区,しらとり台保育園つつじが丘,2歳,135.83333333333334,29.5,0.5217391304347826,0.2608695652173913,10.73913043478261,0.10144927536231883,4.6045197740113
都筑区,パレット保育園・牛久保西,2歳,135.83333333333334,29.5,0.34782608695652173,0.17391304347826086,13.347826086956522,0.07246376811594202,4.6045197740113
緑区,ポピンズナーサリースクール横浜十日市場,0歳,135.83333333333334,29.5,5.782608695652174,0.17391304347826086,5.826086956521739,0.07246376811594202,4.6045197740113
青葉区,市が尾こどものいえ保育園,5歳,135.83333333333334,29.5,0.0,0.17391304347826086,7.608695652173913,0.07246376811594202,4.6045197740113
戸塚区,東戸塚みもざ保育園,0歳,135.83333333333334,29.5,2.6956521739130435,0.17391304347826086,1.9565217391304348,0.07246376811594202,4.6045197740113
磯子区,根岸サンフラワー保育園,1歳,135.83333333333334,29.5,1.7391304347826086,0.17391304347826086,4.826086956521739,0.05797101449275362,4.6045197740113
緑区,といろきっず中山保育園,0歳,135.83333333333334,29.5,3.9130434782608696,0.21739130434782608,2.782608695652174,0.07971014492753623,4.6045197740113
西区,キッズパートナー平沼橋,2歳,135.83333333333334,29.5,0.34782608695652173,0.17391304347826086,6.826086956521739,0.07246376811594202,4.6045197740113
港北区,横浜市南日吉保育園,0歳,135.83333333333334,29.5,13.73913043478261,0.2608695652173913,5.739130434782608,0.10144927536231883,4.6045197740113
港北区,横浜市大曽根保育園,1歳,135.83333333333334,29.5,1.3043478260869565,0.2608695652173913,10.73913043478261,0.10144927536231883,4.6045197740113
都筑区,ナーサリーつづき,1歳,135.81524303916942,29.5,4.3478260869565215,0.6956521739130435,17.347826086956523,0.06147280300387796,4.603906543700658
神奈川区,きゃんばす子安台保育園,1歳,135.7941176470588,29.5,1.3478260869565217,0.17391304347826086,7.826086956521739,0.06786018755328219,4.603190428713858
港南区,赤い屋根保育園,5歳,135.74468085106383,29.5,0.21739130434782608,0.17391304347826086,23.82608695652174,0.08048103607770582,4.601514605120808
港北区,グローバルキッズ綱島園,2歳,135.64814814814815,29.5,0.34782608695652173,0.17391304347826086,17.043478260869566,0.08132045088566828,4.598242310106717
都筑区,わおわお仲町台保育園,2歳,135.64579054115154,29.5,1.6956521739130435,0.21739130434782608,19.91304347826087,0.08670180469971192,4.598162391225476
神奈川区,浦島保育園,1歳,135.5718954248366,29.5,1.4782608695652173,0.2608695652173913,7.565217391304348,0.06914843231978782,4.59565747202836
青葉区,大場りとる・ピッピ,1歳,135.55851063829786,29.5,0.043478260869565216,0.13043478260869565,3.260869565217391,0.06197964847363552,4.595203750450775
都筑区,ＫＩＤＳＦＯＲＥ　ＡＣＡＤＥＭＹ,2歳,135.55851063829786,29.5,2.347826086956522,0.17391304347826086,18.347826086956523,0.06922602528522973,4.595203750450775
旭区,横浜市柏保育園,0歳,135.55851063829786,29.5,9.043478260869565,0.13043478260869565,8.73913043478261,0.06197964847363552,4.595203750450775
金沢区,京急キッズランド金沢文庫保育園,3歳,135.55851063829786,29.5,0.4782608695652174,0.13043478260869565,10.043478260869565,0.06197964847363552,4.595203750450775
青葉区,あざみ野ひだまり保育園,0歳,135.55851063829786,29.5,1.0869565217391304,0.17391304347826086,1.2608695652173914,0.08371877890841813,4.595203750450775
港北区,まなびの森　日吉こども園,2歳,85.0,18.5,0.25,0.16666666666666666,12.75,0.08333333333333333,4.594594594594595
戸塚区,まなびの森　ヴィラ東戸塚こども園,4歳,85.0,18.5,0.0,0.16666666666666666,14.166666666666666,0.08333333333333333,4.594594594594595
保土ケ谷区,認定こども園　森のルーナ,5歳,85.0,18.5,0.0,0.25,11.75,0.0625,4.594594594594595
保土ケ谷区,認定こども園　森のルーナ,3歳,85.0,18.5,0.0,0.16666666666666666,11.666666666666666,0.08333333333333333,4.594594594594595
港北区,スターチャイルド≪日吉本町駅前ナーサリー≫,1歳,85.0,18.5,0.0,0.16666666666666666,9.666666666666666,0.08333333333333333,4.594594594594595
都筑区,どんぐり保育室,0歳,85.0,18.5,0.25,0.16666666666666666,1.6666666666666667,0.08333333333333333,4.594594594594595
戸塚区,明日葉保育園東戸塚園,0歳,135.51324503311258,29.5,6.478260869565218,0.2608695652173913,6.260869565217392,0.0694884345906517,4.593669323156359
都筑区,エンジェルプラネット,4歳,126.25,27.5,0.0,0.13636363636363635,12.772727272727273,0.06818181818181818,4.590909090909091
青葉区,ポピンズナーサリースクールあざみ野,2歳,135.4255319148936,29.5,0.5217391304347826,0.17391304347826086,9.695652173913043,0.07724329324699353,4.590695997115038
神奈川区,ひびき金港町保育園,3歳,135.41666666666666,29.5,0.043478260869565216,0.17391304347826086,14.782608695652174,0.07246376811594202,4.590395480225989
中区,山元町保育園,5歳,135.41666666666666,29.5,0.0,0.2608695652173913,24.73913043478261,0.05797101449275363,4.590395480225989
旭区,旭ローズ保育園,2歳,135.37234042553192,29.5,1.6956521739130435,0.21739130434782608,9.73913043478261,0.10545790934320075,4.588892895780743
青葉区,太陽の子　桜台保育園,2歳,135.37234042553192,29.5,2.5652173913043477,0.21739130434782608,9.73913043478261,0.10545790934320075,4.588892895780743
神奈川区,グローバルキッズ新子安保育園,2歳,135.37234042553192,29.5,0.5652173913043478,0.17391304347826086,10.347826086956522,0.08371877890841813,4.588892895780743
港北区,アイグラン保育園高田東,4歳,135.37234042553192,29.5,0.2608695652173913,0.17391304347826086,18.82608695652174,0.08371877890841813,4.588892895780743
港北区,たかた保育園,2歳,135.37037037037038,29.5,1.434782608695652,0.17391304347826086,12.73913043478261,0.07568438003220612,4.588826114249843
栄区,ふれあいの家　にこにこ保育園,1歳,135.32899921197793,29.5,1.4782608695652173,0.17391304347826086,8.695652173913043,0.07484496522424366,4.5874237021009465
戸塚区,ニチイキッズ東戸塚保育園,0歳,135.30172413793105,29.5,3.652173913043478,0.34782608695652173,1.6956521739130435,0.09157921039480259,4.586499123319697
鶴見区,鶴見どろんこ保育園,3歳,135.2941176470588,29.5,0.8695652173913043,0.21739130434782608,19.782608695652176,0.09974424552429667,4.586241276171485
金沢区,北六浦いちい保育園,2歳,135.19039592565406,29.5,0.9130434782608695,0.30434782608695654,14.91304347826087,0.10704003542909513,4.582725285615392
都筑区,木下の保育園　センター南,1歳,135.17857142857142,29.5,0.43478260869565216,0.30434782608695654,11.695652173913043,0.059006211180124224,4.582324455205811
青葉区,もみじ第二保育園,4歳,135.17857142857142,29.5,0.043478260869565216,0.30434782608695654,12.0,0.059006211180124224,4.582324455205811
戸塚区,横浜市原宿保育園,5歳,135.17857142857142,29.5,0.0,0.30434782608695654,17.217391304347824,0.059006211180124224,4.582324455205811
港北区,ベネッセ　日吉保育園,5歳,135.14775413711584,29.5,0.9565217391304348,0.17391304347826086,14.782608695652174,0.07160722239353136,4.581279801258164
保土ケ谷区,川島保育園,2歳,50.37234042553192,11.0,0.7272727272727273,0.18181818181818182,14.545454545454545,0.08413926499032881,4.579303675048356
都筑区,中川こども園,1歳,50.37234042553192,11.0,0.45454545454545453,0.18181818181818182,20.545454545454547,0.08413926499032881,4.579303675048356
戸塚区,明日葉保育園第三戸塚園,3歳,135.0531914893617,29.5,1.4782608695652173,0.21739130434782608,11.391304347826088,0.09898242368177614,4.578074287774973
港北区,さくらんぼ保育園,0歳,135.04098360655738,29.5,9.826086956521738,0.21739130434782608,2.782608695652174,0.10121168923734854,4.577660461239233
金沢区,しののめ保育園,0歳,135.0,29.5,5.478260869565218,0.17391304347826086,7.739130434782608,0.07246376811594202,4.576271186440678
中区,寿福祉センター保育所,4歳,135.0,29.5,0.0,0.21739130434782608,12.608695652173912,0.10869565217391304,4.576271186440678
港北区,Gakkenほいくえん綱島,0歳,135.0,29.5,14.91304347826087,0.30434782608695654,5.695652173913044,0.10869565217391304,4.576271186440678
保土ケ谷区,千丸台保育園,2歳,135.0,29.5,1.6521739130434783,0.21739130434782608,17.73913043478261,0.10869565217391304,4.576271186440678
港北区,みらいく高田園,2歳,135.0,29.5,0.21739130434782608,0.21739130434782608,9.695652173913043,0.10869565217391304,4.576271186440678
西区,横浜岡野すきっぷ保育園,3歳,135.0,29.5,0.17391304347826086,0.21739130434782608,11.695652173913043,0.10869565217391304,4.576271186440678
保土ケ谷区,ＧＥＮＫＩＤＳ星川保育園,5歳,135.0,29.5,0.0,0.21739130434782608,9.869565217391305,0.10869565217391304,4.576271186440678
南区,くらき永田保育園,5歳,135.0,29.5,0.4782608695652174,0.17391304347826086,17.82608695652174,0.08695652173913043,4.576271186440678
栄区,認定こども園　いのやま保育園,4歳,135.0,29.5,0.0,0.21739130434782608,10.782608695652174,0.10869565217391304,4.576271186440678
港北区,ちいさなたね保育園,3歳,135.0,29.5,0.0,0.21739130434782608,11.695652173913043,0.10869565217391304,4.576271186440678
青葉区,にじいろ保育園青葉台,5歳,135.0,29.5,0.0,0.21739130434782608,14.173913043478262,0.10869565217391304,4.576271186440678
港南区,港南台きらきら保育園,2歳,135.0,29.5,0.391304347826087,0.17391304347826086,10.826086956521738,0.08695652173913043,4.576271186440678
鶴見区,ひまわりニコニコ保育園,1歳,135.0,29.5,0.391304347826087,0.21739130434782608,7.782608695652174,0.10869565217391304,4.576271186440678
港北区,森のエルマー保育園,2歳,135.0,29.5,0.043478260869565216,0.21739130434782608,10.608695652173912,0.10869565217391304,4.576271186440678
港北区,ヒューマンアカデミー大倉山保育園,3歳,135.0,29.5,0.5217391304347826,0.21739130434782608,17.782608695652176,0.10869565217391304,4.576271186440678
南区,六ツ川西保育園,5歳,135.0,29.5,0.043478260869565216,0.21739130434782608,18.565217391304348,0.10869565217391304,4.576271186440678
磯子区,横浜市洋光台第二保育園,3歳,135.0,29.5,0.6086956521739131,0.17391304347826086,23.565217391304348,0.08695652173913043,4.576271186440678
港南区,白峰保育園,5歳,135.0,29.5,0.0,0.21739130434782608,17.608695652173914,0.10869565217391304,4.576271186440678
磯子区,金剛保育園,3歳,135.0,29.5,0.2608695652173913,0.13043478260869565,21.782608695652176,0.06521739130434782,4.576271186440678
港北区,グローバルキッズ下田町園,3歳,135.0,29.5,0.043478260869565216,0.17391304347826086,9.695652173913043,0.08695652173913043,4.576271186440678
神奈川区,スターチャイルド≪岸根公園ナーサリー≫,0歳,135.0,29.5,5.6521739130434785,0.13043478260869565,5.869565217391305,0.06521739130434782,4.576271186440678
鶴見区,わくわくの森保育園,0歳,135.0,29.5,3.3043478260869565,0.17391304347826086,2.782608695652174,0.08695652173913043,4.576271186440678
神奈川区,Gakkenほいくえん片倉,3歳,135.0,29.5,0.0,0.13043478260869565,11.869565217391305,0.06521739130434782,4.576271186440678
磯子区,西町星の子保育園,5歳,135.0,29.5,0.0,0.21739130434782608,11.695652173913043,0.10869565217391304,4.576271186440678
旭区,キッズビレッジつくし保育園,5歳,135.0,29.5,0.043478260869565216,0.21739130434782608,11.826086956521738,0.10869565217391304,4.576271186440678
戸塚区,しんざわあゆみ保育室,2歳,135.0,29.5,0.391304347826087,0.13043478260869565,9.826086956521738,0.06521739130434782,4.576271186440678
磯子区,屏風ゆめの森保育園,5歳,135.0,29.5,0.043478260869565216,0.21739130434782608,13.521739130434783,0.10869565217391304,4.576271186440678
磯子区,屏風ヶ浦保育園,4歳,135.0,29.5,0.043478260869565216,0.17391304347826086,19.82608695652174,0.08695652173913043,4.576271186440678
港北区,アイグラン保育園高田東,3歳,135.0,29.5,0.17391304347826086,0.17391304347826086,19.391304347826086,0.08695652173913043,4.576271186440678
神奈川区,いずみ反町保育園,0歳,135.0,29.5,1.7391304347826086,0.21739130434782608,2.9130434782608696,0.07608695652173914,4.576271186440678
瀬谷区,シャローム三育保育園,4歳,135.0,29.5,0.043478260869565216,0.13043478260869565,15.956521739130435,0.06521739130434782,4.576271186440678
鶴見区,上末吉白百合保育園,2歳,135.0,29.5,1.0434782608695652,0.21739130434782608,11.782608695652174,0.10869565217391304,4.576271186440678
旭区,善部保育園,5歳,135.0,29.5,0.0,0.21739130434782608,15.782608695652174,0.10869565217391304,4.576271186440678
都筑区,アスク北山田保育園,4歳,135.0,29.5,0.08695652173913043,0.13043478260869565,15.0,0.06521739130434782,4.576271186440678
保土ケ谷区,霞台保育園（分園含む）,5歳,135.0,29.5,0.0,0.21739130434782608,14.782608695652174,0.10869565217391304,4.576271186440678
保土ケ谷区,岩間保育園,0歳,135.0,29.5,3.608695652173913,0.21739130434782608,1.7826086956521738,0.10869565217391304,4.576271186440678
金沢区,マミーズエンジェル金沢文庫駅前保育園,4歳,135.0,29.5,0.0,0.17391304347826086,13.26086956521739,0.07246376811594202,4.576271186440678
戸塚区,メモリー保育園,4歳,135.0,29.5,0.5217391304347826,0.21739130434782608,11.782608695652174,0.10869565217391304,4.576271186440678
青葉区,もみじ第二保育園,5歳,135.0,29.5,0.0,0.13043478260869565,14.695652173913043,0.06521739130434782,4.576271186440678
港南区,つばさ保育園,5歳,135.0,29.5,0.30434782608695654,0.21739130434782608,18.782608695652176,0.10869565217391304,4.576271186440678
金沢区,西柴保育園,2歳,135.0,29.5,0.4782608695652174,0.17391304347826086,12.826086956521738,0.07246376811594202,4.576271186440678
緑区,新治保育園,3歳,135.0,29.5,0.043478260869565216,0.21739130434782608,5.782608695652174,0.07608695652173914,4.576271186440678
鶴見区,桑の実鶴見保育園,3歳,135.0,29.5,0.5652173913043478,0.21739130434782608,13.0,0.10869565217391304,4.576271186440678
泉区,サクラフェリーチェ保育園,0歳,135.0,29.5,5.478260869565218,0.17391304347826086,5.826086956521739,0.07246376811594202,4.576271186440678
青葉区,ＭＩＷＡあかね台光の子保育園,4歳,135.0,29.5,1.434782608695652,0.21739130434782608,18.0,0.10869565217391304,4.576271186440678
港南区,ちゅーりっぷキッズ,2歳,135.0,29.5,0.043478260869565216,0.17391304347826086,3.0434782608695654,0.07246376811594202,4.576271186440678
緑区,新治保育園,4歳,135.0,29.5,0.0,0.21739130434782608,5.521739130434782,0.10869565217391304,4.576271186440678
港南区,丸山台保育園,5歳,135.0,29.5,0.0,0.13043478260869565,19.82608695652174,0.06521739130434782,4.576271186440678
都筑区,ポピンズナーサリースクールセンター南,3歳,135.0,29.5,0.13043478260869565,0.13043478260869565,7.869565217391305,0.06521739130434782,4.576271186440678
瀬谷区,NPO法人ちびっこハウス,2歳,135.0,29.5,0.0,0.13043478260869565,10.652173913043478,0.06521739130434782,4.576271186440678
港北区,にじいろ保育園日吉,4歳,135.0,29.5,0.0,0.17391304347826086,17.52173913043478,0.07246376811594202,4.576271186440678
神奈川区,たいせつ横浜ポートサイド保育園,0歳,135.0,29.5,2.782608695652174,0.21739130434782608,2.782608695652174,0.10869565217391304,4.576271186440678
港北区,光の園保育園,4歳,135.0,29.5,0.391304347826087,0.21739130434782608,8.695652173913043,0.10869565217391304,4.576271186440678
港北区,光の園第二保育園,5歳,135.0,29.5,0.043478260869565216,0.21739130434782608,17.782608695652176,0.10869565217391304,4.576271186440678
中区,ほんもくはら保育園,1歳,135.0,29.5,0.13043478260869565,0.17391304347826086,8.130434782608695,0.08695652173913043,4.576271186440678
鶴見区,鶴見中央はなかご保育園,2歳,135.0,29.5,0.21739130434782608,0.17391304347826086,8.869565217391305,0.08695652173913043,4.576271186440678
鶴見区,鶴見中央はなかご保育園,5歳,135.0,29.5,0.0,0.13043478260869565,11.521739130434783,0.06521739130434782,4.576271186440678
緑区,スターチャイルド≪長津田ナーサリー≫,4歳,134.9113475177305,29.5,0.5217391304347826,0.30434782608695654,11.304347826086957,0.07323465926611163,4.5732660175501865
青葉区,木下の保育園　たまプラーザ,1歳,134.9113475177305,29.5,1.0,0.2608695652173913,12.652173913043478,0.10946654332408264,4.5732660175501865
都筑区,中川小桜愛児園,2歳,134.86702127659575,29.5,0.6521739130434783,0.17391304347826086,19.73913043478261,0.08048103607770582,4.571763433104941
泉区,御霊神社保育園,2歳,134.86318407960198,29.5,4.695652173913044,0.34782608695652173,17.652173913043477,0.10988535582954789,4.571633358630575
神奈川区,メリー★ポピンズ東神奈川ルーム,1歳,134.83089869799937,29.5,0.6521739130434783,0.17391304347826086,6.826086956521739,0.06619768870725005,4.570538938915233
青葉区,サンキッズ荏田西保育園,0歳,134.79861331639674,29.5,7.739130434782608,0.30434782608695654,8.521739130434783,0.11044684072698487,4.569444519199889
都筑区,エンジェルプラネット,2歳,125.64814814814815,27.5,1.0,0.22727272727272727,10.5,0.10774410774410774,4.569023569023569
鶴見区,かもめ保育園,3歳,134.7340425531915,29.5,0.4782608695652174,0.17391304347826086,11.826086956521738,0.07400555041628122,4.567255679769203
都筑区,パレット保育園・牛久保西,0歳,134.7261623325453,29.5,3.869565217391304,0.21739130434782608,5.739130434782608,0.08209134203583787,4.566988553645603
磯子区,つくしんぼ保育園,0歳,134.69594594594594,29.5,1.7826086956521738,0.21739130434782608,2.391304347826087,0.07422640031335682,4.565964269354099
西区,ポピンズナーサリースクールみなとみらい,0歳,134.68085106382978,29.5,5.913043478260869,0.21739130434782608,5.782608695652174,0.10222016651248843,4.565452578434908
戸塚区,聖母の園保育園,1歳,134.66197058302322,29.5,3.608695652173913,0.34782608695652173,17.130434782608695,0.08101097422226332,4.56481256213638
南区,小さな足あと保育園,3歳,134.65848490489591,29.5,1.5217391304347827,0.2608695652173913,13.956521739130435,0.07444356576871933,4.5646944035557935
西区,にじいろ保育園平沼,2歳,134.61065573770492,29.5,0.9130434782608695,0.21739130434782608,13.782608695652174,0.06860299358517462,4.563073075854404
南区,木の花保育園,2歳,134.58333333333334,29.5,0.4782608695652174,0.17391304347826086,8.826086956521738,0.07246376811594202,4.562146892655368
鶴見区,三色えのぐの保育園,1歳,134.4503546099291,29.5,0.21739130434782608,0.17391304347826086,6.391304347826087,0.06598828245451742,4.5576391393196305
中区,ポピンズナーサリースクール馬車道,3歳,134.375,29.5,0.43478260869565216,0.21739130434782608,8.782608695652174,0.07608695652173914,4.555084745762712
瀬谷区,横浜市中屋敷保育園,0歳,134.3586387434555,29.5,6.695652173913044,0.34782608695652173,4.826086956521739,0.07255861597996813,4.554530126896796
鶴見区,鶴見ルーナ保育園,4歳,134.30851063829786,29.5,0.34782608695652173,0.21739130434782608,19.782608695652176,0.10545790934320075,4.5528308690948425
西区,桃の木保育園,3歳,134.30851063829786,29.5,0.17391304347826086,0.17391304347826086,11.869565217391305,0.08371877890841813,4.5528308690948425
鶴見区,鶴見中央ハート保育園,1歳,134.30851063829786,29.5,0.391304347826087,0.21739130434782608,8.347826086956522,0.09096515572001233,4.5528308690948425
港南区,笹下南つくしんぼ保育園,0歳,134.2892156862745,29.5,6.304347826086956,0.2608695652173913,4.478260869565218,0.07139812446717818,4.552176802924559
金沢区,かまりや保育園,5歳,134.23611111111111,29.5,0.0,1.0,14.043478260869565,0.11533816425120773,4.550376647834275
金沢区,ゆめ和ほいくえん,2歳,134.22904684614753,29.5,1.391304347826087,0.21739130434782608,11.347826086956522,0.08230074828857051,4.55013718122534
金沢区,かぜのねこども園,1歳,84.16666666666667,18.5,2.9166666666666665,0.4166666666666667,15.583333333333334,0.06944444444444445,4.54954954954955
金沢区,かぜのねこども園,3歳,84.16666666666667,18.5,0.08333333333333333,0.4166666666666667,18.666666666666668,0.06944444444444445,4.54954954954955
磯子区,根岸第二サンフラワー保育園,1歳,84.16666666666667,18.5,1.3333333333333333,0.4166666666666667,6.75,0.06944444444444445,4.54954954954955
港北区,天才キッズクラブ楽学館大倉山園,0歳,134.16666666666666,29.5,7.956521739130435,0.2608695652173913,5.739130434782608,0.08695652173913043,4.548022598870056
磯子区,金剛保育園,4歳,134.16666666666666,29.5,0.0,0.30434782608695654,23.695652173913043,0.07971014492753624,4.548022598870056
西区,あそびの杜保育園（分園含む）,1歳,134.16666666666666,29.5,2.347826086956522,0.2608695652173913,12.73913043478261,0.11594202898550723,4.548022598870056
港南区,野庭保育園,2歳,134.16666666666666,29.5,1.3478260869565217,0.30434782608695654,10.73913043478261,0.06521739130434782,4.548022598870056
戸塚区,つくし保育園　戸塚,4歳,134.12234042553192,29.5,0.13043478260869565,0.21739130434782608,17.73913043478261,0.10545790934320075,4.546520014424811
栄区,大船ルーテル保育園,0歳,134.1137026553422,29.5,22.565217391304348,0.6086956521739131,13.391304347826088,0.08400915787371657,4.546227208655668
港南区,野庭保育園,0歳,134.10887838192804,29.5,1.608695652173913,0.30434782608695654,1.7826086956521738,0.09794314820525118,4.546063673963662
保土ケ谷区,星川こども園,3歳,50.0,11.0,0.2727272727272727,0.18181818181818182,20.363636363636363,0.09090909090909091,4.545454545454546
鶴見区,駒岡こども園,4歳,50.0,11.0,0.0,0.18181818181818182,6.0,0.09090909090909091,4.545454545454546
都筑区,中川こども園,2歳,50.0,11.0,0.09090909090909091,0.18181818181818182,17.727272727272727,0.09090909090909091,4.545454545454546
保土ケ谷区,星川こども園,2歳,50.0,11.0,1.6363636363636365,0.18181818181818182,19.727272727272727,0.09090909090909091,4.545454545454546
都筑区,鴨居北こども園,5歳,50.0,11.0,0.0,0.18181818181818182,23.0,0.09090909090909091,4.545454545454546
戸塚区,俣野保育園,0歳,134.01758575770734,29.5,3.4347826086956523,0.34782608695652173,8.652173913043478,0.0724952330608469,4.542969008735842
南区,きらり保育園吉野町,0歳,133.98936170212767,29.5,2.8260869565217392,0.21739130434782608,2.782608695652174,0.09574468085106382,4.542012261089074
港南区,クオリスキッズ港南中央保育園,3歳,133.96396396396398,29.5,0.7391304347826086,0.4782608695652174,16.82608695652174,0.11770466118292205,4.541151320812339
港北区,オハナ新羽保育園,2歳,133.94602048857368,29.5,1.8695652173913044,0.21739130434782608,19.73913043478261,0.09010860999760167,4.540543067409278
港南区,野庭保育園,1歳,133.92271337225466,29.5,4.869565217391305,0.391304347826087,6.869565217391305,0.07195005499752209,4.53975299566965
青葉区,グローバルキッズ藤が丘一丁目園,2歳,133.91113892365456,29.5,1.4782608695652173,0.17391304347826086,10.695652173913043,0.07152962942808946,4.539360641479815
港北区,にじいろ保育園箕輪町,2歳,133.78048780487805,29.5,2.0434782608695654,0.17391304347826086,13.826086956521738,0.07582184517497349,4.534931789995866
緑区,ハッピーシーズ保育園,2歳,133.75,29.5,0.5217391304347826,0.21739130434782608,5.782608695652174,0.07971014492753623,4.533898305084746
保土ケ谷区,西谷保育園分園　きらり保育園,2歳,133.75,29.5,1.565217391304348,0.17391304347826086,8.869565217391305,0.08695652173913043,4.533898305084746
神奈川区,こころキッズ,5歳,133.75,29.5,0.0,0.17391304347826086,15.304347826086957,0.08695652173913043,4.533898305084746
旭区,あっぷる保育園鶴ヶ峰,5歳,133.75,29.5,0.0,0.17391304347826086,26.304347826086957,0.08695652173913043,4.533898305084746
都筑区,すくすく保育園,4歳,133.75,29.5,0.043478260869565216,0.17391304347826086,12.826086956521738,0.08695652173913043,4.533898305084746
戸塚区,アートチャイルドケア東戸塚,5歳,133.75,29.5,0.0,0.43478260869565216,13.565217391304348,0.11956521739130435,4.533898305084746
港北区,新羽どろんこ保育園,3歳,133.75,29.5,0.43478260869565216,0.17391304347826086,17.82608695652174,0.08695652173913043,4.533898305084746
栄区,横浜市飯島保育園,5歳,133.75,29.5,0.0,0.21739130434782608,15.26086956521739,0.07971014492753623,4.533898305084746
戸塚区,ちゃいれっく東戸塚駅前保育園,3歳,133.75,29.5,0.30434782608695654,0.17391304347826086,10.826086956521738,0.08695652173913043,4.533898305084746
都筑区,勝田保育園,1歳,133.75,29.5,1.7391304347826086,0.43478260869565216,15.565217391304348,0.11956521739130435,4.533898305084746
泉区,にじいろ保育園いずみ中央,0歳,133.75,29.5,13.782608695652174,0.43478260869565216,7.043478260869565,0.11956521739130435,4.533898305084746
都筑区,木下の保育園　センター南,2歳,133.75,29.5,0.21739130434782608,0.17391304347826086,11.565217391304348,0.07246376811594202,4.533898305084746
都筑区,保育ルームキューティー北山田,0歳,133.75,29.5,2.1739130434782608,0.21739130434782608,2.782608695652174,0.07971014492753623,4.533898305084746
旭区,マミー保育園二俣川,0歳,133.75,29.5,4.0,0.34782608695652173,4.6521739130434785,0.10869565217391304,4.533898305084746
戸塚区,つくし保育園　東戸塚,3歳,133.75,29.5,0.2608695652173913,0.21739130434782608,11.956521739130435,0.07971014492753623,4.533898305084746
都筑区,アリス保育園,0歳,133.75,29.5,2.9130434782608696,0.17391304347826086,2.8260869565217392,0.07246376811594202,4.533898305084746
旭区,保育室　ひかり,1歳,133.75,29.5,0.5217391304347826,0.21739130434782608,6.826086956521739,0.10869565217391304,4.533898305084746
磯子区,キッズガーデン横浜磯子,0歳,133.72924234561495,29.5,5.695652173913044,0.30434782608695654,5.043478260869565,0.08908117295789053,4.533194655783557
港南区,育美保育園,2歳,36.25,8.0,1.375,0.375,14.25,0.09375,4.53125
港北区,天才キッズクラブ楽学館大倉山園,1歳,133.62745098039215,29.5,1.3478260869565217,0.30434782608695654,10.347826086956522,0.11423699914748509,4.529744101030243
都筑区,さんさん森の保育園センター南,2歳,133.61702127659575,29.5,0.782608695652174,0.21739130434782608,9.73913043478261,0.09898242368177614,4.5293905517490085
西区,京急キッズランド新高島保育園,0歳,133.61702127659575,29.5,13.130434782608695,0.21739130434782608,5.782608695652174,0.09898242368177614,4.5293905517490085
青葉区,グローバルキッズたまプラーザ保育園,0歳,133.58778991757714,29.5,3.3043478260869565,0.30434782608695654,3.260869565217391,0.09997416472902133,4.528399658222954
泉区,苗場保育園,1歳,133.53027473954492,29.5,3.9130434782608696,0.21739130434782608,11.304347826086957,0.074816785352006,4.526449991171014
港南区,横浜市野庭第二保育園,3歳,133.44594594594594,29.5,0.34782608695652173,0.2608695652173913,23.47826086956522,0.07784958871915393,4.5235913879981675
神奈川区,ナーサリー横浜ポートサイド,2歳,133.36065573770492,29.5,1.3043478260869565,0.21739130434782608,17.52173913043478,0.08671893561416014,4.520700194498472
保土ケ谷区,アスク和田町保育園,0歳,133.33333333333334,29.5,5.043478260869565,0.17391304347826086,4.869565217391305,0.07246376811594202,4.519774011299435
保土ケ谷区,おおきくなぁ～れ　プチベベ保育室,0歳,133.33333333333334,29.5,1.391304347826087,0.30434782608695654,1.826086956521739,0.12318840579710144,4.519774011299435
港南区,認定こども園　竹の子幼稚園,4歳,133.33333333333334,29.5,0.043478260869565216,0.30434782608695654,2.4347826086956523,0.12318840579710144,4.519774011299435
緑区,グローバルキッズ十日市場園,5歳,133.33333333333334,29.5,0.043478260869565216,0.17391304347826086,10.26086956521739,0.07246376811594202,4.519774011299435
神奈川区,スターチャイルド≪白楽ナーサリー≫,0歳,133.33333333333334,29.5,10.434782608695652,0.17391304347826086,5.826086956521739,0.07246376811594202,4.519774011299435
旭区,土と愛　子供の家保育所第２,0歳,133.33333333333334,29.5,2.217391304347826,0.21739130434782608,2.782608695652174,0.09420289855072463,4.519774011299435
神奈川区,横浜すきっぷ保育園,0歳,133.33333333333334,29.5,3.5652173913043477,0.30434782608695654,4.695652173913044,0.12318840579710144,4.519774011299435
神奈川区,あおぞら第２保育園,4歳,133.33333333333334,29.5,0.0,0.30434782608695654,11.173913043478262,0.09057971014492752,4.519774011299435
南区,上大岡ラビット保育園,5歳,133.33333333333334,29.5,0.0,0.30434782608695654,7.913043478260869,0.12318840579710144,4.519774011299435
都筑区,横浜茅ケ崎保育園,4歳,133.26492537313433,29.5,0.043478260869565216,0.2608695652173913,26.217391304347824,0.08030499675535366,4.517455097394384
泉区,立場らびっと保育園,2歳,133.24468085106383,29.5,1.9565217391304348,0.21739130434782608,7.869565217391305,0.10545790934320075,4.516768842408943
泉区,横浜文化保育園,2歳,133.24468085106383,29.5,3.4782608695652173,0.21739130434782608,29.73913043478261,0.10222016651248843,4.516768842408943
港北区,くっくおさんぽ保育園,0歳,133.1951286261631,29.5,6.043478260869565,0.5652173913043478,5.434782608695652,0.07907157532344938,4.51508910597163
保土ケ谷区,ダイアナ保育園,1歳,133.14252336448598,29.5,3.782608695652174,0.30434782608695654,17.652173913043477,0.08323174861167547,4.513305876762237
旭区,認定こども園　上の原幼稚園,1歳,133.125,29.5,2.0434782608695654,0.2608695652173913,8.695652173913043,0.08333333333333333,4.512711864406779
金沢区,金沢愛児園,2歳,133.125,29.5,1.0869565217391304,0.2608695652173913,21.91304347826087,0.08333333333333333,4.512711864406779
鶴見区,駒岡げんきっず保育園,1歳,133.125,29.5,0.34782608695652173,0.2608695652173913,8.347826086956522,0.08333333333333333,4.512711864406779
保土ケ谷区,認定こども園あかいとりこども園,2歳,133.11149001795314,29.5,2.652173913043478,0.30434782608695654,20.652173913043477,0.10096288873277452,4.512253898913666
都筑区,中川保育園,1歳,133.10480693459417,29.5,0.6521739130434783,0.17391304347826086,3.9565217391304346,0.07808270805495597,4.512027353715056
港南区,丸山台保育園,2歳,133.05851063829786,29.5,1.4782608695652173,0.17391304347826086,17.782608695652176,0.08371877890841813,4.510457987738911
港北区,ヒューマンアカデミー大倉山保育園,2歳,133.05851063829786,29.5,1.391304347826087,0.17391304347826086,14.73913043478261,0.08371877890841813,4.510457987738911
戸塚区,レインボー保育園,3歳,133.05851063829786,29.5,1.0,0.17391304347826086,11.73913043478261,0.08371877890841813,4.510457987738911
戸塚区,東戸塚わかば保育園,1歳,133.05851063829786,29.5,1.0869565217391304,0.17391304347826086,8.782608695652174,0.08371877890841813,4.510457987738911
港南区,港南台保育センター,0歳,133.05851063829786,29.5,6.565217391304348,0.17391304347826086,2.6956521739130435,0.08371877890841813,4.510457987738911
磯子区,ヨコハマみらい保育園,1歳,133.05851063829786,29.5,4.173913043478261,0.17391304347826086,14.695652173913043,0.08371877890841813,4.510457987738911
鶴見区,尻手すきっぷ保育園,1歳,133.05851063829786,29.5,0.30434782608695654,0.21739130434782608,11.565217391304348,0.07284921369102683,4.510457987738911
都筑区,横浜茅ケ崎保育園,3歳,133.05660168365085,29.5,1.565217391304348,0.21739130434782608,26.0,0.08123519099998074,4.510393277411893
鶴見区,えみ保育園,0歳,133.05555555555554,29.5,6.043478260869565,0.2608695652173913,8.782608695652174,0.09581320450885668,4.5103578154425605
中区,あいりす　本牧保育室,0歳,133.02238805970148,29.5,2.6956521739130435,0.21739130434782608,4.130434782608695,0.09117456197274497,4.509233493549202
都筑区,アスク北山田保育園,3歳,133.01418439716312,29.5,0.13043478260869565,0.21739130434782608,14.869565217391305,0.08772741288930001,4.508955403293665
港北区,スターチャイルド≪日吉本町駅前ナーサリー≫,5歳,83.4090909090909,18.5,0.0,0.8333333333333334,0.25,0.07575757575757576,4.5085995085995085
緑区,スターチャイルド≪鴨居駅前ナーサリー≫,5歳,83.4090909090909,18.5,0.0,0.8333333333333334,0.25,0.07575757575757576,4.5085995085995085
中区,クラウン保育園,3歳,132.97517730496455,29.5,0.6086956521739131,0.30434782608695654,16.47826086956522,0.08226950354609928,4.507633128981849
港南区,横浜こども保育園,1歳,101.40522875816994,22.5,4.1875,0.5625,17.4375,0.07393790849673203,4.506899055918664
都筑区,スターチャイルド≪川和ナーサリー≫,1歳,132.94398907103826,29.5,1.4782608695652173,0.21739130434782608,15.782608695652174,0.08671893561416014,4.506575900713162
西区,桃の木保育園,2歳,132.9255319148936,29.5,1.0,0.21739130434782608,9.695652173913043,0.09898242368177614,4.505950234403174
泉区,鳩の森愛の詩あすなろ保育園,0歳,132.919776119403,29.5,8.608695652173912,0.30434782608695654,11.652173913043478,0.0845230369889682,4.505755122691627
都筑区,つづき保育園,1歳,132.91666666666666,29.5,0.7391304347826086,0.21739130434782608,10.869565217391305,0.09420289855072463,4.505649717514124
旭区,横浜市今宿保育園,4歳,132.91666666666666,29.5,0.0,0.34782608695652173,15.608695652173912,0.09420289855072463,4.505649717514124
戸塚区,横浜東戸塚雲母保育園,4歳,132.91666666666666,29.5,0.2608695652173913,0.30434782608695654,11.26086956521739,0.10507246376811594,4.505649717514124
西区,Maple Nursery WEST,0歳,132.88940933629723,29.5,4.478260869565218,0.21739130434782608,2.739130434782609,0.08469907631132036,4.504725740213465
磯子区,ペガサスわくわくランド,1歳,132.87234042553192,29.5,1.3043478260869565,0.17391304347826086,9.826086956521738,0.08371877890841813,4.504147133068878
鶴見区,わくわくの森保育園,3歳,132.87234042553192,29.5,0.34782608695652173,0.17391304347826086,12.434782608695652,0.08371877890841813,4.504147133068878
旭区,すずらん二俣川保育園,2歳,132.87234042553192,29.5,0.043478260869565216,0.21739130434782608,9.521739130434783,0.10545790934320075,4.504147133068878
戸塚区,ちゃいれっく平戸町保育室,2歳,132.87234042553192,29.5,0.043478260869565216,0.21739130434782608,7.826086956521739,0.10545790934320075,4.504147133068878
港南区,赤い屋根保育園,3歳,132.8440940940941,29.5,2.4347826086956523,0.2608695652173913,23.869565217391305,0.09032945989467729,4.503189630308274
保土ケ谷区,西谷保育園,4歳,132.83333333333334,29.5,0.0,0.43478260869565216,35.08695652173913,0.09855072463768115,4.502824858757062
泉区,ＹＭＣＡ山手台保育園アルク,0歳,132.7941176470588,29.5,5.0,0.21739130434782608,7.782608695652174,0.08525149190110827,4.501495513459621
緑区,すまいる十日市場保育園,2歳,132.7941176470588,29.5,1.1304347826086956,0.21739130434782608,10.347826086956522,0.09974424552429667,4.501495513459621
磯子区,スターチャイルド≪洋光台六丁目ナーサリー≫,5歳,83.21428571428571,18.5,0.0,1.0833333333333333,0.0,0.07738095238095238,4.498069498069498
青葉区,明日葉保育園青葉台園,4歳,132.6418439716312,29.5,0.6521739130434783,0.30434782608695654,11.73913043478261,0.11995066296638913,4.4963336939536
港北区,大倉山保育園,0歳,132.63888888888889,29.5,5.217391304347826,0.34782608695652173,5.739130434782608,0.1211755233494364,4.49623352165725
金沢区,聖星保育園,1歳,132.61146453524725,29.5,2.8260869565217392,0.34782608695652173,27.869565217391305,0.09335243478497274,4.495303882550754
青葉区,横浜市荏田保育園,2歳,132.59850275807722,29.5,2.4347826086956523,0.2608695652173913,13.304347826086957,0.10059272963990817,4.494864500273804
青葉区,保育所まぁむあざみ野園,1歳,132.59456264775415,29.5,0.6956521739130435,0.21739130434782608,9.347826086956522,0.09982183848973858,4.494730937212005
保土ケ谷区,昴保育園,0歳,132.55464480874318,29.5,20.91304347826087,0.5652173913043478,9.869565217391305,0.11570444286053695,4.493377790126887
青葉区,小桜愛児園,1歳,132.5531914893617,29.5,2.3043478260869565,0.21739130434782608,33.78260869565217,0.10222016651248843,4.4933285250631085
鶴見区,東漸保育園,3歳,132.5531914893617,29.5,0.21739130434782608,0.17391304347826086,17.869565217391305,0.08048103607770582,4.4933285250631085
磯子区,キッズパートナー磯子中原,4歳,132.5462962962963,29.5,0.08695652173913043,0.17391304347826086,12.826086956521738,0.08132045088566828,4.493094789704959
瀬谷区,認定こども園二ツ橋あいりん幼稚園,1歳,132.53472222222223,29.5,1.2608695652173914,0.30434782608695654,2.3043478260869565,0.08675523349436393,4.492702448210923
戸塚区,ニチイキッズ東戸塚保育園,4歳,132.5,29.5,0.043478260869565216,0.17391304347826086,12.521739130434783,0.08695652173913043,4.491525423728813
泉区,苗場保育園,5歳,132.5,29.5,0.0,0.17391304347826086,14.08695652173913,0.08695652173913043,4.491525423728813
神奈川区,おれんじハウス横浜駅前保育園,2歳,132.5,29.5,0.0,0.34782608695652173,4.608695652173913,0.13043478260869565,4.491525423728813
都筑区,マーマセンター北保育園,0歳,132.5,29.5,5.913043478260869,0.30434782608695654,5.695652173913044,0.10869565217391304,4.491525423728813
緑区,シャルール保育園,0歳,132.5,29.5,6.304347826086956,0.2608695652173913,5.739130434782608,0.10144927536231883,4.491525423728813
青葉区,ＭＩＷＡあかね台光の子保育園,0歳,132.5,29.5,7.434782608695652,0.30434782608695654,8.695652173913043,0.08695652173913043,4.491525423728813
旭区,認定こども園　希望ヶ丘幼稚園・希望ヶ丘保育園,5歳,132.5,29.5,0.43478260869565216,0.17391304347826086,6.782608695652174,0.08695652173913043,4.491525423728813
都筑区,パレット保育園・牛久保西,4歳,132.5,29.5,0.4782608695652174,0.2608695652173913,13.695652173913043,0.13043478260869565,4.491525423728813
泉区,小学館アカデミーりょくえんとし保育園,0歳,132.5,29.5,6.130434782608695,0.2608695652173913,5.739130434782608,0.08695652173913043,4.491525423728813
磯子区,スターチャイルド≪洋光台ナーサリー≫,4歳,132.5,29.5,1.0434782608695652,0.2608695652173913,13.652173913043478,0.13043478260869565,4.491525423728813
青葉区,エンゼルベアあざみ野保育園,2歳,132.5,29.5,0.34782608695652173,0.17391304347826086,9.826086956521738,0.08695652173913043,4.491525423728813
保土ケ谷区,新桜ケ丘保育園,5歳,132.5,29.5,0.0,0.30434782608695654,14.826086956521738,0.10869565217391304,4.491525423728813
栄区,横浜市公田保育園,3歳,132.5,29.5,0.0,0.2608695652173913,13.782608695652174,0.09782608695652174,4.491525423728813
戸塚区,横浜市汲沢保育園,3歳,132.5,29.5,0.2608695652173913,0.17391304347826086,16.782608695652176,0.08695652173913043,4.491525423728813
泉区,ベイキッズおひさま保育園,0歳,132.5,29.5,5.521739130434782,0.17391304347826086,0.8260869565217391,0.08695652173913043,4.491525423728813
鶴見区,東寺尾どろんこ保育園,4歳,132.5,29.5,0.9130434782608695,0.21739130434782608,29.73913043478261,0.10869565217391304,4.491525423728813
中区,ヨコハマきぼう保育園,0歳,132.5,29.5,4.695652173913044,0.43478260869565216,4.130434782608695,0.13043478260869565,4.491525423728813
青葉区,エンゼルベアあざみ野保育園,0歳,132.5,29.5,4.173913043478261,0.17391304347826086,5.826086956521739,0.08695652173913043,4.491525423728813
港南区,野庭保育園,5歳,132.5,29.5,0.0,0.2608695652173913,13.26086956521739,0.11594202898550723,4.491525423728813
港北区,くじら保育園,2歳,132.5,29.5,0.0,0.21739130434782608,5.826086956521739,0.10869565217391304,4.491525423728813
旭区,マヤ保育園,0歳,132.5,29.5,4.478260869565218,0.17391304347826086,5.826086956521739,0.08695652173913043,4.491525423728813
瀬谷区,ネストぽぽ,2歳,132.5,29.5,1.0869565217391304,0.17391304347826086,7.521739130434782,0.08695652173913043,4.491525423728813
都筑区,保育園みんなのおうち,0歳,132.5,29.5,2.1739130434782608,0.17391304347826086,2.8260869565217392,0.08695652173913043,4.491525423728813
瀬谷区,グローバルキッズ三ツ境園,3歳,132.5,29.5,0.17391304347826086,0.17391304347826086,11.695652173913043,0.08695652173913043,4.491525423728813
青葉区,しらとり台保育園,4歳,132.5,29.5,0.08695652173913043,0.30434782608695654,19.52173913043478,0.10869565217391304,4.491525423728813
都筑区,わおわおセンター北保育園,4歳,132.5,29.5,0.13043478260869565,0.17391304347826086,14.652173913043478,0.08695652173913043,4.491525423728813
戸塚区,スターチャイルド≪戸塚ナーサリー≫,4歳,132.5,29.5,0.4782608695652174,0.17391304347826086,11.73913043478261,0.08695652173913043,4.491525423728813
戸塚区,にじいろ保育園東戸塚,4歳,132.5,29.5,0.043478260869565216,0.21739130434782608,11.782608695652174,0.10869565217391304,4.491525423728813
金沢区,明日葉保育園金沢文庫園,5歳,132.5,29.5,0.0,0.17391304347826086,10.956521739130435,0.08695652173913043,4.491525423728813
港北区,大豆戸どろんこ保育園,4歳,132.5,29.5,0.08695652173913043,0.17391304347826086,17.782608695652176,0.08695652173913043,4.491525423728813
旭区,グローバルキッズ南万騎が原園,5歳,132.5,29.5,0.043478260869565216,0.2608695652173913,10.73913043478261,0.09782608695652174,4.491525423728813
青葉区,ミアヘルサ保育園ひびき江田,0歳,132.5,29.5,3.217391304347826,0.17391304347826086,2.782608695652174,0.08695652173913043,4.491525423728813
神奈川区,ゆうゆうきっず新子安,4歳,132.5,29.5,0.4782608695652174,0.17391304347826086,28.82608695652174,0.08695652173913043,4.491525423728813
戸塚区,ベネッセ　東戸塚保育園,4歳,132.5,29.5,0.0,0.17391304347826086,10.826086956521738,0.08695652173913043,4.491525423728813
鶴見区,市場ポケット保育園,2歳,132.5,29.5,0.5217391304347826,0.21739130434782608,9.782608695652174,0.07608695652173914,4.491525423728813
神奈川区,アイン松本町保育園,2歳,132.5,29.5,1.6521739130434783,0.21739130434782608,12.782608695652174,0.07608695652173914,4.491525423728813
都筑区,グローバルキッズ都筑ふれあいの丘園,3歳,132.5,29.5,0.17391304347826086,0.2608695652173913,14.73913043478261,0.09782608695652174,4.491525423728813
旭区,横濱あんじゅ小規模保育園,2歳,132.5,29.5,0.17391304347826086,0.21739130434782608,7.782608695652174,0.10869565217391304,4.491525423728813
泉区,白梅保育園,4歳,132.5,29.5,0.5217391304347826,0.17391304347826086,11.826086956521738,0.08695652173913043,4.491525423728813
青葉区,明日葉保育園青葉台園,3歳,132.5,29.5,0.043478260869565216,0.21739130434782608,11.782608695652174,0.10869565217391304,4.491525423728813
鶴見区,豊岡ひまわり保育園,4歳,132.5,29.5,0.21739130434782608,0.2608695652173913,11.73913043478261,0.13043478260869565,4.491525423728813
泉区,白百合愛児園,3歳,132.5,29.5,1.1304347826086956,0.17391304347826086,42.82608695652174,0.08695652173913043,4.491525423728813
保土ケ谷区,えぶちにしや園（分園含む）,0歳,132.5,29.5,8.869565217391305,0.21739130434782608,13.73913043478261,0.10869565217391304,4.491525423728813
神奈川区,京進のほいくえんＨＯＰＰＡ反町園,1歳,132.5,29.5,0.5217391304347826,0.2608695652173913,4.739130434782608,0.09782608695652174,4.491525423728813
西区,ポピンズナーサリースクール平沼橋,2歳,132.5,29.5,1.9130434782608696,0.17391304347826086,8.869565217391305,0.08695652173913043,4.491525423728813
港北区,キッズフォレ綱島,4歳,132.5,29.5,0.0,0.2608695652173913,8.652173913043478,0.13043478260869565,4.491525423728813
磯子区,横浜市洋光台第二保育園,4歳,132.5,29.5,0.0,0.17391304347826086,23.347826086956523,0.08695652173913043,4.491525423728813
戸塚区,キッズパートナー東戸塚第２,3歳,132.5,29.5,0.8695652173913043,0.17391304347826086,12.782608695652174,0.08695652173913043,4.491525423728813
金沢区,アイン金沢文庫保育園,2歳,132.5,29.5,1.565217391304348,0.17391304347826086,12.826086956521738,0.08695652173913043,4.491525423728813
金沢区,コンビプラザレイディアント保育園,3歳,132.5,29.5,0.0,0.2608695652173913,8.608695652173912,0.13043478260869565,4.491525423728813
旭区,ちとせ保育園,4歳,132.5,29.5,0.043478260869565216,0.43478260869565216,33.08695652173913,0.11956521739130435,4.491525423728813
鶴見区,スターチャイルド≪矢向ナーサリー≫,4歳,132.5,29.5,0.043478260869565216,0.2608695652173913,8.608695652173912,0.13043478260869565,4.491525423728813
西区,京急キッズランド新高島保育園,2歳,132.5,29.5,2.5217391304347827,0.17391304347826086,9.826086956521738,0.08695652173913043,4.491525423728813
戸塚区,芙蓉保育園,4歳,132.5,29.5,0.08695652173913043,0.17391304347826086,14.347826086956522,0.08695652173913043,4.491525423728813
磯子区,根岸サンフラワー保育園,0歳,132.5,29.5,2.739130434782609,0.17391304347826086,1.826086956521739,0.08695652173913043,4.491525423728813
西区,桃の木保育園,4歳,132.5,29.5,0.0,0.17391304347826086,11.73913043478261,0.08695652173913043,4.491525423728813
西区,横浜そらいろ保育園,2歳,132.5,29.5,0.4782608695652174,0.17391304347826086,11.608695652173912,0.08695652173913043,4.491525423728813
青葉区,たまプラーザもみじ保育園,5歳,132.5,29.5,0.0,0.2608695652173913,20.08695652173913,0.13043478260869565,4.491525423728813
港北区,たかた保育園,5歳,132.5,29.5,0.0,0.21739130434782608,15.782608695652174,0.07608695652173914,4.491525423728813
瀬谷区,横浜市瀬谷第二保育園,0歳,132.3655083873449,29.5,17.434782608695652,0.391304347826087,10.478260869565217,0.100426010596905,4.486966386011692
港北区,おおくらやまえきまえのぞみ保育園,3歳,132.36318407960198,29.5,0.043478260869565216,0.30434782608695654,14.173913043478262,0.10566731559593336,4.486887595918711
鶴見区,木下の保育園　江ヶ崎,1歳,132.33089869799937,29.5,1.2608695652173914,0.21739130434782608,5.913043478260869,0.08793681914203268,4.4857931762033685
南区,六ツ川みどり保育園,0歳,132.30808723198552,29.5,7.608695652173913,0.43478260869565216,10.565217391304348,0.12123402406969115,4.485019906169001
鶴見区,横浜市潮田保育園,1歳,132.2960882230545,29.5,3.1739130434782608,0.34782608695652173,14.391304347826088,0.12732273064466518,4.484613160103542
鶴見区,鶴見乳幼児福祉センター保育園,0歳,132.24770642201835,29.5,6.739130434782608,0.30434782608695654,6.304347826086956,0.12465097726366174,4.48297309905147
金沢区,関東学院六浦こども園,3歳,132.22222222222223,29.5,0.13043478260869565,0.34782608695652173,16.91304347826087,0.10305958132045089,4.48210922787194
港北区,ペガサス新横浜保育園,0歳,132.125,29.5,7.826086956521739,0.34782608695652173,5.6521739130434785,0.0891304347826087,4.478813559322034
港北区,アスク日吉本町開善保育園,2歳,132.09751773049646,29.5,1.6956521739130435,0.21739130434782608,22.17391304347826,0.09207523897625655,4.477881956965982
鶴見区,ＳＡＮＤＡ ＫＩＤ保育園,0歳,132.08333333333334,29.5,3.3043478260869565,0.21739130434782608,5.782608695652174,0.09420289855072463,4.4774011299435035
鶴見区,あーす保育園鶴見中央,1歳,132.01492537313433,29.5,0.4782608695652174,0.30434782608695654,4.086956521739131,0.1346528228423102,4.475082216038452
神奈川区,第二白百合乳児保育園,2歳,132.0,29.5,0.043478260869565216,0.30434782608695654,11.73913043478261,0.09999999999999999,4.47457627118644
中区,横濱中華幼保園,1歳,132.0,29.5,2.0,0.2608695652173913,19.652173913043477,0.0782608695652174,4.47457627118644
保土ケ谷区,新桜ケ丘保育園,3歳,131.99468085106383,29.5,0.43478260869565216,0.17391304347826086,14.347826086956522,0.08371877890841813,4.474395961053012
緑区,みどりさくら保育園,0歳,131.89814814814815,29.5,8.91304347826087,0.21739130434782608,7.782608695652174,0.10305958132045089,4.47112366603892
南区,睦町保育園,4歳,122.95525033229951,27.5,0.9545454545454546,0.3181818181818182,17.681818181818183,0.10949772425182261,4.471100012083618
泉区,泉の郷保育園いずみ,3歳,131.875,29.5,0.43478260869565216,0.30434782608695654,14.347826086956522,0.09057971014492752,4.470338983050848
栄区,認定こども園　いのやま保育園,0歳,131.875,29.5,6.086956521739131,0.30434782608695654,5.6521739130434785,0.09057971014492752,4.470338983050848
神奈川区,西寺尾保育園,1歳,131.875,29.5,0.7391304347826086,0.30434782608695654,24.217391304347824,0.09057971014492752,4.470338983050848
西区,桃の木保育園,0歳,131.875,29.5,3.0434782608695654,0.30434782608695654,5.695652173913044,0.09057971014492752,4.470338983050848
鶴見区,あーす保育園鶴見中央,2歳,131.86043566362716,29.5,0.13043478260869565,0.43478260869565216,4.739130434782608,0.10649310603057134,4.469845276733124
都筑区,そのだ家庭保育室,0歳,49.166666666666664,11.0,1.2727272727272727,0.2727272727272727,0.8181818181818182,0.10606060606060605,4.46969696969697
戸塚区,ことは保育園,0歳,131.83333333333334,29.5,2.130434782608696,0.5217391304347826,5.739130434782608,0.1036231884057971,4.468926553672317
金沢区,アイン能見台駅前保育園,2歳,131.80851063829786,29.5,1.565217391304348,0.17391304347826086,11.869565217391305,0.08371877890841813,4.468085106382978
神奈川区,メリー★ポピンズ東神奈川ルーム,2歳,131.80851063829786,29.5,0.043478260869565216,0.2608695652173913,6.739130434782608,0.12719703977798336,4.468085106382978
神奈川区,横浜市西菅田保育園,4歳,131.80851063829786,29.5,1.0434782608695652,0.2608695652173913,13.73913043478261,0.09821153253160653,4.468085106382978
緑区,グローバルキッズ十日市場園,3歳,131.74108770567963,29.5,1.173913043478261,0.30434782608695654,9.08695652173913,0.10804851270423502,4.465799583243378
鶴見区,新鶴見はなかご保育園,3歳,131.66666666666666,29.5,0.4782608695652174,0.2608695652173913,11.608695652173912,0.11594202898550723,4.463276836158192
中区,ララランド横浜伊勢佐木,5歳,131.66666666666666,29.5,0.08695652173913043,0.30434782608695654,15.652173913043478,0.13768115942028986,4.463276836158192
緑区,みどりひよこ園,0歳,131.66666666666666,29.5,2.5217391304347827,0.2608695652173913,1.7826086956521738,0.11594202898550723,4.463276836158192
西区,桃の木保育園,1歳,131.66666666666666,29.5,1.0869565217391304,0.30434782608695654,9.695652173913043,0.13768115942028986,4.463276836158192
南区,小学館アカデミーまいた保育園,0歳,131.66666666666666,29.5,6.173913043478261,0.2608695652173913,3.739130434782609,0.11594202898550723,4.463276836158192
港北区,パレット保育園・綱島,0歳,131.66666666666666,29.5,10.26086956521739,0.6956521739130435,5.478260869565218,0.13768115942028986,4.463276836158192
磯子区,横浜市東滝頭保育園,5歳,131.66666666666666,29.5,0.13043478260869565,0.2608695652173913,27.652173913043477,0.11594202898550723,4.463276836158192
保土ケ谷区,合歓の木保育園,2歳,131.62234042553192,29.5,0.9130434782608695,0.21739130434782608,19.47826086956522,0.09096515572001233,4.461774251712947
都筑区,アスクセンター北保育園,2歳,131.62234042553192,29.5,0.21739130434782608,0.21739130434782608,10.608695652173912,0.10545790934320075,4.461774251712947
神奈川区,アイン高島台保育園,2歳,131.62234042553192,29.5,0.6086956521739131,0.21739130434782608,9.782608695652174,0.10545790934320075,4.461774251712947
緑区,横浜市十日市場保育園,4歳,131.5909090909091,29.5,0.7391304347826086,0.8695652173913043,22.17391304347826,0.07905138339920949,4.460708782742681
青葉区,認定こども園三陽幼稚園・三陽保育園,3歳,131.54255319148936,29.5,0.6956521739130435,0.21739130434782608,14.217391304347826,0.09250693802035152,4.459069599711504
緑区,みもざ保育園,2歳,131.48936170212767,29.5,0.8695652173913043,0.21739130434782608,19.565217391304348,0.09898242368177614,4.4572664983772095
港北区,ぶれすと綱島二階ほいくえん,2歳,131.4814814814815,29.5,0.9130434782608695,0.21739130434782608,9.869565217391305,0.08856682769726248,4.45699937225361
青葉区,たまプラーザ小桜愛児園,2歳,131.4652799830634,29.5,0.7391304347826086,0.2608695652173913,17.782608695652176,0.09194545312291455,4.456450168917403
都筑区,横浜市みどり保育園,3歳,131.43282757818858,29.5,0.391304347826087,0.21739130434782608,24.91304347826087,0.08348119278344783,4.455350087396223
戸塚区,あおぞらみらい保育園,0歳,131.3850006723141,29.5,3.9130434782608696,0.30434782608695654,2.608695652173913,0.1045313970687105,4.45372883634963
神奈川区,Gakkenほいくえん反町,1歳,131.30851063829786,29.5,0.6521739130434783,0.30434782608695654,9.73913043478261,0.0967622571692877,4.4511359538406055
中区,アスク馬車道保育園,2歳,131.2962962962963,29.5,3.0869565217391304,0.21739130434782608,16.869565217391305,0.08856682769726248,4.450721908349028
港北区,森の樹保育園,3歳,131.26126126126127,29.5,0.13043478260869565,0.30434782608695654,19.608695652173914,0.11770466118292205,4.449534280042755
中区,すいとぴー保育園,2歳,131.25,29.5,0.0,0.17391304347826086,9.826086956521738,0.08695652173913043,4.4491525423728815
西区,おれんじハウス西戸部保育園,1歳,131.25,29.5,0.30434782608695654,0.17391304347826086,3.8260869565217392,0.08695652173913043,4.4491525423728815
戸塚区,つくし保育園　戸塚,3歳,131.25,29.5,0.34782608695652173,0.21739130434782608,17.782608695652176,0.10869565217391304,4.4491525423728815
神奈川区,きゃんばす東神奈川保育園,1歳,131.25,29.5,0.782608695652174,0.43478260869565216,9.826086956521738,0.11956521739130435,4.4491525423728815
都筑区,さんさん森の保育園センター南,4歳,131.25,29.5,0.0,0.17391304347826086,11.826086956521738,0.08695652173913043,4.4491525423728815
都筑区,わおわおセンター北保育園,1歳,131.25,29.5,1.3043478260869565,0.43478260869565216,8.521739130434783,0.14130434782608695,4.4491525423728815
青葉区,木下の保育園　たまプラーザ,2歳,131.25,29.5,0.0,0.17391304347826086,13.217391304347826,0.08695652173913043,4.4491525423728815
保土ケ谷区,ダイアナ保育園,2歳,131.25,29.5,1.173913043478261,0.17391304347826086,16.347826086956523,0.08695652173913043,4.4491525423728815
戸塚区,横浜市汲沢保育園,4歳,131.25,29.5,0.0,0.17391304347826086,16.82608695652174,0.08695652173913043,4.4491525423728815
鶴見区,桑の実鶴見保育園,4歳,131.25,29.5,0.043478260869565216,0.17391304347826086,13.782608695652174,0.08695652173913043,4.4491525423728815
鶴見区,ポピンズナーサリースクール鶴見,2歳,131.25,29.5,0.08695652173913043,0.21739130434782608,9.217391304347826,0.10869565217391304,4.4491525423728815
港北区,大倉山元気の泉保育園,2歳,131.25,29.5,0.43478260869565216,0.17391304347826086,14.695652173913043,0.08695652173913043,4.4491525423728815
中区,クラウン保育園,5歳,131.25,29.5,0.0,0.2608695652173913,13.434782608695652,0.08333333333333333,4.4491525423728815
鶴見区,わおわお保育園,4歳,131.25,29.5,0.043478260869565216,0.21739130434782608,26.652173913043477,0.10869565217391304,4.4491525423728815
港北区,大倉山きずな保育園,1歳,131.25,29.5,1.1304347826086956,0.2608695652173913,9.869565217391305,0.13043478260869565,4.4491525423728815
鶴見区,ルーチェ保育園　鶴見,4歳,131.25,29.5,0.8695652173913043,0.21739130434782608,11.826086956521738,0.09420289855072463,4.4491525423728815
緑区,小山保育園,0歳,131.25,29.5,4.782608695652174,0.2608695652173913,5.739130434782608,0.10144927536231883,4.4491525423728815
緑区,にじいろ保育園中山,3歳,131.25,29.5,0.6521739130434783,0.17391304347826086,14.695652173913043,0.08695652173913043,4.4491525423728815
戸塚区,わかば保育園,3歳,131.25,29.5,0.08695652173913043,0.21739130434782608,23.52173913043478,0.09420289855072463,4.4491525423728815
戸塚区,アスノスひらと保育園東戸塚,2歳,131.25,29.5,0.391304347826087,0.21739130434782608,8.782608695652174,0.10869565217391304,4.4491525423728815
戸塚区,グローバルキッズ戸塚吉田町保育園,5歳,131.25,29.5,0.0,0.21739130434782608,23.608695652173914,0.10869565217391304,4.4491525423728815
西区,ポピンズナーサリースクール平沼橋,4歳,131.25,29.5,0.08695652173913043,0.21739130434782608,10.08695652173913,0.09420289855072463,4.4491525423728815
青葉区,しらとり台保育園,2歳,131.25,29.5,0.21739130434782608,0.2608695652173913,19.17391304347826,0.13043478260869565,4.4491525423728815
緑区,ヴィラ十日市場こども園,0歳,48.92898052691867,11.0,11.454545454545455,0.36363636363636365,5.7272727272727275,0.11038217223784233,4.448089138810788
戸塚区,ことは保育園,1歳,131.20567375886526,29.5,1.7826086956521738,0.34782608695652173,15.695652173913043,0.10908109774899784,4.447649957927636
南区,横浜みなみ薫保育園,3歳,131.181592039801,29.5,2.260869565217391,0.34782608695652173,13.91304347826087,0.14189919965390438,4.4468336284678305
都筑区,横浜市大熊保育園,1歳,131.12745098039215,29.5,1.5217391304347827,0.4782608695652174,19.47826086956522,0.13597612958226768,4.444998338318378
金沢区,聖星保育園,2歳,131.11406619385343,29.5,1.4782608695652173,0.30434782608695654,30.434782608695652,0.0933806146572104,4.444544616740794
港北区,大曽根コスモス保育園,1歳,131.11318407960198,29.5,0.391304347826087,0.4782608695652174,10.565217391304348,0.1424940514817218,4.444514714562779
鶴見区,總持寺保育園,1歳,131.08739837398375,29.5,6.130434782608695,0.391304347826087,60.82608695652174,0.13741604807352423,4.443640622846907
金沢区,聖星保育園,0歳,131.06179458557432,29.5,6.086956521739131,0.34782608695652173,10.043478260869565,0.0996331587614169,4.442772697816078
泉区,認定こども園　ＹＭＣＡいずみ,2歳,122.14361189191408,27.5,1.4090909090909092,0.22727272727272727,21.818181818181817,0.0930690188368844,4.441585886978694
港北区,保育室テックテックROOM,1歳,131.02048857368007,29.5,0.6521739130434783,0.30434782608695654,8.73913043478261,0.11069140370712989,4.441372494023053
鶴見区,花園保育園ベビーホーム,0歳,131.0,29.5,4.521739130434782,0.8260869565217391,5.521739130434782,0.14347826086956522,4.440677966101695
泉区,グロウアップ  モンテッソーリ子どもの家　立場園,2歳,130.9375,29.5,2.8260869565217392,0.30434782608695654,10.73913043478261,0.13949275362318841,4.438559322033898
港北区,ピッコロ・グランデ新横浜,0歳,130.83333333333334,29.5,2.608695652173913,0.43478260869565216,1.391304347826087,0.14492753623188404,4.435028248587571
緑区,さくらの郷みらい保育園,5歳,130.83333333333334,29.5,0.0,0.2608695652173913,23.217391304347824,0.11594202898550723,4.435028248587571
西区,おはよう保育園　花咲町,3歳,130.83333333333334,29.5,0.0,0.2608695652173913,11.652173913043478,0.11594202898550723,4.435028248587571
神奈川区,太陽の子　新子安保育園,0歳,130.83333333333334,29.5,2.347826086956522,0.391304347826087,5.608695652173913,0.11594202898550723,4.435028248587571
神奈川区,キッズパートナー東白楽,2歳,130.83333333333334,29.5,0.0,0.2608695652173913,7.739130434782608,0.11594202898550723,4.435028248587571
磯子区,グローバルキッズ磯子保育園,4歳,130.83333333333334,29.5,0.43478260869565216,0.43478260869565216,13.304347826086957,0.14492753623188404,4.435028248587571
青葉区,グローバルキッズ美しが丘保育園,2歳,130.83333333333334,29.5,0.2608695652173913,0.2608695652173913,10.73913043478261,0.11594202898550723,4.435028248587571
神奈川区,空と杜の保育園かんだいじ,0歳,130.78900709219857,29.5,4.3478260869565215,0.30434782608695654,2.6956521739130435,0.13444341658957756,4.433525664142325
保土ケ谷区,キッズハーモニー・ほどがや,2歳,130.74468085106383,29.5,1.7391304347826086,0.21739130434782608,9.521739130434783,0.09096515572001233,4.432023079697079
西区,アミー保育園高島園,1歳,130.74468085106383,29.5,0.4782608695652174,0.2608695652173913,7.260869565217392,0.12719703977798336,4.432023079697079
金沢区,マミーズエンジェル金沢文庫駅前保育園,0歳,130.74468085106383,29.5,4.782608695652174,0.2608695652173913,5.739130434782608,0.10946654332408264,4.432023079697079
神奈川区,ポピンズナーサリースクール片倉町,0歳,130.625,29.5,5.869565217391305,0.30434782608695654,7.695652173913044,0.11956521739130435,4.427966101694915
南区,木の花保育園,0歳,130.60344827586206,29.5,1.9130434782608696,0.391304347826087,2.391304347826087,0.12518740629685157,4.427235534774986
戸塚区,にじいろ保育園川上町,0歳,130.5810397553517,29.5,2.782608695652174,0.5217391304347826,4.6521739130434785,0.13914373088685017,4.426475923910227
緑区,たけやまの森保育園,0歳,130.55851063829786,29.5,3.4782608695652173,0.2608695652173913,5.6521739130434785,0.09821153253160653,4.425712225027046
都筑区,横浜市茅ケ崎南保育園,3歳,130.55555555555554,29.5,1.0434782608695652,0.21739130434782608,27.782608695652176,0.08856682769726248,4.425612052730696
青葉区,ポピンズナーサリースクールたまプラーザ,1歳,130.55555555555554,29.5,1.434782608695652,0.2608695652173913,14.695652173913043,0.11030595813204509,4.425612052730696
神奈川区,神ノ木保育園,0歳,130.5,29.5,6.695652173913044,0.43478260869565216,11.565217391304348,0.09855072463768115,4.423728813559322
緑区,まなびの森　長津田こども園,1歳,81.80851063829788,18.5,0.25,0.25,12.75,0.11879432624113474,4.42208165612421
旭区,キッズガーデン横浜鶴ヶ峰,3歳,130.41962174940898,29.5,1.434782608695652,0.2608695652173913,11.08695652173913,0.09901668551067255,4.421004127098609
保土ケ谷区,えぶちにしや園（分園含む）,2歳,130.41666666666666,29.5,2.608695652173913,0.5217391304347826,18.347826086956523,0.14855072463768115,4.4209039548022595
港北区,スターチャイルド≪大倉山ナーサリー≫,0歳,130.41666666666666,29.5,3.130434782608696,0.4782608695652174,5.521739130434782,0.14855072463768115,4.4209039548022595
鶴見区,明日葉保育園駒岡園,4歳,130.41666666666666,29.5,0.17391304347826086,0.2608695652173913,10.73913043478261,0.11594202898550723,4.4209039548022595
磯子区,太陽の子　磯子保育園,0歳,130.41666666666666,29.5,4.956521739130435,0.30434782608695654,5.695652173913044,0.10869565217391304,4.4209039548022595
旭区,保育園夢未来二俣川園,3歳,130.37234042553192,29.5,0.391304347826087,0.21739130434782608,11.73913043478261,0.10545790934320075,4.419401370357014
神奈川区,横浜大口雲母保育園,0歳,130.37234042553192,29.5,5.521739130434782,0.30434782608695654,5.695652173913044,0.10183472093740364,4.419401370357014
泉区,認定こども園　ＹＭＣＡいずみ,0歳,121.5,27.5,5.7272727272727275,0.7272727272727273,8.272727272727273,0.14545454545454548,4.418181818181818
港北区,聖愛クロス保育園　きくな,2歳,103.75,23.5,0.5882352941176471,0.29411764705882354,8.882352941176471,0.10784313725490195,4.414893617021277
磯子区,根岸サンフラワー保育園,2歳,130.23936170212767,29.5,0.17391304347826086,0.2608695652173913,4.565217391304348,0.11748381128584642,4.414893617021277
緑区,もみの木保育園,0歳,130.23148148148147,29.5,7.391304347826087,0.6086956521739131,8.347826086956522,0.1392914653784219,4.4146264908976764
金沢区,わらべシーサイド保育園,0歳,130.1418439716312,29.5,2.0869565217391304,0.21739130434782608,2.5217391304347827,0.09096515572001233,4.411587931241736
港北区,スターチャイルド≪新吉田ナーサリー≫,5歳,130.125,29.5,0.0,0.34782608695652173,11.652173913043478,0.0891304347826087,4.411016949152542
緑区,ハッピーシーズくるみ園,2歳,130.04098360655738,29.5,0.782608695652174,0.21739130434782608,5.869565217391305,0.10121168923734854,4.408168935815504
保土ケ谷区,にじいろ保育園上星川,4歳,130.0,29.5,0.17391304347826086,0.21739130434782608,9.782608695652174,0.10869565217391304,4.406779661016949
戸塚区,聖母の園保育園,2歳,130.0,29.5,0.8260869565217391,0.21739130434782608,20.347826086956523,0.10869565217391304,4.406779661016949
緑区,明日葉保育園長津田園,5歳,130.0,29.5,0.0,0.30434782608695654,10.434782608695652,0.15217391304347827,4.406779661016949
西区,横浜みなとみらい保育園,3歳,130.0,29.5,0.13043478260869565,0.21739130434782608,22.782608695652176,0.10869565217391304,4.406779661016949
戸塚区,つくし保育園　東戸塚,5歳,130.0,29.5,0.0,0.30434782608695654,11.695652173913043,0.15217391304347827,4.406779661016949
戸塚区,幼保連携型認定こども園　南幼稚園,3歳,130.0,29.5,0.5217391304347826,0.30434782608695654,11.08695652173913,0.15217391304347827,4.406779661016949
鶴見区,花月園前ここわ保育園,4歳,130.0,29.5,0.043478260869565216,0.21739130434782608,13.08695652173913,0.10869565217391304,4.406779661016949
鶴見区,總持寺本町通保育園,4歳,130.0,29.5,0.5217391304347826,0.2608695652173913,29.434782608695652,0.10144927536231883,4.406779661016949
港北区,キッズフォレ綱島,3歳,130.0,29.5,0.043478260869565216,0.30434782608695654,8.652173913043478,0.15217391304347827,4.406779661016949
港北区,オハナ新羽保育園,4歳,130.0,29.5,0.0,0.21739130434782608,19.304347826086957,0.10869565217391304,4.406779661016949
保土ケ谷区,保土ケ谷保育園,0歳,130.0,29.5,6.043478260869565,0.34782608695652173,8.652173913043478,0.13043478260869565,4.406779661016949
青葉区,スターチャイルド≪藤が丘小規模保育所≫,2歳,130.0,29.5,0.21739130434782608,0.2608695652173913,7.260869565217392,0.13043478260869565,4.406779661016949
青葉区,市が尾こどものいえ保育園,2歳,130.0,29.5,1.565217391304348,0.43478260869565216,12.043478260869565,0.15217391304347827,4.406779661016949
磯子区,横浜ナーサリー,3歳,130.0,29.5,0.6086956521739131,0.391304347826087,24.608695652173914,0.15217391304347827,4.406779661016949
金沢区,ＹＭＣＡマナ保育園,4歳,130.0,29.5,0.21739130434782608,0.2608695652173913,12.782608695652174,0.13043478260869565,4.406779661016949
港北区,ウッズ保育園,5歳,130.0,29.5,0.0,0.30434782608695654,11.043478260869565,0.15217391304347827,4.406779661016949
青葉区,横浜市すすき野保育園,1歳,130.0,29.5,0.782608695652174,0.391304347826087,14.478260869565217,0.15217391304347827,4.406779661016949
青葉区,ポピンズナーサリースクールたまプラーザ,0歳,130.0,29.5,4.478260869565218,0.2608695652173913,5.695652173913044,0.10144927536231883,4.406779661016949
神奈川区,ＳＵＮＮＹ　ＫＩＤ保育園,0歳,130.0,29.5,1.2173913043478262,0.391304347826087,2.608695652173913,0.11956521739130435,4.406779661016949
神奈川区,白幡保育園,3歳,130.0,29.5,0.043478260869565216,0.2608695652173913,17.782608695652176,0.13043478260869565,4.406779661016949
栄区,上郷いちい保育園,3歳,130.0,29.5,0.043478260869565216,0.2608695652173913,13.043478260869565,0.13043478260869565,4.406779661016949
戸塚区,にじいろ保育園東戸塚,5歳,130.0,29.5,0.043478260869565216,0.391304347826087,11.565217391304348,0.15217391304347827,4.406779661016949
西区,キッズパートナー横浜楠町,1歳,130.0,29.5,1.1304347826086956,0.30434782608695654,7.695652173913044,0.15217391304347827,4.406779661016949
西区,平沼保育園,5歳,130.0,29.5,0.0,0.2608695652173913,11.73913043478261,0.13043478260869565,4.406779661016949
神奈川区,横浜ノーベル保育園,0歳,130.0,29.5,2.0869565217391304,0.391304347826087,1.608695652173913,0.13768115942028986,4.406779661016949
西区,ろぜっと保育園,5歳,130.0,29.5,0.0,0.2608695652173913,17.695652173913043,0.13043478260869565,4.406779661016949
港南区,小学館アカデミーかみおおおか保育園,4歳,130.0,29.5,0.043478260869565216,0.30434782608695654,9.695652173913043,0.15217391304347827,4.406779661016949
青葉区,ベネッセ　市ヶ尾駅前保育園,5歳,130.0,29.5,0.30434782608695654,0.2608695652173913,10.73913043478261,0.13043478260869565,4.406779661016949
都筑区,保育ルームキューティーユー,1歳,130.0,29.5,1.565217391304348,0.2608695652173913,8.347826086956522,0.10144927536231883,4.406779661016949
緑区,にこにこすまいる園,0歳,130.0,29.5,1.9130434782608696,0.2608695652173913,1.7391304347826086,0.13043478260869565,4.406779661016949
戸塚区,戸塚チューリップ保育園,0歳,130.0,29.5,3.260869565217391,0.43478260869565216,1.5217391304347827,0.1280193236714976,4.406779661016949
神奈川区,いずみ反町保育園,4歳,130.0,29.5,0.4782608695652174,0.391304347826087,10.434782608695652,0.11956521739130435,4.406779661016949
保土ケ谷区,境木保育園,4歳,129.86318407960198,29.5,0.13043478260869565,0.391304347826087,14.565217391304348,0.13162448626433051,4.402141833206847
港北区,キッズラボ菊名園,1歳,129.78900709219857,29.5,1.0869565217391304,0.43478260869565216,5.869565217391305,0.14241443108233118,4.399627359057579
南区,ばばほいくしつ黄金町,2歳,129.7340425531915,29.5,0.6956521739130435,0.2608695652173913,7.695652173913044,0.11748381128584642,4.397764154345475
鶴見区,末吉いづみ保育園,2歳,129.72222222222223,29.5,1.0869565217391304,0.2608695652173913,35.78260869565217,0.1247987117552335,4.397363465160075
戸塚区,エミールの森ひばり保育園,2歳,129.7144456886898,29.5,1.4782608695652173,0.34782608695652173,6.173913043478261,0.14550367593358976,4.3970998538538915
戸塚区,松みどり保育所,0歳,129.70397779833488,29.5,5.391304347826087,0.6086956521739131,9.956521739130435,0.131328569449472,4.3967450101130465
鶴見区,矢向つぼみ保育園,1歳,129.58333333333334,29.5,0.0,0.21739130434782608,7.565217391304348,0.09420289855072463,4.392655367231638
緑区,太陽の子　長津田北保育園,3歳,129.58333333333334,29.5,0.30434782608695654,0.21739130434782608,11.782608695652174,0.09420289855072463,4.392655367231638
栄区,大船わかば保育園,2歳,81.25,18.5,0.0,0.25,10.75,0.125,4.391891891891892
戸塚区,柏尾スマイル保育園,0歳,129.5560760029639,29.5,3.217391304347826,0.30434782608695654,7.260869565217392,0.11368458355769716,4.391731389930979
鶴見区,上末吉白百合保育園,0歳,129.4607843137255,29.5,7.913043478260869,0.34782608695652173,9.652173913043478,0.11786018755328219,4.388501163177136
鶴見区,ＳＥＡ　ＫＩＤ保育園,0歳,129.33333333333334,29.5,4.173913043478261,0.7391304347826086,10.869565217391305,0.1579710144927536,4.384180790960452
青葉区,市が尾こどものいえ保育園,0歳,129.33333333333334,29.5,4.6521739130434785,0.5217391304347826,6.956521739130435,0.1289855072463768,4.384180790960452
鶴見区,みゆさと保育園,4歳,129.30851063829786,29.5,0.43478260869565216,0.2608695652173913,11.73913043478261,0.12719703977798336,4.383339343671114
青葉区,たまプラーザもみじ保育園,4歳,129.30851063829786,29.5,0.043478260869565216,0.30434782608695654,21.217391304347824,0.14893617021276598,4.383339343671114
神奈川区,太陽の子　新子安保育園,3歳,129.30851063829786,29.5,0.043478260869565216,0.21739130434782608,5.782608695652174,0.10545790934320075,4.383339343671114
神奈川区,西寺尾チューリップルーム,1歳,129.30851063829786,29.5,0.2608695652173913,0.21739130434782608,3.1739130434782608,0.10545790934320075,4.383339343671114
中区,あいりす　本牧保育室,1歳,129.30851063829786,29.5,0.6956521739130435,0.391304347826087,7.565217391304348,0.14893617021276595,4.383339343671114
鶴見区,ゆめいろ保育園,0歳,129.29696531791907,29.5,6.478260869565218,0.5217391304347826,11.347826086956522,0.1072003015833124,4.382947976878612
泉区,ベイキッズおひさま保育園,2歳,129.16666666666666,29.5,1.2173913043478262,0.34782608695652173,4.304347826086956,0.15942028985507245,4.378531073446327
港北区,キッズパートナー大倉山,0歳,129.16666666666666,29.5,1.608695652173913,0.391304347826087,1.608695652173913,0.13768115942028986,4.378531073446327
都筑区,中川小桜愛児園,4歳,129.16666666666666,29.5,0.7391304347826086,0.391304347826087,21.0,0.13768115942028986,4.378531073446327
港北区,キディ大倉山・横浜,0歳,129.16666666666666,29.5,5.304347826086956,0.6086956521739131,5.3478260869565215,0.15942028985507245,4.378531073446327
鶴見区,ＳＡＩＬ　ＫＩＤ保育園,2歳,129.16666666666666,29.5,0.21739130434782608,0.43478260869565216,8.304347826086957,0.15942028985507245,4.378531073446327
鶴見区,鶴見ルーナ保育園,1歳,129.16666666666666,29.5,1.4782608695652173,0.391304347826087,15.608695652173912,0.12318840579710146,4.378531073446327
戸塚区,幼稚園型認定こども園　しらかば幼稚園,3歳,129.16666666666666,29.5,1.1304347826086956,0.34782608695652173,2.652173913043478,0.15942028985507245,4.378531073446327
中区,新山下二丁目保育所,0歳,129.16135397692776,29.5,8.434782608695652,0.2608695652173913,9.434782608695652,0.11167867796520684,4.378350982268738
戸塚区,ＹＭＣＡとつか乳児保育園,0歳,128.9607843137255,29.5,14.304347826086957,0.6086956521739131,11.391304347826088,0.11858482523444161,4.371552010634763
港北区,はなまる保育園,0歳,128.92414122137404,29.5,6.3478260869565215,0.34782608695652173,10.173913043478262,0.11714514879964598,4.370309871910984
緑区,バオバブ霧が丘保育園,0歳,128.91666666666666,29.5,3.782608695652174,0.6086956521739131,5.6521739130434785,0.1326086956521739,4.370056497175141
都筑区,なかまちっこ園,2歳,128.88888888888889,29.5,1.0434782608695652,0.34782608695652173,8.565217391304348,0.14009661835748793,4.369114877589454
港南区,横浜市大久保保育園,3歳,128.88888888888889,29.5,0.6956521739130435,0.34782608695652173,19.47826086956522,0.15378421900161032,4.369114877589454
磯子区,アスク新杉田保育園,0歳,120.1467049995922,27.5,6.136363636363637,0.45454545454545453,4.136363636363637,0.13673714141661292,4.368971090894262
港南区,京急キッズランド上永谷保育園,0歳,128.7962962962963,29.5,12.608695652173912,0.34782608695652173,6.6521739130434785,0.10305958132045089,4.365976145637163
港南区,クオリスキッズ上大岡西保育園,0歳,128.75595488300405,29.5,3.608695652173913,0.30434782608695654,3.4782608695652173,0.11589024739416756,4.3646086401018325
都筑区,よこはま・もあな保育園,4歳,128.75,29.5,0.043478260869565216,0.2608695652173913,9.347826086956522,0.13043478260869565,4.364406779661017
保土ケ谷区,ベイキッズ　おりーぶ保育園,2歳,128.75,29.5,0.5217391304347826,0.21739130434782608,3.782608695652174,0.10869565217391304,4.364406779661017
港北区,わかさと保育園,0歳,128.75,29.5,4.913043478260869,0.2608695652173913,5.739130434782608,0.10144927536231883,4.364406779661017
港北区,大曽根コスモス保育園,2歳,128.75,29.5,0.30434782608695654,0.21739130434782608,10.782608695652174,0.10869565217391304,4.364406779661017
都筑区,中川保育園,3歳,128.75,29.5,0.043478260869565216,0.30434782608695654,6.478260869565218,0.10869565217391304,4.364406779661017
神奈川区,西寺尾保育園,2歳,128.75,29.5,0.391304347826087,0.21739130434782608,24.695652173913043,0.10869565217391304,4.364406779661017
港南区,保育室アーモ,0歳,128.75,29.5,4.782608695652174,0.30434782608695654,3.5217391304347827,0.10869565217391304,4.364406779661017
磯子区,杉田幼児園,4歳,128.75,29.5,0.34782608695652173,0.30434782608695654,29.347826086956523,0.13768115942028986,4.364406779661017
青葉区,しらとり台保育園,5歳,128.75,29.5,0.0,0.21739130434782608,19.782608695652176,0.10869565217391304,4.364406779661017
中区,アスク本牧保育園,5歳,128.75,29.5,0.0,0.21739130434782608,12.73913043478261,0.10869565217391304,4.364406779661017
鶴見区,鶴見すずらん保育園,3歳,128.75,29.5,0.21739130434782608,0.2608695652173913,23.434782608695652,0.13043478260869565,4.364406779661017
青葉区,美しが丘どろんこ保育園,2歳,128.75,29.5,0.21739130434782608,0.30434782608695654,9.695652173913043,0.10869565217391304,4.364406779661017
神奈川区,ウィズブック保育園青木町,0歳,128.75,29.5,4.739130434782608,0.43478260869565216,5.565217391304348,0.14130434782608695,4.364406779661017
神奈川区,グローバルキッズ新子安第二保育園,3歳,128.75,29.5,0.17391304347826086,0.2608695652173913,10.695652173913043,0.09782608695652174,4.364406779661017
青葉区,横浜市奈良保育園,2歳,128.75,29.5,0.4782608695652174,0.2608695652173913,13.73913043478261,0.09782608695652174,4.364406779661017
都筑区,すくすく保育園,5歳,128.75,29.5,0.0,0.21739130434782608,12.782608695652174,0.10869565217391304,4.364406779661017
鶴見区,Ｐ’ｓスマイル保育園,4歳,128.75,29.5,0.21739130434782608,0.30434782608695654,11.652173913043478,0.15217391304347827,4.364406779661017
鶴見区,鶴見中央はなかご保育園,4歳,128.75,29.5,0.0,0.21739130434782608,11.26086956521739,0.10869565217391304,4.364406779661017
神奈川区,コビープリスクールかたくら,5歳,128.75,29.5,0.13043478260869565,0.21739130434782608,12.782608695652174,0.10869565217391304,4.364406779661017
神奈川区,太陽の子　新子安保育園,2歳,128.75,29.5,0.13043478260869565,0.21739130434782608,5.782608695652174,0.10869565217391304,4.364406779661017
緑区,すまいる十日市場保育園,1歳,128.75,29.5,3.0,0.30434782608695654,10.173913043478262,0.10869565217391304,4.364406779661017
中区,ララランド横浜伊勢佐木,0歳,128.75,29.5,5.086956521739131,0.2608695652173913,4.739130434782608,0.09782608695652174,4.364406779661017
港北区,日吉みんなの保育園,3歳,128.75,29.5,0.17391304347826086,0.21739130434782608,9.782608695652174,0.10869565217391304,4.364406779661017
鶴見区,オハナ鶴見保育園,4歳,128.75,29.5,0.2608695652173913,0.391304347826087,14.826086956521738,0.11594202898550723,4.364406779661017
鶴見区,オハナ鶴見保育園,5歳,128.75,29.5,0.08695652173913043,0.21739130434782608,16.695652173913043,0.10869565217391304,4.364406779661017
港北区,横浜市菊名保育園,4歳,128.75,29.5,0.17391304347826086,0.30434782608695654,18.695652173913043,0.10507246376811594,4.364406779661017
瀬谷区,ティンクル瀬谷保育園,3歳,128.6866200910342,29.5,2.0434782608695654,0.30434782608695654,21.347826086956523,0.0994012361872414,4.3622583081706505
都筑区,都筑ひよこ保育園,4歳,128.681592039801,29.5,0.043478260869565216,0.391304347826087,18.565217391304348,0.13102963443651308,4.362087865755965
神奈川区,グローバルキッズ大口園,0歳,128.66666666666666,29.5,7.130434782608695,0.6956521739130435,5.304347826086956,0.16376811594202897,4.361581920903954
都筑区,ピッコリーノ保育園,1歳,128.66666666666666,29.5,1.3478260869565217,0.391304347826087,22.608695652173914,0.1289855072463768,4.361581920903954
鶴見区,矢向保育園,0歳,128.5,29.5,2.608695652173913,0.43478260869565216,3.652173913043478,0.13623188405797101,4.3559322033898304
都筑区,横浜市大熊保育園,0歳,128.5,29.5,5.478260869565218,0.6956521739130435,5.826086956521739,0.16521739130434782,4.3559322033898304
磯子区,ヨコハマみらい保育園,4歳,128.44791997459512,29.5,0.43478260869565216,0.30434782608695654,13.782608695652174,0.11044684072698487,4.354166778799835
保土ケ谷区,エルアンジュ保育園（分園含む）,3歳,128.44594594594594,29.5,0.6521739130434783,0.6086956521739131,14.08695652173913,0.15393654524089306,4.354099862574438
南区,キューピールームＰ-ｋａｂｏｏ園,1歳,128.43085106382978,29.5,2.130434782608696,0.30434782608695654,5.130434782608695,0.14569842738205366,4.353588171655247
港北区,パレット保育園・大倉山,0歳,128.41666666666666,29.5,5.869565217391305,0.7391304347826086,8.26086956521739,0.16594202898550725,4.353107344632768
旭区,横浜市左近山保育園,0歳,128.39285714285714,29.5,4.173913043478261,0.7391304347826086,8.043478260869565,0.11076604554865424,4.352300242130751
青葉区,横浜市荏田保育園,0歳,128.3623301985371,29.5,7.521739130434782,0.5217391304347826,8.478260869565217,0.1193130707373586,4.351265430458885
青葉区,といろきっず美しが丘保育園,1歳,128.33415768709887,29.5,2.6956521739130435,0.34782608695652173,8.391304347826088,0.10922764196421485,4.350310430071148
戸塚区,舞岡保育園,5歳,128.33333333333334,29.5,0.0,0.43478260869565216,14.826086956521738,0.14492753623188406,4.350282485875707
南区,横浜みなみ薫保育園,5歳,128.33333333333334,29.5,0.5652173913043478,0.391304347826087,13.08695652173913,0.13768115942028986,4.350282485875707
港北区,キッズラボ菊名園,2歳,128.33333333333334,29.5,0.30434782608695654,0.2608695652173913,7.173913043478261,0.11594202898550723,4.350282485875707
都筑区,横浜茅ケ崎保育園,2歳,128.33333333333334,29.5,0.6521739130434783,0.2608695652173913,21.956521739130434,0.10144927536231883,4.350282485875707
旭区,西川島保育園,5歳,128.33333333333334,29.5,0.0,0.30434782608695654,20.391304347826086,0.13768115942028986,4.350282485875707
港北区,ぶれすと新横浜ほいくえん,3歳,128.24468085106383,29.5,0.5217391304347826,0.30434782608695654,14.521739130434783,0.14893617021276598,4.347277316985215
金沢区,ゆめ和柳町ほいくえん,0歳,128.14814814814815,29.5,7.173913043478261,0.2608695652173913,5.739130434782608,0.1247987117552335,4.344005021971124
鶴見区,横浜市鶴見保育園,0歳,128.125,29.5,4.739130434782608,0.30434782608695654,3.608695652173913,0.10507246376811594,4.343220338983051
港北区,こどものまち綱島西保育園,1歳,128.125,29.5,1.0869565217391304,0.34782608695652173,8.173913043478262,0.11231884057971013,4.343220338983051
戸塚区,うみのくに保育園とつか,0歳,128.08333333333334,29.5,1.6956521739130435,0.5217391304347826,7.043478260869565,0.1471014492753623,4.34180790960452
鶴見区,みゆさと保育園,3歳,128.06737588652481,29.5,0.5217391304347826,0.2608695652173913,11.73913043478261,0.10299105766265804,4.341266979204231
南区,やすらぎ保育園,1歳,128.05851063829786,29.5,0.9130434782608695,0.30434782608695654,10.652173913043478,0.11995066296638913,4.340966462315182
瀬谷区,保育室「ネスト」,3歳,128.02238805970148,29.5,1.3478260869565217,0.34782608695652173,8.91304347826087,0.11291369240752758,4.339741968125474
港北区,森のエルマー保育園,0歳,127.93489956958393,29.5,3.8260869565217392,0.34782608695652173,3.391304347826087,0.12121826461231365,4.336776256596066
港南区,横浜こども保育園,2歳,97.54629629629629,22.5,0.5625,0.25,17.5625,0.11689814814814814,4.3353909465020575
都筑区,第二しらとり台保育園,4歳,127.85699878983462,29.5,0.43478260869565216,0.4782608695652174,18.608695652173914,0.1490695757405686,4.334135552197783
磯子区,太陽の子　磯子第二保育園,0歳,127.75739789679628,29.5,4.217391304347826,0.5217391304347826,5.434782608695652,0.14268929365104682,4.330759250738857
保土ケ谷区,ゆめの樹保育園ほどがや,1歳,127.75,29.5,1.6956521739130435,0.391304347826087,10.521739130434783,0.1144927536231884,4.330508474576271
保土ケ谷区,笹山保育園,0歳,127.70833333333333,29.5,3.869565217391304,0.43478260869565216,5.434782608695652,0.14130434782608695,4.32909604519774
都筑区,まなびの森　中川こども園,4歳,80.0,18.5,0.08333333333333333,0.25,17.5,0.125,4.324324324324325
磯子区,根岸第二サンフラワー保育園,2歳,80.0,18.5,0.0,0.3333333333333333,4.916666666666667,0.13888888888888887,4.324324324324325
都筑区,まなびの森　中川こども園,5歳,80.0,18.5,0.0,0.25,15.916666666666666,0.125,4.324324324324325
港南区,認定こども園ムロノキッズ　室の木幼稚園・プリスクール室の木,2歳,127.56309970796829,29.5,2.4347826086956523,0.30434782608695654,9.73913043478261,0.11983880817205081,4.324172871456552
金沢区,マミングステーション,0歳,127.5,29.5,0.391304347826087,0.21739130434782608,0.782608695652174,0.10869565217391304,4.322033898305085
緑区,スターチャイルド≪鴨居ナーサリー≫,3歳,127.5,29.5,0.21739130434782608,0.34782608695652173,12.565217391304348,0.14492753623188404,4.322033898305085
緑区,認定こども園　横浜マドカ幼稚園,4歳,127.5,29.5,0.8695652173913043,0.30434782608695654,6.695652173913044,0.15217391304347827,4.322033898305085
中区,うちゅう保育園やました,0歳,127.5,29.5,5.826086956521739,0.34782608695652173,7.6521739130434785,0.11231884057971013,4.322033898305085
泉区,横浜ルンビニー保育園,5歳,127.5,29.5,0.0,0.34782608695652173,18.391304347826086,0.17391304347826086,4.322033898305085
戸塚区,東戸塚赤ちゃん保育園,2歳,127.5,29.5,0.043478260869565216,0.21739130434782608,7.782608695652174,0.10869565217391304,4.322033898305085
瀬谷区,わらべ細谷戸保育園,3歳,127.5,29.5,0.0,0.2608695652173913,14.043478260869565,0.13043478260869565,4.322033898305085
青葉区,グローバルキッズあざみ野園,0歳,127.5,29.5,7.826086956521739,0.34782608695652173,5.6521739130434785,0.11594202898550723,4.322033898305085
南区,大岡おひさま保育園,4歳,127.5,29.5,0.5217391304347826,0.34782608695652173,9.130434782608695,0.17391304347826086,4.322033898305085
青葉区,グローバルキッズ市が尾園,4歳,127.5,29.5,0.2608695652173913,0.30434782608695654,8.869565217391305,0.10869565217391304,4.322033898305085
保土ケ谷区,保育室ピア・ピア,2歳,127.5,29.5,0.0,0.34782608695652173,3.869565217391304,0.14492753623188404,4.322033898305085
港南区,認定こども園　野庭聖佳幼稚園,5歳,127.5,29.5,0.08695652173913043,0.21739130434782608,10.869565217391305,0.10869565217391304,4.322033898305085
栄区,認定こども園　飯島東保育園,5歳,127.5,29.5,0.043478260869565216,0.34782608695652173,11.521739130434783,0.17391304347826086,4.322033898305085
神奈川区,こまつな保育園,2歳,127.5,29.5,0.0,0.2608695652173913,3.0,0.13043478260869565,4.322033898305085
中区,アスク本牧保育園,3歳,127.5,29.5,0.043478260869565216,0.34782608695652173,12.521739130434783,0.11594202898550723,4.322033898305085
神奈川区,あおぞら保育園,2歳,127.5,29.5,0.34782608695652173,0.34782608695652173,20.565217391304348,0.11594202898550723,4.322033898305085
港南区,太陽の子　港南台保育園,5歳,127.5,29.5,0.34782608695652173,0.30434782608695654,10.695652173913043,0.15217391304347827,4.322033898305085
神奈川区,あおぞら第２保育園,2歳,127.5,29.5,0.34782608695652173,0.34782608695652173,10.652173913043478,0.17391304347826086,4.322033898305085
青葉区,グローバルキッズ市が尾園,3歳,127.5,29.5,0.2608695652173913,0.30434782608695654,8.695652173913043,0.10869565217391304,4.322033898305085
旭区,まきが原愛児園,2歳,127.5,29.5,0.6521739130434783,0.391304347826087,24.47826086956522,0.15217391304347827,4.322033898305085
青葉区,エンゼルベア青葉台保育園,2歳,127.5,29.5,0.34782608695652173,0.43478260869565216,9.478260869565217,0.17391304347826086,4.322033898305085
鶴見区,鶴見すずらん保育園,2歳,127.5,29.5,0.43478260869565216,0.2608695652173913,21.043478260869566,0.13043478260869565,4.322033898305085
港南区,笹下保育園,5歳,127.5,29.5,0.0,0.30434782608695654,21.0,0.15217391304347827,4.322033898305085
中区,キッズパートナー横浜市役所,0歳,127.5,29.5,2.130434782608696,0.30434782608695654,2.608695652173913,0.13768115942028986,4.322033898305085
港北区,キッズパートナー日吉,2歳,127.5,29.5,0.0,0.30434782608695654,7.695652173913044,0.15217391304347827,4.322033898305085
戸塚区,くすのき第二保育園,5歳,127.5,29.5,0.0,0.30434782608695654,17.695652173913043,0.15217391304347827,4.322033898305085
青葉区,明日葉保育園青葉台園,5歳,127.5,29.5,0.043478260869565216,0.34782608695652173,11.652173913043478,0.17391304347826086,4.322033898305085
神奈川区,ひびき金港町保育園,4歳,127.5,29.5,0.0,0.34782608695652173,14.565217391304348,0.17391304347826086,4.322033898305085
戸塚区,くすのき保育園,5歳,127.5,29.5,0.0,0.21739130434782608,21.434782608695652,0.10869565217391304,4.322033898305085
鶴見区,にじの風保育園,3歳,127.5,29.5,0.2608695652173913,0.43478260869565216,13.956521739130435,0.14492753623188404,4.322033898305085
神奈川区,グローバルキッズ子安駅前保育園,0歳,127.5,29.5,1.0,0.21739130434782608,2.4782608695652173,0.10869565217391304,4.322033898305085
神奈川区,キッズラボ白楽園,2歳,127.5,29.5,0.13043478260869565,0.391304347826087,7.3478260869565215,0.11594202898550723,4.322033898305085
旭区,横濱あんじゅ保育園,4歳,127.5,29.5,0.043478260869565216,0.34782608695652173,22.47826086956522,0.17391304347826086,4.322033898305085
鶴見区,えみ保育園,4歳,127.5,29.5,0.21739130434782608,0.2608695652173913,18.73913043478261,0.13043478260869565,4.322033898305085
港南区,こどもっと保育園,0歳,127.5,29.5,7.043478260869565,0.21739130434782608,3.782608695652174,0.10869565217391304,4.322033898305085
旭区,グローバルキッズ白根保育園,4歳,127.5,29.5,0.21739130434782608,0.34782608695652173,10.347826086956522,0.17391304347826086,4.322033898305085
都筑区,なかまちっこ園,5歳,127.5,29.5,0.0,0.34782608695652173,8.521739130434783,0.11594202898550723,4.322033898305085
旭区,明徳二俣川保育園,5歳,127.5,29.5,0.0,0.2608695652173913,17.73913043478261,0.13043478260869565,4.322033898305085
戸塚区,ののはな保育園,3歳,127.5,29.5,0.30434782608695654,0.34782608695652173,9.217391304347826,0.17391304347826086,4.322033898305085
神奈川区,グローバルキッズ白楽園,3歳,127.5,29.5,0.0,0.30434782608695654,10.91304347826087,0.15217391304347827,4.322033898305085
鶴見区,トライアングル　スマイル,5歳,127.5,29.5,0.0,0.30434782608695654,8.478260869565217,0.15217391304347827,4.322033898305085
戸塚区,ハートの森保育園,3歳,127.5,29.5,0.17391304347826086,0.2608695652173913,14.73913043478261,0.11594202898550723,4.322033898305085
旭区,太陽の子　白根保育園,4歳,127.5,29.5,0.0,0.34782608695652173,11.521739130434783,0.17391304347826086,4.322033898305085
港北区,ベネッセ　新横浜保育園,3歳,127.5,29.5,0.6521739130434783,0.34782608695652173,11.478260869565217,0.17391304347826086,4.322033898305085
緑区,キッズフォレ長津田,3歳,127.5,29.5,0.5652173913043478,0.43478260869565216,19.391304347826086,0.17391304347826086,4.322033898305085
青葉区,青葉保育園,2歳,127.45665878644601,29.5,1.0,0.2608695652173913,19.304347826086957,0.12156096892452119,4.320564704625289
泉区,横浜市北上飯田保育園,2歳,127.45567375886525,29.5,0.30434782608695654,0.30434782608695654,14.521739130434783,0.11995066296638913,4.3205313138598385
都筑区,横浜市中川西保育園,5歳,127.44897959183673,29.5,0.6086956521739131,0.6521739130434783,21.652173913043477,0.13797692990239574,4.320304392943618
金沢区,ひかりとたねの保育園,0歳,127.42591047374438,29.5,5.826086956521739,0.43478260869565216,5.913043478260869,0.1168057229204245,4.319522388940488
中区,アスク山下町保育園,2歳,118.75,27.5,0.9545454545454546,0.22727272727272727,9.772727272727273,0.11363636363636363,4.318181818181818
青葉区,ピッピ保育園,2歳,47.5,11.0,0.0,0.2727272727272727,2.5454545454545454,0.13636363636363635,4.318181818181818
泉区,くるみ保育園,4歳,127.37234042553192,29.5,0.34782608695652173,0.391304347826087,27.695652173913043,0.1402405180388529,4.317706455102777
都筑区,横浜市茅ケ崎南保育園,0歳,127.36017520215634,29.5,12.695652173913043,0.5217391304347826,8.0,0.10433024727528419,4.317294074649367
青葉区,認定こども園三陽幼稚園・三陽保育園,2歳,127.28545586354528,29.5,2.0,0.43478260869565216,14.652173913043478,0.1622571990231315,4.314761215713399
南区,横浜みなみ薫保育園,4歳,127.23404255319149,29.5,0.7391304347826086,0.2608695652173913,12.826086956521738,0.11748381128584642,4.31301839163361
港北区,キッズパートナー日吉,1歳,127.0945945945946,29.5,3.4347826086956523,0.2608695652173913,7.739130434782608,0.11045828437132785,4.308291342189647
鶴見区,鶴見中央はなかご保育園,1歳,127.08333333333333,29.5,0.9565217391304348,0.4782608695652174,7.521739130434782,0.17753623188405795,4.307909604519774
都筑区,つづき保育園,4歳,127.08333333333333,29.5,0.0,0.2608695652173913,19.17391304347826,0.11594202898550723,4.307909604519774
旭区,ＳＡＦＡＲＩ　ＫＩＤ保育園,0歳,127.08333333333333,29.5,3.217391304347826,0.391304347826087,3.8260869565217392,0.13768115942028986,4.307909604519774
都筑区,コビープリスクールなかまちだい,0歳,127.08333333333333,29.5,3.0869565217391304,0.30434782608695654,5.6521739130434785,0.10869565217391304,4.307909604519774
泉区,えんがわ,0歳,127.08333333333333,29.5,0.6086956521739131,0.5217391304347826,2.4782608695652173,0.14855072463768115,4.307909604519774
港南区,スクルドエンジェル保育園上大岡園,1歳,127.06191254550885,29.5,4.0,0.34782608695652173,6.173913043478261,0.1193625984858254,4.307183476118944
神奈川区,めばえ横浜保育園,1歳,127.03900709219859,29.5,1.391304347826087,0.34782608695652173,19.608695652173914,0.15618254702436016,4.306407020074529
鶴見区,Ｊキッズプラネット鶴見保育園,3歳,127.01492537313433,29.5,1.0,0.391304347826087,14.608695652173912,0.14914557646549859,4.305590690614723
鶴見区,ぶれすと尻手ほいくえん,3歳,127.0,29.5,0.4782608695652174,0.34782608695652173,15.608695652173912,0.10724637681159421,4.305084745762712
保土ケ谷区,天王町駅前もえぎ保育園,1歳,127.0,29.5,0.21739130434782608,0.6521739130434783,6.3478260869565215,0.1565217391304348,4.305084745762712
都筑区,都筑ひよこ保育園,2歳,126.92406456346295,29.5,0.6956521739130435,0.4782608695652174,19.391304347826086,0.1571820472742352,4.302510663168236
港北区,ペガサスベビー保育園,1歳,126.875,29.5,2.130434782608696,0.30434782608695654,9.652173913043478,0.11956521739130435,4.3008474576271185
鶴見区,東漸保育園,1歳,126.80851063829788,29.5,0.8695652173913043,0.43478260869565216,12.956521739130435,0.17067530064754857,4.29859358095925
鶴見区,駒岡げんきっず保育園,0歳,126.80851063829788,29.5,1.3478260869565217,0.391304347826087,2.5217391304347827,0.14893617021276598,4.29859358095925
鶴見区,尻手スマイル保育園,1歳,126.80851063829788,29.5,0.4782608695652174,0.30434782608695654,4.304347826086956,0.14893617021276598,4.29859358095925
鶴見区,スターチャイルド≪矢向ナーサリー≫,2歳,126.80851063829788,29.5,0.391304347826087,0.2608695652173913,8.434782608695652,0.12719703977798336,4.29859358095925
南区,やすらぎ保育園,4歳,126.80851063829788,29.5,0.21739130434782608,0.2608695652173913,13.73913043478261,0.12719703977798336,4.29859358095925
栄区,トモキッズナーサリーかさま園,4歳,126.67553191489361,29.5,0.2608695652173913,0.391304347826087,7.304347826086956,0.12072155411655874,4.294085827623512
港北区,キッズパートナー大倉山,1歳,126.66666666666667,29.5,0.782608695652174,0.6521739130434783,4.304347826086956,0.18115942028985507,4.293785310734464
都筑区,認定こども園エクレス,5歳,126.66666666666667,29.5,0.043478260869565216,0.34782608695652173,12.695652173913043,0.15942028985507245,4.293785310734464
金沢区,あおぞら谷津保育園,5歳,126.66666666666667,29.5,0.0,0.4782608695652174,18.52173913043478,0.18115942028985504,4.293785310734464
栄区,認定こども園　飯島東保育園,4歳,126.66666666666667,29.5,0.043478260869565216,0.4782608695652174,11.217391304347826,0.18115942028985504,4.293785310734464
鶴見区,横浜市鶴見保育園,1歳,126.66666666666667,29.5,1.1304347826086956,0.34782608695652173,8.652173913043478,0.15942028985507245,4.293785310734464
金沢区,横浜市並木保育園,2歳,126.62234042553192,29.5,1.0869565217391304,0.30434782608695654,20.608695652173914,0.11632747456059205,4.292282726289217
都筑区,やまた保育園,3歳,126.62234042553192,29.5,0.17391304347826086,0.30434782608695654,11.608695652173912,0.14893617021276598,4.292282726289217
鶴見区,みゆさと保育園,0歳,126.58333333333333,29.5,3.8260869565217392,0.6086956521739131,5.391304347826087,0.15289855072463768,4.290960451977401
鶴見区,鶴見あけぼの保育園,1歳,126.57801418439716,29.5,0.6956521739130435,0.34782608695652173,9.826086956521738,0.14168979340117174,4.290780141843972
都筑区,ナーサリーつづき,4歳,126.52985074626866,29.5,0.043478260869565216,0.2608695652173913,23.08695652173913,0.11291369240752758,4.289147482924362
鶴見区,市場保育園,4歳,126.45833333333333,29.5,0.043478260869565216,0.43478260869565216,23.91304347826087,0.15579710144927536,4.286723163841808
港北区,みらいこうほく保育園,1歳,126.42857142857143,29.5,2.0434782608695654,0.43478260869565216,6.3478260869565215,0.10973084886128363,4.285714285714286
栄区,ふぁみりーさぽーと　のあ,0歳,126.39806287710384,29.5,3.0869565217391304,0.391304347826087,3.608695652173913,0.12233007027765888,4.284680097528944
都筑区,ナーサリーつづき,0歳,126.38955744902347,29.5,7.043478260869565,0.6521739130434783,4.739130434782608,0.11919708498433698,4.284391777932999
南区,キッズパートナー井土ヶ谷,0歳,126.27732240437159,29.5,4.3478260869565215,0.4782608695652174,2.5652173913043477,0.17367545735329057,4.280587200148189
瀬谷区,わらべ細谷戸保育園,5歳,126.25,29.5,0.0,0.2608695652173913,14.695652173913043,0.13043478260869565,4.279661016949152
中区,新山下二丁目保育所,4歳,126.25,29.5,0.043478260869565216,0.30434782608695654,18.91304347826087,0.12318840579710144,4.279661016949152
西区,京急キッズランド新高島保育園,4歳,126.25,29.5,0.0,0.30434782608695654,11.608695652173912,0.15217391304347827,4.279661016949152
鶴見区,わおわお保育園,2歳,126.25,29.5,0.5217391304347826,0.2608695652173913,25.0,0.13043478260869565,4.279661016949152
戸塚区,名瀬いちい保育園,3歳,126.25,29.5,0.08695652173913043,0.2608695652173913,17.695652173913043,0.13043478260869565,4.279661016949152
中区,ポピンズナーサリースクール馬車道,5歳,126.25,29.5,0.043478260869565216,0.4782608695652174,7.130434782608695,0.14492753623188404,4.279661016949152
金沢区,金沢愛児園,3歳,126.25,29.5,0.34782608695652173,0.30434782608695654,22.47826086956522,0.12318840579710144,4.279661016949152
青葉区,天才キッズクラブ楽学館あざみ野園,0歳,126.25,29.5,1.391304347826087,0.30434782608695654,5.695652173913044,0.12318840579710144,4.279661016949152
都筑区,クオリスキッズ鴨居駅前保育園,4歳,126.25,29.5,0.0,0.2608695652173913,12.652173913043478,0.13043478260869565,4.279661016949152
港北区,日吉ちとせ保育園,3歳,126.25,29.5,0.08695652173913043,0.2608695652173913,13.826086956521738,0.13043478260869565,4.279661016949152
磯子区,西町星の子保育園,4歳,126.25,29.5,0.08695652173913043,0.34782608695652173,11.391304347826088,0.17391304347826086,4.279661016949152
保土ケ谷区,おおきくなぁ～れ　プチベベ保育室,1歳,126.25,29.5,0.43478260869565216,0.391304347826087,7.565217391304348,0.15217391304347827,4.279661016949152
都筑区,さんさん森の保育園センター南,3歳,126.25,29.5,0.6086956521739131,0.2608695652173913,11.652173913043478,0.13043478260869565,4.279661016949152
西区,アミー保育園高島園,0歳,126.25,29.5,0.8260869565217391,0.6956521739130435,0.7391304347826086,0.18478260869565216,4.279661016949152
鶴見区,ひまわりニコニコ保育園,0歳,126.25,29.5,1.3478260869565217,0.6086956521739131,2.391304347826087,0.17391304347826086,4.279661016949152
中区,横浜市山手保育園,2歳,126.16666666666667,29.5,0.5217391304347826,0.391304347826087,14.608695652173912,0.1289855072463768,4.276836158192091
鶴見区,生麦ポケット保育園,4歳,126.113184079602,29.5,0.043478260869565216,0.4782608695652174,11.130434782608695,0.16001514168288988,4.27502318913905
青葉区,もみじ保育園,1歳,126.05464480874316,29.5,3.9130434782608696,0.7391304347826086,21.73913043478261,0.17222618199097173,4.2730388070760394
港南区,育美保育園,0歳,34.166666666666664,8.0,2.75,0.375,7.625,0.14583333333333331,4.270833333333333
鶴見区,鶴見ルーナ保育園,2歳,125.93085106382979,29.5,0.4782608695652174,0.2608695652173913,17.782608695652176,0.12395929694727104,4.2688424089433825
保土ケ谷区,ダイアナ保育園,0歳,125.86065573770492,29.5,4.521739130434782,0.391304347826087,5.608695652173913,0.12295081967213115,4.266462906362879
港南区,Ｐｏｃｏ　ａ　Ｐｏｃｏ保育園,0歳,125.83333333333333,29.5,2.0869565217391304,0.2608695652173913,1.7826086956521738,0.11594202898550723,4.265536723163842
緑区,青砥どんぐり保育園,2歳,125.83333333333333,29.5,0.34782608695652173,0.2608695652173913,17.652173913043477,0.11594202898550723,4.265536723163842
青葉区,ベネッセ　青葉台保育園,4歳,125.83333333333333,29.5,0.13043478260869565,0.34782608695652173,12.652173913043478,0.15942028985507245,4.265536723163842
港北区,ポピンズナーサリースクール綱島,5歳,125.83333333333333,29.5,0.0,0.34782608695652173,8.652173913043478,0.15942028985507245,4.265536723163842
都筑区,つづき保育園,2歳,125.83333333333333,29.5,0.0,0.2608695652173913,17.043478260869566,0.11594202898550723,4.265536723163842
鶴見区,横浜山手モンテッソーリ保育園,3歳,125.83333333333333,29.5,0.4782608695652174,0.43478260869565216,10.391304347826088,0.18840579710144925,4.265536723163842
青葉区,横浜市荏田保育園,3歳,125.83333333333334,29.5,0.043478260869565216,0.34782608695652173,19.217391304347824,0.11594202898550723,4.265536723163842
神奈川区,ブライト保育園横浜松見町,4歳,125.83333333333333,29.5,0.0,0.43478260869565216,11.434782608695652,0.18840579710144925,4.265536723163842
緑区,すまいる保育園,0歳,125.83333333333333,29.5,2.8260869565217392,0.4782608695652174,1.4782608695652173,0.16666666666666666,4.265536723163842
神奈川区,京浜保育園パステル,0歳,125.83333333333333,29.5,2.0,0.2608695652173913,2.739130434782609,0.11594202898550723,4.265536723163842
旭区,希望ヶ丘プラス保育園,4歳,125.83333333333333,29.5,0.391304347826087,0.2608695652173913,11.73913043478261,0.11594202898550723,4.265536723163842
鶴見区,鶴見ポケット保育園,2歳,125.83333333333333,29.5,0.2608695652173913,0.2608695652173913,9.826086956521738,0.11594202898550723,4.265536723163842
中区,横濱中華幼保園,5歳,125.75,29.5,0.391304347826087,0.391304347826087,26.565217391304348,0.1144927536231884,4.262711864406779
旭区,横浜市左近山保育園,3歳,125.69275582573455,29.5,1.173913043478261,0.6956521739130435,23.130434782608695,0.14311043566362713,4.260771383923205
栄区,芸術の森保育園,0歳,125.63194664973008,29.5,4.6521739130434785,0.391304347826087,5.478260869565218,0.14267009080407397,4.2587100559230535
青葉区,たまプラーザもみじ保育園,0歳,125.59294871794872,29.5,18.434782608695652,0.43478260869565216,14.391304347826088,0.12699739873652915,4.257388092133855
旭区,おれんじハウス二俣川保育園,2歳,125.55851063829788,29.5,0.21739130434782608,0.2608695652173913,4.782608695652174,0.12719703977798336,4.256220699603317
青葉区,青葉保育園,0歳,125.54006072611277,29.5,5.043478260869565,0.6521739130434783,7.304347826086956,0.14765592241013842,4.25559527885128
南区,六ツ川西保育園,0歳,125.45833333333333,29.5,4.521739130434782,0.5217391304347826,8.347826086956522,0.1471014492753623,4.252824858757062
磯子区,磯子おひさま保育園,3歳,125.45035460992908,29.5,0.6521739130434783,0.4782608695652174,17.869565217391305,0.15149552883132902,4.252554393556918
西区,トキワ保育園,0歳,125.41666666666667,29.5,5.3478260869565215,0.7391304347826086,5.260869565217392,0.1920289855072464,4.251412429378531
港北区,横浜りとるぱんぷきんず(保育所部分),5歳,125.41666666666667,29.5,0.043478260869565216,0.391304347826087,19.08695652173913,0.18115942028985507,4.251412429378531
青葉区,アートチャイルドケアろりぽっぷたまプラーザ,5歳,125.41666666666667,29.5,0.0,0.5652173913043478,14.434782608695652,0.1539855072463768,4.251412429378531
保土ケ谷区,新桜ケ丘保育園,2歳,125.37234042553192,29.5,0.391304347826087,0.30434782608695654,9.695652173913043,0.14893617021276598,4.249909844933286
港北区,おおつな保育園,1歳,125.30058983075554,29.5,1.3478260869565217,0.43478260869565216,33.43478260869565,0.15330206989649497,4.2474776213815435
都筑区,横浜市みどり保育園,4歳,125.2569811970225,29.5,0.6956521739130435,0.6956521739130435,27.17391304347826,0.14631610553313765,4.245999362610932
磯子区,横浜おひさま保育園,4歳,125.15957446808511,29.5,0.43478260869565216,0.30434782608695654,12.521739130434783,0.12950971322849214,4.242697439596106
中区,のぞみ山手駅前保育園,2歳,125.15957446808511,29.5,0.6086956521739131,0.30434782608695654,7.739130434782608,0.12950971322849214,4.242697439596106
緑区,中山こども園,4歳,46.666666666666664,11.0,0.09090909090909091,0.36363636363636365,13.636363636363637,0.1515151515151515,4.242424242424242
緑区,森の台保育園,4歳,125.0,29.5,0.08695652173913043,0.391304347826087,14.565217391304348,0.1956521739130435,4.237288135593221
西区,にじいろ保育園みなとみらい,3歳,125.0,29.5,0.0,0.34782608695652173,13.608695652173912,0.17391304347826086,4.237288135593221
緑区,にじいろ保育園鴨居,4歳,125.0,29.5,0.6956521739130435,0.2608695652173913,13.478260869565217,0.13043478260869565,4.237288135593221
鶴見区,鶴見なのはな保育園,2歳,125.0,29.5,0.0,0.2608695652173913,4.3478260869565215,0.13043478260869565,4.237288135593221
旭区,とこちゃん☆みっつ保育園,2歳,125.0,29.5,1.2608695652173914,0.2608695652173913,7.695652173913044,0.13043478260869565,4.237288135593221
港北区,パレット保育園・高田,3歳,125.0,29.5,1.0434782608695652,0.2608695652173913,13.73913043478261,0.13043478260869565,4.237288135593221
神奈川区,白幡保育園,2歳,125.0,29.5,0.9565217391304348,0.2608695652173913,17.695652173913043,0.13043478260869565,4.237288135593221
港北区,小規模保育事業ＭＩＲＡｉｏ新横浜,0歳,125.0,29.5,3.6956521739130435,0.6521739130434783,2.3043478260869565,0.16304347826086957,4.237288135593221
港南区,白峰保育園,4歳,125.0,29.5,0.43478260869565216,0.34782608695652173,17.565217391304348,0.13043478260869565,4.237288135593221
鶴見区,明日葉保育園鶴見園,3歳,125.0,29.5,0.0,0.30434782608695654,11.695652173913043,0.15217391304347827,4.237288135593221
港北区,パレット保育園・大倉山,4歳,125.0,29.5,0.08695652173913043,0.2608695652173913,14.608695652173912,0.13043478260869565,4.237288135593221
青葉区,アスク藤が丘保育園,4歳,125.0,29.5,0.043478260869565216,0.391304347826087,7.521739130434782,0.1956521739130435,4.237288135593221
都筑区,すまいるセンターみなみ保育園,0歳,125.0,29.5,0.9130434782608695,0.2608695652173913,0.7391304347826086,0.13043478260869565,4.237288135593221
港北区,明日葉保育園綱島園,3歳,125.0,29.5,0.0,0.2608695652173913,11.608695652173912,0.13043478260869565,4.237288135593221
保土ケ谷区,天王町駅前もえぎ保育園,0歳,125.0,29.5,2.130434782608696,0.5217391304347826,2.4782608695652173,0.16304347826086957,4.237288135593221
鶴見区,鶴見中央ハート保育園,2歳,125.0,29.5,0.0,0.2608695652173913,7.6521739130434785,0.13043478260869565,4.237288135593221
青葉区,市ヶ尾保育園,5歳,125.0,29.5,0.0,0.2608695652173913,13.217391304347826,0.13043478260869565,4.237288135593221
港北区,ララランド大倉山,3歳,125.0,29.5,0.08695652173913043,0.34782608695652173,12.304347826086957,0.17391304347826086,4.237288135593221
神奈川区,みらいつばさ片倉町保育園,2歳,125.0,29.5,1.0,0.2608695652173913,5.739130434782608,0.13043478260869565,4.237288135593221
港北区,うみのくに保育園きくな,3歳,125.0,29.5,0.0,0.30434782608695654,11.434782608695652,0.12318840579710144,4.237288135593221
港北区,くじら保育園,1歳,125.0,29.5,1.608695652173913,0.2608695652173913,4.782608695652174,0.13043478260869565,4.237288135593221
金沢区,ＹＭＣＡマナ保育園,5歳,125.0,29.5,0.6956521739130435,0.2608695652173913,12.73913043478261,0.13043478260869565,4.237288135593221
神奈川区,三ツ沢保育園,2歳,125.0,29.5,0.13043478260869565,0.5217391304347826,7.0,0.18478260869565216,4.237288135593221
泉区,にじいろ保育園いずみ中央,4歳,125.0,29.5,0.0,0.391304347826087,9.652173913043478,0.16304347826086957,4.237288135593221
南区,横浜市永田保育園,5歳,125.0,29.5,0.4782608695652174,0.5652173913043478,19.347826086956523,0.1956521739130435,4.237288135593221
神奈川区,アイン高島台保育園,5歳,125.0,29.5,0.0,0.2608695652173913,12.217391304347826,0.13043478260869565,4.237288135593221
鶴見区,桑の実馬場保育園,1歳,125.0,29.5,0.5217391304347826,0.2608695652173913,8.217391304347826,0.13043478260869565,4.237288135593221
鶴見区,トライアングル　スマイル,2歳,125.0,29.5,0.043478260869565216,0.2608695652173913,7.739130434782608,0.13043478260869565,4.237288135593221
旭区,ポプラ第二保育園,4歳,125.0,29.5,0.21739130434782608,0.2608695652173913,9.73913043478261,0.13043478260869565,4.237288135593221
神奈川区,マフィス白楽ナーサリー,0歳,125.0,29.5,4.304347826086956,0.34782608695652173,2.652173913043478,0.13043478260869565,4.237288135593221
港北区,港北こども園,2歳,125.0,29.5,0.0,0.34782608695652173,7.6521739130434785,0.17391304347826086,4.237288135593221
鶴見区,横浜山手モンテッソーリ保育園,0歳,125.0,29.5,3.608695652173913,0.8695652173913043,5.130434782608695,0.18478260869565216,4.237288135593221
旭区,スターチャイルド《鶴ヶ峰ナーサリー》,4歳,125.0,29.5,0.2608695652173913,0.2608695652173913,6.608695652173913,0.13043478260869565,4.237288135593221
緑区,横浜市鴨居保育園,3歳,125.0,29.5,0.08695652173913043,0.5217391304347826,23.695652173913043,0.13043478260869565,4.237288135593221
磯子区,太陽の子　磯子保育園,4歳,125.0,29.5,0.43478260869565216,0.34782608695652173,14.521739130434783,0.17391304347826086,4.237288135593221
磯子区,金剛保育園,1歳,125.0,29.5,3.3043478260869565,0.2608695652173913,17.695652173913043,0.13043478260869565,4.237288135593221
鶴見区,鶴見ぬくもり保育園,2歳,125.0,29.5,0.0,0.2608695652173913,4.869565217391305,0.13043478260869565,4.237288135593221
鶴見区,こあらっこはうす　ル・ソレイユ,3歳,125.0,29.5,0.13043478260869565,0.391304347826087,11.434782608695652,0.1956521739130435,4.237288135593221
都筑区,アスクセンター北保育園,3歳,125.0,29.5,0.17391304347826086,0.391304347826087,10.08695652173913,0.13768115942028986,4.237288135593221
鶴見区,横浜山手モンテッソーリ保育園,5歳,125.0,29.5,0.0,0.4782608695652174,10.130434782608695,0.1956521739130435,4.237288135593221
港南区,つくし保育園　上大岡,4歳,125.0,29.5,0.043478260869565216,0.30434782608695654,15.608695652173912,0.15217391304347827,4.237288135593221
南区,横浜市井土ケ谷保育園,0歳,124.97996183206106,29.5,10.217391304347826,0.5652173913043478,8.391304347826088,0.13055094590109526,4.236608875663087
青葉区,太陽の子　桜台保育園,3歳,124.88726579866625,29.5,0.43478260869565216,0.6521739130434783,11.043478260869565,0.19663247131594572,4.233466637242923
神奈川区,小鳩保育園分園,1歳,124.87588652482269,29.5,0.4782608695652174,0.30434782608695654,9.695652173913043,0.12149244526672835,4.233080899146532
港北区,おおつな保育園,2歳,124.86702127659575,29.5,1.1304347826086956,0.2608695652173913,35.43478260869565,0.12395929694727104,4.232780382257483
都筑区,さくら保育室,1歳,124.86111111111111,29.5,0.5652173913043478,0.6086956521739131,8.391304347826088,0.13647342995169082,4.232580037664784
青葉区,もみじ第二保育園,3歳,124.83333333333333,29.5,0.0,0.43478260869565216,12.173913043478262,0.15072463768115943,4.231638418079096
緑区,太陽の子　鴨居駅前保育園,3歳,124.83089869799937,29.5,0.21739130434782608,0.34782608695652173,11.565217391304348,0.1386614568231921,4.231555888067775
金沢区,スターチャイルド≪金沢文庫ナーサリー≫,0歳,124.75,29.5,2.130434782608696,0.43478260869565216,4.826086956521739,0.16521739130434782,4.228813559322034
瀬谷区,横浜市中屋敷保育園,2歳,124.67061323618701,29.5,2.391304347826087,0.34782608695652173,14.695652173913043,0.12697658456746125,4.2261224825826105
港北区,にじいろ保育園綱島,3歳,124.58955223880596,29.5,0.9565217391304348,0.5652173913043478,11.043478260869565,0.17748215444516546,4.223374652162914
港北区,横浜市南日吉保育園,5歳,124.58333333333333,29.5,0.0,0.30434782608695654,18.73913043478261,0.12318840579710144,4.223163841807909
磯子区,森おひさま保育園,1歳,124.58333333333333,29.5,1.0434782608695652,0.30434782608695654,2.869565217391304,0.12318840579710144,4.223163841807909
磯子区,磯子おひさま保育園,1歳,124.57026875699889,29.5,3.782608695652174,0.34782608695652173,15.478260869565217,0.13902819027216515,4.222720974813521
磯子区,汐見台愛育園,3歳,124.53900709219859,29.5,0.2608695652173913,0.5217391304347826,13.782608695652174,0.16705211224175145,4.221661257362664
港北区,ブライト保育園横浜日吉,3歳,124.5,29.5,0.21739130434782608,0.34782608695652173,11.521739130434783,0.1217391304347826,4.220338983050848
港北区,わおわお大倉山保育園,2歳,124.5,29.5,0.17391304347826086,0.34782608695652173,12.608695652173912,0.1217391304347826,4.220338983050848
鶴見区,ねむの樹　元宮保育園,4歳,124.5,29.5,0.0,0.43478260869565216,22.73913043478261,0.16521739130434782,4.220338983050848
港北区,もしもしのほし日吉保育園,1歳,124.49468085106383,29.5,2.391304347826087,0.391304347826087,6.608695652173913,0.12719703977798336,4.220158672917418
神奈川区,フレール保育園,3歳,124.30851063829788,29.5,0.5652173913043478,0.2608695652173913,9.73913043478261,0.12719703977798336,4.213847818247386
青葉区,パレット保育園・たまプラーザ,2歳,124.30851063829788,29.5,0.34782608695652173,0.30434782608695654,8.652173913043478,0.13444341658957756,4.213847818247386
港南区,横浜市野庭第二保育園,2歳,124.30851063829788,29.5,2.9130434782608696,0.2608695652173913,20.695652173913043,0.12719703977798336,4.213847818247386
戸塚区,東戸塚かもめ第３保育園,2歳,124.30851063829788,29.5,0.17391304347826086,0.30434782608695654,7.6521739130434785,0.14893617021276598,4.213847818247386
港北区,認定こども園岸根こども園（保育所部分）,0歳,124.25960622419815,29.5,3.8260869565217392,0.8695652173913043,7.130434782608695,0.20209038065914647,4.212190041498243
中区,木下の保育園　山下町,0歳,124.23714759535655,29.5,1.6956521739130435,0.4782608695652174,2.0,0.18054654264907347,4.2114287320459844
鶴見区,太陽の子　鶴見市場保育園,4歳,124.16666666666667,29.5,0.9130434782608695,0.5217391304347826,12.217391304347826,0.20289855072463767,4.209039548022599
西区,すぎやま家庭保育室,0歳,124.16666666666667,29.5,2.391304347826087,0.5652173913043478,1.0869565217391304,0.17391304347826086,4.209039548022599
港北区,光の園アンティー保育園,4歳,124.16666666666667,29.5,0.0,0.391304347826087,13.08695652173913,0.18115942028985507,4.209039548022599
戸塚区,おおぞらひまわり保育園,3歳,124.16666666666667,29.5,0.34782608695652173,0.5217391304347826,14.0,0.20289855072463767,4.209039548022599
西区,キッズポケット保育園,1歳,124.16666666666667,29.5,0.13043478260869565,0.6086956521739131,11.391304347826088,0.20289855072463767,4.209039548022599
保土ケ谷区,ラフ・クルー星川保育園,4歳,124.16666666666667,29.5,0.0,0.5217391304347826,14.434782608695652,0.17391304347826086,4.209039548022599
戸塚区,横浜東戸塚雲母保育園,2歳,124.16666666666667,29.5,0.8260869565217391,0.34782608695652173,9.347826086956522,0.15942028985507245,4.209039548022599
鶴見区,きらぼし保育園,2歳,124.12234042553192,29.5,0.08695652173913043,0.30434782608695654,4.304347826086956,0.14893617021276598,4.207536963577353
都筑区,コビープリスクールなかまちだい,3歳,124.03034530868504,29.5,1.3043478260869565,0.391304347826087,12.26086956521739,0.17845498248434205,4.204418485040171
青葉区,たまプラーザ　こどもの詩保育園,0歳,124.0,29.5,7.391304347826087,0.6521739130434783,5.304347826086956,0.13623188405797101,4.203389830508475
港北区,みらいく高田園,0歳,123.91134751773049,29.5,4.304347826086956,0.8260869565217391,5.173913043478261,0.1866173296330558,4.200384661617982
鶴見区,駒岡保育園,2歳,123.89282899921199,29.5,1.5217391304347827,0.43478260869565216,11.521739130434783,0.1907869942097509,4.199756915227525
栄区,横浜市公田保育園,2歳,123.8918439716312,29.5,0.08695652173913043,0.34782608695652173,13.391304347826088,0.15618254702436016,4.199723524462074
瀬谷区,瀬谷愛児園,0歳,123.89164093326471,29.5,3.260869565217391,0.5217391304347826,5.434782608695652,0.16101464193276496,4.199716641805583
港南区,キッズアミ,2歳,123.88888888888889,29.5,0.8260869565217391,0.391304347826087,9.608695652173912,0.14049919484702092,4.199623352165725
鶴見区,鶴見なのはな保育園,0歳,123.79098360655738,29.5,1.0,0.30434782608695654,1.9565217391304348,0.14468995010691374,4.196304529035843
神奈川区,スターチャイルド≪三ッ沢上町ナーサリー≫,3歳,123.75359401955147,29.5,1.2608695652173914,0.5652173913043478,12.347826086956522,0.20649048678650897,4.195037085408525
神奈川区,アイン三枚町保育園,4歳,123.75,29.5,0.0,0.2608695652173913,14.73913043478261,0.13043478260869565,4.194915254237288
旭区,わかばの森保育園,4歳,123.75,29.5,0.0,0.2608695652173913,7.0,0.13043478260869565,4.194915254237288
保土ケ谷区,横浜市天王町保育園,2歳,123.75,29.5,0.391304347826087,0.43478260869565216,15.521739130434783,0.15579710144927536,4.194915254237288
都筑区,わおわおセンター北保育園,5歳,123.75,29.5,0.0,0.34782608695652173,14.043478260869565,0.17391304347826086,4.194915254237288
中区,寿福祉センター保育所,0歳,123.75,29.5,1.434782608695652,0.34782608695652173,3.0434782608695654,0.15942028985507245,4.194915254237288
港北区,大倉山保育園,4歳,123.75,29.5,0.0,0.391304347826087,20.434782608695652,0.1956521739130435,4.194915254237288
神奈川区,ゆうゆうきっず新子安,5歳,123.75,29.5,0.0,0.2608695652173913,28.73913043478261,0.13043478260869565,4.194915254237288
港南区,認定こども園　森が丘幼稚園,2歳,123.75,29.5,0.8695652173913043,0.34782608695652173,7.434782608695652,0.13043478260869565,4.194915254237288
戸塚区,にじいろ保育園戸塚駅前,5歳,123.75,29.5,0.0,0.2608695652173913,10.695652173913043,0.13043478260869565,4.194915254237288
港南区,小学館アカデミーかみながや保育園,4歳,123.75,29.5,0.08695652173913043,0.34782608695652173,9.652173913043478,0.15942028985507245,4.194915254237288
港南区,Ｐｏｃｏ　ａ　Ｐｏｃｏ保育園,2歳,123.75,29.5,0.0,0.30434782608695654,6.739130434782608,0.15217391304347827,4.194915254237288
青葉区,スターチャイルド≪藤が丘ナーサリー≫,4歳,123.75,29.5,0.5652173913043478,0.34782608695652173,8.869565217391305,0.13043478260869565,4.194915254237288
鶴見区,かもめ保育園,0歳,123.75,29.5,3.130434782608696,0.34782608695652173,5.608695652173913,0.14130434782608695,4.194915254237288
港南区,笹下保育園,2歳,123.70665878644603,29.5,1.3043478260869565,0.34782608695652173,15.91304347826087,0.1360537225477096,4.193446060557492
金沢区,アイン金沢文庫保育園,0歳,123.63636363636364,29.5,3.5217391304347827,0.5652173913043478,5.0,0.1383399209486166,4.191063174114022
青葉区,ChaCha Children Kakinokidai,2歳,123.61702127659575,29.5,1.0434782608695652,0.30434782608695654,34.608695652173914,0.14569842738205366,4.190407500901551
港北区,まなびの森　綱島こども園,4歳,77.5,18.5,0.0,0.3333333333333333,11.0,0.16666666666666666,4.1891891891891895
港北区,まなびの森　ヴィラ日吉こども園,3歳,77.5,18.5,0.0,0.3333333333333333,13.416666666666666,0.16666666666666666,4.1891891891891895
南区,横浜市しろばら保育園,4歳,123.54166666666667,29.5,0.13043478260869565,0.43478260869565216,18.217391304347824,0.13768115942028986,4.187853107344633
神奈川区,かながわ保育園,0歳,123.36162551440329,29.5,8.0,0.5652173913043478,11.434782608695652,0.14649311146895688,4.181750017437399
都筑区,第二しらとり台保育園,1歳,123.3526282853567,29.5,2.608695652173913,0.34782608695652173,16.565217391304348,0.1291151983457583,4.181445026622261
神奈川区,おれんじハウス横浜駅前保育園,0歳,123.33333333333333,29.5,2.3043478260869565,0.6086956521739131,2.391304347826087,0.17753623188405795,4.1807909604519775
旭区,認定こども園　若葉台こども園,2歳,123.33333333333333,29.5,0.30434782608695654,0.391304347826087,18.304347826086957,0.18115942028985507,4.1807909604519775
港北区,こどものまち綱島西保育園,2歳,123.33333333333333,29.5,0.17391304347826086,0.30434782608695654,9.782608695652174,0.13768115942028986,4.1807909604519775
金沢区,マミーズエンジェル金沢文庫駅前保育園,3歳,123.33333333333333,29.5,0.5217391304347826,0.4782608695652174,11.91304347826087,0.21014492753623187,4.1807909604519775
鶴見区,鶴見ぬくもり保育園,0歳,123.33333333333333,29.5,2.260869565217391,0.4782608695652174,1.5217391304347827,0.18115942028985504,4.1807909604519775
港北区,保育室プリンプリンROOM,3歳,123.33333333333333,29.5,0.9565217391304348,0.5652173913043478,18.17391304347826,0.21014492753623187,4.1807909604519775
青葉区,ベビーぽけっと松風台,2歳,123.33333333333333,29.5,0.043478260869565216,0.34782608695652173,7.260869565217392,0.13043478260869565,4.1807909604519775
青葉区,もみじ第二保育園,2歳,123.33333333333333,29.5,0.08695652173913043,0.43478260869565216,13.652173913043478,0.18840579710144925,4.1807909604519775
磯子区,太陽の子　磯子第二保育園,3歳,123.33333333333333,29.5,0.6086956521739131,0.391304347826087,8.565217391304348,0.18115942028985507,4.1807909604519775
港北区,ポピンズナーサリースクール小机,3歳,123.33333333333333,29.5,0.6086956521739131,0.5652173913043478,7.173913043478261,0.21014492753623187,4.1807909604519775
金沢区,わかくさ保育園,5歳,123.33333333333333,29.5,0.08695652173913043,0.391304347826087,11.130434782608695,0.18115942028985507,4.1807909604519775
中区,キディ石川町・横浜,4歳,123.33333333333333,29.5,0.043478260869565216,0.34782608695652173,13.608695652173912,0.15942028985507245,4.1807909604519775
磯子区,にじいろ保育園　磯子,5歳,123.33333333333333,29.5,0.0,0.391304347826087,12.478260869565217,0.18115942028985507,4.1807909604519775
中区,こもれび保育園根岸園,2歳,123.33333333333333,29.5,0.0,0.30434782608695654,6.173913043478261,0.13768115942028986,4.1807909604519775
戸塚区,名瀬いちい保育園,0歳,123.30128205128204,29.5,4.913043478260869,0.5652173913043478,8.391304347826088,0.1740988480118915,4.179704476314646
青葉区,シャローム保育園,5歳,123.25,29.5,0.0,0.391304347826087,24.52173913043478,0.14347826086956522,4.177966101694915
磯子区,金剛保育園,2歳,123.25,29.5,0.9565217391304348,0.391304347826087,21.608695652173914,0.1289855072463768,4.177966101694915
南区,横浜市しろばら保育園,5歳,123.19651741293532,29.5,0.5652173913043478,0.43478260869565216,19.608695652173914,0.18537746052346962,4.1761531326418755
港北区,パレット保育園・大倉山,2歳,123.19120916070462,29.5,2.347826086956522,0.391304347826087,14.521739130434783,0.14518310119966635,4.175973191888292
南区,キッズパートナー井土ヶ谷,2歳,123.18228596967879,29.5,1.0869565217391304,0.4782608695652174,8.434782608695652,0.1712178648335054,4.175670710836569
港南区,認定こども園関東学院のびのびのば園,2歳,123.14814814814815,29.5,3.0,0.30434782608695654,15.782608695652174,0.1465378421900161,4.174513496547395
港北区,みらいこうほく保育園,0歳,123.125,29.5,1.391304347826087,0.4782608695652174,1.2173913043478262,0.17391304347826086,4.173728813559322
港北区,キッズラボ菊名園,0歳,123.08333333333333,29.5,2.4347826086956523,1.0869565217391304,4.913043478260869,0.20144927536231885,4.172316384180791
金沢区,横浜市並木保育園,3歳,123.05555555555556,29.5,0.782608695652174,0.391304347826087,21.304347826086957,0.17552334943639292,4.171374764595104
鶴見区,ぶれすと尻手ほいくえん,0歳,123.02146323254946,29.5,3.8260869565217392,0.5217391304347826,5.304347826086956,0.1765486797474723,4.170219092628796
青葉区,みどり乳児園,0歳,122.97517730496455,29.5,4.739130434782608,0.6086956521739131,3.5217391304347827,0.18082022818378046,4.168650078134392
中区,徳育ナーサリー山下公園,1歳,122.91666666666667,29.5,0.2608695652173913,0.5217391304347826,7.478260869565218,0.18478260869565216,4.166666666666667
保土ケ谷区,横浜市神戸保育園,0歳,122.91666666666667,29.5,2.782608695652174,0.4782608695652174,6.521739130434782,0.16304347826086957,4.166666666666667
神奈川区,横浜市松見保育園,0歳,122.91666666666667,29.5,2.0434782608695654,0.4782608695652174,7.478260869565218,0.18115942028985504,4.166666666666667
港北区,特定非営利活動法人つばき駅前保育園,2歳,25.0,6.0,0.16666666666666666,0.3333333333333333,13.666666666666666,0.16666666666666666,4.166666666666667
神奈川区,横浜大口雲母保育園,3歳,122.86065573770492,29.5,0.43478260869565216,0.391304347826087,10.652173913043478,0.13599429793300072,4.164767991108641
鶴見区,鶴見ポケット保育園,4歳,122.84825870646766,29.5,0.043478260869565216,0.4782608695652174,11.521739130434783,0.1926238373350638,4.164347752761616
鶴見区,フェアリーテイルみらい,4歳,122.79166666666667,29.5,0.0,0.6086956521739131,10.08695652173913,0.15289855072463768,4.1624293785310735
港北区,アスクバイリンガル保育園ゆめみらい,2歳,76.99468085106383,18.5,0.25,0.3333333333333333,14.666666666666666,0.16046099290780141,4.161874640598045
鶴見区,尻手スマイル保育園,0歳,122.72222222222223,29.5,1.565217391304348,0.34782608695652173,2.6956521739130435,0.15813204508856682,4.1600753295668556
港北区,尚花愛児園,3歳,122.63888888888889,29.5,0.9565217391304348,0.5217391304347826,30.08695652173913,0.20813204508856684,4.157250470809792
南区,清水ヶ丘保育園,1歳,122.62234042553192,29.5,0.6521739130434783,0.6086956521739131,13.347826086956522,0.1873419673142152,4.156689505950235
南区,中村愛児園,1歳,122.61261261261261,29.5,0.34782608695652173,0.43478260869565216,7.434782608695652,0.1829220524872699,4.156359749580089
南区,清水ヶ丘保育園,2歳,122.59456264775415,29.5,0.30434782608695654,0.34782608695652173,15.08695652173913,0.150546476170898,4.155747886364547
旭区,ポプラ保育園,3歳,122.50591016548464,29.5,1.3043478260869565,0.391304347826087,8.608695652173912,0.16663240483777023,4.152742717474055
神奈川区,ポピンズナーサリースクール片倉町,4歳,122.5,29.5,0.08695652173913043,0.43478260869565216,10.521739130434783,0.21739130434782608,4.1525423728813555
戸塚区,聖母の園保育園,3歳,122.5,29.5,0.0,0.4782608695652174,19.304347826086957,0.1956521739130435,4.1525423728813555
神奈川区,スターチャイルド≪白楽ナーサリー≫,3歳,122.5,29.5,0.13043478260869565,0.391304347826087,12.565217391304348,0.16304347826086957,4.1525423728813555
戸塚区,小雀みどり保育園,2歳,122.5,29.5,1.0869565217391304,0.34782608695652173,11.608695652173912,0.14492753623188404,4.1525423728813555
神奈川区,なないろきっど保育園,2歳,122.5,29.5,0.21739130434782608,0.30434782608695654,10.695652173913043,0.15217391304347827,4.1525423728813555
港北区,スターチャイルド≪綱島ナーサリー≫,5歳,122.5,29.5,0.0,0.43478260869565216,12.521739130434783,0.21739130434782608,4.1525423728813555
港北区,パレット保育園・妙蓮寺,4歳,122.5,29.5,0.0,0.30434782608695654,11.347826086956522,0.15217391304347827,4.1525423728813555
中区,ことぶき保育園,2歳,122.5,29.5,0.4782608695652174,0.43478260869565216,11.434782608695652,0.15217391304347827,4.1525423728813555
磯子区,金剛保育園,5歳,122.5,29.5,0.0,0.43478260869565216,23.52173913043478,0.21739130434782608,4.1525423728813555
青葉区,しらとり台保育園　青葉台,3歳,122.5,29.5,0.0,0.43478260869565216,11.347826086956522,0.18478260869565216,4.1525423728813555
港北区,パレット保育園・高田,5歳,122.5,29.5,0.043478260869565216,0.391304347826087,13.565217391304348,0.1956521739130435,4.1525423728813555
保土ケ谷区,梅の木保育園,4歳,122.5,29.5,0.08695652173913043,0.4782608695652174,9.173913043478262,0.1956521739130435,4.1525423728813555
戸塚区,アートチャイルドケア東戸塚,4歳,122.5,29.5,0.0,0.8695652173913043,14.347826086956522,0.21739130434782608,4.1525423728813555
神奈川区,Gakkenほいくえん片倉,5歳,122.5,29.5,0.0,0.391304347826087,11.608695652173912,0.13768115942028986,4.1525423728813555
港南区,港南ひまわり保育園,4歳,122.5,29.5,0.0,0.43478260869565216,11.521739130434783,0.21739130434782608,4.1525423728813555
青葉区,天才キッズクラブ楽学館あざみ野園,3歳,122.5,29.5,0.5217391304347826,0.391304347826087,9.521739130434783,0.1956521739130435,4.1525423728813555
保土ケ谷区,梅の木保育園,5歳,122.5,29.5,0.0,0.43478260869565216,9.043478260869565,0.2028985507246377,4.1525423728813555
鶴見区,フェアリーテイルみらい,5歳,122.5,29.5,0.0,0.5652173913043478,10.826086956521738,0.15217391304347827,4.1525423728813555
戸塚区,にじいろ保育園戸塚,0歳,122.5,29.5,11.043478260869565,0.7391304347826086,8.347826086956522,0.15217391304347827,4.1525423728813555
保土ケ谷区,にじいろ保育園天王町,2歳,122.5,29.5,0.13043478260869565,0.391304347826087,9.608695652173912,0.16666666666666666,4.1525423728813555
保土ケ谷区,ひかりの風保育園,5歳,122.5,29.5,0.0,0.391304347826087,15.130434782608695,0.13768115942028986,4.1525423728813555
港北区,Gakkenほいくえん綱島,4歳,122.5,29.5,0.0,0.391304347826087,11.347826086956522,0.1956521739130435,4.1525423728813555
栄区,エミールの森ひよこ保育園,5歳,122.5,29.5,0.0,0.30434782608695654,5.782608695652174,0.13768115942028986,4.1525423728813555
神奈川区,横浜市西菅田保育園,5歳,122.5,29.5,0.0,0.6086956521739131,14.304347826086957,0.1956521739130435,4.1525423728813555
都筑区,スターチャイルド≪川和ナーサリー≫,2歳,122.5,29.5,0.9565217391304348,0.391304347826087,16.52173913043478,0.1956521739130435,4.1525423728813555
南区,横浜市永田保育園,3歳,122.5,29.5,1.565217391304348,0.391304347826087,17.52173913043478,0.1956521739130435,4.1525423728813555
港北区,日吉チューリップルーム,0歳,122.5,29.5,1.391304347826087,0.391304347826087,2.608695652173913,0.13405797101449274,4.1525423728813555
鶴見区,保育園スカイ・ウイング,4歳,122.39812000450299,29.5,0.4782608695652174,1.173913043478261,23.17391304347826,0.18904045669386402,4.149088813711965
緑区,みどりひよこ園,1歳,122.27941176470588,29.5,1.6956521739130435,0.391304347826087,8.130434782608695,0.1432225063938619,4.14506480558325
磯子区,新杉田のびのび保育園,0歳,122.26839869799937,29.5,10.565217391304348,0.6956521739130435,17.17391304347826,0.146270152475366,4.144691481288114
青葉区,京進のほいくえんＨＯＰＰＡたまプラーザ,0歳,122.15695203400122,29.5,5.130434782608695,0.34782608695652173,4.043478260869565,0.1444215657805584,4.140913628271228
金沢区,ビアレ横浜スマイル保育園,0歳,122.08333333333334,29.5,3.130434782608696,0.391304347826087,5.608695652173913,0.13768115942028986,4.138418079096046
鶴見区,ＳＡＮＤＡ ＫＩＤ保育園,3歳,122.08333333333334,29.5,0.0,0.391304347826087,11.0,0.13768115942028986,4.138418079096046
鶴見区,実遊中央保育園,5歳,122.08333333333333,29.5,0.0,0.30434782608695654,8.695652173913043,0.13768115942028986,4.138418079096045
青葉区,なかがわ家庭保育室,2歳,122.08333333333333,29.5,0.0,0.30434782608695654,1.2608695652173914,0.13768115942028986,4.138418079096045
都筑区,横浜市中川西保育園,2歳,122.08333333333333,29.5,0.34782608695652173,0.5652173913043478,23.304347826086957,0.22101449275362317,4.138418079096045
港北区,Gakkenほいくえん綱島,3歳,122.08333333333333,29.5,0.13043478260869565,0.5652173913043478,11.434782608695652,0.21014492753623187,4.138418079096045
神奈川区,白楽あいいく保育園,2歳,122.08333333333333,29.5,0.21739130434782608,0.30434782608695654,14.608695652173912,0.13768115942028986,4.138418079096045
保土ケ谷区,ゆめの樹保育園ほどがや,2歳,122.08333333333333,29.5,0.30434782608695654,0.391304347826087,11.91304347826087,0.15217391304347827,4.138418079096045
港北区,きゅーぴーるーむ大倉山園,0歳,122.06460674157303,29.5,3.8260869565217392,0.391304347826087,2.652173913043478,0.14020517830972154,4.137783279375357
港北区,岩崎学園新横浜第二保育園,0歳,122.06217210623906,29.5,11.565217391304348,0.8260869565217391,17.130434782608695,0.18321446121987014,4.137700749364036
西区,あそびの杜保育園（分園含む）,3歳,122.0,29.5,0.043478260869565216,0.391304347826087,15.043478260869565,0.14347826086956522,4.135593220338983
鶴見区,認定こども園　ＹＭＣＡつるみ保育園,1歳,122.0,29.5,0.6086956521739131,0.6521739130434783,10.608695652173912,0.15507246376811595,4.135593220338983
港南区,港南ひまわり保育園,0歳,121.96428571428572,29.5,5.173913043478261,1.0,5.130434782608695,0.14803312629399584,4.134382566585956
金沢区,あおぞら谷津保育園,4歳,121.87899156698776,29.5,0.6086956521739131,0.5217391304347826,18.26086956521739,0.20548915408567195,4.131491239558907
神奈川区,いずみ東白楽保育園,3歳,121.87810945273633,29.5,0.13043478260869565,0.5217391304347826,13.956521739130435,0.1938135409906987,4.131461337380892
戸塚区,わかば保育園,0歳,121.83067375886525,29.5,3.5652173913043477,0.43478260869565216,8.521739130434783,0.15255935861856304,4.129853347758144
南区,三春台保育園,3歳,121.80851063829788,29.5,0.08695652173913043,0.30434782608695654,16.695652173913043,0.14893617021276598,4.129102055535522
都筑区,ナーサリーつづき,2歳,121.7723880597015,29.5,1.173913043478261,0.391304347826087,22.47826086956522,0.14914557646549859,4.127877561345813
金沢区,あおぞら谷津保育園,0歳,121.75,29.5,5.521739130434782,0.5217391304347826,10.521739130434783,0.14202898550724638,4.127118644067797
金沢区,ＹＭＣＡマナ保育園,0歳,121.74202127659575,29.5,5.608695652173913,0.43478260869565216,5.565217391304348,0.16057662658032684,4.126848178867653
青葉区,つどいの森もみの木こども園,3歳,121.73714759535655,29.5,0.6086956521739131,0.5652173913043478,14.304347826086957,0.21597327372797845,4.12668296933412
西区,横浜みなとみらい保育園,2歳,121.67553191489361,29.5,1.7391304347826086,0.4782608695652174,22.52173913043478,0.14970706136293555,4.1245943021997835
港北区,アスク日吉本町第二保育園,3歳,121.66666666666667,29.5,0.30434782608695654,0.7391304347826086,10.91304347826087,0.22463768115942032,4.124293785310734
磯子区,にじいろ保育園　磯子,3歳,121.66666666666667,29.5,0.5652173913043478,0.6521739130434783,12.173913043478262,0.22463768115942026,4.124293785310734
緑区,みもざ保育園,5歳,121.66666666666667,29.5,0.0,0.391304347826087,14.478260869565217,0.18115942028985507,4.124293785310734
鶴見区,保育園スカイ・ウイング,0歳,121.64673218809466,29.5,5.956521739130435,0.8260869565217391,8.478260869565217,0.21183243911715224,4.123618040274395
都筑区,なかまちっこ園,0歳,121.62234042553192,29.5,3.347826086956522,0.5217391304347826,4.391304347826087,0.14531298180696886,4.122791200865489
南区,アスク吉野町保育園,5歳,113.33333333333333,27.5,0.13636363636363635,0.5,7.5,0.2196969696969697,4.121212121212121
青葉区,りんどう保育園,3歳,121.52985074626866,29.5,0.2608695652173913,0.5217391304347826,13.652173913043478,0.19684187756867833,4.119655957500632
都筑区,ゆうゆうのもり幼保園,0歳,121.51384304203364,29.5,4.217391304347826,0.782608695652174,4.608695652173913,0.178903410732402,4.119113323458768
戸塚区,グローバルキッズ戸塚吉田町保育園,0歳,121.48902642021474,29.5,9.173913043478262,0.6086956521739131,7.826086956521739,0.1687757128070602,4.118272082041178
港北区,天才キッズクラブ楽学館大倉山園,3歳,121.42834890965732,29.5,0.30434782608695654,0.8695652173913043,12.695652173913043,0.21584044426384938,4.116215217276519
鶴見区,みつばち保育園,0歳,121.42406456346295,29.5,2.391304347826087,1.173913043478261,7.173913043478261,0.21587769944814827,4.116069985202134
青葉区,横浜ナザレ保育園,0歳,121.41666666666667,29.5,3.0434782608695654,1.0869565217391304,4.913043478260869,0.22681159420289856,4.1158192090395485
西区,おはよう保育園　花咲町,5歳,121.25,29.5,0.0,0.30434782608695654,11.695652173913043,0.15217391304347827,4.110169491525424
戸塚区,東戸塚赤ちゃん保育園,0歳,121.25,29.5,1.7826086956521738,0.43478260869565216,2.5652173913043477,0.15579710144927536,4.110169491525424
神奈川区,こころベイビー,2歳,121.25,29.5,0.30434782608695654,0.34782608695652173,7.6521739130434785,0.17391304347826086,4.110169491525424
都筑区,滝ヶ谷保育園,4歳,121.25,29.5,0.13043478260869565,0.30434782608695654,14.478260869565217,0.15217391304347827,4.110169491525424
戸塚区,柏尾スマイル保育園,5歳,121.25,29.5,0.0,0.30434782608695654,9.608695652173912,0.15217391304347827,4.110169491525424
青葉区,ポピンズナーサリースクールたまプラーザ,2歳,121.25,29.5,0.21739130434782608,0.30434782608695654,13.130434782608695,0.15217391304347827,4.110169491525424
青葉区,ぽれぽれ保育園藤が丘,3歳,121.25,29.5,0.0,0.30434782608695654,7.173913043478261,0.15217391304347827,4.110169491525424
鶴見区,フェアリーテイルみらい,2歳,121.25,29.5,0.0,0.391304347826087,10.782608695652174,0.18115942028985507,4.110169491525424
金沢区,北六浦いちい保育園,3歳,121.25,29.5,0.17391304347826086,0.391304347826087,15.0,0.1956521739130435,4.110169491525424
南区,中村愛児園,4歳,121.25,29.5,0.08695652173913043,0.30434782608695654,22.26086956521739,0.15217391304347827,4.110169491525424
中区,こもれび保育園根岸園,0歳,121.25,29.5,0.782608695652174,0.43478260869565216,2.391304347826087,0.15579710144927536,4.110169491525424
中区,うちゅう保育園やました,3歳,121.25,29.5,0.0,0.34782608695652173,9.478260869565217,0.17391304347826086,4.110169491525424
港北区,日吉みんなの保育園,2歳,121.25,29.5,2.0434782608695654,0.30434782608695654,7.608695652173913,0.15217391304347827,4.110169491525424
神奈川区,うちゅうこども園たんまち,3歳,121.25,29.5,0.13043478260869565,0.30434782608695654,10.782608695652174,0.15217391304347827,4.110169491525424
港北区,キッズパートナー小机,4歳,121.25,29.5,0.08695652173913043,0.30434782608695654,10.565217391304348,0.15217391304347827,4.110169491525424
緑区,青砥どんぐり保育園,0歳,121.25,29.5,5.173913043478261,0.391304347826087,8.608695652173912,0.15217391304347827,4.110169491525424
港南区,丸山台保育園,4歳,121.25,29.5,0.043478260869565216,0.391304347826087,19.565217391304348,0.1956521739130435,4.110169491525424
緑区,明日葉保育園長津田園,3歳,121.25,29.5,0.4782608695652174,0.30434782608695654,10.695652173913043,0.15217391304347827,4.110169491525424
都筑区,わおわお仲町台保育園,3歳,121.25,29.5,1.0434782608695652,0.30434782608695654,19.695652173913043,0.15217391304347827,4.110169491525424
中区,キディ石川町・横浜,3歳,121.25,29.5,0.043478260869565216,0.34782608695652173,13.652173913043478,0.14130434782608695,4.110169491525424
西区,平沼保育園,4歳,121.25,29.5,0.0,0.34782608695652173,11.565217391304348,0.14130434782608695,4.110169491525424
鶴見区,市場ポケット保育園,0歳,121.16666666666667,29.5,4.478260869565218,0.6086956521739131,5.3478260869565215,0.19420289855072465,4.107344632768362
鶴見区,末吉にこにこ保育園,0歳,121.14391694012208,29.5,5.869565217391305,0.7391304347826086,8.217391304347826,0.18592393669436763,4.106573455597359
緑区,スターチャイルド≪中山ナーサリー≫,4歳,121.08089869799937,29.5,0.8695652173913043,0.34782608695652173,12.434782608695652,0.1531542104463805,4.104437243999978
保土ケ谷区,学校法人初音丘学園ＰＩＣＣＯＬＩＮＯ,0歳,121.0,29.5,3.4782608695652173,0.6956521739130435,7.304347826086956,0.20144927536231882,4.101694915254237
磯子区,横浜市東滝頭保育園,3歳,120.9539153097316,29.5,1.0,0.8695652173913043,25.869565217391305,0.2308355190458121,4.100132722363783
港南区,横浜こども保育園,4歳,92.25,22.5,0.1875,0.75,14.0,0.18541666666666667,4.1
保土ケ谷区,合歓の木保育園,4歳,120.83333333333334,29.5,0.4782608695652174,0.43478260869565216,18.956521739130434,0.14492753623188404,4.096045197740113
港北区,ケンパ高田,3歳,120.83333333333333,29.5,0.0,0.43478260869565216,11.434782608695652,0.2028985507246377,4.096045197740112
保土ケ谷区,ＧＥＮＫＩＤＳ星川保育園,4歳,120.83333333333333,29.5,0.0,0.34782608695652173,10.173913043478262,0.15942028985507245,4.096045197740112
青葉区,小桜愛児園,2歳,120.83333333333333,29.5,0.08695652173913043,0.4782608695652174,34.43478260869565,0.21014492753623187,4.096045197740112
港北区,アスク大倉山保育園,5歳,120.83333333333333,29.5,0.2608695652173913,0.6086956521739131,15.956521739130435,0.19927536231884058,4.096045197740112
南区,くらき永田保育園,0歳,120.77740939231538,29.5,4.695652173913044,0.6521739130434783,13.08695652173913,0.17801587897122378,4.094149470925945
保土ケ谷区,にじいろ保育園上星川,3歳,120.74468085106383,29.5,0.043478260869565216,0.391304347826087,9.652173913043478,0.14893617021276595,4.093040028849622
都筑区,シープ保育所,3歳,120.74468085106383,29.5,0.30434782608695654,0.5217391304347826,11.608695652173912,0.21091581868640147,4.093040028849622
金沢区,＋Ｕすくすくキッズ園,0歳,45.0,11.0,1.4545454545454546,0.36363636363636365,1.6363636363636365,0.18181818181818182,4.090909090909091
保土ケ谷区,りとる・ルーナ保育園,5歳,45.0,11.0,0.0,0.36363636363636365,12.636363636363637,0.18181818181818182,4.090909090909091
都筑区,エンジェルプラネット,3歳,112.5,27.5,0.5454545454545454,0.36363636363636365,12.545454545454545,0.1515151515151515,4.090909090909091
青葉区,藤が丘もみじ保育センター,2歳,45.0,11.0,0.0,0.36363636363636365,6.545454545454546,0.18181818181818182,4.090909090909091
青葉区,藤が丘もみじ保育センター,4歳,45.0,11.0,0.0,0.36363636363636365,6.363636363636363,0.18181818181818182,4.090909090909091
鶴見区,鶴見ハート保育園,1歳,45.0,11.0,0.0,0.36363636363636365,2.0,0.18181818181818182,4.090909090909091
瀬谷区,幼保連携型認定こども園　みなみ幼稚園,3歳,45.0,11.0,0.09090909090909091,0.36363636363636365,16.545454545454547,0.18181818181818182,4.090909090909091
緑区,バオバブ霧が丘保育園,5歳,120.6483644859813,29.5,1.0,0.5217391304347826,18.73913043478261,0.14482595151022618,4.0897750673214
神奈川区,神ノ木保育園,2歳,120.64814814814815,29.5,0.6521739130434783,0.34782608695652173,29.608695652173914,0.1682769726247987,4.08976773383553
鶴見区,Ｐ’ｓスマイル保育園,2歳,120.63697470096326,29.5,0.8695652173913043,0.4782608695652174,9.478260869565217,0.1798822722649472,4.089388972914009
鶴見区,ヨコハマさくら保育園,0歳,120.63626126126127,29.5,5.608695652173913,0.6521739130434783,8.217391304347826,0.17929886408147275,4.089364788517331
都筑区,横浜市茅ケ崎南保育園,5歳,120.625,29.5,0.13043478260869565,0.43478260869565216,29.956521739130434,0.17028985507246377,4.088983050847458
戸塚区,つくし保育園　東戸塚,0歳,120.60344827586206,29.5,3.0434782608695654,0.4782608695652174,5.521739130434782,0.16041979010494753,4.088252483927527
磯子区,ベイキッズなのはな保育園,1歳,120.60017730496453,29.5,1.6956521739130435,0.6086956521739131,6.695652173913044,0.14386370644465002,4.08814160355812
青葉区,荏田北幼保連携型認定こども園,2歳,120.58249040809208,29.5,1.2608695652173914,0.4782608695652174,22.652173913043477,0.18507832759588116,4.087542047731935
緑区,ピノキオ保育園十日市場園,2歳,120.5,29.5,1.173913043478261,0.391304347826087,9.08695652173913,0.1565217391304348,4.084745762711864
泉区,小学館アカデミーりょくえんとし保育園,3歳,120.49202127659575,29.5,0.391304347826087,0.43478260869565216,12.043478260869565,0.17506938020351526,4.0844752975117204
西区,ムーミン保育園,0歳,120.41666666666667,29.5,2.260869565217391,0.5652173913043478,6.434782608695652,0.17753623188405795,4.081920903954803
緑区,横浜市鴨居保育園,4歳,120.41666666666667,29.5,0.0,0.43478260869565216,27.347826086956523,0.14492753623188406,4.081920903954803
都筑区,ナーサリーつづき,3歳,120.41666666666667,29.5,0.08695652173913043,0.43478260869565216,21.47826086956522,0.14492753623188406,4.081920903954803
鶴見区,ポピンズナーサリースクール鶴見,0歳,120.41666666666667,29.5,2.739130434782609,0.8260869565217391,4.739130434782608,0.18985507246376815,4.081920903954803
港南区,クオリスキッズ港南中央保育園,5歳,120.37234042553192,29.5,0.043478260869565216,0.34782608695652173,17.608695652173914,0.17067530064754857,4.0804183195095565
神奈川区,ＳＵＮＮＹ　ＫＩＤ保育園,1歳,120.33333333333333,29.5,0.2608695652173913,0.6956521739130435,7.304347826086956,0.21449275362318843,4.07909604519774
港南区,認定こども園　野庭聖佳幼稚園,4歳,120.25,29.5,0.08695652173913043,0.4782608695652174,6.304347826086956,0.1579710144927536,4.076271186440678
港北区,みのわのぞみ保育園,5歳,120.17857142857143,29.5,0.0,0.4782608695652174,19.52173913043478,0.14596273291925466,4.073849878934625
鶴見区,市場保育園,1歳,120.09967320261438,29.5,2.608695652173913,1.2173913043478262,14.26086956521739,0.21013071895424834,4.071175362800488
都筑区,つづきルーテル保育園,2歳,120.07219648882027,29.5,0.6521739130434783,0.5217391304347826,19.565217391304348,0.1879872667314767,4.070243948773569
金沢区,明徳釜利谷保育園,5歳,120.0,29.5,0.0,0.4782608695652174,20.043478260869566,0.2391304347826087,4.067796610169491
青葉区,ちぐさのもり保育園,4歳,120.0,29.5,0.5652173913043478,0.34782608695652173,15.608695652173912,0.15942028985507245,4.067796610169491
戸塚区,名瀬いちい保育園,4歳,120.0,29.5,0.0,0.391304347826087,17.652173913043477,0.1956521739130435,4.067796610169491
中区,ニチイキッズ桜木町保育園,2歳,120.0,29.5,0.21739130434782608,0.43478260869565216,6.565217391304348,0.15942028985507245,4.067796610169491
中区,シュハリィ本牧保育園,2歳,120.0,29.5,0.0,0.4782608695652174,5.869565217391305,0.1956521739130435,4.067796610169491
港南区,ＣＯＳＭＯＳ保育園,5歳,120.0,29.5,0.0,0.4782608695652174,8.695652173913043,0.2391304347826087,4.067796610169491
保土ケ谷区,星川もえぎ保育園,3歳,120.0,29.5,0.0,0.391304347826087,9.521739130434783,0.1956521739130435,4.067796610169491
緑区,認定こども園　横浜マドカ幼稚園,5歳,120.0,29.5,0.0,0.4782608695652174,6.521739130434782,0.2391304347826087,4.067796610169491
西区,西区中央もえぎ保育室,1歳,120.0,29.5,0.0,0.6086956521739131,3.869565217391304,0.21739130434782608,4.067796610169491
港南区,認定こども園　竹の子幼稚園,3歳,120.0,29.5,0.043478260869565216,0.391304347826087,2.217391304347826,0.1956521739130435,4.067796610169491
青葉区,アスク藤が丘保育園,3歳,120.0,29.5,0.0,0.43478260869565216,7.478260869565218,0.21739130434782608,4.067796610169491
旭区,保育園夢未来二俣川園,4歳,120.0,29.5,0.043478260869565216,0.391304347826087,11.652173913043478,0.1956521739130435,4.067796610169491
青葉区,スターチャイルド≪荏田北ナーサリー≫,5歳,120.0,29.5,0.17391304347826086,0.4782608695652174,11.521739130434783,0.21014492753623187,4.067796610169491
保土ケ谷区,千丸台保育園,4歳,120.0,29.5,0.0,0.391304347826087,20.130434782608695,0.16304347826086957,4.067796610169491
中区,うみの風保育園,3歳,120.0,29.5,0.0,0.4782608695652174,7.521739130434782,0.2391304347826087,4.067796610169491
神奈川区,西寺尾チューリップルーム,2歳,120.0,29.5,0.0,0.4782608695652174,2.869565217391304,0.15942028985507245,4.067796610169491
保土ケ谷区,おおきくなぁ～れ　プチベベ保育室,2歳,120.0,29.5,0.043478260869565216,0.34782608695652173,7.521739130434782,0.17391304347826086,4.067796610169491
都筑区,アスクセンター北保育園,5歳,120.0,29.5,0.0,0.391304347826087,10.304347826086957,0.18115942028985507,4.067796610169491
鶴見区,桑の実鶴見保育園,5歳,120.0,29.5,0.0,0.43478260869565216,13.347826086956522,0.21739130434782608,4.067796610169491
金沢区,金沢白百合幼稚園,5歳,120.0,29.5,0.0,0.4782608695652174,11.521739130434783,0.2391304347826087,4.067796610169491
鶴見区,スターチャイルド≪矢向ナーサリー≫,3歳,120.0,29.5,0.0,0.43478260869565216,8.478260869565217,0.15942028985507245,4.067796610169491
戸塚区,横浜東戸塚雲母保育園,1歳,120.0,29.5,1.1304347826086956,0.43478260869565216,7.608695652173913,0.15942028985507245,4.067796610169491
神奈川区,あおぞら第２保育園,5歳,120.0,29.5,0.0,0.4782608695652174,11.043478260869565,0.2391304347826087,4.067796610169491
港北区,うみのくに保育園きくな,2歳,120.0,29.5,1.4782608695652173,0.30434782608695654,11.695652173913043,0.15217391304347827,4.067796610169491
青葉区,天才キッズクラブ楽学館あざみ野園,5歳,120.0,29.5,0.43478260869565216,0.4782608695652174,9.521739130434783,0.2391304347826087,4.067796610169491
都筑区,中川保育園,2歳,120.0,29.5,0.0,0.30434782608695654,6.695652173913044,0.15217391304347827,4.067796610169491
鶴見区,幸いづみ保育園,4歳,120.0,29.5,0.0,0.4782608695652174,5.521739130434782,0.2391304347826087,4.067796610169491
中区,ラフ・クルー元町保育園,2歳,120.0,29.5,0.8695652173913043,0.30434782608695654,9.695652173913043,0.15217391304347827,4.067796610169491
港北区,小学館アカデミーひよし保育園,4歳,119.91666666666667,29.5,0.0,0.6956521739130435,10.73913043478261,0.20507246376811594,4.06497175141243
鶴見区,みつばち保育園,1歳,119.91134751773049,29.5,1.0,0.6086956521739131,14.956521739130435,0.22139993832870797,4.064791441279
青葉区,青葉フレール保育園,0歳,119.73880890283907,29.5,11.695652173913043,0.6956521739130435,10.173913043478262,0.1685755747579212,4.058942674672511
都筑区,マーマセンター北保育園,2歳,119.69216417910448,29.5,0.782608695652174,0.5217391304347826,9.347826086956522,0.16120484533852475,4.057361497596762
栄区,チームナーサリーBigHug本郷台,2歳,119.68905472636816,29.5,2.869565217391304,0.391304347826087,9.08695652173913,0.16122287115148892,4.0572560924192596
瀬谷区,わらべ細谷戸保育園,2歳,119.61065573770492,29.5,0.8695652173913043,0.5652173913043478,14.304347826086957,0.16642908054169636,4.054598499583218
泉区,認定こども園　上飯田幼稚園,3歳,119.60106382978724,29.5,0.391304347826087,0.391304347826087,6.521739130434782,0.17622571692876968,4.054273350162279
旭区,認定こども園　オーセルわかば幼稚園,4歳,119.58333333333333,29.5,0.0,0.8260869565217391,5.869565217391305,0.2427536231884058,4.053672316384181
緑区,みもざ保育園,3歳,119.58333333333333,29.5,0.2608695652173913,0.6956521739130435,16.91304347826087,0.21014492753623187,4.053672316384181
神奈川区,反町ひかり保育園,2歳,119.58333333333333,29.5,0.13043478260869565,0.34782608695652173,9.652173913043478,0.15942028985507245,4.053672316384181
鶴見区,トライアングル　スマイル,3歳,119.53900709219859,29.5,0.30434782608695654,0.43478260869565216,7.608695652173913,0.18516805427073696,4.052169731938935
港北区,みらいく矢上園,0歳,119.43913175470553,29.5,4.173913043478261,0.391304347826087,5.6521739130434785,0.18253214012301683,4.048784127278154
保土ケ谷区,桜ヶ丘保育園,2歳,74.86702127659575,18.5,0.3333333333333333,0.4166666666666667,14.583333333333334,0.19592198581560283,4.046866014951122
港北区,Gakkenほいくえん日吉本町,4歳,119.38194664973007,29.5,0.17391304347826086,0.4782608695652174,17.47826086956522,0.2118961160893037,4.046845649143392
緑区,さくらの郷みらい保育園,3歳,119.30851063829788,29.5,0.21739130434782608,0.34782608695652173,23.52173913043478,0.17067530064754857,4.0443562928236565
青葉区,小桜愛児園,3歳,119.30851063829788,29.5,0.17391304347826086,0.391304347826087,34.52173913043478,0.17792167745914275,4.0443562928236565
鶴見区,花園保育園ベビーホーム,1歳,119.27927927927928,29.5,0.34782608695652173,0.7391304347826086,13.08695652173913,0.22277712495103796,4.043365399297603
戸塚区,にじいろ保育園東戸塚,0歳,119.23147530040053,29.5,6.043478260869565,0.8260869565217391,6.0,0.16387550550492444,4.041744925437306
中区,横浜市竹之丸保育園,0歳,119.21296296296296,29.5,5.260869565217392,0.7391304347826086,9.652173913043478,0.20625335480407941,4.041117388575016
旭区,わかばの森保育園,1歳,119.18351063829788,29.5,0.43478260869565216,0.6086956521739131,7.3478260869565215,0.16415356151711377,4.040119004688064
港南区,グローバルキッズ上大岡園,4歳,119.16666666666667,29.5,0.0,0.5217391304347826,13.478260869565217,0.2463768115942029,4.03954802259887
戸塚区,ララランド戸塚第３,5歳,119.16666666666667,29.5,0.0,0.5217391304347826,12.521739130434783,0.2463768115942029,4.03954802259887
港北区,おおつな森の保育園,3歳,119.16666666666667,29.5,0.0,0.5217391304347826,5.260869565217392,0.21739130434782608,4.03954802259887
神奈川区,横浜大口雲母保育園,4歳,119.16666666666667,29.5,1.0434782608695652,0.6086956521739131,10.347826086956522,0.24637681159420288,4.03954802259887
港南区,ＳＵＮはるかぜ保育園,3歳,119.16666666666667,29.5,0.5217391304347826,0.6956521739130435,12.608695652173912,0.24637681159420288,4.03954802259887
鶴見区,フェアリーテイルみらい,3歳,119.13940933629723,29.5,0.17391304347826086,0.4782608695652174,11.347826086956522,0.21513385892001602,4.038624045298211
港北区,認定こども園岸根こども園（保育所部分）,2歳,119.13092187229502,29.5,2.130434782608696,0.5652173913043478,19.434782608695652,0.1568901792395445,4.038336334654068
鶴見区,東漸保育園,2歳,119.12234042553192,29.5,0.5652173913043478,0.5217391304347826,15.826086956521738,0.17792167745914275,4.038045438153624
都筑区,ピッコリーノ保育園,0歳,119.12234042553192,29.5,3.9565217391304346,0.43478260869565216,3.5652173913043477,0.17067530064754854,4.038045438153624
港北区,港北コスモス保育園,3歳,119.1044776119403,29.5,0.9130434782608695,0.7391304347826086,12.0,0.2143088903309539,4.037439919048824
鶴見区,ひだまりの保育園,0歳,119.08333333333333,29.5,2.0434782608695654,1.0434782608695652,3.4782608695652173,0.23043478260869568,4.036723163841808
港北区,明日葉保育園大倉山園,4歳,119.04255319148936,29.5,0.30434782608695654,0.34782608695652173,10.434782608695652,0.15772432932469935,4.035340786152182
港北区,みらいく日吉本町園,0歳,119.0,29.5,4.260869565217392,0.9130434782608695,5.086956521739131,0.21521739130434783,4.033898305084746
栄区,ふれあいの家　にこにこ保育園,0歳,118.95833333333333,29.5,1.4782608695652173,0.5652173913043478,4.434782608695652,0.15579710144927536,4.0324858757062145
青葉区,サンキッズ荏田西保育園,3歳,118.88888888888889,29.5,0.391304347826087,0.5652173913043478,20.391304347826086,0.21900161030595813,4.0301318267419965
港南区,認定こども園　野庭聖佳幼稚園,3歳,118.8109756097561,29.5,0.30434782608695654,0.4782608695652174,7.956521739130435,0.17002474372569812,4.0274906986358
鶴見区,矢向つぼみ保育園,0歳,118.75,29.5,1.3478260869565217,0.8260869565217391,2.1739130434782608,0.22101449275362317,4.02542372881356
鶴見区,スターチャイルド≪矢向ナーサリー≫,5歳,118.75,29.5,0.0,0.4782608695652174,8.26086956521739,0.2391304347826087,4.02542372881356
戸塚区,つくし保育園　東戸塚,4歳,118.75,29.5,0.0,0.43478260869565216,11.608695652173912,0.21739130434782608,4.02542372881356
金沢区,北六浦いちい保育園,5歳,118.75,29.5,0.13043478260869565,0.6086956521739131,16.782608695652176,0.21739130434782608,4.02542372881356
港南区,横浜市大久保保育園,5歳,118.75,29.5,0.17391304347826086,1.173913043478261,22.043478260869566,0.21195652173913043,4.02542372881356
保土ケ谷区,霞台保育園（分園含む）,2歳,118.75,29.5,0.0,0.34782608695652173,14.652173913043478,0.15942028985507245,4.02542372881356
青葉区,たまプラーザぽんた保育園,2歳,118.75,29.5,0.0,0.6086956521739131,4.173913043478261,0.21739130434782608,4.02542372881356
港北区,日吉チューリップルーム,1歳,118.75,29.5,0.5217391304347826,0.43478260869565216,2.5652173913043477,0.15942028985507245,4.02542372881356
磯子区,ベイキッズなのはな保育園,0歳,118.75,29.5,1.0434782608695652,0.6521739130434783,1.8695652173913044,0.19927536231884058,4.02542372881356
泉区,泉の郷保育園いずみ,4歳,118.75,29.5,0.08695652173913043,0.4782608695652174,14.26086956521739,0.21014492753623187,4.02542372881356
泉区,ＧＥＮＫＩＤＳ緑園都市保育園,4歳,118.75,29.5,0.17391304347826086,0.391304347826087,11.608695652173912,0.1956521739130435,4.02542372881356
都筑区,アソシエふれあいの丘保育園,0歳,118.57142857142857,29.5,5.304347826086956,0.7391304347826086,8.26086956521739,0.15683229813664595,4.019370460048426
鶴見区,矢向保育園,1歳,118.47725027345543,29.5,0.5217391304347826,0.5652173913043478,11.347826086956522,0.19824277727407777,4.01617797537137
南区,アスク吉野町保育園,0歳,110.44310975744057,27.5,6.2727272727272725,0.7727272727272727,7.2272727272727275,0.1968486579666818,4.016113082088748
港北区,小学館アカデミーひよし保育園,2歳,118.47222222222223,29.5,1.565217391304348,0.34782608695652173,9.565217391304348,0.1682769726247987,4.016007532956686
鶴見区,鶴見ハート保育園,0歳,44.166666666666664,11.0,0.0,0.45454545454545453,0.9090909090909091,0.19696969696969696,4.015151515151515
戸塚区,ちゃいれっく東戸塚駅前保育園,0歳,118.3983644859813,29.5,3.739130434782609,0.8695652173913043,8.130434782608695,0.2084924827305973,4.013503880880722
鶴見区,トライアングル　スマイル,1歳,118.38006230529595,29.5,0.34782608695652173,1.1304347826086956,6.869565217391305,0.2532168495191657,4.012883467976134
港北区,リトルスカラー妙蓮寺保育園,0歳,118.33333333333334,29.5,0.5217391304347826,0.4782608695652174,3.391304347826087,0.16666666666666666,4.011299435028249
青葉区,市が尾こどものいえ保育園,3歳,118.33333333333334,29.5,0.5217391304347826,0.7391304347826086,9.782608695652174,0.25362318840579706,4.011299435028249
西区,アミー保育園高島園,3歳,118.33333333333333,29.5,0.0,0.4782608695652174,6.782608695652174,0.22463768115942032,4.011299435028248
神奈川区,こまつな保育園,0歳,118.33333333333333,29.5,0.6086956521739131,0.34782608695652173,1.826086956521739,0.15942028985507245,4.011299435028248
神奈川区,三ツ沢保育園,4歳,118.33333333333333,29.5,0.0,0.5217391304347826,7.826086956521739,0.23188405797101447,4.011299435028248
青葉区,横浜ナザレ保育園,2歳,118.33333333333333,29.5,0.6521739130434783,0.6086956521739131,12.130434782608695,0.22826086956521738,4.011299435028248
戸塚区,東戸塚らびっと保育園,0歳,118.25757575757576,29.5,2.608695652173913,0.6521739130434783,2.347826086956522,0.22167325428194995,4.008731381612738
保土ケ谷区,星川もえぎ保育園,0歳,118.25,29.5,3.739130434782609,0.782608695652174,3.130434782608696,0.16956521739130437,4.008474576271187
中区,徳育ナーサリー山下公園,2歳,118.14814814814815,29.5,0.5652173913043478,0.43478260869565216,7.521739130434782,0.1682769726247987,4.005021971123666
保土ケ谷区,ポポラー横浜和田町園,2歳,118.14814814814815,29.5,0.5652173913043478,0.43478260869565216,9.0,0.1682769726247987,4.005021971123666
港南区,横浜市港南台第二保育園,5歳,118.02380952380952,29.5,0.0,1.6521739130434783,17.956521739130434,0.2563146997929607,4.0008071025020175
神奈川区,ミアヘルサ保育園ひびき羽沢横浜国大,3歳,101.99646162221012,25.5,1.0,2.3684210526315788,10.421052631578947,0.2684582987135777,3.9998612400866715
都筑区,エクレスすみれ保育園,0歳,117.93351063829788,29.5,3.782608695652174,0.7391304347826086,8.130434782608695,0.19514338575393156,3.9977461233321314
港北区,ペガサス夜間保育園,0歳,117.91666666666667,29.5,0.21739130434782608,0.6956521739130435,1.3043478260869565,0.24637681159420288,3.997175141242938
港南区,ニコニコ保育園,0歳,117.88323367171928,29.5,3.608695652173913,0.4782608695652174,4.173913043478261,0.17782695357925266,3.9960418193803147
鶴見区,上末吉白百合保育園,3歳,117.81716417910448,29.5,0.2608695652173913,0.5217391304347826,11.434782608695652,0.16120484533852475,3.993802175562864
旭区,認定こども園　若葉台こども園,1歳,117.77985074626866,29.5,0.8695652173913043,0.4782608695652174,15.434782608695652,0.163638330088687,3.992537313432836
港北区,みらいく日吉本町園,1歳,117.7228853521957,29.5,1.9565217391304348,0.4782608695652174,13.434782608695652,0.17509834826176657,3.990606283125278
青葉区,あゆみ保育園 藤が丘,0歳,73.75,18.5,3.3333333333333335,0.5,4.5,0.19444444444444442,3.9864864864864864
港北区,まなびの森　菊名こども園,3歳,73.75,18.5,0.0,0.4166666666666667,12.25,0.20833333333333334,3.9864864864864864
磯子区,新杉田りあん保育園,0歳,73.75,18.5,0.6666666666666666,0.4166666666666667,1.4166666666666667,0.20833333333333334,3.9864864864864864
港北区,木下の保育園　綱島東,3歳,117.5,29.5,0.13043478260869565,0.43478260869565216,14.521739130434783,0.21739130434782608,3.983050847457627
磯子区,にじいろ保育園　磯子,4歳,117.5,29.5,0.30434782608695654,0.34782608695652173,12.08695652173913,0.17391304347826086,3.983050847457627
青葉区,あざみ野ひだまり保育園,2歳,117.5,29.5,0.08695652173913043,0.34782608695652173,3.652173913043478,0.17391304347826086,3.983050847457627
保土ケ谷区,ＧＥＮＫＩＤＳ星川保育園,3歳,117.5,29.5,0.30434782608695654,0.34782608695652173,10.26086956521739,0.17391304347826086,3.983050847457627
神奈川区,たいせつ横浜ポートサイド保育園,1歳,117.5,29.5,0.08695652173913043,0.4782608695652174,7.521739130434782,0.22463768115942032,3.983050847457627
鶴見区,保育園スカイ・ウイング,3歳,117.5,29.5,0.2608695652173913,0.9130434782608695,25.043478260869566,0.22826086956521738,3.983050847457627
緑区,太陽の子　長津田北保育園,5歳,117.5,29.5,0.0,0.782608695652174,11.0,0.2608695652173913,3.983050847457627
港南区,風の丘・上大岡東保育園,4歳,117.5,29.5,0.0,0.4782608695652174,19.956521739130434,0.2391304347826087,3.983050847457627
磯子区,ペガサスわくわくランド,2歳,117.5,29.5,0.8260869565217391,0.5217391304347826,8.26086956521739,0.18115942028985507,3.983050847457627
戸塚区,東戸塚らびっと保育園,2歳,117.5,29.5,0.043478260869565216,0.43478260869565216,9.608695652173912,0.18478260869565216,3.983050847457627
泉区,横浜ルンビニー保育園,4歳,117.5,29.5,0.0,0.6956521739130435,19.695652173913043,0.2608695652173913,3.983050847457627
磯子区,キッズパートナー磯子中原,3歳,117.5,29.5,0.9565217391304348,1.0434782608695652,11.826086956521738,0.2608695652173913,3.983050847457627
港北区,にじいろ保育園綱島,2歳,117.5,29.5,1.9565217391304348,0.34782608695652173,9.521739130434783,0.17391304347826086,3.983050847457627
泉区,マーヤ保育園,0歳,117.5,29.5,1.6956521739130435,0.6086956521739131,3.391304347826087,0.20289855072463767,3.983050847457627
戸塚区,銀杏保育園　胡桃館,4歳,117.5,29.5,0.13043478260869565,0.43478260869565216,9.434782608695652,0.17391304347826086,3.983050847457627
港北区,港北コスモス保育園,4歳,117.5,29.5,0.0,0.34782608695652173,12.521739130434783,0.17391304347826086,3.983050847457627
旭区,星の子白根保育園,4歳,117.5,29.5,0.0,0.782608695652174,16.043478260869566,0.2608695652173913,3.983050847457627
鶴見区,尻手スマイル保育園,2歳,117.5,29.5,0.17391304347826086,0.391304347826087,3.130434782608696,0.16304347826086957,3.983050847457627
戸塚区,名瀬いちい保育園,5歳,117.5,29.5,0.043478260869565216,0.34782608695652173,16.608695652173914,0.17391304347826086,3.983050847457627
緑区,認定こども園　横浜あすか幼稚園,4歳,117.5,29.5,0.5652173913043478,0.34782608695652173,6.478260869565218,0.17391304347826086,3.983050847457627
緑区,小さな保育園　ままのて,2歳,117.5,29.5,0.4782608695652174,0.34782608695652173,9.695652173913043,0.17391304347826086,3.983050847457627
緑区,小山保育園,2歳,117.5,29.5,0.34782608695652173,0.43478260869565216,17.347826086956523,0.17391304347826086,3.983050847457627
港北区,太陽の子　日吉保育園,4歳,117.5,29.5,0.043478260869565216,0.34782608695652173,9.521739130434783,0.17391304347826086,3.983050847457627
旭区,ぱぷりか保育園　鶴ヶ峰,2歳,117.5,29.5,0.13043478260869565,0.391304347826087,9.782608695652174,0.1956521739130435,3.983050847457627
鶴見区,こあらっこはうす　ル・ソレイユ,4歳,117.5,29.5,0.2608695652173913,0.34782608695652173,11.652173913043478,0.17391304347826086,3.983050847457627
神奈川区,いずみ反町保育園,5歳,117.5,29.5,0.0,0.5217391304347826,10.521739130434783,0.17391304347826086,3.983050847457627
戸塚区,銀杏保育園,5歳,117.5,29.5,0.0,0.43478260869565216,11.565217391304348,0.21739130434782608,3.983050847457627
都筑区,マーマセンター北保育園,5歳,117.5,29.5,0.0,1.0434782608695652,10.565217391304348,0.2608695652173913,3.983050847457627
港北区,ローズ保育園,1歳,117.5,29.5,0.6521739130434783,0.4782608695652174,4.826086956521739,0.16304347826086957,3.983050847457627
港北区,ララランド大倉山,2歳,117.5,29.5,0.08695652173913043,0.34782608695652173,10.478260869565217,0.17391304347826086,3.983050847457627
港北区,わおわお大倉山保育園,0歳,117.41666666666667,29.5,3.4782608695652173,0.9130434782608695,5.086956521739131,0.22681159420289856,3.9802259887005653
港北区,ヒューマンアカデミー大倉山保育園,4歳,117.41666666666667,29.5,0.0,1.0869565217391304,16.652173913043477,0.26159420289855073,3.9802259887005653
西区,グリーンポート桜木町保育園,0歳,117.38095238095238,29.5,4.0,1.0434782608695652,7.173913043478261,0.22204968944099376,3.979015334947538
鶴見区,認定こども園　ＹＭＣＡつるみ保育園,0歳,117.37431693989072,29.5,2.4347826086956523,0.9130434782608695,5.695652173913044,0.2211392254692326,3.978790404742058
栄区,横浜市飯島保育園,4歳,117.36702127659575,29.5,0.08695652173913043,0.391304347826087,13.956521739130435,0.18917668825161887,3.97854309412189
西区,おはよう保育園　花咲町,4歳,117.34915846300413,29.5,0.4782608695652174,0.7391304347826086,11.26086956521739,0.24044210032170324,3.9779375750170893
青葉区,りんどう保育園,1歳,117.33928571428571,29.5,3.4782608695652173,1.565217391304348,13.91304347826087,0.2622670807453416,3.977602905569007
緑区,十日市場こども園,0歳,43.705673758865245,11.0,3.1818181818181817,0.5454545454545454,5.454545454545454,0.20535138620245003,3.9732430689877494
青葉区,しらとり台保育園,0歳,117.14285714285714,29.5,4.3478260869565215,1.2608695652173914,10.73913043478261,0.21221532091097312,3.9709443099273605
鶴見区,鶴見サンフラワー保育園,0歳,117.08333333333334,29.5,2.130434782608696,0.4782608695652174,1.5217391304347827,0.18115942028985504,3.9689265536723166
中区,うみの風保育園,5歳,117.08333333333333,29.5,0.0,0.5652173913043478,7.3478260869565215,0.25362318840579706,3.968926553672316
鶴見区,明日葉保育園鶴見園,2歳,117.08333333333333,29.5,0.043478260869565216,0.5217391304347826,11.130434782608695,0.21739130434782608,3.968926553672316
緑区,スターチャイルド≪鴨居ナーサリー≫,5歳,117.08333333333333,29.5,0.0,0.391304347826087,12.434782608695652,0.16666666666666666,3.968926553672316
港北区,まめどくれっしゅ,3歳,117.08333333333333,29.5,0.08695652173913043,0.4782608695652174,10.391304347826088,0.22463768115942032,3.968926553672316
西区,トキワ保育園,1歳,117.08333333333333,29.5,0.2608695652173913,0.6521739130434783,11.26086956521739,0.25362318840579706,3.968926553672316
鶴見区,ねむの樹　元宮保育園,3歳,117.04166666666667,29.5,0.0,1.391304347826087,18.391304347826086,0.24855072463768116,3.9675141242937855
港北区,こどものまち綱島西保育園,4歳,117.0,29.5,0.0,0.6956521739130435,8.782608695652174,0.18695652173913044,3.9661016949152543
港南区,つばさ保育園,3歳,116.91113892365456,29.5,2.4782608695652173,0.5217391304347826,18.26086956521739,0.23529774537011844,3.9630894550391376
港北区,めぐみ保育園,0歳,116.875,29.5,3.6956521739130435,0.5217391304347826,5.478260869565218,0.19927536231884058,3.961864406779661
神奈川区,あおぞら保育園,3歳,116.80851063829788,29.5,0.9565217391304348,0.34782608695652173,20.652173913043477,0.17067530064754857,3.9596105301117923
港北区,パレット保育園・高田,4歳,116.69948846909787,29.5,0.43478260869565216,0.8260869565217391,12.956521739130435,0.26783053505132287,3.95591486335925
西区,横浜岡野すきっぷ保育園,5歳,116.66666666666667,29.5,0.0,0.6521739130434783,12.347826086956522,0.2681159420289855,3.9548022598870056
戸塚区,エミールの森ひばり保育園,5歳,116.66666666666667,29.5,0.0,0.6086956521739131,6.304347826086956,0.23188405797101447,3.9548022598870056
鶴見区,わおわお保育園,3歳,116.66666666666667,29.5,0.30434782608695654,0.782608695652174,26.0,0.2572463768115942,3.9548022598870056
都筑区,キッズフォレ東山田,0歳,116.62123778271761,29.5,5.086956521739131,0.6086956521739131,5.3478260869565215,0.21047808546945607,3.9532622977192413
旭区,ポプラ保育園,4歳,116.48936170212767,29.5,0.43478260869565216,0.43478260869565216,8.304347826086957,0.20767807585568915,3.9487919221060226
鶴見区,ぶれすと尻手ほいくえん,5歳,116.42857142857143,29.5,0.17391304347826086,0.5217391304347826,14.73913043478261,0.16770186335403728,3.946731234866828
西区,横浜西口保育園,3歳,116.38888888888889,29.5,0.2608695652173913,0.5217391304347826,8.347826086956522,0.24074074074074076,3.945386064030132
神奈川区,キッズラボ白楽園,0歳,116.38888888888889,29.5,0.782608695652174,0.5217391304347826,7.0,0.1682769726247987,3.945386064030132
青葉区,しらとり台保育園　青葉台,4歳,116.3683736489964,29.5,0.21739130434782608,1.0,10.347826086956522,0.27070979435655307,3.9446906321693693
金沢区,わらべシーサイド保育園,2歳,116.30851063829788,29.5,1.173913043478261,0.4782608695652174,8.91304347826087,0.16922602528522973,3.9426613775694195
青葉区,横浜市荏田保育園,4歳,116.26115485564304,29.5,0.5217391304347826,1.0869565217391304,20.608695652173914,0.2545247061508616,3.941056096801459
金沢区,ゆめ和柳町ほいくえん,4歳,116.25,29.5,0.6086956521739131,0.391304347826087,12.043478260869565,0.18115942028985507,3.940677966101695
磯子区,横浜ナーサリー,4歳,116.25,29.5,0.2608695652173913,0.391304347826087,24.347826086956523,0.18115942028985507,3.940677966101695
戸塚区,つくし保育園　戸塚,5歳,116.25,29.5,0.0,0.4782608695652174,17.47826086956522,0.18115942028985504,3.940677966101695
神奈川区,キッズパートナー東白楽,0歳,116.25,29.5,0.782608695652174,0.4782608695652174,2.5217391304347827,0.1920289855072464,3.940677966101695
保土ケ谷区,合歓の木保育園,3歳,116.25,29.5,0.043478260869565216,0.5217391304347826,18.956521739130434,0.18478260869565216,3.940677966101695
神奈川区,ポピンズナーサリースクール片倉町駅前,4歳,116.25,29.5,0.043478260869565216,0.4782608695652174,10.434782608695652,0.2391304347826087,3.940677966101695
鶴見区,フラッフィー小規模保育園,2歳,116.25,29.5,0.17391304347826086,0.6521739130434783,3.869565217391304,0.2391304347826087,3.940677966101695
鶴見区,幸いづみ保育園,2歳,116.25,29.5,0.0,0.9565217391304348,4.217391304347826,0.2717391304347826,3.940677966101695
戸塚区,銀杏保育園,4歳,116.25,29.5,0.0,0.4782608695652174,11.478260869565217,0.2391304347826087,3.940677966101695
港北区,キッズフォレ綱島,2歳,116.25,29.5,0.8695652173913043,0.391304347826087,8.608695652173912,0.1956521739130435,3.940677966101695
青葉区,ベネッセ　市ヶ尾駅前保育園,3歳,116.25,29.5,0.17391304347826086,0.4782608695652174,10.347826086956522,0.18115942028985504,3.940677966101695
港北区,グローバルキッズ大倉山園,0歳,116.20567375886525,29.5,5.695652173913044,0.43478260869565216,2.5652173913043477,0.19966080789392535,3.939175381656449
神奈川区,アイン三枚町保育園,3歳,116.20567375886525,29.5,0.043478260869565216,0.782608695652174,14.130434782608695,0.2721245760098674,3.939175381656449
鶴見区,馬場どろんこ保育園,5歳,116.18159203980099,29.5,0.08695652173913043,0.6956521739130435,13.304347826086957,0.2723339822626,3.9383590521966436
泉区,苗場保育園,0歳,116.15374873353596,29.5,1.5217391304347827,0.6086956521739131,4.565217391304348,0.17895687414651335,3.9374152113063037
鶴見区,横浜矢向雲母保育園,0歳,116.04166666666667,29.5,1.565217391304348,0.6086956521739131,2.391304347826087,0.19927536231884058,3.93361581920904
神奈川区,聖徳保育園,1歳,116.0210696845193,29.5,1.1304347826086956,0.782608695652174,33.21739130434783,0.20742548100417993,3.9329176164243833
青葉区,つどいの森もみの木こども園,2歳,115.97222222222223,29.5,0.6521739130434783,0.4782608695652174,14.347826086956522,0.20450885668276972,3.9312617702448214
港北区,たかた保育園,3歳,115.83333333333334,29.5,0.08695652173913043,0.7391304347826086,14.91304347826087,0.25362318840579706,3.9265536723163845
港北区,パレット保育園・大豆戸,4歳,115.83333333333334,29.5,0.08695652173913043,0.7391304347826086,13.0,0.25362318840579706,3.9265536723163845
青葉区,エンゼルベア青葉台保育園,0歳,115.83333333333334,29.5,3.782608695652174,0.6086956521739131,3.4347826086956523,0.20289855072463767,3.9265536723163845
港北区,ベネッセ　綱島台保育園,4歳,115.83333333333334,29.5,0.0,0.7391304347826086,11.0,0.25362318840579706,3.9265536723163845
港北区,パレット保育園・大豆戸,0歳,115.83333333333334,29.5,4.173913043478261,0.5217391304347826,5.434782608695652,0.17391304347826086,3.9265536723163845
青葉区,なかがわ家庭保育室,1歳,115.83333333333333,29.5,0.08695652173913043,0.4782608695652174,2.217391304347826,0.21014492753623187,3.926553672316384
西区,マイ・ハート紅葉ヶ丘保育園,5歳,115.83333333333333,29.5,0.0,0.6956521739130435,7.304347826086956,0.2753623188405797,3.926553672316384
金沢区,京急キッズランド金沢文庫保育園,4歳,115.83333333333333,29.5,0.043478260869565216,0.5652173913043478,9.26086956521739,0.25362318840579706,3.926553672316384
西区,ポピンズナーサリースクール平沼橋,3歳,115.83333333333333,29.5,0.43478260869565216,0.5217391304347826,10.478260869565217,0.2463768115942029,3.926553672316384
神奈川区,太陽の子　新子安保育園,5歳,115.83333333333333,29.5,0.0,0.5217391304347826,5.478260869565218,0.2463768115942029,3.926553672316384
港北区,フェアリーテイルそら,0歳,115.83333333333333,29.5,2.5652173913043477,0.6521739130434783,2.0434782608695654,0.21739130434782608,3.926553672316384
鶴見区,ベネッセ　矢向保育園,5歳,115.83333333333333,29.5,0.0,0.43478260869565216,10.652173913043478,0.17391304347826086,3.926553672316384
港北区,大曽根コスモス保育園,4歳,115.83333333333333,29.5,0.0,0.8260869565217391,12.0,0.25362318840579706,3.926553672316384
都筑区,都筑ひよこ保育園,0歳,115.80203346865724,29.5,3.0869565217391304,0.8695652173913043,9.869565217391305,0.18192841284653588,3.925492659954483
金沢区,金沢愛児園,0歳,115.76995342436753,29.5,4.608695652173913,0.5652173913043478,7.608695652173913,0.19722732314376312,3.9244052008260177
鶴見区,しおつるばしハート保育園,2歳,115.75,29.5,0.0,0.8260869565217391,4.478260869565218,0.21811594202898552,3.9237288135593222
鶴見区,生麦ポケット保育園,0歳,115.69327428279165,29.5,5.869565217391305,1.173913043478261,4.782608695652174,0.251217904787319,3.921805907891242
神奈川区,クルミ保育園,0歳,72.5,18.5,3.1666666666666665,0.75,5.25,0.2222222222222222,3.918918918918919
青葉区,ミアヘルサ保育園ひびき江田,2歳,115.6038219070134,29.5,0.2608695652173913,0.9565217391304348,7.086956521739131,0.27735807037379656,3.918773623966556
港北区,横浜市南日吉保育園,3歳,115.57162076334829,29.5,0.7391304347826086,0.5217391304347826,18.17391304347826,0.18509205354580696,3.9176820597745183
神奈川区,三ツ沢保育園,3歳,115.55851063829788,29.5,0.08695652173913043,0.43478260869565216,7.6521739130434785,0.18516805427073696,3.9172376487558602
港北区,おおくらやまえきまえのぞみ保育園,4歳,115.5,29.5,0.30434782608695654,1.391304347826087,12.565217391304348,0.2782608695652174,3.9152542372881354
保土ケ谷区,明神台保育園,0歳,115.49857853589197,29.5,3.4782608695652173,1.0,9.869565217391305,0.19904205679676154,3.9152060520641343
磯子区,あっぷる滝頭保育園,3歳,115.49468085106383,29.5,0.34782608695652173,1.1304347826086956,11.956521739130435,0.24893617021276596,3.9150739271547064
旭区,西川島保育園,0歳,115.41666666666667,29.5,4.260869565217392,0.6956521739130435,8.304347826086957,0.213768115942029,3.9124293785310735
西区,平沼保育園,0歳,115.41666666666667,29.5,2.347826086956522,0.8260869565217391,5.173913043478261,0.2391304347826087,3.9124293785310735
港北区,キッズパートナー綱島,0歳,115.41666666666667,29.5,0.9565217391304348,0.6521739130434783,2.0869565217391304,0.21739130434782608,3.9124293785310735
旭区,希望ヶ丘プラス保育園,3歳,115.37234042553192,29.5,0.17391304347826086,0.391304347826087,11.391304347826088,0.1924144310823312,3.9109267940858277
南区,睦町保育園,0歳,107.54629629629629,27.5,6.454545454545454,1.3636363636363635,8.227272727272727,0.18153759820426488,3.9107744107744105
緑区,ポピンズナーサリースクール横浜十日市場,4歳,115.29255319148936,29.5,0.8260869565217391,0.391304347826087,11.478260869565217,0.17946345975948197,3.908222142084385
青葉区,ニチイキッズ美しが丘保育園,2歳,115.20833333333333,29.5,0.0,0.5217391304347826,14.478260869565217,0.18478260869565216,3.905367231638418
港南区,横浜市大久保保育園,0歳,115.1120820668693,29.5,5.173913043478261,1.6521739130434783,7.913043478260869,0.2615138099643188,3.9021044768430273
磯子区,にじいろ保育園　磯子,0歳,115.05357142857143,29.5,4.130434782608695,0.8260869565217391,6.695652173913044,0.1829192546583851,3.900121065375303
旭区,認定こども園　若葉台こども園,0歳,115.0,29.5,3.260869565217391,0.7391304347826086,8.26086956521739,0.18478260869565216,3.8983050847457625
戸塚区,こんにちは・ありがとうえん,5歳,115.0,29.5,0.0,0.5652173913043478,11.956521739130435,0.1956521739130435,3.8983050847457625
中区,保育園ばんびーな,5歳,115.0,29.5,0.0,0.5217391304347826,8.478260869565217,0.2608695652173913,3.8983050847457625
西区,ウィズブック保育園戸部,5歳,115.0,29.5,0.0,0.5217391304347826,12.478260869565217,0.2608695652173913,3.8983050847457625
南区,ばばほいくしつ黄金町,0歳,115.0,29.5,0.782608695652174,0.5652173913043478,2.4347826086956523,0.21014492753623187,3.8983050847457625
緑区,ポピンズナーサリースクール十日市場駅前,4歳,115.0,29.5,0.9130434782608695,0.391304347826087,5.478260869565218,0.1956521739130435,3.8983050847457625
戸塚区,わかば保育園,5歳,115.0,29.5,0.0,0.6086956521739131,20.91304347826087,0.2608695652173913,3.8983050847457625
鶴見区,スターチャイルド≪生麦ナーサリー≫,2歳,115.0,29.5,0.17391304347826086,0.43478260869565216,9.521739130434783,0.21739130434782608,3.8983050847457625
港北区,認定こども園岸根こども園（保育所部分）,3歳,115.0,29.5,0.0,0.4782608695652174,19.304347826086957,0.2391304347826087,3.8983050847457625
港北区,みらいく矢上園,2歳,115.0,29.5,1.608695652173913,0.5217391304347826,9.173913043478262,0.18840579710144925,3.8983050847457625
港北区,ブライト保育園横浜日吉,4歳,115.0,29.5,0.0,0.6086956521739131,11.391304347826088,0.2608695652173913,3.8983050847457625
旭区,マヤ保育園,3歳,115.0,29.5,0.21739130434782608,0.391304347826087,21.565217391304348,0.18115942028985507,3.8983050847457625
神奈川区,スターチャイルド≪三ッ沢上町ナーサリー≫,4歳,115.0,29.5,0.0,0.5652173913043478,12.434782608695652,0.2391304347826087,3.8983050847457625
都筑区,アスクセンター北保育園,4歳,115.0,29.5,0.0,0.5652173913043478,11.08695652173913,0.25362318840579706,3.8983050847457625
緑区,シャルール保育園,5歳,115.0,29.5,0.0,0.5217391304347826,10.391304347826088,0.2608695652173913,3.8983050847457625
保土ケ谷区,にじいろ保育園和田町,5歳,115.0,29.5,0.0,0.5217391304347826,5.478260869565218,0.2608695652173913,3.8983050847457625
戸塚区,幼稚園型認定こども園　しらかば幼稚園,4歳,115.0,29.5,0.08695652173913043,0.8260869565217391,2.0,0.2826086956521739,3.8983050847457625
神奈川区,横浜すきっぷ保育園,4歳,115.0,29.5,0.0,0.5652173913043478,10.391304347826088,0.25,3.8983050847457625
鶴見区,入船の森保育園,5歳,115.0,29.5,0.0,0.7391304347826086,7.260869565217392,0.2826086956521739,3.8983050847457625
旭区,あゆみ保育園第二,4歳,115.0,29.5,0.30434782608695654,0.4782608695652174,16.73913043478261,0.2391304347826087,3.8983050847457625
港北区,アスク大倉山保育園,4歳,114.91134751773049,29.5,0.043478260869565216,0.9130434782608695,15.217391304347826,0.2648781991982732,3.895299915855271
青葉区,太陽の子　桜台保育園,4歳,114.86702127659575,29.5,0.2608695652173913,0.43478260869565216,11.565217391304348,0.2109158186864015,3.8937973314100254
都筑区,つづき保育園,3歳,114.86702127659575,29.5,0.30434782608695654,0.391304347826087,16.217391304347824,0.18917668825161887,3.8937973314100254
港北区,新横浜めぶき保育園,1歳,72.00892857142857,18.5,0.16666666666666666,1.25,6.0,0.22767857142857142,3.8923745173745172
旭区,旭あじさい保育園,4歳,114.73404255319149,29.5,0.43478260869565216,0.5217391304347826,17.08695652173913,0.2269503546099291,3.8892895780742878
緑区,みどりひよこ園,2歳,114.72517730496455,29.5,0.5217391304347826,0.5652173913043478,8.608695652173912,0.20690718470551958,3.8889890611852387
中区,ラフ・クルー元町保育園,0歳,114.61702127659575,29.5,2.782608695652174,0.782608695652174,8.217391304347826,0.23845205057045946,3.885322755138839
神奈川区,ＧＥＮＫＩＤＳバイリンガル保育園新子安,2歳,114.58333333333333,29.5,0.0,0.43478260869565216,10.608695652173912,0.18840579710144925,3.884180790960452
鶴見区,ＳＡＩＬ　ＫＩＤ保育園,0歳,114.58333333333333,29.5,1.0869565217391304,0.5217391304347826,2.6956521739130435,0.23188405797101447,3.884180790960452
旭区,横浜市柏保育園,5歳,114.5,29.5,0.043478260869565216,0.5652173913043478,24.47826086956522,0.20144927536231882,3.8813559322033897
磯子区,みらいつばさ新杉田保育園,0歳,114.5,29.5,2.608695652173913,0.6521739130434783,3.347826086956522,0.20869565217391303,3.8813559322033897
神奈川区,いずみ松本町保育園,4歳,114.46808510638297,29.5,0.4782608695652174,0.43478260869565216,29.608695652173914,0.19148936170212763,3.8802740714028126
瀬谷区,瀬谷愛児園,2歳,114.42129629629629,29.5,0.08695652173913043,0.5652173913043478,12.956521739130435,0.22987117552334943,3.878688010043942
中区,伊勢佐木町保育園,0歳,114.41666666666667,29.5,3.5217391304347827,0.782608695652174,5.217391304347826,0.18695652173913044,3.878531073446328
港北区,さくらんぼ保育園,2歳,114.375,29.5,0.5652173913043478,0.5652173913043478,11.043478260869565,0.19202898550724634,3.8771186440677967
栄区,かつら愛児園,2歳,114.36134586757548,29.5,3.0869565217391304,0.6956521739130435,36.869565217391305,0.20201940654432943,3.876655792121203
青葉区,ポピンズナーサリースクールたまプラーザ,4歳,114.30851063829788,29.5,0.043478260869565216,0.391304347826087,13.565217391304348,0.1924144310823312,3.874864767399928
南区,睦町保育園,5歳,106.53073286052009,27.5,0.5909090909090909,0.5454545454545454,16.954545454545453,0.2634501038756358,3.8738448312916396
港北区,菊名愛児園,4歳,114.21428571428571,29.5,0.43478260869565216,1.7391304347826086,12.0,0.2894409937888199,3.8716707021791765
港北区,ジャンプ保育園,2歳,114.16666666666667,29.5,0.0,0.5652173913043478,9.478260869565217,0.2355072463768116,3.8700564971751414
神奈川区,西寺尾保育園,0歳,114.16666666666667,29.5,4.521739130434782,0.8260869565217391,8.173913043478262,0.23188405797101447,3.8700564971751414
鶴見区,Ｐ’ｓスマイル保育園,5歳,114.16666666666667,29.5,0.043478260869565216,0.7391304347826086,11.304347826086957,0.2681159420289855,3.8700564971751414
南区,つぼみの森保育室,2歳,114.16666666666667,29.5,0.0,0.5652173913043478,1.1304347826086956,0.26811594202898553,3.8700564971751414
戸塚区,グローバルキッズ戸塚園,5歳,114.16666666666667,29.5,0.0,0.43478260869565216,10.173913043478262,0.2028985507246377,3.8700564971751414
鶴見区,ミアヘルサ保育園ひびき矢向,3歳,114.16666666666667,29.5,0.0,0.7391304347826086,11.043478260869565,0.2681159420289855,3.8700564971751414
保土ケ谷区,プチアンジュ保育園,3歳,114.16666666666667,29.5,0.17391304347826086,0.782608695652174,16.08695652173913,0.2572463768115942,3.8700564971751414
戸塚区,横浜東戸塚雲母保育園,3歳,114.12234042553192,29.5,0.43478260869565216,0.6521739130434783,11.782608695652174,0.19966080789392535,3.8685539127298956
中区,保育園小紅,1歳,114.08333333333333,29.5,1.1304347826086956,1.0,13.869565217391305,0.25579710144927537,3.867231638418079
戸塚区,メモリー保育園,3歳,114.0,29.5,0.2608695652173913,0.782608695652174,10.956521739130435,0.19420289855072465,3.864406779661017
都筑区,エンジェルプラネット,1歳,106.25,27.5,0.22727272727272727,0.5454545454545454,9.318181818181818,0.22727272727272727,3.8636363636363638
神奈川区,かわち保育ルーム（令和７年３月で閉園します）,2歳,42.5,11.0,0.36363636363636365,0.45454545454545453,2.5454545454545454,0.22727272727272727,3.8636363636363638
磯子区,原町星の子保育園,5歳,42.5,11.0,0.0,0.45454545454545453,9.0,0.22727272727272727,3.8636363636363638
鶴見区,スターチャイルド≪生麦ナーサリー≫,0歳,113.94642857142857,29.5,5.3478260869565215,1.6521739130434783,4.3478260869565215,0.2809006211180124,3.862590799031477
港北区,つばき駅前保育園,5歳,90.75,23.5,0.0,1.1176470588235294,11.529411764705882,0.2676470588235294,3.8617021276595747
鶴見区,總持寺保育園,0歳,113.88690476190476,29.5,10.173913043478262,1.3478260869565217,13.08695652173913,0.24337474120082814,3.8605730427764327
鶴見区,ポピンズナーサリースクール鶴見,3歳,113.875,29.5,0.0,0.6521739130434783,10.043478260869565,0.24130434782608695,3.860169491525424
西区,ほっぺるランド横浜岡野,1歳,113.86968085106383,29.5,0.34782608695652173,0.6521739130434783,11.347826086956522,0.22502312673450509,3.8599891813919944
都筑区,まなびの森　鴨居北こども園,3歳,71.40070921985816,18.5,1.1666666666666667,0.5833333333333334,24.333333333333332,0.23443656422379824,3.8594977956680085
港南区,丸山台保育園,0歳,113.82142857142857,29.5,7.217391304347826,0.9565217391304348,10.043478260869565,0.18799171842650103,3.8583535108958835
金沢区,関東学院六浦こども園,4歳,113.80851063829788,29.5,0.30434782608695654,0.6956521739130435,16.47826086956522,0.2402405180388529,3.8579156148575553
都筑区,アスクセンター南保育園,3歳,113.79098360655738,29.5,0.6956521739130435,0.391304347826087,10.565217391304348,0.18816821097647898,3.8573214781883856
西区,トキワ保育園,2歳,113.75,29.5,0.21739130434782608,0.391304347826087,11.521739130434783,0.1956521739130435,3.8559322033898304
港南区,港南台つばさ保育園,5歳,113.75,29.5,0.0,0.391304347826087,11.565217391304348,0.1956521739130435,3.8559322033898304
戸塚区,ハートの森保育園,5歳,113.75,29.5,0.043478260869565216,0.391304347826087,14.608695652173912,0.1956521739130435,3.8559322033898304
港北区,パレット保育園・大豆戸,3歳,113.75,29.5,0.0,0.43478260869565216,13.478260869565217,0.18840579710144925,3.8559322033898304
西区,ほっぺるランド横浜岡野,3歳,113.75,29.5,0.08695652173913043,1.173913043478261,11.565217391304348,0.29347826086956524,3.8559322033898304
鶴見区,オハナ鶴見保育園,3歳,113.75,29.5,0.391304347826087,1.173913043478261,15.478260869565217,0.29347826086956524,3.8559322033898304
磯子区,横浜市東滝頭保育園,4歳,113.75,29.5,0.21739130434782608,0.4782608695652174,27.434782608695652,0.1956521739130435,3.8559322033898304
青葉区,認定こども園ナザレ幼稚園,4歳,113.75,29.5,0.0,0.43478260869565216,7.869565217391305,0.21739130434782608,3.8559322033898304
戸塚区,キッズパートナー東戸塚,5歳,113.75,29.5,0.0,0.6956521739130435,10.869565217391305,0.2753623188405797,3.8559322033898304
青葉区,プレスクールあおば,4歳,113.75,29.5,0.08695652173913043,1.173913043478261,6.565217391304348,0.29347826086956524,3.8559322033898304
青葉区,スターチャイルド≪江田ナーサリー≫,3歳,113.75,29.5,0.08695652173913043,0.391304347826087,4.565217391304348,0.1956521739130435,3.8559322033898304
港南区,ＳＵＮはるかぜ保育園,4歳,113.75,29.5,0.08695652173913043,0.4782608695652174,12.826086956521738,0.2391304347826087,3.8559322033898304
保土ケ谷区,スターチャイルド≪和田町ナーサリー≫,3歳,113.75,29.5,0.34782608695652173,0.391304347826087,11.521739130434783,0.1956521739130435,3.8559322033898304
神奈川区,京浜保育園パステル,2歳,113.75,29.5,0.043478260869565216,0.391304347826087,9.608695652173912,0.1956521739130435,3.8559322033898304
神奈川区,いずみ東白楽保育園,5歳,113.75,29.5,0.13043478260869565,0.391304347826087,14.608695652173912,0.1956521739130435,3.8559322033898304
瀬谷区,Gakkenほいくえん二ツ橋,4歳,113.75,29.5,0.0,1.0434782608695652,10.434782608695652,0.2608695652173913,3.8559322033898304
西区,キッズポケット保育園,2歳,113.75,29.5,0.782608695652174,0.43478260869565216,11.565217391304348,0.18840579710144925,3.8559322033898304
泉区,認定こども園　明成幼稚園,3歳,113.75,29.5,0.0,0.9130434782608695,6.0,0.29347826086956524,3.8559322033898304
金沢区,西柴保育園,3歳,113.75,29.5,0.08695652173913043,0.391304347826087,12.521739130434783,0.1956521739130435,3.8559322033898304
戸塚区,銀杏保育園,3歳,113.75,29.5,0.043478260869565216,0.4782608695652174,11.434782608695652,0.2391304347826087,3.8559322033898304
神奈川区,かながわ保育園,2歳,113.75,29.5,0.391304347826087,0.4782608695652174,17.47826086956522,0.1956521739130435,3.8559322033898304
西区,横浜岡野すきっぷ保育園,4歳,113.75,29.5,0.0,0.5217391304347826,12.347826086956522,0.2608695652173913,3.8559322033898304
鶴見区,あゆみ保育園　鶴見,0歳,113.72996183206106,29.5,7.130434782608695,1.1304347826086956,7.869565217391305,0.24142051111848656,3.855252943459697
青葉区,保育所まぁむあざみ野園,0歳,113.70567375886525,29.5,1.5217391304347827,0.4782608695652174,3.869565217391304,0.1924144310823312,3.8544296189445846
鶴見区,入船の森保育園,1歳,113.70567375886525,29.5,0.5217391304347826,1.0,6.956521739130435,0.29386370644465,3.8544296189445846
都筑区,よこはま・もあな保育園,2歳,113.625,29.5,0.34782608695652173,0.782608695652174,10.0,0.1891304347826087,3.8516949152542375
旭区,あっぷる保育園鶴ヶ峰,4歳,113.61702127659575,29.5,0.2608695652173913,0.391304347826087,24.47826086956522,0.18917668825161887,3.8514244500540933
鶴見区,みんなのいえ東寺尾,2歳,71.25,18.5,0.0,0.5833333333333334,3.75,0.23611111111111108,3.8513513513513513
都筑区,中川小桜愛児園,1歳,113.57508862391234,29.5,0.9565217391304348,0.9130434782608695,19.08695652173913,0.2276079250094579,3.8500030042004183
保土ケ谷区,ラフ・クルー星川保育園,0歳,113.57142857142857,29.5,2.4347826086956523,0.782608695652174,7.304347826086956,0.18581780538302278,3.849878934624697
青葉区,横浜市すすき野保育園,3歳,113.5,29.5,0.13043478260869565,0.6956521739130435,19.17391304347826,0.19130434782608696,3.847457627118644
旭区,横浜あさひ中央保育園,4歳,113.48404255319149,29.5,0.391304347826087,0.5652173913043478,17.52173913043478,0.2486894850447117,3.8469166967183557
中区,伊勢佐木町保育園,1歳,113.47517730496453,29.5,0.43478260869565216,0.9130434782608695,7.391304347826087,0.2757477644156645,3.846616179829306
港北区,リトルスカラー妙蓮寺保育園,1歳,113.44771241830065,29.5,0.6956521739130435,0.4782608695652174,6.913043478260869,0.21005020365634178,3.845685166722056
都筑区,仲町台もみのき保育室,0歳,113.33333333333334,29.5,0.9565217391304348,0.6086956521739131,2.347826086956522,0.23188405797101447,3.84180790960452
緑区,新治保育園,0歳,113.33333333333333,29.5,0.17391304347826086,0.4782608695652174,2.391304347826087,0.1956521739130435,3.8418079096045195
保土ケ谷区,にじいろ保育園上星川,5歳,113.33333333333333,29.5,0.4782608695652174,0.5652173913043478,9.434782608695652,0.26811594202898553,3.8418079096045195
青葉区,エンゼルベアあざみ野保育園,3歳,113.33333333333333,29.5,0.0,0.4782608695652174,9.434782608695652,0.22463768115942032,3.8418079096045195
西区,平沼保育園,3歳,113.25,29.5,0.0,0.6086956521739131,11.695652173913043,0.25217391304347825,3.8389830508474576
磯子区,屏風ヶ浦はるかぜ保育園,5歳,113.24468085106383,29.5,0.5217391304347826,0.391304347826087,13.565217391304348,0.1924144310823312,3.838802740714028
神奈川区,キッズパートナー妙蓮寺,0歳,113.20744167914812,29.5,1.391304347826087,0.5217391304347826,2.4782608695652173,0.24119645280049812,3.837540395903326
旭区,横浜あさひ中央保育園,3歳,113.125,29.5,0.13043478260869565,0.6086956521739131,17.91304347826087,0.1920289855072464,3.8347457627118646
金沢区,スターチャイルド≪金沢文庫ナーサリー≫,4歳,113.05851063829788,29.5,0.043478260869565216,0.6956521739130435,10.565217391304348,0.257631822386679,3.8324918860439956
港北区,フェアリーテイルそら,2歳,113.05555555555556,29.5,0.17391304347826086,0.6521739130434783,7.3478260869565215,0.25885668276972623,3.832391713747646
港北区,光の園保育園,5歳,113.05555555555556,29.5,0.6086956521739131,0.4782608695652174,8.521739130434783,0.1996779388083736,3.832391713747646
緑区,みもざ保育園,4歳,113.01418439716312,29.5,0.4782608695652174,0.4782608695652174,16.956521739130434,0.2036694418748073,3.8309893015987497
西区,浅間幼育園,2歳,112.91666666666667,29.5,0.5217391304347826,0.5217391304347826,14.347826086956522,0.18840579710144925,3.8276836158192094
鶴見区,入船の森保育園,3歳,112.91666666666667,29.5,0.043478260869565216,0.5652173913043478,7.434782608695652,0.26811594202898553,3.8276836158192094
神奈川区,リトルスカラー新子安保育園,1歳,112.91666666666667,29.5,0.0,0.6956521739130435,6.739130434782608,0.2355072463768116,3.8276836158192094
鶴見区,太陽の子　尻手保育園,0歳,112.91666666666667,29.5,2.869565217391304,0.8695652173913043,8.130434782608695,0.20471014492753623,3.8276836158192094
港北区,くっくおさんぽ保育園大倉山,0歳,112.82312925170068,29.5,2.739130434782609,0.8695652173913043,3.608695652173913,0.20319432120674355,3.8245128559898536
保土ケ谷区,霞台保育園（分園含む）,0歳,112.7202380952381,29.5,1.0869565217391304,0.8260869565217391,4.956521739130435,0.22060041407867495,3.821025020177563
港北区,うみのくに保育園きくな,4歳,112.6418439716312,29.5,0.08695652173913043,0.5217391304347826,11.217391304347826,0.22864631514030218,3.818367592258685
保土ケ谷区,千丸台保育園,0歳,112.51664093326471,29.5,4.086956521739131,1.0,9.91304347826087,0.24144942454146062,3.8141234214666
港北区,まなびの森　綱島こども園,2歳,70.55851063829788,18.5,0.16666666666666666,0.5,12.5,0.24379432624113476,3.8139735480161012
鶴見区,明日葉保育園鶴見園,5歳,112.5,29.5,0.043478260869565216,0.4782608695652174,10.0,0.20652173913043478,3.8135593220338984
都筑区,なかまちっこ園,4歳,112.5,29.5,0.30434782608695654,0.8260869565217391,8.173913043478262,0.2826086956521739,3.8135593220338984
旭区,横浜小谷かなりや保育園,4歳,112.5,29.5,0.21739130434782608,0.391304347826087,12.304347826086957,0.1956521739130435,3.8135593220338984
港北区,Ｌｕｃｅ陽だまりの家保育園綱島,2歳,112.5,29.5,0.0,0.5652173913043478,7.0,0.1956521739130435,3.8135593220338984
青葉区,天才キッズクラブ楽学館あざみ野園,4歳,112.5,29.5,0.0,0.391304347826087,9.608695652173912,0.1956521739130435,3.8135593220338984
都筑区,都筑ひよこ保育園,3歳,112.5,29.5,0.34782608695652173,0.6086956521739131,18.73913043478261,0.21014492753623187,3.8135593220338984
鶴見区,ナーサリーつるみ,4歳,112.5,29.5,0.0,0.6086956521739131,19.347826086956523,0.2753623188405797,3.8135593220338984
港北区,めぐみ保育園,3歳,112.5,29.5,0.0,0.391304347826087,16.52173913043478,0.1956521739130435,3.8135593220338984
中区,寿福祉センター保育所,2歳,112.5,29.5,0.34782608695652173,0.4782608695652174,10.869565217391305,0.21014492753623187,3.8135593220338984
都筑区,中川保育園,4歳,112.5,29.5,0.0,0.391304347826087,7.434782608695652,0.1956521739130435,3.8135593220338984
戸塚区,あけぼの保育園,5歳,112.5,29.5,0.0,0.5217391304347826,13.304347826086957,0.2608695652173913,3.8135593220338984
泉区,鳩の森愛の詩あすなろ保育園,3歳,112.5,29.5,0.6521739130434783,0.43478260869565216,22.47826086956522,0.2028985507246377,3.8135593220338984
港北区,木下の保育園日吉,4歳,112.5,29.5,0.0,0.391304347826087,11.478260869565217,0.1956521739130435,3.8135593220338984
青葉区,ベネッセ　青葉台保育園,5歳,112.5,29.5,0.0,0.8695652173913043,12.130434782608695,0.30434782608695654,3.8135593220338984
西区,キッズパートナーみなとみらい,0歳,112.5,29.5,1.9565217391304348,0.6086956521739131,2.391304347826087,0.20289855072463767,3.8135593220338984
都筑区,木下の保育園　センター南,5歳,112.5,29.5,0.0,0.6086956521739131,12.956521739130435,0.2717391304347826,3.8135593220338984
鶴見区,ユニコーン・キッズクラブ,1歳,112.5,29.5,0.6086956521739131,0.782608695652174,4.260869565217392,0.2681159420289855,3.8135593220338984
西区,横浜みなとみらい保育園,5歳,112.5,29.5,0.0,0.4782608695652174,22.956521739130434,0.21014492753623187,3.8135593220338984
港北区,わおわお大倉山保育園,1歳,112.5,29.5,0.17391304347826086,0.6521739130434783,11.391304347826088,0.20289855072463767,3.8135593220338984
神奈川区,いずみ反町公園保育園,5歳,112.5,29.5,0.0,0.6086956521739131,9.391304347826088,0.2717391304347826,3.8135593220338984
神奈川区,うちゅうこども園たんまち,5歳,112.5,29.5,0.34782608695652173,0.8695652173913043,10.652173913043478,0.30434782608695654,3.8135593220338984
港北区,佐藤保育室,0歳,112.5,29.5,0.21739130434782608,0.391304347826087,0.6086956521739131,0.1956521739130435,3.8135593220338984
港北区,認定こども園高木学園附属幼稚園（保育所部分）,3歳,112.5,29.5,0.0,1.0869565217391304,1.5217391304347827,0.2826086956521739,3.8135593220338984
鶴見区,Ｊキッズプラネット鶴見保育園,5歳,112.5,29.5,0.0,0.4782608695652174,15.521739130434783,0.1956521739130435,3.8135593220338984
保土ケ谷区,えぶち保育園（分園含む）,3歳,112.5,29.5,0.0,0.391304347826087,10.521739130434783,0.1956521739130435,3.8135593220338984
港北区,ぶれすと綱島ほいくえん,3歳,112.5,29.5,0.08695652173913043,0.391304347826087,14.478260869565217,0.1956521739130435,3.8135593220338984
磯子区,日枝幼児園,3歳,112.5,29.5,0.13043478260869565,0.9130434782608695,15.73913043478261,0.2681159420289855,3.8135593220338984
旭区,ひまわり愛児園,4歳,112.5,29.5,0.0,0.9565217391304348,19.73913043478261,0.2753623188405797,3.8135593220338984
栄区,トモキッズナーサリーかさま園,5歳,112.4227078891258,29.5,0.08695652173913043,1.173913043478261,3.0869565217391304,0.20556379592719634,3.8109392504788406
港北区,グローバルキッズ綱島園,5歳,112.36111111111111,29.5,0.0,0.6521739130434783,24.391304347826086,0.19082125603864736,3.8088512241054615
都筑区,さんさん森の保育園センター南,5歳,112.25,29.5,0.0,1.434782608695652,10.217391304347826,0.3065217391304348,3.805084745762712
鶴見区,鶴見Ａｓａ保育園,0歳,112.22517730496455,29.5,0.6521739130434783,0.5652173913043478,2.347826086956522,0.23226950354609927,3.8042432984733745
保土ケ谷区,あーす保育園保土ケ谷,1歳,112.18905472636816,29.5,0.5217391304347826,0.7391304347826086,11.826086956521738,0.26146441704520873,3.803018804283666
鶴見区,ナーサリーつるみ,0歳,112.08333333333333,29.5,2.8260869565217392,0.6521739130434783,2.347826086956522,0.25362318840579706,3.7994350282485874
都筑区,なかまちっこ　じゃんぷ園,5歳,112.08333333333333,29.5,0.0,0.5652173913043478,13.391304347826088,0.26811594202898553,3.7994350282485874
保土ケ谷区,東戸塚もえぎ保育室,0歳,112.08333333333333,29.5,0.43478260869565216,0.7391304347826086,1.4782608695652173,0.2608695652173913,3.7994350282485874
鶴見区,市場保育園,3歳,112.08333333333333,29.5,0.0,0.8695652173913043,23.26086956521739,0.2608695652173913,3.7994350282485874
都筑区,第二しらとり台保育園,2歳,112.08333333333333,29.5,0.5217391304347826,0.5217391304347826,16.434782608695652,0.23188405797101447,3.7994350282485874
神奈川区,キッズパートナー東白楽,1歳,112.06229490843654,29.5,0.30434782608695654,0.6086956521739131,7.391304347826087,0.19577413579650313,3.7987218613029334
瀬谷区,鳩の森愛の詩　宮沢保育園,4歳,112.01492537313433,29.5,0.17391304347826086,0.9130434782608695,18.08695652173913,0.30856586632057104,3.797116114343537
港北区,くっくおさんぽ保育園,4歳,111.95035460992908,29.5,0.21739130434782608,0.43478260869565216,10.478260869565217,0.19642306506321305,3.79492727491285
中区,こもれび保育園根岸園,1歳,111.875,29.5,1.0,0.6086956521739131,5.478260869565218,0.21376811594202896,3.792372881355932
都筑区,認定こども園やまゆりキッズ　横浜みずほ幼稚園,2歳,111.87234042553192,29.5,0.5652173913043478,0.6956521739130435,10.304347826086957,0.21270428615479495,3.7922827262892174
青葉区,たまプラーザぽんた保育園,1歳,111.80851063829788,29.5,0.13043478260869565,0.5217391304347826,4.565217391304348,0.22502312673450509,3.7901190046880635
港北区,ブライト保育園横浜綱島,3歳,111.79912528948158,29.5,0.4782608695652174,1.3043478260869565,10.0,0.28870325835233407,3.789800857270562
鶴見区,ＳＥＡ　ＫＩＤ保育園,4歳,111.75,29.5,0.0,1.434782608695652,20.47826086956522,0.3,3.788135593220339
鶴見区,しおつるばしハート保育園,1歳,111.75,29.5,0.08695652173913043,1.0,6.130434782608695,0.2818840579710145,3.788135593220339
保土ケ谷区,森のルーナ保育園,4歳,41.66666666666667,11.0,0.0,0.7272727272727273,12.0,0.2424242424242424,3.7878787878787885
港北区,横浜市太尾保育園,0歳,111.73074824777095,29.5,5.956521739130435,1.4782608695652173,9.826086956521738,0.2653847978454701,3.7874829914498624
都筑区,アスクセンター南保育園,4歳,111.66666666666667,29.5,0.30434782608695654,0.7391304347826086,10.26086956521739,0.2826086956521739,3.785310734463277
神奈川区,白百合乳児保育園,3歳,111.66666666666667,29.5,0.0,1.0434782608695652,17.73913043478261,0.2826086956521739,3.785310734463277
鶴見区,鶴見すずらん保育園,4歳,111.66666666666667,29.5,0.17391304347826086,0.5652173913043478,23.347826086956523,0.26811594202898553,3.785310734463277
港北区,ポピンズナーサリースクール小机,5歳,111.66666666666667,29.5,0.0,0.6521739130434783,7.3478260869565215,0.2826086956521739,3.785310734463277
都筑区,まなびの森　中川こども園,3歳,70.0,18.5,0.0,0.75,15.833333333333334,0.22916666666666666,3.7837837837837838
鶴見区,実遊中央保育園,0歳,111.58333333333333,29.5,1.4782608695652173,0.9130434782608695,5.086956521739131,0.24855072463768116,3.7824858757062145
栄区,エミールの森ひよこ保育園,2歳,111.49614418059427,29.5,0.6521739130434783,0.6086956521739131,6.739130434782608,0.24385098184003748,3.7795303112065857
港北区,まなびの森　日吉こども園,4歳,69.86702127659575,18.5,0.4166666666666667,0.5,12.083333333333334,0.23758865248226949,3.7765957446808516
鶴見区,横浜市芦穂崎保育園,1歳,111.35680907877169,29.5,0.43478260869565216,1.2608695652173914,17.695652173913043,0.2835423076178866,3.7748070874159896
緑区,みなみ台保育園,0歳,111.33333333333333,29.5,2.347826086956522,0.8695652173913043,8.391304347826088,0.21811594202898552,3.774011299435028
港南区,スクルドエンジェル保育園上大岡園,2歳,111.25,29.5,0.6086956521739131,0.5652173913043478,7.086956521739131,0.21014492753623187,3.7711864406779663
戸塚区,アネラ保育室,2歳,111.25,29.5,0.0,0.9565217391304348,3.0,0.31521739130434784,3.7711864406779663
戸塚区,ちゃいれっく戸塚保育園,5歳,111.25,29.5,0.0,0.782608695652174,19.217391304347824,0.30434782608695654,3.7711864406779663
港北区,ポピンズナーサリースクール綱島,3歳,111.25,29.5,0.0,0.4782608695652174,8.304347826086957,0.2391304347826087,3.7711864406779663
戸塚区,わかば保育園,4歳,111.25,29.5,0.0,0.6956521739130435,22.434782608695652,0.2608695652173913,3.7711864406779663
戸塚区,横浜市川上保育園,4歳,111.25,29.5,0.08695652173913043,0.6086956521739131,30.304347826086957,0.2898550724637681,3.7711864406779663
緑区,さくらの郷みらい保育園,4歳,111.25,29.5,0.043478260869565216,0.5652173913043478,23.17391304347826,0.21014492753623187,3.7711864406779663
金沢区,しののめ並木保育園,0歳,111.25,29.5,1.8695652173913044,0.6086956521739131,5.391304347826087,0.19927536231884058,3.7711864406779663
港北区,こどものまち綱島西保育園,3歳,111.25,29.5,0.0,0.6086956521739131,10.08695652173913,0.21014492753623187,3.7711864406779663
神奈川区,京進のほいくえんＨＯＰＰＡ反町園,0歳,111.25,29.5,0.9130434782608695,0.5652173913043478,1.391304347826087,0.2391304347826087,3.7711864406779663
青葉区,市が尾こどものいえ保育園,4歳,111.25,29.5,0.0,0.6086956521739131,7.956521739130435,0.24637681159420288,3.7711864406779663
都筑区,つづきルーテル保育園,4歳,111.20567375886525,29.5,0.43478260869565216,0.7391304347826086,19.26086956521739,0.29386370644465,3.7696838562327204
南区,横浜みなみ薫保育園,0歳,111.00872596266318,29.5,4.521739130434782,0.8695652173913043,6.3478260869565215,0.24487695094108305,3.763007659751294
西区,キッズパートナー平沼橋,0歳,111.0,29.5,1.391304347826087,0.9130434782608695,5.086956521739131,0.24130434782608695,3.76271186440678
中区,横浜市竹之丸保育園,3歳,111.0,29.5,0.5217391304347826,1.1304347826086956,22.91304347826087,0.2811594202898551,3.76271186440678
金沢区,あおぞら谷津保育園,3歳,110.97688899223604,29.5,1.5217391304347827,0.5217391304347826,17.434782608695652,0.22184758878166622,3.7619284404147812
鶴見区,市場保育園,2歳,110.875,29.5,0.34782608695652173,0.6956521739130435,19.82608695652174,0.21956521739130433,3.7584745762711864
神奈川区,リトルスカラー新子安保育園,0歳,110.83333333333334,29.5,1.2173913043478262,0.6086956521739131,2.347826086956522,0.23188405797101447,3.7570621468926557
泉区,くるみ保育園,5歳,110.83333333333334,29.5,0.0,0.9565217391304348,27.043478260869566,0.3188405797101449,3.7570621468926557
瀬谷区,stellar education garden阿久和小規模保育園,2歳,110.83333333333333,29.5,0.08695652173913043,0.6086956521739131,5.3478260869565215,0.2753623188405797,3.7570621468926553
港北区,木下の保育園　綱島東,4歳,110.83333333333333,29.5,0.0,0.43478260869565216,14.478260869565217,0.2028985507246377,3.7570621468926553
磯子区,磯子おひさま保育園,5歳,110.83333333333333,29.5,0.0,0.43478260869565216,17.304347826086957,0.2028985507246377,3.7570621468926553
緑区,ポピンズナーサリースクール十日市場駅前,0歳,110.75,29.5,2.6956521739130435,0.9130434782608695,5.086956521739131,0.2434782608695652,3.7542372881355934
青葉区,青葉フレール保育園,3歳,110.75,29.5,0.0,1.173913043478261,21.73913043478261,0.30869565217391304,3.7542372881355934
磯子区,森幼児園,0歳,110.75,29.5,0.6521739130434783,0.9565217391304348,3.652173913043478,0.26304347826086955,3.7542372881355934
南区,蒔田ひまわり保育園,0歳,110.75,29.5,6.434782608695652,0.9565217391304348,5.0,0.2021739130434783,3.7542372881355934
神奈川区,聖徳保育園,0歳,110.70833333333333,29.5,4.043478260869565,0.782608695652174,14.173913043478262,0.22536231884057972,3.752824858757062
青葉区,藤が丘もみじ保育センター,0歳,41.25,11.0,1.3636363636363635,0.8181818181818182,3.3636363636363638,0.25,3.75
港北区,岩崎学園新横浜第二保育園,3歳,110.625,29.5,0.0,0.6086956521739131,25.0,0.25724637681159424,3.75
港北区,リトルスカラー綱島保育園,0歳,110.625,29.5,0.8695652173913043,0.8260869565217391,1.565217391304348,0.25,3.75
戸塚区,俣野保育園,3歳,110.625,29.5,0.0,1.1304347826086956,15.26086956521739,0.32065217391304346,3.75
鶴見区,あーす保育園鶴見中央,3歳,110.5952380952381,29.5,0.21739130434782608,0.6956521739130435,7.826086956521739,0.2401656314699793,3.748991121872478
都筑区,アスクセンター北保育園,0歳,110.52139037433155,29.5,4.434782608695652,0.782608695652174,6.217391304347826,0.21370998992482368,3.7464878092993743
神奈川区,あおぞら保育園,0歳,110.45833333333333,29.5,3.4347826086956523,0.8260869565217391,8.173913043478262,0.25579710144927537,3.7443502824858754
神奈川区,ポピンズナーサリースクール片倉町駅前,5歳,110.41666666666667,29.5,0.0,0.5217391304347826,10.434782608695652,0.2463768115942029,3.7429378531073447
鶴見区,總持寺保育園,3歳,110.39360018091361,29.5,0.6956521739130435,2.347826086956522,66.26086956521739,0.27707706526655257,3.7421559383360545
旭区,横濱あんじゅ保育園,3歳,110.37234042553192,29.5,0.2608695652173913,0.43478260869565216,22.347826086956523,0.2141535615171138,3.741435268662099
港北区,グローバルキッズ日吉園,3歳,110.37234042553192,29.5,0.17391304347826086,0.6521739130434783,11.08695652173913,0.2793709528214616,3.741435268662099
保土ケ谷区,境木保育園,0歳,110.36436170212767,29.5,3.217391304347826,0.9130434782608695,5.086956521739131,0.23994757940178849,3.7411648034619547
港北区,キディ大倉山・横浜,3歳,110.33333333333334,29.5,0.08695652173913043,0.9130434782608695,10.91304347826087,0.28840579710144926,3.740112994350283
栄区,かつら愛児園,3歳,110.33333333333333,29.5,0.34782608695652173,1.0,49.130434782608695,0.29057971014492756,3.7401129943502824
港北区,菊名愛児園,3歳,110.24425287356323,29.5,0.13043478260869565,0.9130434782608695,12.391304347826088,0.28723138430784606,3.737093317747906
鶴見区,横浜市芦穂崎保育園,0歳,110.23809523809524,29.5,3.869565217391304,1.3043478260869565,7.434782608695652,0.21299171842650103,3.7368845843422114
港北区,めぐみ保育園,5歳,110.16666666666667,29.5,0.0,1.9130434782608696,14.043478260869565,0.3246376811594203,3.7344632768361583
神奈川区,ブライト保育園横浜松見町,0歳,110.0223880597015,29.5,2.608695652173913,0.6956521739130435,5.304347826086956,0.2201600692191218,3.7295724766000506
港南区,グローバルキッズ上大岡園,5歳,110.0,29.5,0.043478260869565216,0.43478260869565216,13.521739130434783,0.21739130434782608,3.7288135593220337
神奈川区,マフィス白楽ナーサリー,2歳,110.0,29.5,1.173913043478261,0.43478260869565216,8.521739130434783,0.21739130434782608,3.7288135593220337
鶴見区,駒岡保育園,3歳,110.0,29.5,0.17391304347826086,0.43478260869565216,13.565217391304348,0.21739130434782608,3.7288135593220337
鶴見区,わくわくの森保育園,4歳,110.0,29.5,0.0,0.782608695652174,12.26086956521739,0.30434782608695654,3.7288135593220337
鶴見区,東漸保育園,5歳,110.0,29.5,0.0,0.7391304347826086,16.347826086956523,0.22463768115942032,3.7288135593220337
都筑区,つづきルーテル保育園,5歳,110.0,29.5,0.043478260869565216,0.5652173913043478,19.304347826086957,0.2826086956521739,3.7288135593220337
中区,保育園ころころキッズガーデン,2歳,110.0,29.5,0.30434782608695654,0.4782608695652174,6.739130434782608,0.22463768115942032,3.7288135593220337
港北区,ウッズ保育園,2歳,110.0,29.5,0.34782608695652173,0.4782608695652174,9.521739130434783,0.21014492753623187,3.7288135593220337
港北区,パレット保育園・綱島,2歳,110.0,29.5,0.17391304347826086,0.43478260869565216,14.608695652173912,0.21739130434782608,3.7288135593220337
瀬谷区,下瀬谷保育園,4歳,110.0,29.5,0.0,0.43478260869565216,14.565217391304348,0.21739130434782608,3.7288135593220337
保土ケ谷区,星川もえぎ保育園,4歳,110.0,29.5,0.0,0.43478260869565216,9.478260869565217,0.21739130434782608,3.7288135593220337
港北区,ブライト保育園横浜日吉,5歳,110.0,29.5,0.0,0.5217391304347826,11.521739130434783,0.2463768115942029,3.7288135593220337
磯子区,スターチャイルド≪洋光台ナーサリー≫,5歳,110.0,29.5,0.0,0.43478260869565216,13.608695652173912,0.21739130434782608,3.7288135593220337
保土ケ谷区,認定こども園あかいとりこども園,3歳,109.95567375886525,29.5,0.34782608695652173,0.9565217391304348,21.043478260869566,0.30473327166204134,3.727310974876788
金沢区,マミングステーション,1歳,109.84177060405968,29.5,1.0434782608695652,0.9565217391304348,8.043478260869565,0.2452486522696099,3.7234498509850735
緑区,横浜市長津田保育園,0歳,109.75892857142857,29.5,3.0869565217391304,1.2173913043478262,7.608695652173913,0.22060041407867495,3.720641646489104
港北区,リトルスカラー綱島保育園,1歳,109.70833333333333,29.5,1.4782608695652173,0.9130434782608695,7.3478260869565215,0.207487922705314,3.718926553672316
都筑区,横浜市大熊保育園,4歳,109.68905472636816,29.5,0.21739130434782608,0.6956521739130435,23.52173913043478,0.28682673588578844,3.718273041571802
鶴見区,実遊中央保育園,1歳,109.58333333333333,29.5,0.30434782608695654,0.782608695652174,7.130434782608695,0.28985507246376807,3.714689265536723
栄区,横浜市飯島保育園,3歳,109.58333333333333,29.5,0.21739130434782608,0.8260869565217391,14.08695652173913,0.2826086956521739,3.714689265536723
鶴見区,実遊中央保育園,3歳,109.58333333333333,29.5,0.0,0.6956521739130435,8.217391304347826,0.286231884057971,3.714689265536723
瀬谷区,横浜市瀬谷第二保育園,5歳,109.52380952380952,29.5,0.0,2.130434782608696,21.652173913043477,0.3193581780538302,3.7126715092816784
港北区,大倉山きずな保育園,4歳,109.5,29.5,0.043478260869565216,1.2173913043478262,7.086956521739131,0.30869565217391304,3.711864406779661
鶴見区,生麦ポケット保育園,2歳,109.37678628135916,29.5,0.782608695652174,0.6086956521739131,9.391304347826088,0.21483700829801042,3.707687670554548
鶴見区,明日葉保育園駒岡園,2歳,109.375,29.5,0.391304347826087,0.6086956521739131,10.26086956521739,0.2427536231884058,3.707627118644068
鶴見区,入船の森保育園,4歳,109.375,29.5,1.0869565217391304,0.6956521739130435,6.6521739130434785,0.22101449275362317,3.707627118644068
神奈川区,認定こども園捜真幼稚園,3歳,109.30851063829788,29.5,0.8260869565217391,1.0869565217391304,13.304347826086957,0.3228492136910268,3.7053732419761993
港北区,アスクゆめみらい保育園,4歳,40.74468085106383,11.0,0.36363636363636365,0.5454545454545454,18.181818181818183,0.25918762088974856,3.7040618955512574
戸塚区,柏尾スマイル保育園,4歳,109.25,29.5,0.0,0.9130434782608695,10.0,0.2673913043478261,3.7033898305084745
西区,むつみ愛児園,2歳,109.25,29.5,1.3043478260869565,1.1304347826086956,4.304347826086956,0.21086956521739134,3.7033898305084745
鶴見区,リュミエール小規模保育園,1歳,109.22222222222221,29.5,0.391304347826087,1.3478260869565217,3.5652173913043477,0.3030595813204509,3.7024482109227868
鶴見区,しおつるばしハート保育園,0歳,109.16666666666667,29.5,1.4782608695652173,0.8260869565217391,3.1739130434782608,0.2717391304347826,3.7005649717514126
鶴見区,生麦保育園,3歳,109.16666666666667,29.5,0.0,0.6956521739130435,16.956521739130434,0.2608695652173913,3.7005649717514126
磯子区,やべのファミリールーム,4歳,109.16666666666667,29.5,0.21739130434782608,0.8260869565217391,10.173913043478262,0.3115942028985507,3.7005649717514126
神奈川区,メリー★ポピンズ東神奈川ルーム,4歳,109.16666666666667,29.5,0.0,0.9130434782608695,6.0,0.3115942028985507,3.7005649717514126
港北区,大曽根コスモス保育園,3歳,109.16666666666667,29.5,0.0,0.5652173913043478,12.304347826086957,0.21014492753623187,3.7005649717514126
中区,シュハリィ本牧保育園,1歳,109.16666666666667,29.5,0.043478260869565216,0.7391304347826086,5.260869565217392,0.2644927536231884,3.7005649717514126
中区,横浜市山手保育園,5歳,109.16666666666667,29.5,0.0,0.5652173913043478,15.434782608695652,0.21014492753623187,3.7005649717514126
戸塚区,正光寺保育園吉田町園,0歳,109.06941406508915,29.5,4.130434782608695,1.0434782608695652,4.956521739130435,0.24138503923619817,3.6972682733928526
戸塚区,横浜東戸塚雲母保育園,0歳,108.78591954022988,29.5,1.826086956521739,0.6521739130434783,2.3043478260869565,0.22926036981509246,3.687658289499318
中区,木下の保育園　本牧,4歳,108.75,29.5,1.2608695652173914,0.8260869565217391,13.782608695652174,0.21739130434782608,3.6864406779661016
緑区,ひまわり中山駅前保育園,2歳,108.75,29.5,0.08695652173913043,0.5217391304347826,8.391304347826088,0.23188405797101447,3.6864406779661016
都筑区,なかまちっこ　じゃんぷ園,2歳,108.75,29.5,0.043478260869565216,0.5652173913043478,11.391304347826088,0.26811594202898553,3.6864406779661016
緑区,スターチャイルド≪長津田駅前ナーサリー≫,4歳,108.75,29.5,0.5217391304347826,0.5217391304347826,10.695652173913043,0.213768115942029,3.6864406779661016
鶴見区,横浜市潮田保育園,5歳,108.75,29.5,0.0,0.7391304347826086,24.17391304347826,0.2826086956521739,3.6864406779661016
鶴見区,横浜市芦穂崎保育園,2歳,108.75,29.5,0.17391304347826086,0.4782608695652174,20.0,0.2391304347826087,3.6864406779661016
戸塚区,スターチャイルド≪戸塚ナーサリー≫,5歳,108.75,29.5,0.0,0.6086956521739131,11.217391304347826,0.21376811594202896,3.6864406779661016
都筑区,わおわおセンター北保育園,3歳,108.75,29.5,1.3478260869565217,0.43478260869565216,14.434782608695652,0.21739130434782608,3.6864406779661016
神奈川区,キッズパートナー妙蓮寺,5歳,108.75,29.5,0.0,0.43478260869565216,12.565217391304348,0.21739130434782608,3.6864406779661016
鶴見区,總持寺本町通保育園,5歳,108.75,29.5,0.13043478260869565,0.43478260869565216,28.08695652173913,0.21739130434782608,3.6864406779661016
青葉区,にじいろ保育園青葉台,3歳,108.75,29.5,0.0,0.5652173913043478,12.956521739130435,0.25362318840579706,3.6864406779661016
緑区,太陽の子　鴨居駅前保育園,4歳,108.75,29.5,0.7391304347826086,0.43478260869565216,11.478260869565217,0.21739130434782608,3.6864406779661016
保土ケ谷区,保育室ピア・ピア,0歳,108.75,29.5,1.608695652173913,0.8695652173913043,1.565217391304348,0.2753623188405797,3.6864406779661016
青葉区,スターチャイルド≪たまプラーザナーサリー≫,4歳,108.75,29.5,0.43478260869565216,0.43478260869565216,11.478260869565217,0.21739130434782608,3.6864406779661016
神奈川区,エンゼル保育園,2歳,108.75,29.5,0.0,0.43478260869565216,7.608695652173913,0.21739130434782608,3.6864406779661016
鶴見区,ビーンズ保育園,2歳,108.75,29.5,0.7391304347826086,0.5652173913043478,14.391304347826088,0.22463768115942026,3.6864406779661016
青葉区,りんどう保育園,4歳,108.7202380952381,29.5,0.0,2.5217391304347827,10.956521739130435,0.33721532091097306,3.6854317998385797
都筑区,すまいるセンターみなみ保育園,1歳,108.58333333333333,29.5,0.2608695652173913,0.6521739130434783,4.217391304347826,0.24492753623188404,3.680790960451977
旭区,横浜市ひかりが丘保育園,0歳,108.58333333333333,29.5,2.347826086956522,1.0869565217391304,6.521739130434782,0.25217391304347825,3.680790960451977
鶴見区,こあらっこはうす　ル・ソレイユ,0歳,108.5,29.5,4.913043478260869,0.9130434782608695,5.086956521739131,0.21884057971014492,3.6779661016949152
保土ケ谷区,森のルーナ保育園,3歳,40.416666666666664,11.0,0.0,1.0,11.727272727272727,0.26515151515151514,3.674242424242424
港南区,ニコニコ保育園,2歳,108.36065573770492,29.5,0.2608695652173913,0.4782608695652174,5.565217391304348,0.2316464718460442,3.6732425673798277
青葉区,スターチャイルド≪たまプラーザナーサリー≫,5歳,108.33333333333334,29.5,0.0,0.8695652173913043,11.173913043478262,0.3188405797101449,3.672316384180791
保土ケ谷区,昴保育園,3歳,108.33333333333334,29.5,0.0,0.9130434782608695,22.869565217391305,0.3115942028985507,3.672316384180791
鶴見区,ヨコハマさくら保育園,3歳,108.33333333333334,29.5,0.0,0.8260869565217391,17.130434782608695,0.3115942028985507,3.672316384180791
港北区,Ｌｕｃｅ陽だまりの家保育園,0歳,108.33333333333334,29.5,0.2608695652173913,0.6521739130434783,1.3478260869565217,0.2391304347826087,3.672316384180791
港北区,ぶれすと綱島ほいくえん,4歳,108.33333333333334,29.5,0.0,0.8260869565217391,13.826086956521738,0.2971014492753623,3.672316384180791
港北区,ポピンズナーサリースクール綱島,4歳,108.33333333333333,29.5,0.0,0.5217391304347826,8.217391304347826,0.21739130434782608,3.6723163841807906
都筑区,アリス保育園,1歳,108.22059913199958,29.5,0.6956521739130435,0.5652173913043478,17.652173913043477,0.23286435537391673,3.668494885830494
鶴見区,わおわお保育園,0歳,108.125,29.5,2.8260869565217392,0.9130434782608695,8.043478260869565,0.2644927536231884,3.6652542372881354
青葉区,もみじ保育園,2歳,108.05555555555556,29.5,0.08695652173913043,0.8260869565217391,23.304347826086957,0.25885668276972623,3.6629001883239174
鶴見区,花月園前ここわ保育園,2歳,108.0223880597015,29.5,0.6521739130434783,0.6086956521739131,12.217391304347826,0.2288557213930348,3.6617758664305593
鶴見区,ゆめいろ保育園,2歳,107.99202127659575,29.5,0.13043478260869565,0.6086956521739131,21.52173913043478,0.2620259019426457,3.660746483952398
西区,みなとみらいくばがさ保育園,0歳,107.95833333333333,29.5,4.913043478260869,0.8260869565217391,7.739130434782608,0.21956521739130433,3.6596045197740112
青葉区,りんどう保育園,2歳,107.91666666666667,29.5,0.043478260869565216,0.8695652173913043,12.869565217391305,0.2898550724637681,3.6581920903954805
港南区,認定こども園　森が丘幼稚園,3歳,107.91666666666667,29.5,0.6956521739130435,1.2608695652173914,8.347826086956522,0.3442028985507246,3.6581920903954805
港北区,木下の保育園日吉,3歳,107.87234042553192,29.5,0.043478260869565216,0.5217391304347826,11.217391304347826,0.25763182238667903,3.6566895059502347
神奈川区,ひびき金港町保育園,2歳,107.86837091140045,29.5,1.0434782608695652,0.6956521739130435,13.217391304347826,0.22974857442666408,3.6565549461491678
泉区,ふたば保育園,3歳,107.77985074626866,29.5,0.043478260869565216,0.5652173913043478,21.47826086956522,0.25059485182781743,3.6535542625853785
金沢区,＋Ｕすくすくキッズ園,1歳,40.166666666666664,11.0,0.5454545454545454,0.8181818181818182,6.181818181818182,0.2696969696969697,3.6515151515151514
鶴見区,ユニコーン・キッズクラブ,0歳,107.70833333333333,29.5,1.1304347826086956,0.8695652173913043,3.3043478260869565,0.2717391304347826,3.651129943502825
港北区,新横浜めぶき保育園,2歳,67.5,18.5,0.0,1.5,5.583333333333333,0.25396825396825395,3.6486486486486487
磯子区,磯子おひさま保育園,4歳,107.50886524822695,29.5,0.43478260869565216,0.6086956521739131,16.391304347826086,0.2801418439716312,3.6443683134992186
栄区,ふぁみりーさぽーと　のあ,5歳,107.5,29.5,0.0,0.4782608695652174,7.521739130434782,0.2391304347826087,3.6440677966101696
青葉区,市ヶ尾保育園,3歳,107.5,29.5,0.17391304347826086,0.5652173913043478,12.391304347826088,0.2826086956521739,3.6440677966101696
鶴見区,あーす保育園鶴見中央,5歳,107.5,29.5,0.0,0.6956521739130435,7.086956521739131,0.23188405797101447,3.6440677966101696
神奈川区,ＧＥＮＫＩＤＳバイリンガル保育園新子安,3歳,107.5,29.5,0.17391304347826086,0.6521739130434783,12.043478260869565,0.22463768115942026,3.6440677966101696
港北区,アスク日吉東保育園,3歳,107.5,29.5,0.043478260869565216,0.6956521739130435,15.043478260869565,0.23188405797101447,3.6440677966101696
泉区,ふたば保育園,5歳,107.5,29.5,0.043478260869565216,0.5652173913043478,21.47826086956522,0.2826086956521739,3.6440677966101696
保土ケ谷区,ひかりの風保育園,4歳,107.5,29.5,0.043478260869565216,0.9565217391304348,14.434782608695652,0.3188405797101449,3.6440677966101696
西区,西区中央もえぎ保育室,0歳,107.5,29.5,1.434782608695652,0.782608695652174,1.6956521739130435,0.2753623188405797,3.6440677966101696
港北区,新羽どろんこ保育園,5歳,107.5,29.5,0.043478260869565216,0.4782608695652174,17.47826086956522,0.2391304347826087,3.6440677966101696
青葉区,たまプラーザ　こどもの詩保育園,3歳,107.5,29.5,0.13043478260869565,0.6086956521739131,10.304347826086957,0.23188405797101447,3.6440677966101696
神奈川区,白幡フレール保育園,4歳,107.5,29.5,0.43478260869565216,1.0,22.956521739130434,0.3188405797101449,3.6440677966101696
保土ケ谷区,にじいろ保育園和田町,3歳,107.5,29.5,0.043478260869565216,0.6956521739130435,4.217391304347826,0.23188405797101447,3.6440677966101696
神奈川区,認定こども園捜真幼稚園,4歳,107.5,29.5,0.43478260869565216,0.5217391304347826,13.521739130434783,0.23188405797101447,3.6440677966101696
泉区,ふたば保育園,0歳,107.49539547202612,29.5,6.521739130434782,1.6521739130434783,9.782608695652174,0.2566603556602236,3.6439117109161394
神奈川区,きゃんばす子安台保育園,0歳,107.41666666666667,29.5,2.0869565217391304,0.9565217391304348,4.913043478260869,0.2942028985507246,3.6412429378531077
旭区,西川島保育園,3歳,107.41134751773049,29.5,0.043478260869565216,1.0,19.73913043478261,0.3083564600678384,3.641062627719678
港南区,野庭保育園,4歳,107.31664951106536,29.5,0.08695652173913043,0.9130434782608695,13.043478260869565,0.3168117433820403,3.637852525798826
青葉区,ＭＩＷＡあかね台光の子保育園,3歳,107.29477611940298,29.5,1.9130434782608696,0.5217391304347826,18.347826086956523,0.22582738481505515,3.6371110548950165
都筑区,よこはま・もあな保育園,3歳,107.29166666666667,29.5,0.30434782608695654,0.8695652173913043,11.304347826086957,0.22101449275362317,3.6370056497175143
青葉区,ピッピ保育園,4歳,40.0,11.0,0.0,0.5454545454545454,5.363636363636363,0.2727272727272727,3.6363636363636362
緑区,大澤保育室,1歳,40.0,11.0,0.0,0.5454545454545454,0.8181818181818182,0.2727272727272727,3.6363636363636362
港北区,アスクゆめみらい保育園,5歳,40.0,11.0,0.0,0.5454545454545454,18.363636363636363,0.2727272727272727,3.6363636363636362
青葉区,ベビーぽけっと松風台,0歳,107.22222222222223,29.5,1.3043478260869565,0.6086956521739131,2.0869565217391304,0.2552334943639291,3.634651600753296
緑区,みなみ台保育園,3歳,107.22222222222223,29.5,0.7391304347826086,0.6521739130434783,24.08695652173913,0.23349436392914652,3.634651600753296
鶴見区,明日葉保育園鶴見園,1歳,107.20833333333333,29.5,0.7391304347826086,0.9130434782608695,11.0,0.2702898550724638,3.634180790960452
港北区,小学館アカデミーつなしま保育園,4歳,107.125,29.5,0.0,0.6521739130434783,10.91304347826087,0.22681159420289856,3.6313559322033897
鶴見区,幸いづみ保育園,3歳,107.08333333333333,29.5,0.0,0.6086956521739131,5.391304347826087,0.2898550724637681,3.6299435028248586
鶴見区,にじいろ保育園駒岡,4歳,107.08333333333333,29.5,0.17391304347826086,0.7391304347826086,12.173913043478262,0.2971014492753623,3.6299435028248586
鶴見区,横浜市鶴見保育園,3歳,107.01190476190476,29.5,0.0,1.0869565217391304,18.73913043478261,0.293064182194617,3.6275221953188055
栄区,すずかけ保育園,2歳,106.98355996119763,29.5,2.1739130434782608,0.7391304347826086,23.130434782608695,0.24787337872348086,3.626561354616869
鶴見区,駒岡げんきっず保育園,3歳,106.97916666666667,29.5,0.0,1.5217391304347827,8.521739130434783,0.29528985507246375,3.626412429378531
中区,高風保育園,2歳,106.9734188558309,29.5,0.391304347826087,1.173913043478261,14.304347826086957,0.34315435962552227,3.626217588333251
緑区,まなびの森　中山こども園,5歳,67.08333333333333,18.5,0.0,0.5833333333333334,13.166666666666666,0.2638888888888889,3.6261261261261257
磯子区,ピノキオ幼児舎 新杉田園,0歳,106.875,29.5,2.391304347826087,0.7391304347826086,3.1739130434782608,0.24637681159420288,3.6228813559322033
保土ケ谷区,新桜ケ丘保育園,4歳,106.80851063829788,29.5,0.043478260869565216,0.4782608695652174,14.869565217391305,0.2358926919518964,3.6206274792643347
保土ケ谷区,向台保育園,5歳,106.66666666666667,29.5,0.0,0.7391304347826086,12.869565217391305,0.22463768115942026,3.615819209039548
磯子区,太陽の子　磯子保育園,5歳,106.66666666666667,29.5,0.0,1.391304347826087,13.565217391304348,0.3550724637681159,3.615819209039548
神奈川区,ナーサリー横浜ポートサイド,4歳,106.66666666666667,29.5,0.34782608695652173,1.0,16.91304347826087,0.322463768115942,3.615819209039548
港南区,野庭保育園,3歳,106.66666666666667,29.5,0.0,0.8695652173913043,12.043478260869565,0.2608695652173913,3.615819209039548
神奈川区,ゆうゆうきっず横浜,3歳,106.53073286052009,29.5,0.2608695652173913,0.5217391304347826,26.82608695652174,0.25199575153321685,3.6112112834074606
泉区,中田保育園,0歳,106.52213188798555,29.5,3.130434782608696,0.6521739130434783,5.6521739130434785,0.2621263893798358,3.6109197250164593
港北区,テンダーラビング保育園綱島東,3歳,106.5,29.5,0.0,0.782608695652174,9.695652173913043,0.23768115942028986,3.610169491525424
都筑区,エンジェルプラネット仲町台,1歳,99.16666666666667,27.5,0.36363636363636365,1.2727272727272727,6.636363636363637,0.3143939393939394,3.6060606060606064
旭区,ちゃいれっく　上白根保育室,0歳,106.375,29.5,2.0869565217391304,1.3478260869565217,4.6521739130434785,0.2956521739130435,3.6059322033898304
神奈川区,かながわ保育園,3歳,106.25,29.5,0.043478260869565216,0.5652173913043478,19.26086956521739,0.2391304347826087,3.6016949152542375
鶴見区,ＳＥＡ　ＫＩＤ保育園,3歳,106.25,29.5,0.043478260869565216,0.9130434782608695,21.217391304347824,0.31521739130434784,3.6016949152542375
青葉区,ベネッセ　市ヶ尾駅前保育園,4歳,106.25,29.5,0.4782608695652174,0.5217391304347826,10.391304347826088,0.22826086956521738,3.6016949152542375
港南区,小学館アカデミーかみながや保育園,5歳,106.25,29.5,0.0,0.4782608695652174,9.521739130434783,0.2391304347826087,3.6016949152542375
都筑区,パレット保育園・牛久保西,5歳,106.25,29.5,0.0,1.434782608695652,10.608695652173912,0.358695652173913,3.6016949152542375
青葉区,グローバルキッズあざみ野園,5歳,106.25,29.5,0.0,0.5652173913043478,10.434782608695652,0.2826086956521739,3.6016949152542375
港北区,グローバルキッズ日吉園,4歳,106.25,29.5,0.043478260869565216,0.782608695652174,10.91304347826087,0.2391304347826087,3.6016949152542375
青葉区,美しが丘どろんこ保育園,5歳,106.25,29.5,0.391304347826087,0.4782608695652174,11.521739130434783,0.2391304347826087,3.6016949152542375
保土ケ谷区,にじいろ保育園和田町,4歳,106.25,29.5,0.043478260869565216,0.5217391304347826,5.391304347826087,0.22826086956521738,3.6016949152542375
神奈川区,グローバルキッズ大口園,5歳,106.25,29.5,0.34782608695652173,1.434782608695652,11.565217391304348,0.358695652173913,3.6016949152542375
旭区,川井宿幼保連携型認定こども園,4歳,106.25,29.5,0.0,0.5652173913043478,18.391304347826086,0.2826086956521739,3.6016949152542375
神奈川区,横浜シュタイナー保育園,2歳,106.25,29.5,0.4782608695652174,0.4782608695652174,5.521739130434782,0.2391304347826087,3.6016949152542375
港南区,横浜市大久保保育園,4歳,106.25,29.5,0.0,1.0434782608695652,19.782608695652176,0.2826086956521739,3.6016949152542375
戸塚区,ちゃいれっく前田町保育園,5歳,106.25,29.5,0.043478260869565216,0.4782608695652174,5.478260869565218,0.2391304347826087,3.6016949152542375
泉区,くるみ保育園,3歳,106.25,29.5,0.08695652173913043,0.5652173913043478,27.391304347826086,0.2826086956521739,3.6016949152542375
港北区,大倉山保育園,5歳,106.25,29.5,0.0,0.4782608695652174,20.52173913043478,0.2391304347826087,3.6016949152542375
神奈川区,ポピンズナーサリースクール片倉町,5歳,106.25,29.5,0.043478260869565216,0.4782608695652174,10.521739130434783,0.2391304347826087,3.6016949152542375
都筑区,つくし保育園　センター南,4歳,106.25,29.5,0.0,0.4782608695652174,15.521739130434783,0.2391304347826087,3.6016949152542375
鶴見区,トライアングル　スマイル,4歳,106.25,29.5,0.043478260869565216,0.4782608695652174,7.086956521739131,0.2391304347826087,3.6016949152542375
旭区,認定こども園　上の原幼稚園,4歳,106.20454545454545,29.5,0.0,3.4782608695652173,7.3478260869565215,0.3373517786561265,3.600154083204931
青葉区,にじいろ保育園江田,5歳,106.16666666666667,29.5,0.043478260869565216,0.9565217391304348,9.043478260869565,0.3246376811594203,3.598870056497175
青葉区,ニチイキッズ美しが丘保育園,3歳,106.13095238095238,29.5,0.13043478260869565,2.0434782608695654,16.391304347826086,0.34886128364389235,3.5976594027441484
西区,にじいろ保育園平沼,4歳,106.07142857142857,29.5,0.0,1.0,11.0,0.3198757763975155,3.595641646489104
保土ケ谷区,川島保育園,3歳,39.53900709219858,11.0,0.09090909090909091,0.6363636363636364,14.545454545454545,0.28110896196002577,3.594455190199871
神奈川区,白百合乳児保育園,2歳,106.0,29.5,0.0,0.782608695652174,17.82608695652174,0.23478260869565218,3.593220338983051
鶴見区,わおわお東寺尾保育園,3歳,105.9630041282947,29.5,1.391304347826087,0.6956521739130435,13.304347826086957,0.24079417896640756,3.5919662416371083
鶴見区,みんなのいえ東寺尾,1歳,66.4186507936508,18.5,2.0833333333333335,1.8333333333333333,8.25,0.2897927689594356,3.5901973401973404
旭区,横浜市ひかりが丘保育園,3歳,105.83333333333334,29.5,0.043478260869565216,0.6086956521739131,18.73913043478261,0.23188405797101447,3.587570621468927
青葉区,オルタスそらいろ,5歳,105.83333333333334,29.5,0.08695652173913043,1.0,12.0,0.34057971014492755,3.587570621468927
磯子区,ピノキオ幼児舎 新杉田園,2歳,105.83333333333334,29.5,2.0434782608695654,0.7391304347826086,7.391304347826087,0.23188405797101447,3.587570621468927
鶴見区,ポピンズナーサリースクール鶴見,5歳,105.83333333333334,29.5,0.0,1.0,11.0,0.34057971014492755,3.587570621468927
港北区,くっくおさんぽ保育園,3歳,105.83333333333333,29.5,0.0,0.5217391304347826,10.08695652173913,0.2463768115942029,3.5875706214689265
鶴見区,鶴見中央ハート保育園,0歳,105.81741810199257,29.5,2.0869565217391304,1.9130434782608696,3.4782608695652173,0.3069188092546094,3.5870311221014433
保土ケ谷区,西谷保育園分園　きらり保育園,0歳,105.79166666666667,29.5,5.304347826086956,0.9565217391304348,5.043478260869565,0.26666666666666666,3.5861581920903958
鶴見区,わおわお保育園,5歳,105.75,29.5,0.0,1.5217391304347827,26.26086956521739,0.3630434782608695,3.5847457627118646
西区,横浜そらいろ保育園,4歳,105.70833333333333,29.5,0.0,0.8695652173913043,10.695652173913043,0.2543478260869565,3.583333333333333
青葉区,保育所まぁむあざみ野園,2歳,105.625,29.5,0.13043478260869565,0.8260869565217391,6.956521739130435,0.2427536231884058,3.580508474576271
青葉区,シャローム保育園,1歳,105.6120820668693,29.5,1.0434782608695652,0.9565217391304348,23.956521739130434,0.2304061495088322,3.5800705785379425
港北区,大倉山保育園,3歳,105.56737588652483,29.5,0.2608695652173913,0.5652173913043478,20.304347826086957,0.2551649707061363,3.5785551147974517
旭区,認定こども園やつはしキッズ　八ッ橋幼稚園,4歳,105.55851063829788,29.5,0.043478260869565216,1.0,14.173913043478262,0.3083564600678384,3.5782545979084026
都筑区,認定こども園やまゆりキッズ　横浜みずほ幼稚園,4歳,105.5223880597015,29.5,0.6521739130434783,0.6086956521739131,9.826086956521738,0.24334847501622323,3.5770301037186947
旭区,あゆみ保育園第二,5歳,105.51516942474389,29.5,0.5217391304347826,0.5652173913043478,16.565217391304348,0.26725939630657486,3.5767854042286062
青葉区,グローバルキッズ美しが丘保育園,3歳,105.41666666666667,29.5,0.0,0.5652173913043478,11.26086956521739,0.26811594202898553,3.573446327683616
中区,横浜市錦保育園,4歳,105.41666666666667,29.5,0.0,1.0869565217391304,13.478260869565217,0.32789855072463764,3.573446327683616
神奈川区,エンゼル保育園,3歳,105.41666666666667,29.5,0.0,0.9565217391304348,6.956521739130435,0.3333333333333333,3.573446327683616
鶴見区,幸いづみ保育園,1歳,105.41666666666667,29.5,0.2608695652173913,0.8260869565217391,3.0869565217391304,0.2826086956521739,3.573446327683616
戸塚区,小雀みどり保育園,4歳,105.41666666666667,29.5,0.08695652173913043,0.5652173913043478,10.73913043478261,0.26811594202898553,3.573446327683616
都筑区,ピノキオ幼児舎センター南園,0歳,105.22085610200364,29.5,1.7826086956521738,0.9130434782608695,4.826086956521739,0.23301919167920596,3.566808681423852
港北区,グローバルキッズ大倉山園,4歳,105.08928571428571,29.5,0.043478260869565216,2.4782608695652173,10.478260869565217,0.3470496894409938,3.5623486682808716
保土ケ谷区,川島保育園,4歳,39.16666666666667,11.0,0.18181818181818182,0.8181818181818182,13.909090909090908,0.28787878787878785,3.560606060606061
港北区,綱島こども園,5歳,39.166666666666664,11.0,0.0,0.6363636363636364,13.454545454545455,0.28787878787878785,3.5606060606060606
港北区,スターチャイルド《日吉本町ナーサリー》,4歳,105.03036977706581,29.5,0.17391304347826086,3.5652173913043477,5.6521739130434785,0.34031562512696395,3.560351517866638
青葉区,アスク藤が丘保育園,5歳,105.0,29.5,0.0,0.5217391304347826,7.478260869565218,0.2463768115942029,3.559322033898305
港北区,ベネッセ　綱島台保育園,3歳,105.0,29.5,0.0,0.7391304347826086,11.0,0.25362318840579706,3.559322033898305
中区,キッズパートナー横浜市役所,2歳,105.0,29.5,1.391304347826087,0.5217391304347826,7.130434782608695,0.2463768115942029,3.559322033898305
神奈川区,第二白百合乳児保育園,1歳,105.0,29.5,0.08695652173913043,0.6956521739130435,11.695652173913043,0.24637681159420288,3.559322033898305
旭区,マミー保育園二俣川,2歳,105.0,29.5,0.043478260869565216,0.6086956521739131,6.3478260869565215,0.24637681159420288,3.559322033898305
鶴見区,鶴見すずらん保育園,5歳,105.0,29.5,0.0,0.5652173913043478,23.434782608695652,0.2391304347826087,3.559322033898305
緑区,たけやまの森保育園,3歳,105.0,29.5,0.0,0.782608695652174,12.695652173913043,0.2572463768115942,3.559322033898305
青葉区,小学館アカデミーたまプラーザ保育園,2歳,105.0,29.5,0.4782608695652174,0.6956521739130435,14.130434782608695,0.24637681159420288,3.559322033898305
港北区,ベネッセ　新横浜保育園,4歳,105.0,29.5,0.08695652173913043,0.6086956521739131,11.130434782608695,0.30434782608695654,3.559322033898305
港南区,クオリスキッズ港南中央保育園,4歳,105.0,29.5,0.043478260869565216,0.5652173913043478,17.347826086956523,0.2826086956521739,3.559322033898305
港北区,にじいろ保育園綱島東,3歳,105.0,29.5,0.0,0.6956521739130435,12.869565217391305,0.30434782608695654,3.559322033898305
青葉区,しらとり台保育園つつじが丘,5歳,105.0,29.5,0.0,0.4782608695652174,10.217391304347826,0.2391304347826087,3.559322033898305
磯子区,グローバルキッズ磯子保育園,0歳,104.89814814814815,29.5,2.869565217391304,1.1304347826086956,4.0,0.3088566827697262,3.555869428750785
港南区,横浜こども保育園,5歳,80.0,22.5,0.0,1.375,12.25,0.3125,3.5555555555555554
青葉区,グローバルキッズあざみ野園,4歳,104.86111111111111,29.5,0.5217391304347826,0.7391304347826086,10.173913043478262,0.23429951690821257,3.554613935969868
青葉区,あゆみ保育園 藤が丘,5歳,65.75,18.5,0.0,0.9166666666666666,6.083333333333333,0.27499999999999997,3.554054054054054
中区,ことぶき保育園,0歳,104.83333333333333,29.5,2.0869565217391304,1.1304347826086956,3.869565217391304,0.23768115942028986,3.553672316384181
緑区,もみの木保育園,3歳,104.81694251514703,29.5,0.21739130434782608,0.8260869565217391,12.08695652173913,0.2474380144049447,3.553116695428713
中区,ヨコハマきぼう保育園,3歳,104.59219858156028,29.5,0.2608695652173913,0.6956521739130435,16.782608695652176,0.2946345975948196,3.5454982570020435
鶴見区,駒岡げんきっず保育園,2歳,104.58333333333334,29.5,0.0,0.8695652173913043,8.08695652173913,0.3333333333333333,3.545197740112995
青葉区,たまプラーザぽんた保育園,0歳,104.58333333333333,29.5,0.6521739130434783,0.782608695652174,1.2173913043478262,0.286231884057971,3.5451977401129944
旭区,保育園スマイルキッズ二俣川駅前,2歳,104.53900709219859,29.5,0.13043478260869565,0.6521739130434783,6.434782608695652,0.30835646006783846,3.543695155667749
保土ケ谷区,西谷保育園,0歳,104.5208342090637,29.5,8.304347826086957,1.3478260869565217,10.173913043478262,0.2654589321213699,3.543079125730973
都筑区,すくすく保育園,2歳,104.5,29.5,0.13043478260869565,1.0869565217391304,11.26086956521739,0.2565217391304348,3.542372881355932
鶴見区,保育園スカイ・ウイング,2歳,104.41521705891347,29.5,0.6086956521739131,0.6521739130434783,21.47826086956522,0.2562137917668314,3.539498883352999
青葉区,荏田北幼保連携型認定こども園,3歳,104.38652482269504,29.5,0.08695652173913043,1.1304347826086956,18.26086956521739,0.33627813752698116,3.538526265176103
都筑区,横浜市中川西保育園,3歳,104.3420642728316,29.5,0.6956521739130435,1.2173913043478262,19.608695652173914,0.27313779165508245,3.537019127892597
青葉区,にじいろ保育園江田,2歳,104.2723880597015,29.5,0.5217391304347826,0.7391304347826086,8.826086956521738,0.25059485182781743,3.5346572223627626
都筑区,まなびの森　中川こども園,1歳,65.375,18.5,0.25,1.3333333333333333,15.166666666666666,0.27638888888888885,3.5337837837837838
金沢区,アイン能見台駅前保育園,0歳,104.20833333333333,29.5,2.652173913043478,1.1304347826086956,4.869565217391305,0.2811594202898551,3.5324858757062145
港北区,大豆戸どろんこ保育園,3歳,104.17288557213931,29.5,0.4782608695652174,0.9130434782608695,16.782608695652176,0.3224096906770495,3.5312842566826883
西区,ほっぺるランド横浜岡野,5歳,104.16666666666667,29.5,0.0,1.0434782608695652,11.956521739130435,0.34782608695652173,3.531073446327684
鶴見区,市場ポケット保育園,5歳,104.16666666666667,29.5,0.0,0.5652173913043478,11.304347826086957,0.26811594202898553,3.531073446327684
鶴見区,Ｊキッズプラネット鶴見保育園,4歳,104.16666666666667,29.5,0.043478260869565216,0.8260869565217391,15.08695652173913,0.3115942028985507,3.531073446327684
港北区,おおつな森の保育園,5歳,104.16666666666667,29.5,0.0,1.0434782608695652,4.956521739130435,0.34782608695652173,3.531073446327684
南区,アスクバイリンガル保育園 吉野町,2歳,7.0588235294117645,2.0,4.0,1.0,7.0,0.29411764705882354,3.5294117647058822
鶴見区,鶴見ぬくもり保育園,1歳,104.02777777777779,29.5,0.391304347826087,0.8260869565217391,4.869565217391305,0.3293075684380032,3.526365348399247
港北区,おおつな保育園,0歳,103.9563492063492,29.5,4.739130434782608,1.7826086956521738,16.217391304347824,0.29970669427191166,3.5239440408931935
都筑区,認定こども園やまゆりキッズ　横浜みずほ幼稚園,5歳,103.92857142857143,29.5,0.0,1.608695652173913,8.173913043478262,0.2453416149068323,3.523002421307506
青葉区,グローバルキッズたまプラーザ保育園,2歳,103.8918439716312,29.5,0.2608695652173913,0.8260869565217391,9.956521739130435,0.31560283687943264,3.5217574227671595
旭区,サクラフェリーチェ保育園　二俣川,2歳,103.88992537313433,29.5,0.043478260869565216,0.8260869565217391,8.695652173913043,0.3049426779147739,3.5216923855299775
鶴見区,保育園スカイ・ウイング,1歳,103.84792578676185,29.5,1.391304347826087,0.8695652173913043,18.347826086956523,0.2989454079440875,3.5202686707376896
神奈川区,いずみ松本町保育園,3歳,103.83011067593475,29.5,0.7391304347826086,0.6521739130434783,29.304347826086957,0.27702785282141046,3.5196647686757543
青葉区,たまプラーザベビーリー乳幼児室,0歳,103.82343601143221,29.5,0.782608695652174,0.782608695652174,2.260869565217391,0.26547305102609065,3.5194385088621085
泉区,なかよしこども園,3歳,103.7642149669846,29.5,0.391304347826087,0.8260869565217391,9.347826086956522,0.26803353642327776,3.5174310158299864
西区,京急キッズランド新高島保育園,3歳,103.75,29.5,0.0,0.6086956521739131,11.391304347826088,0.30434782608695654,3.516949152542373
港北区,ヒューマンアカデミー大倉山保育園,5歳,103.75,29.5,0.43478260869565216,0.5652173913043478,17.434782608695652,0.25362318840579706,3.516949152542373
都筑区,保育ルームキューティーユー,2歳,103.75,29.5,0.17391304347826086,0.5652173913043478,7.3478260869565215,0.25362318840579706,3.516949152542373
戸塚区,舞岡保育園,4歳,103.75,29.5,0.0,0.5652173913043478,15.391304347826088,0.2826086956521739,3.516949152542373
青葉区,つどいの森もみの木こども園,5歳,103.75,29.5,0.0,0.6521739130434783,14.304347826086957,0.32608695652173914,3.516949152542373
港北区,ペガサス夜間保育園,1歳,103.75,29.5,0.17391304347826086,0.6521739130434783,2.260869565217391,0.25362318840579706,3.516949152542373
旭区,わかばの森保育園,2歳,103.75,29.5,0.13043478260869565,0.9565217391304348,7.6521739130434785,0.3297101449275362,3.516949152542373
神奈川区,メリー★ポピンズ東神奈川ルーム,5歳,103.75,29.5,0.0,0.5652173913043478,6.434782608695652,0.25362318840579706,3.516949152542373
西区,アミー保育園高島園,4歳,103.75,29.5,0.0,0.7391304347826086,6.608695652173913,0.25362318840579706,3.516949152542373
神奈川区,いずみ反町公園保育園,3歳,103.75,29.5,0.043478260869565216,1.3478260869565217,8.521739130434783,0.35144927536231885,3.516949152542373
旭区,マヤ保育園,4歳,103.75,29.5,0.0,1.173913043478261,20.47826086956522,0.3297101449275362,3.516949152542373
鶴見区,ミアヘルサ保育園ひびき矢向,0歳,103.7202380952381,29.5,1.2173913043478262,1.0434782608695652,4.434782608695652,0.2908902691511387,3.515940274414851
戸塚区,まなびの森　ヴィラ東戸塚こども園,5歳,65.0,18.5,0.0,0.5833333333333334,12.416666666666666,0.2916666666666667,3.5135135135135136
港北区,くっくおさんぽ保育園大倉山,1歳,103.56299212598425,29.5,0.4782608695652174,1.2173913043478262,5.391304347826087,0.29945224238274565,3.5106099025757374
緑区,横浜市長津田保育園,5歳,103.51190476190476,29.5,0.0,1.391304347826087,19.043478260869566,0.2665631469979296,3.508878127522195
青葉区,ピッピみんなの保育園,5歳,103.5,29.5,0.0,1.9130434782608696,6.739130434782608,0.3826086956521739,3.5084745762711864
鶴見区,ＳＥＡ　ＫＩＤ保育園,5歳,103.5,29.5,0.2608695652173913,1.0434782608695652,20.52173913043478,0.3130434782608696,3.5084745762711864
中区,木下の保育園　山下町,1歳,103.43905472636817,29.5,0.30434782608695654,0.8260869565217391,7.130434782608695,0.2940731126973826,3.5064086347921415
戸塚区,芙蓉保育園,0歳,103.40686864633494,29.5,3.217391304347826,1.6956521739130435,8.304347826086957,0.25198916726762355,3.505317581231693
都筑区,つづきルーテル保育園,3歳,103.40425531914894,29.5,0.6086956521739131,0.6086956521739131,19.565217391304348,0.2494603761948813,3.505228993869456
神奈川区,こまつな保育園,1歳,103.33333333333333,29.5,0.043478260869565216,0.5652173913043478,2.9565217391304346,0.26811594202898553,3.502824858757062
青葉区,青葉保育園,5歳,103.33333333333333,29.5,0.0,0.5217391304347826,19.434782608695652,0.2463768115942029,3.502824858757062
旭区,横浜小谷かなりや保育園,3歳,103.33333333333333,29.5,0.13043478260869565,0.7391304347826086,11.91304347826087,0.24637681159420288,3.502824858757062
港北区,ポピンズナーサリースクール小机,4歳,103.24468085106383,29.5,0.08695652173913043,0.7391304347826086,7.0,0.2503854455750848,3.4998196898665705
磯子区,横浜おひさま保育園,0歳,103.22948328267478,29.5,4.782608695652174,1.5217391304347827,4.478260869565218,0.2773005594467204,3.499304518056772
旭区,のぞみ保育園,0歳,103.16666666666667,29.5,3.9565217391304346,1.2608695652173914,3.6956521739130435,0.3130434782608696,3.497175141242938
港北区,明日葉保育園大倉山園,2歳,103.0223880597015,29.5,0.21739130434782608,0.7391304347826086,10.0,0.25059485182781743,3.4922843410068305
神奈川区,きゃんばす東神奈川保育園,2歳,103.0,29.5,0.043478260869565216,0.9565217391304348,9.304347826086957,0.32173913043478264,3.4915254237288136
瀬谷区,認定こども園二ツ橋あいりん幼稚園,2歳,103.0,29.5,0.0,0.8695652173913043,4.782608695652174,0.2579710144927536,3.4915254237288136
緑区,ピノキオ保育園十日市場園,1歳,102.94376899696049,29.5,1.7826086956521738,1.4782608695652173,7.260869565217392,0.25902933791462934,3.489619288032559
旭区,西川島保育園,4歳,102.91666666666667,29.5,0.13043478260869565,1.173913043478261,18.52173913043478,0.3333333333333333,3.4887005649717517
神奈川区,ＹＭＣＡ東かながわ保育園,0歳,102.91666666666667,29.5,2.347826086956522,1.2608695652173914,7.739130434782608,0.2826086956521739,3.4887005649717517
港南区,認定こども園　日野幼稚園,3歳,102.91666666666667,29.5,0.21739130434782608,1.0,1.391304347826087,0.3550724637681159,3.4887005649717517
鶴見区,ベネッセ　矢向保育園,3歳,102.91666666666667,29.5,0.0,1.2173913043478262,9.652173913043478,0.3550724637681159,3.4887005649717517
青葉区,グローバルキッズ美しが丘保育園,4歳,102.91666666666667,29.5,0.0,0.6086956521739131,10.434782608695652,0.25724637681159424,3.4887005649717517
港南区,クオリスキッズ上大岡駅前保育園,2歳,102.86837091140045,29.5,1.9565217391304348,0.782608695652174,13.217391304347826,0.2587340816730409,3.487063420725439
中区,横浜市錦保育園,5歳,102.83333333333333,29.5,0.0,1.4782608695652173,15.304347826086957,0.377536231884058,3.485875706214689
港北区,アスクゆめみらい保育園,3歳,38.333333333333336,11.0,0.36363636363636365,0.9090909090909091,18.09090909090909,0.303030303030303,3.484848484848485
鶴見区,駒岡こども園,5歳,38.333333333333336,11.0,0.0,0.7272727272727273,4.454545454545454,0.303030303030303,3.484848484848485
都筑区,エンジェルプラネット仲町台,0歳,95.83333333333333,27.5,1.8181818181818181,0.9090909090909091,1.7727272727272727,0.3068181818181818,3.484848484848485
青葉区,小桜愛児園,4歳,102.51199360341151,29.5,0.043478260869565216,2.652173913043478,31.82608695652174,0.36524288495411145,3.4749828340139497
南区,大岡おひさま保育園,5歳,102.5,29.5,0.0,0.6086956521739131,8.434782608695652,0.2608695652173913,3.4745762711864407
神奈川区,あおぞら第２保育園,0歳,102.5,29.5,2.5217391304347827,1.2608695652173914,4.739130434782608,0.2608695652173913,3.4745762711864407
港北区,Ｌｕｃｅ陽だまりの家保育園綱島,0歳,102.5,29.5,0.6086956521739131,0.782608695652174,2.217391304347826,0.28985507246376807,3.4745762711864407
緑区,スターチャイルド≪長津田駅前ナーサリー≫,3歳,102.5,29.5,0.043478260869565216,0.7391304347826086,11.91304347826087,0.3115942028985507,3.4745762711864407
神奈川区,東神奈川ひかり保育園,0歳,102.5,29.5,0.5217391304347826,0.6956521739130435,3.0,0.2717391304347826,3.4745762711864407
緑区,スターチャイルド≪鴨居ナーサリー≫,4歳,102.5,29.5,0.21739130434782608,0.782608695652174,12.043478260869565,0.2608695652173913,3.4745762711864407
鶴見区,わくわくの森保育園,5歳,102.5,29.5,0.0,0.6086956521739131,12.391304347826088,0.2608695652173913,3.4745762711864407
鶴見区,Ｐ’ｓスマイル保育園,3歳,102.5,29.5,0.08695652173913043,0.782608695652174,11.08695652173913,0.3188405797101449,3.4745762711864407
西区,横浜そらいろ保育園,5歳,102.5,29.5,0.0,1.173913043478261,10.826086956521738,0.3550724637681159,3.4745762711864407
保土ケ谷区,岩間保育園,4歳,102.5,29.5,0.0,1.434782608695652,11.391304347826088,0.358695652173913,3.4745762711864407
瀬谷区,阿久和保育園,5歳,102.5,29.5,0.0,0.782608695652174,14.565217391304348,0.2608695652173913,3.4745762711864407
青葉区,青葉保育園,4歳,102.5,29.5,0.0,1.0434782608695652,18.08695652173913,0.34782608695652173,3.4745762711864407
戸塚区,こんにちは・ありがとうえん,4歳,102.5,29.5,0.0,0.6521739130434783,12.043478260869565,0.32608695652173914,3.4745762711864407
磯子区,森幼児園,3歳,102.5,29.5,0.21739130434782608,0.9130434782608695,12.826086956521738,0.32608695652173914,3.4745762711864407
港北区,おおつな森の保育園,4歳,102.5,29.5,0.0,0.7391304347826086,5.0,0.25362318840579706,3.4745762711864407
西区,にじいろ保育園平沼,3歳,102.5,29.5,0.0,2.0,11.73913043478261,0.35652173913043483,3.4745762711864407
港北区,聖保育園,0歳,102.375,29.5,4.086956521739131,1.2608695652173914,7.739130434782608,0.30724637681159417,3.4703389830508473
鶴見区,ナーサリーつるみ,1歳,102.35050741608119,29.5,0.8695652173913043,1.9565217391304348,10.08695652173913,0.3854766995893154,3.4695087259688537
青葉区,横浜市荏田保育園,5歳,102.33333333333333,29.5,0.13043478260869565,2.217391304347826,21.782608695652176,0.3927536231884058,3.468926553672316
神奈川区,白幡保育園,5歳,102.33333333333333,29.5,0.0,2.217391304347826,15.782608695652174,0.3927536231884058,3.468926553672316
都筑区,キャリー保育園なかまちだい,0歳,102.29166666666667,29.5,1.3478260869565217,0.9130434782608695,1.9130434782608696,0.30072463768115937,3.4675141242937855
青葉区,青葉保育園,3歳,102.25,29.5,0.5217391304347826,2.0434782608695654,17.652173913043477,0.3554347826086957,3.4661016949152543
金沢区,わかくさ保育園,0歳,102.17755991285404,29.5,2.652173913043478,1.3478260869565217,3.9565217391304346,0.2820308799848442,3.463646098740815
保土ケ谷区,えぶち保育園（分園含む）,0歳,102.1236559139785,29.5,5.260869565217392,1.1304347826086956,7.956521739130435,0.30049088359046283,3.461818844541644
保土ケ谷区,西谷保育園,5歳,102.08333333333334,29.5,0.0,1.0869565217391304,35.95652173913044,0.3695652173913043,3.46045197740113
西区,横浜市南浅間保育園,2歳,102.08333333333333,29.5,0.6521739130434783,0.5652173913043478,16.434782608695652,0.25362318840579706,3.4604519774011298
港南区,笹下南つくしんぼ保育園,4歳,102.08333333333333,29.5,0.0,0.9565217391304348,19.217391304347824,0.26811594202898553,3.4604519774011298
青葉区,エンゼルベアあざみ野保育園,4歳,102.06811686249603,29.5,0.5652173913043478,0.6086956521739131,9.26086956521739,0.27711350739365154,3.4599361648303737
泉区,白梅いずみ保育園,4歳,102.0,29.5,0.0,0.6086956521739131,12.782608695652174,0.25217391304347825,3.457627118644068
神奈川区,西寺尾チューリップルーム,0歳,101.875,29.5,0.30434782608695654,1.1304347826086956,1.2608695652173914,0.33695652173913043,3.4533898305084745
都筑区,木下の保育園　センター南,4歳,101.875,29.5,0.0,0.9130434782608695,12.695652173913043,0.2608695652173913,3.4533898305084745
磯子区,岡村幼児園,2歳,101.87234042553192,29.5,0.21739130434782608,1.0,18.52173913043478,0.2706753006475486,3.4532996754417598
港北区,グローバルキッズ菊名園,3歳,101.863184079602,29.5,0.21739130434782608,1.608695652173913,14.869565217391305,0.3491455764654986,3.452989290833966
都筑区,横浜市大熊保育園,5歳,101.7723880597015,29.5,0.043478260869565216,0.7391304347826086,23.217391304347824,0.31943543153796233,3.4499114596508984
港北区,スターチス日吉保育園,2歳,101.75,29.5,0.0,1.5217391304347827,6.391304347826087,0.3630434782608695,3.4491525423728815
鶴見区,横浜矢向雲母保育園,3歳,101.75,29.5,0.0,1.6521739130434783,8.956521739130435,0.3760869565217391,3.4491525423728815
泉区,横浜文化保育園,4歳,101.70676455582043,29.5,0.9130434782608695,1.7391304347826086,25.869565217391305,0.35955470434552295,3.4476869340956076
港北区,港北こども園,0歳,101.66666666666667,29.5,1.6956521739130435,0.9130434782608695,2.0869565217391304,0.3115942028985507,3.446327683615819
中区,徳育ナーサリー山下公園,0歳,101.66666666666667,29.5,1.2608695652173914,0.9565217391304348,2.0434782608695654,0.3079710144927536,3.446327683615819
瀬谷区,下瀬谷保育園,5歳,101.66666666666667,29.5,0.0,0.6086956521739131,14.391304347826088,0.2898550724637681,3.446327683615819
港北区,アスク日吉本町第二保育園,5歳,101.66666666666667,29.5,0.0,1.434782608695652,10.565217391304348,0.3768115942028985,3.446327683615819
青葉区,しらとり台保育園さつきが丘,0歳,101.54793566362716,29.5,5.608695652173913,1.4782608695652173,10.304347826086957,0.3046815118276728,3.442302903851768
保土ケ谷区,アミー保育園　三ツ沢園,3歳,101.48275862068965,29.5,0.2608695652173913,1.6521739130434783,12.478260869565217,0.3851574212893553,3.440093512565751
西区,Maple Nursery 横浜,4歳,101.42857142857143,29.5,0.0,2.4782608695652173,8.521739130434783,0.4006211180124224,3.4382566585956416
神奈川区,スターチャイルド≪片倉町ナーサリー≫,3歳,101.41836734693878,29.5,0.043478260869565216,2.130434782608696,10.91304347826087,0.37897071872227156,3.4379107575233485
神奈川区,三ツ沢保育園,1歳,101.41666666666667,29.5,0.5217391304347826,0.9565217391304348,3.0434782608695654,0.3355072463768116,3.437853107344633
戸塚区,キッズパートナー東戸塚,4歳,101.41666666666667,29.5,0.043478260869565216,1.6956521739130435,10.73913043478261,0.3898550724637681,3.437853107344633
中区,アスク山下町保育園,0歳,94.5,27.5,2.227272727272727,1.1818181818181819,4.590909090909091,0.32651515151515154,3.4363636363636365
鶴見区,市場保育園,0歳,101.33333333333333,29.5,2.782608695652174,1.1304347826086956,4.782608695652174,0.3050724637681159,3.4350282485875705
磯子区,スターチャイルド≪洋光台六丁目ナーサリー≫,3歳,63.52517642571047,18.5,1.6666666666666667,1.9166666666666667,8.75,0.3080535952698837,3.433793320308674
戸塚区,銀杏保育園　胡桃館,5歳,101.25,29.5,0.0,0.5652173913043478,9.347826086956522,0.2826086956521739,3.4322033898305087
金沢区,アイン金沢文庫保育園,5歳,101.25,29.5,0.0,1.3043478260869565,14.695652173913043,0.3695652173913043,3.4322033898305087
港北区,キッズフォレ綱島,5歳,101.25,29.5,0.0,0.5217391304347826,4.173913043478261,0.2608695652173913,3.4322033898305087
西区,横浜みなとみらい保育園,4歳,101.25,29.5,0.0,0.5652173913043478,22.47826086956522,0.2826086956521739,3.4322033898305087
戸塚区,ことは保育園,3歳,101.25,29.5,0.043478260869565216,0.5652173913043478,22.26086956521739,0.2826086956521739,3.4322033898305087
青葉区,小学館アカデミーたまプラーザ保育園,3歳,101.25,29.5,0.0,1.5217391304347827,13.130434782608695,0.3565217391304348,3.4322033898305087
中区,打越保育園,2歳,101.25,29.5,0.13043478260869565,0.6956521739130435,12.304347826086957,0.2753623188405797,3.4322033898305087
保土ケ谷区,アミー保育園　三ツ沢園,4歳,101.25,29.5,0.0,1.5217391304347827,12.521739130434783,0.38768115942028986,3.4322033898305087
緑区,もみの木保育園,5歳,101.25,29.5,0.0,0.5652173913043478,12.347826086956522,0.2826086956521739,3.4322033898305087
泉区,苗場保育園,4歳,101.25,29.5,0.0,0.5217391304347826,13.652173913043478,0.2608695652173913,3.4322033898305087
旭区,横浜小谷かなりや保育園,5歳,101.25,29.5,0.0,0.5217391304347826,12.0,0.2608695652173913,3.4322033898305087
神奈川区,キッズパートナー新子安,2歳,101.25,29.5,0.0,0.5217391304347826,7.478260869565218,0.2608695652173913,3.4322033898305087
鶴見区,豊岡ひまわり保育園,5歳,101.25,29.5,0.043478260869565216,0.6521739130434783,11.347826086956522,0.2681159420289855,3.4322033898305087
旭区,横浜市今宿保育園,3歳,101.25,29.5,0.043478260869565216,0.782608695652174,14.217391304347826,0.286231884057971,3.4322033898305087
金沢区,横浜市金沢さくら保育園,5歳,101.25,29.5,0.0,0.7391304347826086,24.304347826086957,0.32608695652173914,3.4322033898305087
港北区,Gakkenほいくえん綱島,5歳,101.25,29.5,0.0,0.5217391304347826,11.478260869565217,0.2608695652173913,3.4322033898305087
保土ケ谷区,ゆめの樹保育園ほどがや,0歳,101.23072139303483,29.5,1.0434782608695652,1.0,6.0,0.28392818516115076,3.431549877729994
鶴見区,北寺尾第二むつみ保育園,3歳,101.21943017852776,29.5,0.391304347826087,0.8260869565217391,12.434782608695652,0.2803704530713367,3.431167124695856
金沢区,かぜのね保育園,3歳,27.411347517730498,8.0,0.25,0.75,18.625,0.3147163120567376,3.426418439716312
鶴見区,鶴見すずらん保育園,0歳,100.86904761904762,29.5,4.3478260869565215,1.826086956521739,10.173913043478262,0.31535541752933055,3.4192897497982244
西区,にじいろ保育園みなとみらい,0歳,100.83333333333334,29.5,2.260869565217391,0.782608695652174,5.521739130434782,0.286231884057971,3.418079096045198
港北区,グローバルキッズ日吉五丁目園,3歳,100.83333333333334,29.5,0.0,0.782608695652174,12.956521739130435,0.2608695652173913,3.418079096045198
青葉区,横浜ナザレ保育園,3歳,100.83333333333334,29.5,0.34782608695652173,0.6521739130434783,12.130434782608695,0.2681159420289855,3.418079096045198
都筑区,ポピンズナーサリースクールセンター南,5歳,100.83333333333333,29.5,0.0,1.3478260869565217,7.6521739130434785,0.3731884057971015,3.4180790960451977
鶴見区,ゆめいろ保育園,3歳,100.75,29.5,0.043478260869565216,0.8260869565217391,24.043478260869566,0.27391304347826084,3.4152542372881354
旭区,わかばの森保育園,5歳,100.74468085106383,29.5,0.043478260869565216,0.5652173913043478,7.217391304347826,0.2648781991982732,3.4150739271547064
神奈川区,グローバルキッズ新子安保育園,3歳,100.6895046046364,29.5,0.30434782608695654,0.782608695652174,10.173913043478262,0.2775323198991168,3.413203545919878
青葉区,木下の保育園　たまプラーザ,4歳,100.625,29.5,0.0,1.434782608695652,10.434782608695652,0.358695652173913,3.4110169491525424
港北区,横浜市菊名保育園,2歳,100.625,29.5,3.1739130434782608,0.8260869565217391,16.91304347826087,0.2608695652173913,3.4110169491525424
旭区,保育室　ひかり,0歳,100.625,29.5,0.782608695652174,1.0434782608695652,1.7826086956521738,0.3188405797101449,3.4110169491525424
緑区,鴨居こども園,5歳,37.5,11.0,0.0,0.6363636363636364,19.09090909090909,0.3181818181818182,3.409090909090909
緑区,大澤保育室,2歳,37.5,11.0,0.0,0.6363636363636364,2.0,0.3181818181818182,3.409090909090909
金沢区,京急キッズランド金沢文庫保育園,0歳,100.5112433862434,29.5,3.9565217391304346,1.6956521739130435,2.608695652173913,0.3019208649643432,3.4071607927540133
鶴見区,東寺尾どろんこ保育園,3歳,100.5088917116545,29.5,2.608695652173913,0.9130434782608695,28.73913043478261,0.27241222196142323,3.407081074971339
港南区,横浜市野庭第二保育園,4歳,100.5,29.5,0.0,1.5217391304347827,23.347826086956523,0.3304347826086957,3.406779661016949
西区,桃の木保育園,5歳,100.41666666666667,29.5,0.0,1.0869565217391304,10.91304347826087,0.3695652173913043,3.403954802259887
西区,ポピンズナーサリースクール平沼橋,5歳,100.41666666666667,29.5,0.0,1.391304347826087,9.608695652173912,0.3768115942028985,3.403954802259887
保土ケ谷区,明神台保育園,5歳,100.35714285714286,29.5,0.13043478260869565,2.869565217391304,21.91304347826087,0.40993788819875776,3.401937046004843
保土ケ谷区,横浜市天王町保育園,0歳,100.30851063829788,29.5,3.6956521739130435,1.173913043478261,5.782608695652174,0.32502312673450506,3.4002884962134874
港北区,リトルスカラー妙蓮寺保育園,2歳,100.29166666666667,29.5,0.043478260869565216,1.0869565217391304,7.6521739130434785,0.2833333333333333,3.399717514124294
鶴見区,ぶれすと尻手ほいくえん附属元宮,0歳,100.16666666666667,29.5,0.8260869565217391,1.2173913043478262,3.782608695652174,0.30579710144927535,3.3954802259887007
保土ケ谷区,ポポラー横浜和田町園,0歳,100.1026282853567,29.5,1.826086956521739,0.782608695652174,5.173913043478261,0.30737606791097566,3.3933094334019223
神奈川区,きゃんばす東神奈川保育園,4歳,100.0952380952381,29.5,0.0,2.0434782608695654,9.173913043478262,0.3832298136645963,3.3930589184826476
西区,むつみ愛児園,4歳,100.08928571428572,29.5,0.0,1.6521739130434783,9.08695652173913,0.2857142857142857,3.3928571428571432
港北区,さくらんぼ保育園,4歳,100.0,29.5,0.13043478260869565,0.8260869565217391,5.173913043478261,0.2644927536231884,3.389830508474576
中区,ヨコハマきぼう保育園,5歳,100.0,29.5,0.0,0.782608695652174,16.91304347826087,0.31521739130434784,3.389830508474576
港北区,キッズパートナー綱島,2歳,100.0,29.5,0.0,0.6521739130434783,8.826086956521738,0.2826086956521739,3.389830508474576
鶴見区,太陽の子　尻手保育園,2歳,100.0,29.5,0.2608695652173913,0.6956521739130435,14.304347826086957,0.2753623188405797,3.389830508474576
鶴見区,にじの風保育園,4歳,100.0,29.5,0.0,0.6956521739130435,15.217391304347826,0.33333333333333337,3.389830508474576
戸塚区,横浜市原宿保育園,3歳,100.0,29.5,0.21739130434782608,1.826086956521739,13.956521739130435,0.391304347826087,3.389830508474576
保土ケ谷区,えぶちにしや園（分園含む）,3歳,100.0,29.5,0.0,0.6521739130434783,18.391304347826086,0.3115942028985507,3.389830508474576
都筑区,なかまちっこ　じゃんぷ園,3歳,100.0,29.5,0.17391304347826086,0.6521739130434783,13.347826086956522,0.29347826086956524,3.389830508474576
戸塚区,ハートの森保育園,0歳,99.93154761904762,29.5,3.4347826086956523,1.608695652173913,7.391304347826087,0.3140269151138716,3.3875100887812755
旭区,中尾保育園,4歳,99.89252336448598,29.5,0.043478260869565216,1.391304347826087,19.73913043478261,0.2759853718000813,3.38618723269444
港北区,小学館アカデミーひよし保育園,3歳,99.875,29.5,0.34782608695652173,1.3478260869565217,10.043478260869565,0.27608695652173915,3.385593220338983
金沢区,フレンド金沢文庫保育園,0歳,99.79166666666667,29.5,3.217391304347826,0.9565217391304348,5.043478260869565,0.28985507246376807,3.382768361581921
中区,横濱中華幼保園,3歳,99.72517730496455,29.5,0.30434782608695654,1.173913043478261,23.82608695652174,0.3735738513721862,3.3805144849140523
泉区,認定こども園　ＹＭＣＡいずみ,3歳,92.91666666666667,27.5,0.0,0.8636363636363636,20.454545454545453,0.3143939393939394,3.378787878787879
鶴見区,矢向あけぼの保育園,1歳,99.66666666666667,29.5,0.08695652173913043,1.2173913043478262,8.0,0.34347826086956523,3.378531073446328
戸塚区,キッズパートナー東戸塚第２,4歳,99.58333333333334,29.5,0.0,1.0869565217391304,11.91304347826087,0.3840579710144927,3.375706214689266
神奈川区,たいせつ横浜ポートサイド保育園,2歳,99.58333333333333,29.5,0.0,0.7391304347826086,7.260869565217392,0.34057971014492755,3.3757062146892656
港北区,大曽根コスモス保育園,0歳,99.58333333333333,29.5,1.6521739130434783,1.2173913043478262,2.782608695652174,0.26811594202898553,3.3757062146892656
西区,ムーミン保育園,5歳,99.58333333333333,29.5,0.0,1.5217391304347827,10.478260869565217,0.38768115942028986,3.3757062146892656
都筑区,アリス保育園,2歳,99.58333333333333,29.5,0.0,0.7391304347826086,18.043478260869566,0.3079710144927536,3.3757062146892656
緑区,認定こども園　横浜マドカ幼稚園,3歳,99.5,29.5,0.30434782608695654,0.8695652173913043,4.869565217391305,0.26666666666666666,3.3728813559322033
泉区,横浜文化保育園,0歳,99.41885947292303,29.5,4.304347826086956,1.7391304347826086,10.217391304347826,0.3001620915397998,3.3701308295906114
中区,保育園小紅,0歳,99.375,29.5,2.260869565217391,1.1304347826086956,4.826086956521739,0.2898550724637681,3.3686440677966103
金沢区,横浜市金沢さくら保育園,4歳,99.30851063829788,29.5,0.6086956521739131,0.782608695652174,23.17391304347826,0.2685013876040703,3.3663901911287417
緑区,みもざ保育園,0歳,99.29166666666667,29.5,1.826086956521739,1.1304347826086956,6.130434782608695,0.31014492753623185,3.365819209039548
鶴見区,ミアヘルサ保育園ひびき矢向,2歳,99.2723880597015,29.5,0.17391304347826086,0.7391304347826086,11.217391304347826,0.2795803590741942,3.365165696939034
保土ケ谷区,昴保育園,5歳,99.25,29.5,0.043478260869565216,1.826086956521739,22.217391304347824,0.3978260869565218,3.364406779661017
青葉区,しらとり台保育園,3歳,99.19062679700978,29.5,0.13043478260869565,0.8260869565217391,19.0,0.2738872082072822,3.362394128712196
戸塚区,戸塚愛児園,5歳,99.16666666666667,29.5,0.0,0.7391304347826086,33.73913043478261,0.2826086956521739,3.361581920903955
磯子区,森幼児園,4歳,99.16666666666667,29.5,0.0,0.6956521739130435,11.08695652173913,0.33333333333333337,3.361581920903955
金沢区,フレンド金沢文庫保育園,2歳,99.09226190476191,29.5,1.1304347826086956,2.0869565217391304,11.173913043478262,0.2806245686680469,3.3590597255851495
港北区,イルカ保育園,1歳,99.07142857142857,29.5,1.5217391304347827,1.4782608695652173,6.086956521739131,0.28074534161490683,3.3583535108958835
緑区,バオバブ霧が丘保育園,3歳,99.04761904761905,29.5,0.2608695652173913,1.565217391304348,16.608695652173914,0.3416149068322981,3.357546408393866
都筑区,横浜茅ケ崎保育園,5歳,98.85572139303483,29.5,0.043478260869565216,0.6521739130434783,26.869565217391305,0.2940731126973827,3.351041403153723
港北区,ペガサスベビー保育園,0歳,98.85032102728732,29.5,4.391304347826087,2.0434782608695654,7.913043478260869,0.3433625282062019,3.350858339908045
都筑区,つづきルーテル保育園,0歳,98.79935417157856,29.5,4.739130434782608,1.5217391304347827,14.217391304347826,0.31297280767656266,3.3491306498840188
神奈川区,太陽の子　新子安保育園,4歳,98.75,29.5,0.0,0.8260869565217391,5.086956521739131,0.2826086956521739,3.347457627118644
神奈川区,Yokohama Front Mutsumi Nursery,2歳,98.75,29.5,0.0,0.7391304347826086,7.217391304347826,0.32608695652173914,3.347457627118644
港北区,ベイキッズ星の森保育園,1歳,98.75,29.5,0.9130434782608695,1.0,2.739130434782609,0.2753623188405797,3.347457627118644
旭区,土と愛　子供の家保育所,3歳,98.75,29.5,0.043478260869565216,1.2608695652173914,13.304347826086957,0.3695652173913043,3.347457627118644
磯子区,グローバルキッズ磯子保育園,5歳,98.75,29.5,0.0,0.7391304347826086,13.217391304347826,0.2826086956521739,3.347457627118644
鶴見区,横浜市鶴見保育園,2歳,98.75,29.5,0.30434782608695654,0.8260869565217391,11.130434782608695,0.2753623188405797,3.347457627118644
神奈川区,グローバルキッズ新子安保育園,4歳,98.75,29.5,0.0,1.434782608695652,9.434782608695652,0.391304347826087,3.347457627118644
戸塚区,くすのき保育園,4歳,98.75,29.5,0.6086956521739131,0.7391304347826086,20.26086956521739,0.2826086956521739,3.347457627118644
鶴見区,市場ポケット保育園,4歳,98.75,29.5,0.043478260869565216,0.6956521739130435,11.0,0.33333333333333337,3.347457627118644
鶴見区,總持寺保育園,2歳,98.60780423280423,29.5,1.0434782608695652,1.7826086956521738,62.21739130434783,0.3510083582547351,3.3426374316204823
戸塚区,幼保連携型認定こども園　ＹＭＣＡ東とつか保育園,0歳,98.57603686635944,29.5,3.652173913043478,2.391304347826087,7.608695652173913,0.32792359580578373,3.341560571740998
西区,横浜市南浅間保育園,0歳,98.52083333333333,29.5,4.695652173913044,1.4782608695652173,8.521739130434783,0.29842995169082126,3.339689265536723
神奈川区,白百合乳児保育園,0歳,98.3918439716312,29.5,1.434782608695652,0.9565217391304348,4.3478260869565215,0.2750231267345051,3.335316744801058
旭区,保育室　ひかり,2歳,98.37431693989072,29.5,0.30434782608695654,1.2608695652173914,7.478260869565218,0.3838203848895224,3.3347226081318886
都筑区,ベイキッズ　あおぞら保育園,0歳,98.33333333333334,29.5,1.4782608695652173,0.8695652173913043,1.0869565217391304,0.3188405797101449,3.3333333333333335
磯子区,横浜ナーサリー,5歳,98.33333333333334,29.5,0.08695652173913043,0.6956521739130435,24.26086956521739,0.2753623188405797,3.3333333333333335
港北区,ちいさなたね保育園,4歳,98.33333333333333,29.5,0.0,0.6521739130434783,11.130434782608695,0.3115942028985507,3.333333333333333
港北区,綱島こども園,4歳,36.666666666666664,11.0,0.0,0.7272727272727273,10.545454545454545,0.3333333333333333,3.333333333333333
保土ケ谷区,プチアンジュ保育園,0歳,98.23809523809524,29.5,2.3043478260869565,1.6956521739130435,6.260869565217392,0.33436853002070394,3.3301049233252624
港北区,みらいく高田園,5歳,98.16666666666667,29.5,0.0,1.5217391304347827,10.478260869565217,0.3963768115942029,3.3276836158192094
港北区,マーマしのはら保育園,5歳,98.0223880597015,29.5,0.043478260869565216,0.6521739130434783,29.347826086956523,0.27595717066839714,3.3227928155831017
都筑区,木下の保育園　センター南,0歳,97.99404761904762,29.5,1.6956521739130435,1.6956521739130435,3.260869565217391,0.303416149068323,3.3218321226795804
港北区,スターチャイルド≪新吉田ナーサリー≫,3歳,97.97872340425532,29.5,0.4782608695652174,0.782608695652174,10.956521739130435,0.33641689793401175,3.321312657771367
緑区,みもざ保育園,1歳,97.94642857142857,29.5,1.0869565217391304,1.5217391304347827,18.47826086956522,0.3077984817115252,3.320217917675545
磯子区,キッズガーデン横浜磯子,5歳,97.91666666666667,29.5,0.0,0.6956521739130435,13.304347826086957,0.2753623188405797,3.319209039548023
港北区,小学館アカデミーつなしま保育園,3歳,97.91666666666667,29.5,0.17391304347826086,1.0,10.869565217391305,0.3659420289855072,3.319209039548023
磯子区,汐見台愛育園,4歳,97.87234042553192,29.5,0.043478260869565216,0.6956521739130435,12.695652173913043,0.3119796484736355,3.3177064551027766
旭区,ひまわり愛児園,5歳,97.72388059701493,29.5,0.43478260869565216,0.9565217391304348,20.043478260869566,0.2885572139303482,3.312673918542879
金沢区,西柴保育園,0歳,97.70833333333333,29.5,1.6956521739130435,1.2173913043478262,4.434782608695652,0.3188405797101449,3.312146892655367
保土ケ谷区,認定こども園峯岡幼稚園,5歳,97.67857142857143,29.5,0.0,0.7391304347826086,9.434782608695652,0.2763975155279503,3.3111380145278453
保土ケ谷区,横浜市岩井保育園,5歳,97.67857142857143,29.5,0.0,1.6956521739130435,20.26086956521739,0.39596273291925466,3.3111380145278453
金沢区,にじいろ保育園金沢文庫,0歳,97.58890872740841,29.5,4.6521739130434785,1.565217391304348,7.391304347826087,0.29208188428942106,3.3080986009290987
神奈川区,神ノ木保育園,5歳,97.54278751235626,29.5,0.08695652173913043,3.260869565217391,31.565217391304348,0.41267141293603254,3.3065351699103815
旭区,認定こども園やつはしキッズ　八ッ橋幼稚園,5歳,97.5,29.5,0.08695652173913043,0.7391304347826086,14.217391304347826,0.3695652173913043,3.305084745762712
緑区,小山保育園,4歳,97.5,29.5,0.08695652173913043,0.8695652173913043,18.304347826086957,0.3188405797101449,3.305084745762712
港北区,わかさと保育園,4歳,97.5,29.5,0.0,0.6956521739130435,11.043478260869565,0.34782608695652173,3.305084745762712
鶴見区,にじいろ保育園駒岡四丁目,2歳,97.5,29.5,0.17391304347826086,1.434782608695652,6.217391304347826,0.3949275362318841,3.305084745762712
旭区,キッズガーデン横浜鶴ヶ峰,5歳,97.5,29.5,0.17391304347826086,0.8695652173913043,9.826086956521738,0.30434782608695654,3.305084745762712
神奈川区,第二白百合乳児保育園,3歳,97.5,29.5,0.0,0.8695652173913043,11.043478260869565,0.28985507246376807,3.305084745762712
港北区,認定こども園岸根こども園（保育所部分）,5歳,97.5,29.5,0.0,0.6086956521739131,19.391304347826086,0.2898550724637681,3.305084745762712
港北区,明日葉保育園綱島園,4歳,97.5,29.5,0.043478260869565216,0.6956521739130435,11.043478260869565,0.34782608695652173,3.305084745762712
鶴見区,横浜市芦穂崎保育園,5歳,97.5,29.5,0.0,0.8260869565217391,22.608695652173914,0.2826086956521739,3.305084745762712
西区,グリーンポート桜木町保育園,5歳,97.5,29.5,0.0,0.782608695652174,15.217391304347826,0.27717391304347827,3.305084745762712
神奈川区,Gakkenほいくえん片倉,4歳,97.5,29.5,0.08695652173913043,0.6956521739130435,11.173913043478262,0.3188405797101449,3.305084745762712
中区,寿福祉センター保育所,1歳,97.41666666666667,29.5,0.8260869565217391,2.0434782608695654,5.695652173913044,0.40652173913043477,3.30225988700565
神奈川区,第二白百合乳児保育園,4歳,97.26190476190476,29.5,0.0,3.0434782608695654,8.695652173913043,0.4078674948240166,3.2970137207425343
鶴見区,總持寺保育園,4歳,97.22524283345179,29.5,0.17391304347826086,2.130434782608696,65.91304347826087,0.3620165219451397,3.2957709435068403
青葉区,アスクあざみ野保育園,4歳,97.11485675072912,29.5,0.4782608695652174,1.3043478260869565,12.91304347826087,0.36566791231250045,3.2920290423975973
保土ケ谷区,ばばほいくしつ星川,2歳,97.08333333333334,29.5,0.2608695652173913,0.8260869565217391,2.9130434782608696,0.32608695652173914,3.2909604519774014
旭区,希望ヶ丘プラス保育園,5歳,97.08333333333333,29.5,0.08695652173913043,2.739130434782609,9.26086956521739,0.427536231884058,3.290960451977401
中区,打越保育園,5歳,97.08333333333333,29.5,0.0,1.8695652173913044,12.956521739130435,0.3985507246376812,3.290960451977401
神奈川区,第二白百合乳児保育園,0歳,97.0148387369132,29.5,0.6086956521739131,1.173913043478261,6.130434782608695,0.3204453793029186,3.288638601251295
瀬谷区,横浜市中屋敷保育園,4歳,97.01388888888889,29.5,0.0,2.9565217391304346,16.0,0.38466183574879226,3.2886064030131825
西区,ムーミン保育園,4歳,97.0,29.5,0.0,1.0,11.130434782608695,0.30289855072463767,3.288135593220339
金沢区,コンビプラザレイディアント保育園,0歳,96.91666666666667,29.5,0.8260869565217391,1.2173913043478262,4.782608695652174,0.32028985507246377,3.285310734463277
西区,ほっぺるランド横浜岡野,4歳,96.875,29.5,0.0,1.173913043478261,11.565217391304348,0.29347826086956524,3.2838983050847457
鶴見区,ミアヘルサ保育園ひびき矢向,5歳,96.83333333333333,29.5,0.0,2.0,10.0,0.41159420289855075,3.2824858757062145
神奈川区,神ノ木保育園,3歳,96.80851063829788,29.5,0.13043478260869565,0.8695652173913043,32.65217391304348,0.330095590502621,3.281644428416877
磯子区,横浜ナーサリー,0歳,96.6760710553814,29.5,5.565217391304348,2.0434782608695654,12.91304347826087,0.3136100780778442,3.277154951029878
都筑区,シープ保育所,4歳,96.66666666666667,29.5,0.0,0.782608695652174,12.08695652173913,0.3768115942028985,3.2768361581920904
金沢区,コンビプラザレイディアント保育園,5歳,96.66666666666667,29.5,0.0,0.7391304347826086,8.26086956521739,0.3550724637681159,3.2768361581920904
保土ケ谷区,合歓の木保育園,5歳,96.66666666666667,29.5,0.043478260869565216,2.0434782608695654,17.47826086956522,0.41304347826086957,3.2768361581920904
神奈川区,西寺尾保育園,4歳,96.66666666666667,29.5,0.21739130434782608,4.826086956521739,23.08695652173913,0.42028985507246375,3.2768361581920904
鶴見区,きらぼし保育園,0歳,96.66666666666667,29.5,0.5652173913043478,1.0,1.0,0.34057971014492755,3.2768361581920904
瀬谷区,瀬谷みらい保育園,2歳,96.62234042553192,29.5,1.0434782608695652,0.7391304347826086,5.260869565217392,0.3083564600678384,3.2753335737468445
金沢区,しののめ並木保育園,3歳,96.58333333333333,29.5,0.043478260869565216,1.3043478260869565,19.17391304347826,0.3789855072463768,3.274011299435028
鶴見区,きらぼし保育園,1歳,96.52985074626866,29.5,0.043478260869565216,0.8260869565217391,4.521739130434782,0.3665368808133247,3.272198330381989
保土ケ谷区,横浜市神戸保育園,5歳,96.42857142857143,29.5,0.0,6.217391304347826,18.695652173913043,0.44409937888198764,3.2687651331719128
港北区,くっくおさんぽ保育園大倉山,5歳,96.42857142857143,29.5,0.0,0.782608695652174,9.26086956521739,0.2836438923395445,3.2687651331719128
鶴見区,鶴見サンフラワー保育園,1歳,96.41863517060368,29.5,0.30434782608695654,2.0434782608695654,2.6956521739130435,0.40795389706721447,3.2684283108679213
瀬谷区,阿久和保育園,4歳,96.3563829787234,29.5,0.43478260869565216,0.782608695652174,14.652173913043478,0.339654640764724,3.2663180670753698
都筑区,勝田保育園,0歳,96.29166666666667,29.5,1.826086956521739,1.4782608695652173,7.521739130434782,0.3210144927536232,3.264124293785311
港北区,ペガサス夜間保育園,3歳,96.25,29.5,0.08695652173913043,0.6956521739130435,3.9565217391304346,0.34782608695652173,3.26271186440678
港北区,日吉みんなの保育園,4歳,96.25,29.5,0.0,0.8260869565217391,9.0,0.3115942028985507,3.26271186440678
保土ケ谷区,キッズハーモニー・ほどがや,4歳,96.20833333333333,29.5,0.0,2.4782608695652173,7.739130434782608,0.42971014492753623,3.2612994350282483
西区,横浜市南浅間保育園,3歳,96.16666666666667,29.5,0.0,1.5217391304347827,19.47826086956522,0.4007246376811594,3.2598870056497176
鶴見区,Gakkenほいくえん矢向,1歳,96.1418439716312,29.5,0.6956521739130435,1.565217391304348,6.391304347826087,0.4011100832562442,3.2590455583603797
港北区,Ｌｕｃｅ陽だまりの家保育園綱島,1歳,96.04166666666667,29.5,0.43478260869565216,0.9565217391304348,6.913043478260869,0.30072463768115937,3.2556497175141246
中区,あいりす　新山下保育室,0歳,96.04166666666667,29.5,1.0,1.0,2.0,0.34057971014492755,3.2556497175141246
南区,清水ヶ丘保育園,0歳,95.91666666666667,29.5,1.4782608695652173,1.3043478260869565,4.6521739130434785,0.3579710144927536,3.251412429378531
鶴見区,フェアリーテイルつばさ,5歳,95.83333333333334,29.5,0.0,1.565217391304348,10.608695652173912,0.3768115942028985,3.2485875706214693
戸塚区,横浜東戸塚雲母保育園,5歳,95.83333333333333,29.5,0.0,1.4782608695652173,10.130434782608695,0.4166666666666667,3.248587570621469
港北区,尚花愛児園,4歳,95.83333333333333,29.5,0.0,1.1304347826086956,29.52173913043478,0.2898550724637681,3.248587570621469
都筑区,木下の保育園　センター南,3歳,95.75,29.5,0.13043478260869565,1.0434782608695652,12.565217391304348,0.2956521739130435,3.2457627118644066
港北区,くっくおさんぽ保育園大倉山,2歳,95.69642857142857,29.5,1.0,1.4782608695652173,6.391304347826087,0.3003105590062112,3.2439467312348667
中区,あいりす　新山下保育室,1歳,95.65476190476191,29.5,0.17391304347826086,1.9130434782608696,3.130434782608696,0.3747412008281573,3.242534301856336
港北区,スターチャイルド≪大倉山ナーサリー≫,2歳,95.625,29.5,0.0,1.1304347826086956,8.695652173913043,0.322463768115942,3.2415254237288136
保土ケ谷区,えぶちにしや園（分園含む）,5歳,95.55851063829788,29.5,0.043478260869565216,0.7391304347826086,18.17391304347826,0.3337187789084181,3.239271547060945
旭区,中尾保育園,5歳,95.41666666666667,29.5,0.0,0.9130434782608695,20.695652173913043,0.2898550724637681,3.2344632768361583
港北区,さくらんぼ保育園,3歳,95.37234042553192,29.5,0.13043478260869565,1.173913043478261,10.304347826086957,0.3228492136910268,3.2329606923909124
港南区,横浜市野庭第二保育園,0歳,95.33035714285714,29.5,4.086956521739131,1.565217391304348,7.434782608695652,0.319824016563147,3.2315375302663436
磯子区,横浜市洋光台第二保育園,5歳,95.25,29.5,0.0,0.782608695652174,22.91304347826087,0.3391304347826087,3.2288135593220337
都筑区,第二しらとり台保育園,0歳,95.24262615493959,29.5,2.3043478260869565,1.173913043478261,9.695652173913043,0.31902135286301414,3.2285635984725283
鶴見区,横浜市馬場保育園,4歳,95.20833333333334,29.5,0.043478260869565216,0.782608695652174,15.826086956521738,0.30072463768115937,3.227401129943503
港北区,横浜市太尾保育園,3歳,95.19300051466804,29.5,0.6086956521739131,1.1304347826086956,24.17391304347826,0.3751333288579591,3.226881373378578
都筑区,横浜市中川西保育園,0歳,95.17814587723541,29.5,1.9130434782608696,2.652173913043478,7.782608695652174,0.37619624917210776,3.226377826346963
鶴見区,フェアリーテイルつばさ,3歳,95.10416666666667,29.5,0.17391304347826086,1.7826086956521738,9.565217391304348,0.3822463768115942,3.223870056497175
中区,クラウン保育園,4歳,95.0,29.5,0.0,1.0869565217391304,13.956521739130435,0.3840579710144927,3.2203389830508473
鶴見区,木下の保育園　江ヶ崎,5歳,95.0,29.5,0.0,1.0,13.304347826086957,0.34057971014492755,3.2203389830508473
磯子区,洋光台保育園,5歳,95.0,29.5,0.0,0.782608695652174,17.26086956521739,0.3188405797101449,3.2203389830508473
中区,ことぶき保育園,5歳,95.0,29.5,0.0,0.782608695652174,12.956521739130435,0.36231884057971014,3.2203389830508473
鶴見区,ベネッセ　矢向保育園,0歳,95.0,29.5,2.0434782608695654,1.2608695652173914,4.739130434782608,0.322463768115942,3.2203389830508473
神奈川区,白幡保育園,4歳,95.0,29.5,0.0,0.8695652173913043,17.130434782608695,0.3768115942028985,3.2203389830508473
緑区,マームゆりかご　ながつた保育園,2歳,95.0,29.5,0.21739130434782608,0.9130434782608695,5.086956521739131,0.3550724637681159,3.2203389830508473
都筑区,横浜市中川西保育園,4歳,94.90187682451109,29.5,0.43478260869565216,3.608695652173913,19.869565217391305,0.43563585369990354,3.2170127737122405
港北区,ジャンプ保育園,1歳,94.69349680170576,29.5,0.8260869565217391,1.0,8.782608695652174,0.3023546861963474,3.209949044125619
鶴見区,スターチャイルド≪矢向ナーサリー≫,0歳,94.68382352941177,29.5,3.217391304347826,1.3478260869565217,4.086956521739131,0.3496589940323956,3.2096211365902296
磯子区,あっぷる滝頭保育園,4歳,94.625,29.5,0.2608695652173913,1.2173913043478262,13.173913043478262,0.3282608695652174,3.207627118644068
旭区,川井宿幼保連携型認定こども園,5歳,94.58333333333334,29.5,0.0,1.1304347826086956,19.695652173913043,0.40579710144927533,3.206214689265537
港北区,ペガサス夜間保育園,4歳,94.58333333333334,29.5,0.0,1.0,2.652173913043478,0.3840579710144927,3.206214689265537
港北区,岩崎学園新横浜第二保育園,5歳,94.58333333333333,29.5,0.0,0.6521739130434783,25.347826086956523,0.3115942028985507,3.2062146892655368
保土ケ谷区,横浜市岩井保育園,0歳,94.57142857142857,29.5,1.7826086956521738,1.9130434782608696,7.086956521739131,0.37060041407867494,3.205811138014528
青葉区,荏田北幼保連携型認定こども園,5歳,94.54166666666667,29.5,0.2608695652173913,2.130434782608696,16.26086956521739,0.42789855072463767,3.2048022598870056
保土ケ谷区,えぶちにしや園（分園含む）,4歳,94.5,29.5,0.0,1.434782608695652,17.391304347826086,0.39565217391304347,3.2033898305084745
保土ケ谷区,横浜市岩井保育園,2歳,94.49529224749328,29.5,0.17391304347826086,1.0869565217391304,16.73913043478261,0.3890661052452497,3.203230245677738
港北区,たかた保育園,4歳,94.41091954022988,29.5,0.2608695652173913,1.0,14.521739130434783,0.31259370314842577,3.2003701539060976
神奈川区,こころキッズ,3歳,94.375,29.5,0.0,1.0869565217391304,14.217391304347826,0.3079710144927536,3.1991525423728815
鶴見区,フェアリーテイルつばさ,4歳,94.375,29.5,0.0,1.7391304347826086,9.434782608695652,0.393719806763285,3.1991525423728815
青葉区,ポピンズナーサリースクールあざみ野,4歳,94.36170212765957,29.5,0.5217391304347826,0.9130434782608695,11.91304347826087,0.32620259019426456,3.1987017670393074
鶴見区,ナーサリーつるみ,3歳,94.33955223880596,29.5,0.17391304347826086,1.0434782608695652,18.956521739130434,0.29513303049967554,3.197950923349355
都筑区,なかまちっこ　じゃんぷ園,0歳,94.25862068965517,29.5,3.0,1.3478260869565217,4.6521739130434785,0.35137431284357823,3.19520748100526
中区,ヨコハマきぼう保育園,4歳,94.20258620689656,29.5,0.17391304347826086,0.9130434782608695,16.91304347826087,0.3017241379310345,3.1933080070134428
戸塚区,こんにちは・ありがとうえん,0歳,94.18697626273932,29.5,1.2608695652173914,1.0,3.5217391304347827,0.3636564036854595,3.1927788563640447
神奈川区,ゆうゆうきっず横浜,4歳,94.18439716312056,29.5,0.30434782608695654,0.7391304347826086,26.565217391304348,0.33564600678384215,3.1926914292583244
鶴見区,矢向保育園,2歳,94.16666666666667,29.5,0.08695652173913043,0.8260869565217391,12.347826086956522,0.32608695652173914,3.192090395480226
神奈川区,グローバルキッズ新子安第二保育園,5歳,94.16666666666667,29.5,0.0,2.4782608695652173,9.130434782608695,0.44202898550724645,3.192090395480226
緑区,たけやまの森保育園,4歳,94.16666666666667,29.5,0.13043478260869565,0.9130434782608695,12.652173913043478,0.32608695652173914,3.192090395480226
中区,打越保育園,3歳,94.10714285714286,29.5,0.0,2.608695652173913,12.304347826086957,0.4316770186335404,3.190072639225182
旭区,横浜市柏保育園,3歳,93.98936170212767,29.5,0.17391304347826086,0.8260869565217391,21.26086956521739,0.34212149244526674,3.1860800576992427
緑区,スターチャイルド≪長津田ナーサリー≫,3歳,93.89252336448598,29.5,0.043478260869565216,1.565217391304348,10.08695652173913,0.31076798049573345,3.1827974021859653
緑区,ゆめの実保育園,2歳,93.84722222222223,29.5,0.13043478260869565,1.3043478260869565,9.434782608695652,0.3182769726247987,3.1812617702448214
港北区,パレット保育園・綱島,5歳,93.75,29.5,0.0,0.782608695652174,14.217391304347826,0.30072463768115937,3.1779661016949152
鶴見区,ベネッセ　矢向保育園,2歳,93.75,29.5,0.30434782608695654,0.8695652173913043,10.173913043478262,0.3188405797101449,3.1779661016949152
鶴見区,明日葉保育園鶴見園,4歳,93.75,29.5,0.0,0.7391304347826086,11.0,0.3695652173913043,3.1779661016949152
金沢区,コンビプラザレイディアント保育園,4歳,93.75,29.5,0.0,0.782608695652174,8.08695652173913,0.34782608695652173,3.1779661016949152
鶴見区,あーす保育園鶴見中央,4歳,93.75,29.5,0.0,0.8695652173913043,7.826086956521739,0.36231884057971014,3.1779661016949152
保土ケ谷区,桜ヶ丘保育園,5歳,58.75,18.5,0.0,1.1666666666666667,15.833333333333334,0.375,3.175675675675676
旭区,スターチャイルド《鶴ヶ峰ナーサリー》,5歳,93.58333333333333,29.5,0.0,2.8260869565217392,2.391304347826087,0.30289855072463767,3.1723163841807906
港北区,マーマしのはら保育園,3歳,93.5168439716312,29.5,0.043478260869565216,0.9130434782608695,28.652173913043477,0.3395158803576935,3.170062507512922
青葉区,にじいろ保育園江田,4歳,93.5,29.5,0.0,1.565217391304348,8.08695652173913,0.3130434782608696,3.169491525423729
都筑区,第二しらとり台保育園,3歳,93.49734042553192,29.5,0.6521739130434783,0.782608695652174,17.26086956521739,0.3083564600678384,3.169401370357014
金沢区,わらべシーサイド保育園,3歳,93.375,29.5,0.6956521739130435,1.5217391304347827,13.304347826086957,0.30108695652173917,3.1652542372881354
都筑区,ポピンズナーサリースクールセンター南,0歳,93.34177927927928,29.5,1.826086956521739,2.0434782608695654,5.608695652173913,0.3296611829220525,3.1641281111620096
鶴見区,横浜矢向雲母保育園,1歳,93.33924349881796,29.5,0.6956521739130435,3.0869565217391304,5.217391304347826,0.4162298283482372,3.164042152502304
港北区,聖保育園,2歳,93.29166666666666,29.5,1.173913043478261,1.391304347826087,18.391304347826086,0.3021739130434783,3.162429378531073
旭区,コナミスポーツ保育園　希望が丘,3歳,93.20950557541893,29.5,0.391304347826087,1.8695652173913044,7.956521739130435,0.4141202413731687,3.159644256793862
港北区,くっくおさんぽ保育園ふとお,4歳,93.20833333333333,29.5,0.0,1.5217391304347827,6.739130434782608,0.33405797101449275,3.1596045197740112
保土ケ谷区,昴保育園,2歳,93.19150570676032,29.5,0.9565217391304348,1.1304347826086956,20.869565217391305,0.31483185097530253,3.159034091754587
緑区,グローバルキッズ十日市場園,4歳,93.125,29.5,1.0869565217391304,0.9130434782608695,9.0,0.3079710144927536,3.156779661016949
青葉区,スターチャイルド≪荏田北ナーサリー≫,4歳,93.125,29.5,0.4782608695652174,0.9130434782608695,10.956521739130435,0.3079710144927536,3.156779661016949
保土ケ谷区,桜ヶ丘保育園,0歳,58.375,18.5,1.3333333333333333,1.3333333333333333,4.666666666666667,0.35833333333333334,3.1554054054054053
保土ケ谷区,境木保育園,5歳,93.0223880597015,29.5,0.043478260869565216,0.9565217391304348,14.043478260869565,0.3158122431321652,3.153301290159373
青葉区,横浜市奈良保育園,3歳,92.91666666666667,29.5,0.0,1.0,12.826086956521738,0.39855072463768115,3.149717514124294
神奈川区,スターチャイルド≪岸根公園ナーサリー≫,4歳,92.91666666666667,29.5,0.0,1.2173913043478262,10.608695652173912,0.40942028985507245,3.149717514124294
戸塚区,ちゃいれっく平戸町保育室,0歳,92.91666666666667,29.5,1.7391304347826086,1.2608695652173914,1.7391304347826086,0.358695652173913,3.149717514124294
西区,横浜そらいろ保育園,3歳,92.74756536466603,29.5,0.13043478260869565,0.8260869565217391,10.782608695652174,0.3777918916058008,3.1439852665988486
都筑区,鴨居北こども園,4歳,34.583333333333336,11.0,0.0,1.0,21.727272727272727,0.37121212121212116,3.143939393939394
中区,ことぶき保育園,1歳,92.72222222222221,29.5,0.6956521739130435,2.391304347826087,9.08695652173913,0.43929146537842195,3.143126177024482
緑区,青砥どんぐり保育園,5歳,92.70833333333334,29.5,0.0,0.8260869565217391,18.17391304347826,0.3079710144927536,3.142655367231639
泉区,横浜市北上飯田保育園,3歳,92.70673928125295,29.5,0.17391304347826086,2.1739130434782608,13.956521739130435,0.38484822985245887,3.1426013315678967
神奈川区,ゆうゆうきっず横浜,5歳,92.6671165449349,29.5,0.17391304347826086,1.0,26.347826086956523,0.40072072569621825,3.1412581879638948
港北区,天才キッズクラブ楽学館大倉山園,4歳,92.5,29.5,0.043478260869565216,1.391304347826087,11.869565217391305,0.40217391304347827,3.135593220338983
鶴見区,木下の保育園　江ヶ崎,3歳,92.5,29.5,0.0,0.782608695652174,12.347826086956522,0.391304347826087,3.135593220338983
戸塚区,幼稚園型認定こども園　しらかば幼稚園,5歳,92.5,29.5,0.0,0.9565217391304348,2.0434782608695654,0.3188405797101449,3.135593220338983
港北区,明日葉保育園大倉山園,3歳,92.5,29.5,0.0,0.7391304347826086,9.91304347826087,0.3695652173913043,3.135593220338983
中区,保育園ばんびーな,4歳,92.5,29.5,0.0,0.7391304347826086,8.217391304347826,0.33695652173913043,3.135593220338983
神奈川区,白楽あいいく保育園,5歳,92.5,29.5,0.0,0.9565217391304348,17.043478260869566,0.3188405797101449,3.135593220338983
保土ケ谷区,昴保育園,4歳,92.5,29.5,0.21739130434782608,0.9565217391304348,23.043478260869566,0.3188405797101449,3.135593220338983
神奈川区,小鳩保育園,2歳,92.5,29.5,0.0,0.9565217391304348,9.826086956521738,0.3804347826086957,3.135593220338983
港北区,グローバルキッズ下田町園,4歳,92.5,29.5,0.043478260869565216,0.9565217391304348,8.73913043478261,0.3623188405797101,3.135593220338983
青葉区,認定こども園ナザレ幼稚園,5歳,92.5,29.5,0.43478260869565216,0.9565217391304348,8.043478260869565,0.3188405797101449,3.135593220338983
旭区,星の子白根保育園,5歳,92.5,29.5,0.13043478260869565,0.9565217391304348,16.043478260869566,0.3188405797101449,3.135593220338983
神奈川区,クルミ保育園,1歳,57.99803714370189,18.5,0.8333333333333334,1.25,7.333333333333333,0.3833551428477568,3.1350290347946967
磯子区,森幼児園,1歳,92.35157412733288,29.5,1.0434782608695652,1.7391304347826086,9.826086956521738,0.3081068166531427,3.1305618348248436
港北区,横浜市港北保育園,4歳,92.26190476190476,29.5,0.0,1.2173913043478262,21.52173913043478,0.38509316770186336,3.1275221953188055
港北区,はなまる保育園,2歳,92.25,29.5,0.17391304347826086,1.3043478260869565,18.043478260869566,0.3492753623188406,3.1271186440677967
港北区,ケンパ高田,4歳,92.08836138456653,29.5,0.2608695652173913,1.0434782608695652,10.565217391304348,0.3965026854626037,3.121639368968357
保土ケ谷区,岩間保育園,3歳,92.08333333333334,29.5,0.0,0.9130434782608695,11.869565217391305,0.32608695652173914,3.1214689265536726
青葉区,アートチャイルドケアろりぽっぷたまプラーザ,2歳,92.0,29.5,0.21739130434782608,1.0,13.826086956521738,0.3173913043478261,3.1186440677966103
神奈川区,あおぞら第２保育園,3歳,91.875,29.5,0.9130434782608695,1.2608695652173914,9.652173913043478,0.322463768115942,3.114406779661017
青葉区,ChaCha Children Kakinokidai,4歳,91.875,29.5,0.0,1.3478260869565217,33.43478260869565,0.33695652173913043,3.114406779661017
中区,打越保育園,4歳,91.875,29.5,0.0,1.173913043478261,13.695652173913043,0.3297101449275362,3.114406779661017
港北区,パレット保育園・大豆戸,5歳,91.875,29.5,0.0,1.1304347826086956,12.869565217391305,0.322463768115942,3.114406779661017
緑区,バオバブ霧が丘保育園,4歳,91.86953485873886,29.5,0.391304347826087,1.391304347826087,17.347826086956523,0.36114279308943664,3.1142215206352155
鶴見区,にじいろ保育園駒岡四丁目,5歳,91.86507936507937,29.5,0.0,3.5217391304347827,9.043478260869565,0.45117322291235334,3.1140704869518427
金沢区,京急キッズランド金沢文庫保育園,5歳,91.83333333333333,29.5,0.0,2.5217391304347827,7.521739130434782,0.45507246376811594,3.1129943502824857
瀬谷区,わらべ細谷戸保育園,4歳,91.83333333333333,29.5,0.0,1.4782608695652173,13.434782608695652,0.43695652173913047,3.1129943502824857
鶴見区,總持寺保育園,5歳,91.80851063829788,29.5,0.13043478260869565,1.3043478260869565,69.56521739130434,0.41342892383595437,3.1121529029931483
緑区,まなびの森　中山こども園,4歳,57.5,18.5,0.0,0.75,12.916666666666666,0.375,3.108108108108108
磯子区,新杉田りあん保育園,2歳,57.5,18.5,0.0,0.8333333333333334,3.0,0.3888888888888889,3.108108108108108
青葉区,木下の保育園　たまプラーザ,3歳,91.66666666666667,29.5,0.0,1.2173913043478262,12.130434782608695,0.39855072463768115,3.1073446327683616
鶴見区,横浜市鶴見保育園,5歳,91.66666666666667,29.5,0.0,3.1739130434782608,17.52173913043478,0.44565217391304346,3.1073446327683616
旭区,わかばの森保育園,3歳,91.52985074626866,29.5,0.043478260869565216,0.782608695652174,6.608695652173913,0.3737832576249189,3.10270680495826
鶴見区,ひまわりニコニコ保育園,2歳,91.52985074626866,29.5,0.043478260869565216,0.8260869565217391,6.956521739130435,0.39552238805970147,3.10270680495826
神奈川区,ミアヘルサ保育園ひびき羽沢横浜国大,4歳,79.02597402597402,25.5,0.0,2.4210526315789473,6.2631578947368425,0.43130553656869447,3.099057804940158
緑区,横浜市長津田保育園,4歳,91.375,29.5,0.13043478260869565,3.5217391304347827,16.217391304347824,0.31376811594202897,3.097457627118644
青葉区,ChaCha Children Kakinokidai,5歳,91.35714285714286,29.5,0.08695652173913043,2.5652173913043477,32.391304347826086,0.448343685300207,3.096852300242131
港北区,アスク日吉本町開善保育園,5歳,91.33333333333333,29.5,0.0,1.7391304347826086,26.130434782608695,0.43768115942028984,3.096045197740113
鶴見区,東寺尾どろんこ保育園,5歳,91.33333333333333,29.5,0.0,1.7391304347826086,27.956521739130434,0.43768115942028984,3.096045197740113
港北区,ペガサス新横浜保育園,4歳,91.29166666666667,29.5,0.0,1.173913043478261,13.26086956521739,0.33188405797101445,3.094632768361582
中区,太陽の子　不動下保育園,5歳,91.25,29.5,0.0,0.782608695652174,9.130434782608695,0.391304347826087,3.093220338983051
港北区,キッズパートナー綱島東,5歳,91.25,29.5,0.0,0.8695652173913043,12.08695652173913,0.31521739130434784,3.093220338983051
港北区,パレット保育園・綱島,4歳,91.25,29.5,0.043478260869565216,0.9130434782608695,13.695652173913043,0.3840579710144928,3.093220338983051
港南区,認定こども園　日野幼稚園,4歳,91.25,29.5,0.0,0.7391304347826086,1.5217391304347827,0.3695652173913043,3.093220338983051
戸塚区,ハートの森保育園,4歳,91.25,29.5,0.0,0.782608695652174,14.130434782608695,0.391304347826087,3.093220338983051
都筑区,ポピンズナーサリースクールセンター南,4歳,91.25,29.5,0.0,0.8695652173913043,7.826086956521739,0.34782608695652173,3.093220338983051
戸塚区,横浜市川上保育園,5歳,91.25,29.5,0.34782608695652173,1.0434782608695652,30.956521739130434,0.32608695652173914,3.093220338983051
保土ケ谷区,ベネッセ　保土ケ谷保育園,3歳,91.25,29.5,0.043478260869565216,1.0434782608695652,9.173913043478262,0.322463768115942,3.093220338983051
西区,あそびの杜保育園（分園含む）,5歳,91.25,29.5,0.0,0.8695652173913043,14.521739130434783,0.3188405797101449,3.093220338983051
神奈川区,認定こども園捜真幼稚園,5歳,91.25,29.5,0.0,0.7391304347826086,13.26086956521739,0.3695652173913043,3.093220338983051
港北区,もしもしのほし日吉保育園,2歳,91.25,29.5,0.0,0.782608695652174,7.173913043478261,0.36231884057971014,3.093220338983051
港北区,しんよしだこども園（保育所部分）,3歳,91.23670212765958,29.5,0.5217391304347826,1.0,30.608695652173914,0.3497533148319457,3.0927695636494774
港北区,グローバルキッズ綱島ＳＳＴ保育園,2歳,85.0,27.5,0.22727272727272727,0.7272727272727273,5.863636363636363,0.36363636363636365,3.090909090909091
磯子区,キッズガーデン横浜磯子,4歳,91.11629504255893,29.5,0.43478260869565216,1.6521739130434783,11.521739130434783,0.35826302390787096,3.0886879675443706
西区,にじいろ保育園平沼,5歳,91.11111111111111,29.5,0.0,3.9130434782608696,10.217391304347826,0.4685990338164251,3.088512241054614
神奈川区,いずみ反町保育園,3歳,91.044776119403,29.5,0.4782608695652174,1.0,10.565217391304348,0.34901579061215654,3.086263597267898
栄区,エミールの森ひよこ保育園,3歳,90.875,29.5,0.0,1.1304347826086956,6.478260869565218,0.3572463768115942,3.080508474576271
緑区,青砥どんぐり保育園,4歳,90.83333333333334,29.5,0.08695652173913043,1.0434782608695652,17.391304347826086,0.34782608695652173,3.0790960451977405
神奈川区,なないろきっど保育園,1歳,90.83333333333333,29.5,0.6521739130434783,1.173913043478261,8.73913043478261,0.3659420289855072,3.07909604519774
神奈川区,きゃんばす東神奈川保育園,3歳,90.83333333333333,29.5,0.0,0.9565217391304348,10.391304347826088,0.35144927536231885,3.07909604519774
港北区,みらいく高田園,4歳,90.8031914893617,29.5,0.2608695652173913,0.8695652173913043,10.826086956521738,0.372895467160037,3.0780742877749727
青葉区,シャローム保育園,4歳,90.78591954022988,29.5,0.043478260869565216,1.3043478260869565,23.956521739130434,0.3191154422788606,3.0774887979738943
磯子区,森幼児園,2歳,90.75,29.5,0.30434782608695654,1.4782608695652173,11.956521739130435,0.3246376811594203,3.0762711864406778
西区,横浜市南浅間保育園,5歳,90.41666666666667,29.5,0.0,0.9130434782608695,22.08695652173913,0.3840579710144928,3.0649717514124295
保土ケ谷区,笹山保育園,3歳,90.41666666666667,29.5,0.0,1.173913043478261,16.73913043478261,0.4275362318840579,3.0649717514124295
鶴見区,幸いづみ保育園,0歳,90.41666666666667,29.5,0.391304347826087,1.391304347826087,1.565217391304348,0.41304347826086957,3.0649717514124295
港北区,キッズパートナー綱島,1歳,90.41666666666667,29.5,0.8695652173913043,1.0869565217391304,7.6521739130434785,0.3188405797101449,3.0649717514124295
港北区,クレシュ新横浜,3歳,90.33333333333333,29.5,0.08695652173913043,1.3043478260869565,14.217391304347826,0.4007246376811594,3.062146892655367
港北区,天才キッズクラブ楽遊館綱島園,2歳,84.12234042553192,27.5,0.045454545454545456,0.7272727272727273,7.318181818181818,0.3602514506769826,3.0589941972920696
西区,キッズパートナーみなとみらい第２,0歳,90.20833333333334,29.5,0.34782608695652173,1.2173913043478262,1.7826086956521738,0.3731884057971015,3.0579096045197742
神奈川区,ＳＵＮＮＹ　ＫＩＤ保育園,2歳,90.1418439716312,29.5,0.043478260869565216,1.0,6.695652173913044,0.42067530064754854,3.055655727851905
都筑区,アソシエふれあいの丘保育園,5歳,90.0,29.5,0.0,0.8260869565217391,14.173913043478262,0.41304347826086957,3.0508474576271185
西区,トキワ保育園,5歳,90.0,29.5,0.043478260869565216,0.8260869565217391,11.173913043478262,0.41304347826086957,3.0508474576271185
中区,ル・ボワ保育園,2歳,90.0,29.5,0.43478260869565216,0.782608695652174,7.217391304347826,0.34782608695652173,3.0508474576271185
鶴見区,尻手すきっぷ保育園,0歳,90.0,29.5,1.7391304347826086,1.2608695652173914,3.782608695652174,0.3695652173913043,3.0508474576271185
保土ケ谷区,ベネッセ　保土ケ谷保育園,4歳,90.0,29.5,0.0,0.8260869565217391,9.869565217391305,0.3659420289855072,3.0508474576271185
保土ケ谷区,若葉保育園（分園含む）,4歳,90.0,29.5,0.0,1.0,11.043478260869565,0.34057971014492755,3.0508474576271185
西区,キッズパートナー横浜楠町,2歳,90.0,29.5,0.17391304347826086,0.8260869565217391,7.173913043478261,0.34057971014492755,3.0508474576271185
港北区,キッズパートナー綱島東,4歳,90.0,29.5,0.0,0.8260869565217391,11.782608695652174,0.3804347826086957,3.0508474576271185
青葉区,たまプラーザベビーリー乳幼児室,1歳,89.83862433862434,29.5,0.30434782608695654,2.217391304347826,5.391304347826087,0.42314239705544054,3.045377096224554
青葉区,たまプラーザ小桜愛児園,4歳,89.76190476190476,29.5,0.08695652173913043,1.1304347826086956,19.608695652173914,0.3995859213250517,3.042776432606941
瀬谷区,瀬谷駅前保育園,2歳,56.25,18.5,0.75,1.0833333333333333,8.833333333333334,0.40277777777777773,3.0405405405405403
神奈川区,小鳩保育園分園,0歳,89.66666666666667,29.5,1.3478260869565217,1.391304347826087,4.608695652173913,0.33043478260869563,3.0395480225988702
神奈川区,ナーサリー横浜ポートサイド,3歳,89.625,29.5,0.9565217391304348,1.1304347826086956,16.82608695652174,0.3282608695652174,3.038135593220339
港南区,サイド・サン保育園,4歳,89.52272727272727,29.5,0.0,4.434782608695652,8.304347826086957,0.47878787878787876,3.034668721109399
鶴見区,木下の保育園　江ヶ崎,4歳,89.45921985815603,29.5,0.34782608695652173,1.173913043478261,13.434782608695652,0.42584027135368485,3.03251592739512
泉区,横浜文化保育園,5歳,89.375,29.5,0.0,0.9130434782608695,26.565217391304348,0.3659420289855072,3.0296610169491527
青葉区,ポピンズナーサリースクールたまプラーザ,3歳,89.375,29.5,0.043478260869565216,1.0434782608695652,13.521739130434783,0.3731884057971014,3.0296610169491527
都筑区,中川小桜愛児園,3歳,89.16666666666667,29.5,0.5652173913043478,0.9565217391304348,19.956521739130434,0.3623188405797101,3.0225988700564974
瀬谷区,グローバルキッズ三ツ境園,4歳,89.16666666666667,29.5,0.08695652173913043,0.9565217391304348,10.826086956521738,0.3731884057971015,3.0225988700564974
金沢区,かぜのね保育園,5歳,24.166666666666668,8.0,0.0,1.125,18.875,0.3958333333333333,3.0208333333333335
旭区,のぞみ保育園,2歳,89.08673469387756,29.5,0.17391304347826086,1.608695652173913,10.608695652173912,0.3956225968648329,3.0198893116568666
保土ケ谷区,ひかりの風保育園,3歳,89.07758620689656,29.5,0.08695652173913043,1.391304347826087,13.304347826086957,0.3604197901049475,3.0195791934541205
青葉区,横浜市美しが丘保育園,2歳,89.06405472636816,29.5,0.21739130434782608,1.173913043478261,16.73913043478261,0.34842093878433916,3.0191204991989204
港北区,まなびの森　ヴィラ日吉こども園,4歳,55.833333333333336,18.5,0.0,0.8333333333333334,12.916666666666666,0.3888888888888889,3.0180180180180183
港北区,認定こども園高木学園附属幼稚園（保育所部分）,4歳,88.75,29.5,0.0,1.0869565217391304,1.6521739130434783,0.39855072463768115,3.0084745762711864
港北区,ルリ保育園日吉,2歳,88.75,29.5,0.0,0.7391304347826086,8.304347826086957,0.3695652173913043,3.0084745762711864
港北区,小学館アカデミーひよし保育園,5歳,88.75,29.5,0.0,0.782608695652174,11.217391304347826,0.391304347826087,3.0084745762711864
港北区,グローバルキッズ綱島園,4歳,88.75,29.5,0.4782608695652174,2.0434782608695654,21.695652173913043,0.3281573498964803,3.0084745762711864
保土ケ谷区,エルアンジュ保育園（分園含む）,4歳,88.75,29.5,0.043478260869565216,1.0434782608695652,12.521739130434783,0.391304347826087,3.0084745762711864
港北区,つばき駅前保育園,2歳,70.625,23.5,0.0,1.411764705882353,11.411764705882353,0.37745098039215685,3.00531914893617
青葉区,グローバルキッズ藤が丘一丁目園,3歳,88.44594594594595,29.5,0.08695652173913043,1.2608695652173914,10.391304347826088,0.3495887191539365,2.9981676591846087
港北区,アスク日吉東保育園,4歳,88.33333333333334,29.5,0.0,1.0,14.521739130434783,0.3695652173913043,2.994350282485876
金沢区,横浜市並木保育園,0歳,88.2818791067829,29.5,3.869565217391304,2.782608695652174,7.130434782608695,0.33811747101657946,2.992606071416369
港北区,グローバルキッズ菊名園,5歳,88.25,29.5,0.0,2.0,15.0,0.45724637681159425,2.9915254237288136
都筑区,中川こども園,4歳,32.87234042553192,11.0,0.09090909090909091,0.8181818181818182,15.363636363636363,0.40232108317214704,2.988394584139265
港北区,綱島こども園,3歳,32.87234042553192,11.0,0.36363636363636365,1.0,11.0,0.40232108317214704,2.988394584139265
中区,あいりす　新山下保育室,2歳,88.03571428571429,29.5,0.0,2.130434782608696,3.217391304347826,0.46273291925465837,2.984261501210654
緑区,横浜市長津田保育園,3歳,87.97667280540209,29.5,0.17391304347826086,2.347826086956522,16.26086956521739,0.35875036698961754,2.982260095098376
泉区,横浜市北上飯田保育園,0歳,87.96579259510294,29.5,2.9565217391304346,1.608695652173913,3.9130434782608696,0.392814833369556,2.9818912744102692
港北区,岩崎学園新横浜保育園,3歳,87.91666666666667,29.5,0.21739130434782608,1.2608695652173914,24.347826086956523,0.42391304347826086,2.9802259887005653
西区,グリーンポート桜木町保育園,3歳,87.85714285714286,29.5,0.0,2.652173913043478,13.130434782608695,0.4570393374741201,2.9782082324455206
中区,保育園ころころキッズガーデン,0歳,87.70833333333334,29.5,1.434782608695652,1.3043478260869565,4.695652173913044,0.3804347826086957,2.97316384180791
神奈川区,浦島保育園,5歳,87.5,29.5,0.0,0.8260869565217391,22.608695652173914,0.3804347826086957,2.9661016949152543
神奈川区,白幡フレール保育園,5歳,87.5,29.5,0.0,3.869565217391304,20.043478260869566,0.4891304347826087,2.9661016949152543
港北区,グローバルキッズ菊名園,4歳,87.5,29.5,0.0,1.3043478260869565,15.08695652173913,0.391304347826087,2.9661016949152543
港北区,パレット保育園・大倉山,5歳,87.5,29.5,0.0,0.9565217391304348,14.043478260869565,0.34782608695652173,2.9661016949152543
栄区,かつら愛児園,4歳,87.5,29.5,0.08695652173913043,0.9130434782608695,44.04347826086956,0.41304347826086957,2.9661016949152543
泉区,緑園なえば保育園,4歳,87.5,29.5,0.17391304347826086,1.0434782608695652,25.82608695652174,0.3623188405797101,2.9661016949152543
鶴見区,矢向あけぼの保育園,3歳,87.5,29.5,0.0,0.9565217391304348,11.0,0.34782608695652173,2.9661016949152543
磯子区,ペガサスわくわくランド,5歳,87.5,29.5,0.0,1.3478260869565217,7.565217391304348,0.3550724637681159,2.9661016949152543
神奈川区,フレール保育園,5歳,87.5,29.5,0.0,1.6521739130434783,8.347826086956522,0.4673913043478261,2.9661016949152543
緑区,小山保育園,3歳,87.33333333333334,29.5,0.13043478260869565,1.1304347826086956,18.304347826086957,0.36086956521739133,2.96045197740113
都筑区,キャリー保育園なかまちだい,1歳,87.26229774056938,29.5,0.7391304347826086,1.7391304347826086,5.086956521739131,0.4321394399370778,2.958043991205742
青葉区,ピッピ保育園,3歳,32.5,11.0,0.0,0.8181818181818182,4.0,0.4090909090909091,2.9545454545454546
戸塚区,エミールの森ひばり保育園,3歳,87.15485074626866,29.5,0.13043478260869565,1.391304347826087,4.826086956521739,0.4323491239454899,2.954401720212497
南区,三春台保育園,5歳,87.14285714285714,29.5,0.043478260869565216,1.8695652173913044,15.956521739130435,0.3498964803312629,2.9539951573849876
神奈川区,横浜ノーベル保育園,2歳,87.08333333333334,29.5,0.0,1.434782608695652,7.869565217391305,0.45289855072463764,2.951977401129944
神奈川区,なないろきっど保育園,4歳,87.08333333333333,29.5,0.0,2.391304347826087,9.391304347826088,0.4710144927536232,2.9519774011299433
緑区,わらべうた中山保育園,5歳,87.08333333333333,29.5,0.0,0.9130434782608695,11.130434782608695,0.427536231884058,2.9519774011299433
青葉区,つどいの森もみの木こども園,4歳,87.08333333333333,29.5,0.0,0.8260869565217391,13.956521739130435,0.39855072463768115,2.9519774011299433
中区,伊勢佐木町保育園,2歳,87.01782899921199,29.5,0.391304347826087,1.2173913043478262,9.08695652173913,0.3683232260938089,2.949756915227525
中区,アスク馬車道保育園,4歳,87.01492537313433,29.5,0.043478260869565216,1.3478260869565217,15.652173913043478,0.38102963443651305,2.9496584872248928
神奈川区,キッズパートナー新子安,1歳,87.01190476190476,29.5,0.17391304347826086,2.4347826086956523,5.521739130434782,0.44989648033126295,2.9495560936238903
鶴見区,Gakkenほいくえん矢向,2歳,86.875,29.5,0.2608695652173913,1.0869565217391304,7.826086956521739,0.3804347826086957,2.944915254237288
瀬谷区,横浜市瀬谷第二保育園,4歳,86.85714285714286,29.5,0.043478260869565216,2.0869565217391304,22.391304347826086,0.3660455486542443,2.944309927360775
神奈川区,めばえ横浜保育園,5歳,86.85119047619048,29.5,0.0,3.1739130434782608,19.565217391304348,0.4762939958592132,2.9441081517352705
保土ケ谷区,向台保育園,3歳,86.8452380952381,29.5,0.043478260869565216,2.8260869565217392,11.391304347826088,0.4549689440993788,2.943906376109766
鶴見区,ゆめいろ保育園,4歳,86.83333333333333,29.5,0.0,1.2608695652173914,22.391304347826086,0.4478260869565217,2.943502824858757
青葉区,ポピンズナーサリースクールあざみ野,3歳,86.78571428571429,29.5,0.043478260869565216,2.5217391304347827,9.782608695652174,0.3592132505175983,2.941888619854722
中区,ことぶき保育園,4歳,86.75,29.5,0.0,1.434782608695652,11.478260869565217,0.3521739130434782,2.940677966101695
神奈川区,西寺尾保育園,3歳,86.66666666666667,29.5,0.0,1.0434782608695652,25.304347826086957,0.42028985507246375,2.937853107344633
泉区,ぬくもりの森しんばし　やよい台こども園,5歳,86.66666666666667,29.5,0.0,1.1304347826086956,6.521739130434782,0.42028985507246375,2.937853107344633
港北区,つばき駅前保育園,4歳,68.95833333333334,23.5,0.058823529411764705,1.2352941176470589,10.529411764705882,0.36764705882352944,2.934397163120568
港北区,大倉山元気の泉保育園,0歳,86.5297619047619,29.5,2.869565217391304,2.608695652173913,6.217391304347826,0.4164941338854382,2.9332122679580306
鶴見区,生麦ポケット保育園,3歳,86.25,29.5,0.0,1.2608695652173914,10.652173913043478,0.3442028985507246,2.9237288135593222
鶴見区,矢向あけぼの保育園,2歳,86.25,29.5,0.13043478260869565,1.0434782608695652,8.91304347826087,0.42028985507246375,2.9237288135593222
金沢区,マミングステーション,2歳,86.18351063829788,29.5,0.13043478260869565,1.0,8.043478260869565,0.36270428615479494,2.921474936891453
港北区,みのわのぞみ保育園,4歳,86.16666666666666,29.5,0.0,1.6956521739130435,16.782608695652176,0.35797101449275365,2.9209039548022595
瀬谷区,横浜市中屋敷保育園,5歳,86.13636363636364,29.5,0.0,3.9130434782608696,16.695652173913043,0.3557312252964427,2.919876733436056
青葉区,横浜市すすき野保育園,2歳,86.07758620689656,29.5,0.30434782608695654,1.4782608695652173,18.130434782608695,0.3517241379310345,2.917884278199883
港北区,きゅーぴーるーむ大倉山園,1歳,86.04166666666667,29.5,0.2608695652173913,1.7826086956521738,7.217391304347826,0.3949275362318841,2.916666666666667
港北区,にじいろ保育園箕輪町,3歳,86.0,29.5,0.13043478260869565,1.4782608695652173,12.869565217391305,0.44420289855072465,2.9152542372881354
鶴見区,横浜市芦穂崎保育園,4歳,85.89285714285714,29.5,0.9565217391304348,2.0869565217391304,20.47826086956522,0.3498964803312629,2.9116222760290555
中区,アスク山下町保育園,5歳,80.04761904761905,27.5,0.0,2.772727272727273,10.045454545454545,0.47683982683982684,2.910822510822511
港北区,横浜市大曽根保育園,3歳,85.83955223880598,29.5,0.17391304347826086,1.0434782608695652,14.826086956521738,0.40817650876054506,2.909815330129016
保土ケ谷区,認定こども園峯岡幼稚園,3歳,85.83333333333334,29.5,0.0,0.9130434782608695,9.08695652173913,0.3695652173913043,2.9096045197740117
西区,むつみ愛児園,3歳,85.79166666666667,29.5,0.0,1.826086956521739,9.521739130434783,0.45072463768115945,2.9081920903954805
港北区,認定こども園岸根こども園（保育所部分）,4歳,85.75,29.5,0.043478260869565216,1.6956521739130435,18.0,0.45,2.906779661016949
南区,めいとく保育園,0歳,85.75,29.5,2.0434782608695654,1.6956521739130435,5.6521739130434785,0.41739130434782606,2.906779661016949
鶴見区,鶴見サンフラワー保育園,2歳,85.625,29.5,0.0,1.434782608695652,3.5652173913043477,0.358695652173913,2.902542372881356
保土ケ谷区,天王町駅前もえぎ保育園,2歳,85.625,29.5,0.0,1.1304347826086956,5.913043478260869,0.3514492753623188,2.902542372881356
神奈川区,グローバルキッズ新子安保育園,5歳,85.625,29.5,0.0,1.434782608695652,9.565217391304348,0.358695652173913,2.902542372881356
旭区,マヤ保育園,5歳,85.625,29.5,0.0,1.434782608695652,20.608695652173914,0.358695652173913,2.902542372881356
港北区,ベネッセ　綱島台保育園,5歳,85.625,29.5,0.0,1.434782608695652,10.565217391304348,0.358695652173913,2.902542372881356
瀬谷区,横浜市中屋敷保育園,3歳,85.53571428571429,29.5,0.0,2.1739130434782608,17.434782608695652,0.3519668737060041,2.8995157384987897
港北区,横浜市菊名保育園,3歳,85.488184079602,29.5,0.21739130434782608,1.434782608695652,16.91304347826087,0.43175427211767253,2.897904545071254
栄区,ぶれすと大船保育園,3歳,5.7894736842105265,2.0,5.0,2.0,22.0,0.42105263157894735,2.8947368421052633
中区,あいりす　本牧保育室,2歳,85.32801418439716,29.5,0.13043478260869565,1.173913043478261,6.304347826086956,0.45366944187480723,2.892475057098209
神奈川区,めばえ横浜保育園,2歳,85.26785714285714,29.5,0.8260869565217391,1.4782608695652173,20.91304347826087,0.3498964803312629,2.8904358353510893
西区,利正寺保育園,2歳,85.25,29.5,0.043478260869565216,1.826086956521739,11.91304347826087,0.3481884057971014,2.889830508474576
神奈川区,ブライト保育園横浜松見町,5歳,85.25,29.5,0.0,1.4782608695652173,10.521739130434783,0.36086956521739133,2.889830508474576
青葉区,グローバルキッズあざみ野園,3歳,85.21948818897637,29.5,0.17391304347826086,1.565217391304348,8.826086956521738,0.3682928220928906,2.8887962097958093
港北区,スターチス日吉保育園,1歳,85.18282085561498,29.5,2.1739130434782608,2.5217391304347827,5.3478260869565215,0.36235952879175387,2.8875532493428806
鶴見区,花園保育園ベビーホーム,3歳,85.16666666666667,29.5,0.0,1.7391304347826086,17.565217391304348,0.45942028985507244,2.8870056497175143
都筑区,エンジェルプラネット,5歳,79.25,27.5,0.0,1.9545454545454546,10.909090909090908,0.4727272727272727,2.881818181818182
港北区,ケンパ高田,5歳,85.0,29.5,0.0,1.0869565217391304,10.434782608695652,0.3840579710144927,2.8813559322033897
青葉区,グローバルキッズ美しが丘保育園,5歳,85.0,29.5,0.0,1.0434782608695652,10.521739130434783,0.3623188405797101,2.8813559322033897
神奈川区,横浜すきっぷ保育園,2歳,85.0,29.5,0.13043478260869565,1.0434782608695652,8.782608695652174,0.3768115942028985,2.8813559322033897
神奈川区,小鳩保育園,5歳,85.0,29.5,0.0,1.0869565217391304,8.91304347826087,0.3514492753623188,2.8813559322033897
保土ケ谷区,千丸台保育園,5歳,85.0,29.5,0.0,1.0434782608695652,19.956521739130434,0.3623188405797101,2.8813559322033897
旭区,コナミスポーツ保育園　希望が丘,4歳,85.0,29.5,0.0,1.1304347826086956,8.782608695652174,0.43478260869565216,2.8813559322033897
都筑区,すくすく保育園,0歳,84.87840136054422,29.5,1.2608695652173914,2.0434782608695654,6.826086956521739,0.41302868973676427,2.8772339444252277
磯子区,アスクバイリンガル保育園 新杉田,0歳,5.74468085106383,2.0,1.0,1.0,4.0,0.425531914893617,2.872340425531915
港北区,みらいく高田園,3歳,84.64285714285714,29.5,0.043478260869565216,2.0434782608695654,9.130434782608695,0.4006211180124224,2.8692493946731235
中区,ことぶき保育園,3歳,84.6418439716312,29.5,0.2608695652173913,1.7826086956521738,11.173913043478262,0.46850138760407034,2.8692150498858036
港北区,ぶれすと綱島二階ほいくえん,4歳,84.58333333333334,29.5,0.0,1.0,12.043478260869565,0.41304347826086957,2.8672316384180796
青葉区,シャローム保育園,2歳,84.5,29.5,0.0,1.0,23.304347826086957,0.41884057971014493,2.864406779661017
港北区,くっくおさんぽ保育園ふとお,5歳,84.5,29.5,0.0,1.1304347826086956,9.347826086956522,0.3536231884057971,2.864406779661017
鶴見区,にじいろ保育園駒岡四丁目,4歳,84.5,29.5,0.17391304347826086,2.1739130434782608,10.565217391304348,0.4771739130434782,2.864406779661017
緑区,もりの風保育園,0歳,84.41765091863518,29.5,1.6521739130434783,1.826086956521739,8.608695652173912,0.41974209745520946,2.8616152853774635
神奈川区,あおぞら菅田保育園,4歳,84.39814814814815,29.5,0.782608695652174,1.3043478260869565,14.521739130434783,0.3603059581320451,2.8609541745134965
港北区,おおつな保育園,5歳,84.375,29.5,0.0,1.1304347826086956,34.869565217391305,0.4384057971014493,2.860169491525424
神奈川区,グローバルキッズ子安駅前保育園,2歳,84.33378321160157,29.5,0.17391304347826086,1.0869565217391304,7.260869565217392,0.3892563086510095,2.8587723122576802
港北区,グローバルキッズ綱島園,3歳,84.31901927437642,29.5,0.13043478260869565,2.4347826086956523,20.08695652173913,0.3642536724834861,2.85827183980937
瀬谷区,Gakkenほいくえん二ツ橋,3歳,84.31405472636816,29.5,0.4782608695652174,1.434782608695652,10.565217391304348,0.3759571706683972,2.858103550046378
港北区,みらいく矢上園,3歳,84.25,29.5,0.08695652173913043,1.826086956521739,9.565217391304348,0.44855072463768114,2.8559322033898304
西区,グリーンポート桜木町保育園,4歳,84.24107142857143,29.5,0.08695652173913043,2.5217391304347827,12.91304347826087,0.35947204968944096,2.855629539951574
泉区,白梅いずみ保育園,3歳,84.125,29.5,0.043478260869565216,1.608695652173913,11.0,0.3673913043478261,2.8516949152542375
港北区,アスク大倉山保育園,3歳,83.96985815602837,29.5,0.21739130434782608,1.434782608695652,15.304347826086957,0.44859697810669136,2.8464358696958767
港北区,横浜市南日吉保育園,4歳,83.89282899921199,29.5,0.2608695652173913,1.1304347826086956,17.347826086956523,0.40455511015177986,2.8438247118376943
港北区,ばばほいくしつ綱島,2歳,83.83333333333334,29.5,0.0,1.2173913043478262,7.130434782608695,0.3594202898550724,2.84180790960452
南区,清水ヶ丘保育園,3歳,83.80952380952381,29.5,0.0,2.739130434782609,15.652173913043478,0.5012939958592133,2.841000807102502
緑区,横浜市十日市場保育園,0歳,83.76488095238095,29.5,3.9565217391304346,2.739130434782609,6.043478260869565,0.43033126293995855,2.839487489911219
泉区,苗場保育園,3歳,83.75,29.5,0.0,1.1304347826086956,13.217391304347826,0.46376811594202894,2.8389830508474576
港北区,ちいさなたね保育園,5歳,83.75,29.5,0.0,1.0,11.0,0.41304347826086957,2.8389830508474576
緑区,たけやまの森保育園,5歳,83.75,29.5,0.43478260869565216,1.2173913043478262,14.26086956521739,0.358695652173913,2.8389830508474576
鶴見区,明日葉保育園駒岡園,5歳,83.75,29.5,0.0,1.608695652173913,9.08695652173913,0.4782608695652174,2.8389830508474576
港北区,みらいく矢上園,5歳,83.75,29.5,0.0,2.3043478260869565,9.08695652173913,0.4673913043478261,2.8389830508474576
鶴見区,矢向つぼみ保育園,2歳,83.75,29.5,0.17391304347826086,1.3043478260869565,6.521739130434782,0.3804347826086957,2.8389830508474576
磯子区,磯子おひさま保育園,0歳,83.61874951600254,29.5,4.478260869565218,2.347826086956522,6.869565217391305,0.41966060617756584,2.834533881898391
中区,横濱中華幼保園,4歳,83.375,29.5,1.4782608695652173,1.6956521739130435,24.304347826086957,0.3717391304347826,2.8262711864406778
西区,アミー保育園高島園,2歳,83.36065573770492,29.5,0.6521739130434783,1.2173913043478262,6.130434782608695,0.3983131385127109,2.8257849402611837
神奈川区,横浜すきっぷ保育園,3歳,83.25,29.5,0.043478260869565216,1.4782608695652173,9.391304347826088,0.36086956521739133,2.8220338983050848
神奈川区,横浜市松見保育園,3歳,83.125,29.5,0.043478260869565216,1.0434782608695652,20.869565217391305,0.4166666666666667,2.8177966101694913
青葉区,横浜市すすき野保育園,0歳,83.02380952380952,29.5,2.260869565217391,2.217391304347826,6.782608695652174,0.42401656314699787,2.814366424535916
戸塚区,ことは保育園,4歳,83.0,29.5,0.0,1.9565217391304348,20.217391304347824,0.4043478260869566,2.8135593220338984
青葉区,江田ひまわり保育園,2歳,82.57535460992908,29.5,0.08695652173913043,0.9565217391304348,4.173913043478261,0.41019118100524204,2.799164563048443
港北区,光の園アンティー保育園,5歳,82.5,29.5,0.0,0.9130434782608695,12.608695652173912,0.45652173913043476,2.7966101694915255
港北区,岩崎学園新横浜第二保育園,4歳,82.5,29.5,0.0,1.1304347826086956,24.608695652173914,0.42028985507246375,2.7966101694915255
神奈川区,アイン高島台保育園,4歳,82.5,29.5,0.0,1.173913043478261,10.782608695652174,0.4275362318840579,2.7966101694915255
青葉区,たまプラーザ　こどもの詩保育園,5歳,82.5,29.5,0.0,1.1304347826086956,9.826086956521738,0.42028985507246375,2.7966101694915255
神奈川区,マフィス白楽ナーサリー,3歳,82.5,29.5,0.0,1.391304347826087,9.565217391304348,0.3731884057971015,2.7966101694915255
神奈川区,スターチャイルド≪白楽ナーサリー≫,4歳,82.5,29.5,0.043478260869565216,1.4782608695652173,11.434782608695652,0.4782608695652174,2.7966101694915255
保土ケ谷区,ポポラー横浜和田町園,3歳,82.41666666666667,29.5,0.0,0.9565217391304348,11.0,0.41159420289855075,2.7937853107344632
栄区,エミールの森ひよこ保育園,4歳,82.1789324653329,29.5,0.2608695652173913,1.434782608695652,4.6521739130434785,0.4248933408811631,2.785726524248573
港北区,ベイキッズ星の森保育園,2歳,82.08333333333333,29.5,0.0,0.8695652173913043,3.130434782608696,0.42028985507246375,2.7824858757062145
保土ケ谷区,ゆめの樹保育園ほどがや,5歳,82.05357142857143,29.5,0.0,1.3478260869565217,10.652173913043478,0.3669772256728778,2.7814769975786926
鶴見区,トライアングル　スマイル,0歳,82.03571428571429,29.5,3.217391304347826,2.3043478260869565,3.608695652173913,0.4425465838509317,2.7808716707021794
港北区,ぶれすと綱島ほいくえん,5歳,81.875,29.5,0.08695652173913043,1.391304347826087,13.608695652173912,0.3731884057971015,2.7754237288135593
緑区,小山保育園,5歳,81.875,29.5,0.0,1.391304347826087,18.565217391304348,0.3731884057971015,2.7754237288135593
青葉区,もみじ保育園,3歳,81.86607142857143,29.5,0.08695652173913043,2.260869565217391,20.652173913043477,0.40512422360248446,2.775121065375303
神奈川区,白幡フレール保育園,3歳,81.7840909090909,29.5,0.0,1.7826086956521738,22.08695652173913,0.3677865612648221,2.772342064714946
港北区,おおつな保育園,4歳,81.75,29.5,0.0,1.565217391304348,33.869565217391305,0.46304347826086956,2.7711864406779663
瀬谷区,瀬谷愛児園,3歳,81.72619047619048,29.5,0.043478260869565216,2.130434782608696,11.130434782608695,0.47851966873706003,2.7703793381759487
青葉区,あゆみ保育園 藤が丘,3歳,51.25,18.5,0.0,1.0,5.666666666666667,0.4444444444444444,2.77027027027027
都筑区,まなびの森　中川こども園,2歳,51.1473880597015,18.5,0.16666666666666666,1.25,18.333333333333332,0.44558457711442784,2.764723678902784
緑区,もりの風保育園,4歳,81.52266894781864,29.5,0.4782608695652174,1.826086956521739,17.217391304347824,0.39617969030882333,2.763480303315886
港北区,スターチャイルド≪大倉山ナーサリー≫,3歳,81.5,29.5,0.0,1.826086956521739,10.521739130434783,0.46304347826086956,2.76271186440678
港北区,アイグラン保育園高田東,5歳,81.45833333333334,29.5,0.0,1.391304347826087,17.304347826086957,0.4891304347826087,2.7612994350282487
鶴見区,Gakkenほいくえん矢向,3歳,81.42857142857143,29.5,0.0,1.0434782608695652,9.956521739130435,0.4285714285714286,2.7602905569007263
鶴見区,矢向保育園,5歳,81.375,29.5,0.0,1.3478260869565217,15.652173913043478,0.3717391304347826,2.7584745762711864
神奈川区,メリー★ポピンズ東神奈川ルーム,3歳,81.25,29.5,0.0,0.9565217391304348,6.0,0.43478260869565216,2.7542372881355934
神奈川区,Gakkenほいくえん反町,5歳,81.25,29.5,0.0,0.9130434782608695,11.08695652173913,0.45652173913043476,2.7542372881355934
港北区,ぶれすと綱島二階ほいくえん,5歳,81.25,29.5,0.08695652173913043,1.434782608695652,12.043478260869565,0.3768115942028985,2.7542372881355934
鶴見区,幸いづみ保育園,5歳,81.25,29.5,0.0,0.8695652173913043,5.130434782608695,0.43478260869565216,2.7542372881355934
港北区,聖保育園第二,3歳,81.25,29.5,0.0,1.434782608695652,7.304347826086956,0.46014492753623193,2.7542372881355934
鶴見区,実遊中央保育園,2歳,81.0,29.5,0.0,2.0869565217391304,6.869565217391305,0.3855072463768116,2.7457627118644066
旭区,認定こども園　希望ヶ丘幼稚園・希望ヶ丘保育園,4歳,80.85572139303483,29.5,0.08695652173913043,1.6521739130434783,5.0,0.4723339822626,2.7408719116282994
港北区,聖保育園第二,4歳,80.83333333333334,29.5,0.0,1.391304347826087,6.956521739130435,0.46376811594202894,2.740112994350283
港北区,大倉山きずな保育園,5歳,80.75,29.5,0.0,2.0434782608695654,2.1739130434782608,0.3869565217391305,2.73728813559322
金沢区,すくすくキッズとらまる保育園,2歳,50.625,18.5,0.0,1.5833333333333333,6.416666666666667,0.46527777777777773,2.7364864864864864
瀬谷区,シャローム三育保育園,3歳,80.72251773049646,29.5,0.5217391304347826,1.3478260869565217,14.652173913043478,0.4174375578168363,2.7363565332371684
中区,山元町保育園,4歳,80.71428571428571,29.5,0.0,2.1739130434782608,22.73913043478261,0.38716356107660455,2.7360774818401934
鶴見区,尻手すきっぷ保育園,5歳,80.625,29.5,0.0,1.4782608695652173,10.478260869565217,0.3804347826086957,2.733050847457627
神奈川区,スターチャイルド≪白楽ナーサリー≫,5歳,80.625,29.5,0.0,1.4782608695652173,11.521739130434783,0.3804347826086957,2.733050847457627
鶴見区,ミアヘルサ保育園ひびき矢向,4歳,80.625,29.5,0.0,1.3478260869565217,10.608695652173912,0.41666666666666663,2.733050847457627
中区,アスク馬車道保育園,5歳,80.59523809523809,29.5,0.0,2.391304347826087,14.434782608695652,0.5056935817805384,2.732041969330105
瀬谷区,グローバルキッズ三ツ境園,5歳,80.58333333333334,29.5,0.0,1.608695652173913,9.73913043478261,0.4731884057971014,2.7316384180790965
瀬谷区,認定こども園二ツ橋あいりん幼稚園,4歳,80.57692307692308,29.5,0.0,3.652173913043478,8.869565217391305,0.3879598662207358,2.7314211212516297
保土ケ谷区,桜ケ丘保育園,0歳,30.011682242990656,11.0,0.5454545454545454,1.7272727272727273,4.2727272727272725,0.4543330501274427,2.7283347493627867
港北区,菊名こども園,5歳,30.0,11.0,0.0,0.9090909090909091,11.090909090909092,0.45454545454545453,2.727272727272727
港北区,ヴィラ日吉こども園,5歳,30.0,11.0,0.0,0.9090909090909091,13.0,0.45454545454545453,2.727272727272727
青葉区,ピッピ保育園,5歳,30.0,11.0,0.0,0.9090909090909091,5.0,0.45454545454545453,2.727272727272727
鶴見区,花園保育園ベビーホーム,5歳,80.41666666666667,29.5,0.0,1.1304347826086956,20.869565217391305,0.4057971014492754,2.725988700564972
保土ケ谷区,保土ケ谷保育園,4歳,80.41666666666667,29.5,0.0,0.9565217391304348,22.82608695652174,0.46376811594202894,2.725988700564972
青葉区,グローバルキッズ藤が丘一丁目園,4歳,80.41666666666667,29.5,0.08695652173913043,1.0869565217391304,10.695652173913043,0.45652173913043476,2.725988700564972
鶴見区,花園保育園ベビーホーム,4歳,80.375,29.5,0.0,1.608695652173913,17.91304347826087,0.4036231884057971,2.7245762711864407
港北区,ブライト保育園横浜綱島,5歳,80.25,29.5,0.0,1.4782608695652173,10.521739130434783,0.3782608695652174,2.7203389830508473
港北区,スターチャイルド《日吉本町ナーサリー》,3歳,80.16666666666667,29.5,0.0,1.5217391304347827,9.0,0.4695652173913043,2.7175141242937855
保土ケ谷区,横浜市天王町保育園,3歳,80.13992537313433,29.5,0.17391304347826086,1.608695652173913,19.043478260869566,0.4462470257408609,2.7166076397672656
戸塚区,岩崎学園東戸塚保育園,5歳,80.0,29.5,0.043478260869565216,1.3043478260869565,36.52173913043478,0.45289855072463764,2.711864406779661
中区,横浜市山手保育園,4歳,80.0,29.5,0.0,1.8695652173913044,13.608695652173912,0.3804347826086957,2.711864406779661
神奈川区,浦島保育園,4歳,80.0,29.5,0.0,0.9130434782608695,20.956521739130434,0.45652173913043476,2.711864406779661
港北区,くっくおさんぽ保育園大倉山,4歳,79.98708206686929,29.5,0.043478260869565216,1.826086956521739,7.695652173913044,0.37895687414651336,2.711426510741332
神奈川区,白幡保育園,0歳,79.92160587639312,29.5,1.7826086956521738,2.6956521739130435,9.304347826086957,0.4258167775281559,2.7092069788607835
青葉区,ニチイキッズ美しが丘保育園,4歳,79.64285714285715,29.5,0.0,2.4782608695652173,16.0,0.40062111801242234,2.699757869249395
南区,三春台保育園,4歳,79.58333333333334,29.5,0.0,1.5217391304347827,15.91304347826087,0.46014492753623193,2.697740112994351
神奈川区,たいせつ保育園,1歳,79.5,29.5,0.08695652173913043,1.2608695652173914,8.73913043478261,0.43333333333333335,2.694915254237288
神奈川区,アイン松本町保育園,3歳,79.5,29.5,0.0,1.7391304347826086,13.217391304347826,0.491304347826087,2.694915254237288
神奈川区,キッズパートナー妙蓮寺,4歳,79.5,29.5,0.0,1.2173913043478262,11.565217391304348,0.45507246376811594,2.694915254237288
中区,木下の保育園　山下町,3歳,79.5,29.5,0.0,1.8695652173913044,7.130434782608695,0.5043478260869565,2.694915254237288
港北区,みらいこうほく保育園,2歳,79.41666666666667,29.5,0.0,1.391304347826087,5.956521739130435,0.4434782608695652,2.692090395480226
泉区,横浜市和泉保育園,3歳,79.375,29.5,0.13043478260869565,1.3478260869565217,20.130434782608695,0.42391304347826086,2.690677966101695
磯子区,杉田幼児園,5歳,79.375,29.5,0.0,1.3478260869565217,29.304347826086957,0.4673913043478261,2.690677966101695
西区,ポピンズナーサリースクール横浜,3歳,79.375,29.5,0.0,1.3478260869565217,10.608695652173912,0.4746376811594203,2.690677966101695
港北区,大倉山元気の泉保育園,3歳,79.375,29.5,0.0,1.5217391304347827,14.782608695652174,0.4673913043478261,2.690677966101695
青葉区,もみじ保育園,4歳,79.32624113475177,29.5,0.391304347826087,3.4782608695652173,19.304347826086957,0.49545174221399935,2.689025123211924
中区,横浜市錦保育園,3歳,79.26587301587301,29.5,0.0,2.4347826086956523,11.304347826086957,0.5034506556245687,2.68697874630078
金沢区,しののめ並木保育園,4歳,79.23148148148148,29.5,0.6086956521739131,1.5217391304347827,20.91304347826087,0.39146537842190016,2.6858129315756436
中区,保育園ばんびーな,3歳,79.16666666666667,29.5,0.0,1.0869565217391304,7.869565217391305,0.4855072463768116,2.68361581920904
鶴見区,鶴見乳幼児福祉センター保育園,4歳,79.16666666666667,29.5,0.043478260869565216,1.3478260869565217,21.26086956521739,0.45652173913043476,2.68361581920904
中区,保育園ばんびーな,1歳,79.0952380952381,29.5,0.30434782608695654,2.5217391304347827,6.478260869565218,0.5042443064182195,2.6811945117029867
鶴見区,実遊中央保育園,4歳,79.0462962962963,29.5,0.8260869565217391,1.4782608695652173,7.086956521739131,0.4003220611916264,2.679535467671061
青葉区,横浜ナザレ保育園,4歳,79.03429933969186,29.5,0.21739130434782608,1.1304347826086956,11.608695652173912,0.4510457537188852,2.679128791175995
瀬谷区,認定こども園二ツ橋あいりん幼稚園,3歳,78.97727272727273,29.5,0.043478260869565216,4.608695652173913,10.26086956521739,0.3972332015810277,2.677195685670262
神奈川区,きゃんばす子安台保育園,5歳,78.95833333333333,29.5,0.0,1.5217391304347827,11.478260869565217,0.38768115942028986,2.676553672316384
保土ケ谷区,笹山保育園,5歳,78.95833333333333,29.5,0.0,1.5217391304347827,16.47826086956522,0.38768115942028986,2.676553672316384
港北区,岩崎学園新横浜保育園,5歳,78.95833333333333,29.5,0.0,1.5217391304347827,24.47826086956522,0.38768115942028986,2.676553672316384
中区,打越保育園,1歳,78.77976190476191,29.5,0.2608695652173913,1.6956521739130435,10.304347826086957,0.47023809523809523,2.670500403551251
神奈川区,聖徳保育園,2歳,78.76190476190476,29.5,0.5217391304347826,2.391304347826087,42.0,0.44808488612836433,2.6698950766747376
青葉区,小桜愛児園,5歳,78.75,29.5,0.0,2.391304347826087,32.608695652173914,0.3985507246376812,2.669491525423729
港北区,まめどくれっしゅ,5歳,78.75,29.5,0.0,1.1304347826086956,9.826086956521738,0.4782608695652174,2.669491525423729
青葉区,ポピンズナーサリースクールたまプラーザ,5歳,78.75,29.5,0.0,0.9565217391304348,12.043478260869565,0.4782608695652174,2.669491525423729
金沢区,アイン金沢文庫保育園,4歳,78.75,29.5,0.0,1.0434782608695652,14.521739130434783,0.46376811594202894,2.669491525423729
鶴見区,生麦保育園,2歳,78.58333333333333,29.5,0.0,2.217391304347826,14.608695652173912,0.3898550724637681,2.6638418079096042
鶴見区,矢向あけぼの保育園,0歳,78.48565573770492,29.5,1.608695652173913,1.7391304347826086,3.9130434782608696,0.45121168923734856,2.660530702973048
鶴見区,ビーンズ保育園,4歳,78.375,29.5,0.0,2.130434782608696,17.869565217391305,0.4079710144927536,2.656779661016949
磯子区,日枝幼児園,4歳,78.21428571428572,29.5,0.0,2.5652173913043477,13.652173913043478,0.49378881987577633,2.6513317191283297
港南区,横浜市野庭第二保育園,5歳,78.125,29.5,0.0,1.565217391304348,24.869565217391305,0.42391304347826086,2.6483050847457625
瀬谷区,認定こども園二ツ橋あいりん幼稚園,5歳,78.07142857142857,29.5,0.0,5.739130434782608,6.391304347826087,0.40248447204968946,2.6464891041162226
鶴見区,花園保育園ベビーホーム,2歳,78.0,29.5,0.043478260869565216,1.565217391304348,15.782608695652174,0.4318840579710145,2.6440677966101696
中区,ル・ボワ保育園,1歳,77.92553191489363,29.5,0.21739130434782608,1.3043478260869565,6.739130434782608,0.47941720629047174,2.641543454742157
港北区,菊名愛児園,5歳,77.75,29.5,0.043478260869565216,1.608695652173913,12.434782608695652,0.4956521739130435,2.635593220338983
港北区,ミアヘルサ保育園ひびき綱島,4歳,48.75,18.5,0.0,1.8333333333333333,3.1666666666666665,0.4861111111111111,2.635135135135135
神奈川区,ナーサリー横浜ポートサイド,5歳,77.57142857142857,29.5,0.0,1.9130434782608696,16.130434782608695,0.4198757763975155,2.62953995157385
旭区,認定こども園　若葉台こども園,3歳,77.5462962962963,29.5,0.08695652173913043,2.9565217391304346,15.608695652173912,0.501610305958132,2.6286880100439425
旭区,認定こども園やつはしキッズ　八ッ橋幼稚園,3歳,77.51551418439716,29.5,0.43478260869565216,3.0,11.26086956521739,0.43253417617432416,2.6276445486236324
神奈川区,空と杜の保育園かんだいじ,4歳,77.5,29.5,0.0,3.391304347826087,9.304347826086957,0.5217391304347826,2.6271186440677967
保土ケ谷区,プチアンジュ保育園,4歳,77.5,29.5,0.0,1.2173913043478262,15.521739130434783,0.4782608695652174,2.6271186440677967
鶴見区,ビーンズ保育園,5歳,77.5,29.5,0.0,1.0,19.043478260869566,0.45289855072463764,2.6271186440677967
青葉区,荏田北幼保連携型認定こども園,4歳,77.33333333333333,29.5,0.0,1.3478260869565217,17.82608695652174,0.4623188405797101,2.621468926553672
青葉区,藤が丘もみじ保育センター,3歳,28.75,11.0,0.0,1.9090909090909092,4.0,0.4772727272727273,2.6136363636363638
鶴見区,ヨコハマさくら保育園,5歳,77.08333333333333,29.5,0.0,1.0434782608695652,16.91304347826087,0.4927536231884058,2.6129943502824857
神奈川区,神ノ木保育園,4歳,77.0,29.5,0.21739130434782608,1.9130434782608696,32.30434782608695,0.46956521739130436,2.610169491525424
西区,浅間幼育園,3歳,76.875,29.5,0.043478260869565216,1.4782608695652173,13.173913043478262,0.4746376811594203,2.6059322033898304
神奈川区,Gakkenほいくえん反町,4歳,76.66666666666667,29.5,0.0,1.0869565217391304,10.826086956521738,0.4710144927536232,2.598870056497175
神奈川区,きゃんばす子安台保育園,4歳,76.66666666666667,29.5,0.0,1.4782608695652173,11.347826086956522,0.5072463768115941,2.598870056497175
神奈川区,たいせつ保育園,0歳,76.64285714285714,29.5,1.0434782608695652,2.391304347826087,3.608695652173913,0.462111801242236,2.598062953995157
戸塚区,エミールの森ひばり保育園,4歳,76.41400709219857,29.5,0.043478260869565216,1.9565217391304348,4.3478260869565215,0.4424144310823312,2.5903053251592736
港北区,スターチャイルド≪日吉本町駅前ナーサリー≫,2歳,47.875,18.5,0.25,2.0833333333333335,8.416666666666666,0.49583333333333335,2.5878378378378377
金沢区,しののめ並木保育園,2歳,76.33333333333333,29.5,0.21739130434782608,1.7391304347826086,17.304347826086957,0.41739130434782606,2.5875706214689265
西区,浅間幼育園,1歳,76.2754329004329,29.5,0.0,3.5217391304347827,11.043478260869565,0.40696718740196997,2.585607894929929
神奈川区,白百合乳児保育園,4歳,76.25,29.5,0.0,1.2173913043478262,17.17391304347826,0.4782608695652174,2.5847457627118646
磯子区,森幼児園,5歳,76.25,29.5,0.0,0.9565217391304348,11.695652173913043,0.4782608695652174,2.5847457627118646
鶴見区,ヨコハマさくら保育園,2歳,76.25,29.5,0.0,1.391304347826087,16.608695652173914,0.427536231884058,2.5847457627118646
都筑区,すまいるセンターみなみ保育園,2歳,76.25,29.5,0.391304347826087,1.1304347826086956,3.869565217391304,0.4492753623188405,2.5847457627118646
神奈川区,空と杜の保育園かんだいじ,3歳,76.25,29.5,0.0,1.3043478260869565,11.565217391304348,0.44565217391304346,2.5847457627118646
保土ケ谷区,横浜市神戸保育園,4歳,76.08333333333333,29.5,0.0,2.608695652173913,22.26086956521739,0.4007246376811594,2.57909604519774
泉区,認定こども園　明成幼稚園,4歳,75.83333333333334,29.5,0.0,1.391304347826087,5.086956521739131,0.46376811594202894,2.570621468926554
港北区,大倉山元気の泉保育園,4歳,75.83333333333334,29.5,0.08695652173913043,1.7391304347826086,14.521739130434783,0.49275362318840576,2.570621468926554
磯子区,岡村幼児園,1歳,75.76190476190476,29.5,0.17391304347826086,1.8695652173913044,15.782608695652174,0.47784679089026916,2.5682001614205
西区,ポピンズナーサリースクール横浜,5歳,75.75,29.5,0.0,2.0869565217391304,9.91304347826087,0.40869565217391307,2.5677966101694913
保土ケ谷区,認定こども園峯岡幼稚園,4歳,75.75,29.5,0.0,1.0434782608695652,9.0,0.46956521739130436,2.5677966101694913
港南区,港南中央サンフラワー保育園,2歳,47.5,18.5,0.0,1.5,6.333333333333333,0.4861111111111111,2.5675675675675675
港北区,スターチャイルド≪新吉田ナーサリー≫,4歳,75.61968085106383,29.5,0.08695652173913043,1.7391304347826086,9.608695652173912,0.465263644773358,2.563379011900469
都筑区,エンジェルプラネット仲町台,2歳,70.37234042553192,27.5,0.22727272727272727,1.1818181818181819,6.7727272727272725,0.4587362991618311,2.5589941972920696
都筑区,なかまちっこ　じゃんぷ園,4歳,75.47543281392012,29.5,0.34782608695652173,1.3043478260869565,12.608695652173912,0.47007766361341397,2.558489247929496
中区,山元町保育園,3歳,75.43905472636816,29.5,0.043478260869565216,2.5217391304347827,22.47826086956522,0.5353774605234696,2.5572560924192596
港北区,キッズパートナー綱島東,3歳,75.41666666666667,29.5,0.17391304347826086,1.434782608695652,11.173913043478262,0.4782608695652174,2.556497175141243
神奈川区,聖徳保育園,3歳,75.40178571428571,29.5,0.08695652173913043,2.347826086956522,36.391304347826086,0.4136128364389234,2.5559927360774815
西区,ムーミン保育園,3歳,75.37234042553192,29.5,0.043478260869565216,1.2608695652173914,11.304347826086957,0.47502312673450503,2.554994590695997
青葉区,京進のほいくえんＨＯＰＰＡたまプラーザ,4歳,75.33333333333334,29.5,0.0,1.391304347826087,10.304347826086957,0.494927536231884,2.5536723163841812
青葉区,あっぷるキッズ青葉台,3歳,75.0,29.5,0.0,1.2608695652173914,9.391304347826088,0.4855072463768116,2.542372881355932
神奈川区,白百合乳児保育園,1歳,74.94047619047619,29.5,0.30434782608695654,3.0,13.26086956521739,0.4097653554175293,2.540355125100888
青葉区,アートチャイルドケアろりぽっぷたまプラーザ,3歳,74.91071428571429,29.5,0.043478260869565216,2.869565217391304,11.434782608695652,0.5333850931677019,2.539346246973366
西区,にじいろ保育園みなとみらい,4歳,74.91071428571429,29.5,0.0,3.260869565217391,13.173913043478262,0.5333850931677019,2.539346246973366
鶴見区,スターチャイルド≪生麦ナーサリー≫,3歳,74.78060039129372,29.5,0.13043478260869565,1.3478260869565217,10.521739130434783,0.4894515508203345,2.5349356064845328
瀬谷区,瀬谷愛児園,4歳,74.64285714285714,29.5,0.0,3.652173913043478,10.304347826086957,0.547360248447205,2.530266343825666
旭区,まきが原愛児園,5歳,74.58333333333334,29.5,0.043478260869565216,1.434782608695652,22.565217391304348,0.5289855072463768,2.528248587570622
港北区,ララランド大倉山,4歳,74.58333333333333,29.5,0.0,1.8695652173913044,7.956521739130435,0.5036231884057971,2.528248587570621
青葉区,認定こども園あざみ野白ゆり幼稚園,3歳,74.40277777777777,29.5,0.0,3.6956521739130435,4.956521739130435,0.5258454106280194,2.522128060263653
港北区,くっくおさんぽ保育園,5歳,74.375,29.5,0.17391304347826086,1.2608695652173914,10.478260869565217,0.45289855072463764,2.5211864406779663
港北区,ぶれすと綱島二階ほいくえん,3歳,74.35344827586208,29.5,0.08695652173913043,1.608695652173913,11.26086956521739,0.49475262368815587,2.5204558737580367
鶴見区,ユニコーン・キッズクラブ,2歳,74.16666666666667,29.5,0.0,1.391304347826087,4.391304347826087,0.49275362318840576,2.514124293785311
港北区,明日葉保育園大倉山園,5歳,73.75,29.5,0.0,1.0,10.0,0.5,2.5
都筑区,エンジェルプラネット仲町台園,0歳,5.0,2.0,0.0,1.0,2.0,0.5,2.5
瀬谷区,新美保育室（にいみ＊るーむ）,2歳,27.5,11.0,0.0,1.0,2.0,0.5,2.5
戸塚区,おれんじハウス戸塚保育園,3歳,5.0,2.0,0.0,1.0,12.0,0.5,2.5
南区,アスクバイリンガル保育園 吉野町,4歳,5.0,2.0,0.0,1.0,7.0,0.5,2.5
泉区,認定こども園　ＹＭＣＡいずみ保育園,5歳,5.0,2.0,0.0,1.0,21.0,0.5,2.5
都筑区,エンジェルプラネット中川園,2歳,5.0,2.0,0.0,1.0,11.0,0.5,2.5
神奈川区,マフィス白楽ナーサリー,4歳,73.75,29.5,0.0,1.1304347826086956,9.73913043478261,0.4891304347826087,2.5
磯子区,アスクバイリンガル保育園 新杉田,5歳,5.0,2.0,0.0,1.0,6.0,0.5,2.5
港北区,わかさと保育園,5歳,73.75,29.5,0.0,1.0,11.0,0.5,2.5
泉区,認定こども園　ＹＭＣＡいずみ保育園,4歳,5.0,2.0,0.0,1.0,21.0,0.5,2.5
栄区,ぶれすと大船保育園,2歳,5.0,2.0,0.0,1.0,21.0,0.5,2.5
泉区,認定こども園　ＹＭＣＡいずみ保育園,3歳,5.0,2.0,0.0,1.0,21.0,0.5,2.5
戸塚区,松みどり保育所,4歳,73.63095238095238,29.5,0.0,2.5652173913043477,20.782608695652176,0.5372670807453417,2.495964487489911
港北区,くっくおさんぽ保育園大倉山,3歳,73.55970149253731,29.5,0.4782608695652174,1.608695652173913,6.6521739130434785,0.4523794073112697,2.4935492031368582
中区,アスク本牧保育園,4歳,73.55099502487562,29.5,0.4782608695652174,1.9565217391304348,12.478260869565217,0.5361778066190785,2.4932540686398514
都筑区,わおわお仲町台保育園,5歳,73.33333333333334,29.5,0.0,1.391304347826087,20.608695652173914,0.536231884057971,2.4858757062146895
中区,ラフ・クルー元町保育園,3歳,73.33333333333334,29.5,0.0,1.391304347826087,9.608695652173912,0.4492753623188405,2.4858757062146895
青葉区,あっぷるキッズ青葉台,4歳,73.33333333333334,29.5,0.08695652173913043,1.391304347826087,9.130434782608695,0.5072463768115941,2.4858757062146895
神奈川区,横浜すきっぷ保育園,5歳,73.28900709219859,29.5,0.043478260869565216,1.0434782608695652,9.956521739130435,0.5040086339808819,2.4843731217694436
港北区,横浜市大曽根保育園,4歳,73.21428571428572,29.5,0.0,2.652173913043478,13.304347826086957,0.5227743271221532,2.481840193704601
神奈川区,グローバルキッズ白楽園,4歳,73.05851063829788,29.5,0.043478260869565216,1.7391304347826086,10.130434782608695,0.5402405180388529,2.476559682654165
港北区,保育室プリンプリンROOM,4歳,73.0,29.5,0.0,2.0869565217391304,16.0,0.518840579710145,2.4745762711864407
神奈川区,ひびき金港町保育園,5歳,72.91666666666667,29.5,0.0,1.2608695652173914,13.73913043478261,0.5289855072463768,2.471751412429379
神奈川区,クルミ保育園,3歳,45.70035460992908,18.5,0.16666666666666666,1.25,10.583333333333334,0.5014775413711584,2.470289438374545
港北区,キッズラディ,3歳,72.83333333333334,29.5,0.0,1.565217391304348,11.652173913043478,0.4985507246376812,2.4689265536723166
旭区,認定こども園　横浜三輪幼稚園,2歳,45.625,18.5,0.0,1.8333333333333333,2.9166666666666665,0.5208333333333334,2.4662162162162162
瀬谷区,瀬谷愛児園,5歳,72.75,29.5,0.0,2.9565217391304346,10.304347826086957,0.5521739130434783,2.4661016949152543
港南区,笹下南つくしんぼ保育園,5歳,72.625,29.5,0.0,1.6956521739130435,18.82608695652174,0.43695652173913047,2.461864406779661
保土ケ谷区,横浜市神戸保育園,3歳,72.58333333333333,29.5,0.0,3.782608695652174,19.434782608695652,0.4227053140096618,2.4604519774011298
西区,横浜西口保育園,4歳,72.5,29.5,0.0,2.5217391304347827,5.565217391304348,0.5391304347826087,2.457627118644068
神奈川区,リトルスカラー新子安保育園,2歳,72.5,29.5,0.0,1.4782608695652173,6.086956521739131,0.46376811594202894,2.457627118644068
鶴見区,ビーンズ保育園,3歳,72.34422492401215,29.5,0.043478260869565216,3.0,17.0,0.5609444517862648,2.452346607593632
都筑区,キャリー保育園なかまちだい,2歳,72.33333333333333,29.5,0.0,1.5217391304347827,5.6521739130434785,0.5057971014492754,2.4519774011299433
鶴見区,Gakkenほいくえん矢向,5歳,72.25,29.5,0.0,2.347826086956522,8.608695652173912,0.4253623188405797,2.4491525423728815
旭区,横浜市柏保育園,4歳,72.08333333333334,29.5,0.043478260869565216,1.7826086956521738,21.608695652173914,0.49275362318840576,2.4435028248587574
神奈川区,三ツ沢保育園,5歳,72.08333333333334,29.5,0.0,1.5217391304347827,7.217391304347826,0.5434782608695652,2.4435028248587574
港北区,キディ大倉山・横浜,5歳,72.0,29.5,0.0,2.391304347826087,9.652173913043478,0.42681159420289855,2.440677966101695
金沢区,かぜのね保育園,4歳,19.5,8.0,0.125,2.875,16.375,0.5125000000000001,2.4375
青葉区,京進のほいくえんＨＯＰＰＡたまプラーザ,3歳,71.80851063829788,29.5,0.043478260869565216,1.608695652173913,9.91304347826087,0.49676225716928774,2.434186801298233
旭区,横浜市左近山保育園,4歳,71.73214285714286,29.5,0.0,3.1739130434782608,22.347826086956523,0.47810559006211184,2.4315980629539955
神奈川区,エンゼル保育園,4歳,71.66666666666667,29.5,0.0,1.3478260869565217,6.521739130434782,0.5289855072463768,2.4293785310734464
神奈川区,あおぞら菅田保育園,3歳,71.66666666666667,29.5,0.043478260869565216,1.3478260869565217,13.521739130434783,0.5144927536231884,2.4293785310734464
緑区,スターチャイルド≪鴨居駅前ナーサリー≫,3歳,44.92045454545455,18.5,0.08333333333333333,5.666666666666667,4.0,0.5286616161616161,2.428132678132678
港北区,みらいく矢上園,4歳,71.58333333333333,29.5,0.0,2.3043478260869565,8.782608695652174,0.5173913043478261,2.426553672316384
保土ケ谷区,プチアンジュ保育園,5歳,71.25,29.5,0.0,1.0869565217391304,15.956521739130435,0.5108695652173914,2.4152542372881354
青葉区,グローバルキッズ藤が丘一丁目園,5歳,71.25,29.5,0.0,1.2608695652173914,10.652173913043478,0.5,2.4152542372881354
港北区,認定こども園高木学園附属幼稚園（保育所部分）,5歳,71.25,29.5,0.0,1.565217391304348,1.0434782608695652,0.5217391304347826,2.4152542372881354
西区,ポピンズナーサリースクール横浜,4歳,71.25,29.5,0.0,2.391304347826087,9.08695652173913,0.5434782608695652,2.4152542372881354
神奈川区,ＧＥＮＫＩＤＳバイリンガル保育園新子安,5歳,71.25,29.5,0.0,1.826086956521739,10.217391304347826,0.5543478260869565,2.4152542372881354
保土ケ谷区,えぶち保育園（分園含む）,5歳,71.25,29.5,0.0,1.434782608695652,10.304347826086957,0.5108695652173914,2.4152542372881354
神奈川区,聖徳保育園,5歳,71.18650793650794,29.5,0.0,4.3478260869565215,40.65217391304348,0.5712042788129744,2.413101963949422
鶴見区,三色えのぐの保育園,0歳,71.08928571428571,29.5,0.4782608695652174,3.4782608695652173,4.304347826086956,0.5311076604554865,2.4098062953995156
港北区,にじいろ保育園綱島,4歳,70.75,29.5,0.0,2.391304347826087,8.695652173913043,0.5369565217391304,2.3983050847457625
港北区,明日葉保育園綱島園,5歳,70.625,29.5,0.0,1.6521739130434783,10.434782608695652,0.4673913043478261,2.3940677966101696
泉区,泉の郷保育園いずみ,5歳,70.625,29.5,0.0,1.6956521739130435,13.304347826086957,0.4891304347826087,2.3940677966101696
港北区,つばき駅前保育園,3歳,56.125,23.5,0.0,2.176470588235294,9.529411764705882,0.49607843137254903,2.3882978723404253
都筑区,シープ保育所,5歳,70.41666666666667,29.5,0.0,1.608695652173913,11.173913043478262,0.5434782608695652,2.3870056497175143
港北区,聖保育園,3歳,70.33333333333333,29.5,0.0,1.7826086956521738,20.608695652173914,0.5057971014492754,2.384180790960452
西区,横浜西口保育園,5歳,70.29761904761905,29.5,0.0,2.9130434782608696,1.7826086956521738,0.43788819875776397,2.3829701372074257
西区,みなとみらいくばがさ保育園,4歳,70.04761904761905,29.5,0.0,2.4347826086956523,12.043478260869565,0.5503105590062112,2.374495560936239
西区,ポピンズナーサリースクールみなとみらい,5歳,70.0,29.5,0.0,1.2608695652173914,7.739130434782608,0.5289855072463768,2.3728813559322033
青葉区,アートチャイルドケアろりぽっぷたまプラーザ,4歳,70.0,29.5,0.0,3.391304347826087,10.91304347826087,0.4782608695652174,2.3728813559322033
保土ケ谷区,笹山保育園,4歳,69.95833333333333,29.5,0.08695652173913043,1.7826086956521738,15.782608695652174,0.4978260869565217,2.371468926553672
緑区,やまゆり中山保育園,5歳,69.75,29.5,0.0,1.7826086956521738,18.130434782608695,0.5673913043478261,2.364406779661017
港北区,横浜市太尾保育園,4歳,69.73214285714286,29.5,0.08695652173913043,2.652173913043478,24.304347826086957,0.5305383022774327,2.3638014527845037
港北区,にじいろ保育園綱島,5歳,69.64285714285714,29.5,0.0,2.9130434782608696,9.08695652173913,0.4404761904761905,2.360774818401937
泉区,横浜市和泉保育園,5歳,69.6195652173913,29.5,0.2608695652173913,4.3478260869565215,23.217391304347824,0.444234404536862,2.3599852616064845
西区,京急キッズランド新高島保育園,5歳,69.58333333333334,29.5,0.0,1.434782608695652,10.565217391304348,0.5579710144927535,2.358757062146893
鶴見区,生麦保育園,4歳,69.58333333333334,29.5,0.21739130434782608,1.826086956521739,16.52173913043478,0.5615942028985507,2.358757062146893
青葉区,しらとり台保育園　青葉台,5歳,69.58333333333334,29.5,0.0,1.434782608695652,10.043478260869565,0.5579710144927535,2.358757062146893
神奈川区,東神奈川ひかり保育園,1歳,69.22710754136028,29.5,0.30434782608695654,2.1739130434782608,4.565217391304348,0.4875723234317278,2.346681611571535
戸塚区,キッズパートナー東戸塚第２,5歳,69.16666666666667,29.5,0.0,1.6521739130434783,11.08695652173913,0.5507246376811594,2.344632768361582
港北区,横浜市太尾保育園,5歳,69.16666666666667,29.5,0.0,1.434782608695652,26.304347826086957,0.5579710144927535,2.344632768361582
港北区,うみのくに保育園きくな,5歳,69.16666666666667,29.5,0.0,1.565217391304348,10.347826086956522,0.5217391304347826,2.344632768361582
神奈川区,白楽あいいく保育園,4歳,69.16666666666667,29.5,0.0,1.6521739130434783,16.17391304347826,0.5380434782608695,2.344632768361582
金沢区,北六浦いちい保育園,4歳,69.16666666666667,29.5,0.0,1.608695652173913,14.26086956521739,0.5362318840579711,2.344632768361582
瀬谷区,認定こども園　みなみ幼稚園,4歳,43.333333333333336,18.5,0.0,1.1666666666666667,18.833333333333332,0.5277777777777778,2.3423423423423424
神奈川区,スターチャイルド≪岸根公園ナーサリー≫,5歳,68.95833333333334,29.5,0.0,1.565217391304348,10.434782608695652,0.4818840579710145,2.337570621468927
港北区,岩崎学園新横浜保育園,4歳,68.80635376756067,29.5,0.13043478260869565,2.1739130434782608,22.91304347826087,0.5344938641790216,2.3324187717817173
青葉区,たまプラーザ小桜愛児園,3歳,68.78571428571429,29.5,0.21739130434782608,2.391304347826087,18.17391304347826,0.4889233954451346,2.331719128329298
鶴見区,鶴見中央はなかご保育園,3歳,68.75,29.5,0.0,1.173913043478261,9.826086956521738,0.5289855072463768,2.330508474576271
保土ケ谷区,認定こども園　森のルーナ,4歳,43.0223880597015,18.5,0.08333333333333333,1.6666666666666667,9.333333333333334,0.5497512437810945,2.3255344897135943
緑区,もりの風保育園,3歳,68.59248514988258,29.5,0.30434782608695654,2.4782608695652173,19.0,0.49064742908280634,2.3251689881316127
港北区,おおくらやまえきまえのぞみ保育園,5歳,68.54166666666667,29.5,0.0,1.6521739130434783,12.391304347826088,0.5181159420289855,2.323446327683616
泉区,横浜文化保育園,3歳,68.48214285714286,29.5,0.782608695652174,3.260869565217391,24.695652173913043,0.44720496894409933,2.3214285714285716
戸塚区,聖母の園保育園,4歳,68.375,29.5,0.0,1.9565217391304348,17.434782608695652,0.5304347826086956,2.3177966101694913
鶴見区,駒岡げんきっず保育園,5歳,68.33333333333334,29.5,0.0,1.565217391304348,11.217391304347826,0.5652173913043478,2.3163841807909606
青葉区,ニチイキッズ美しが丘保育園,5歳,68.30357142857143,29.5,0.0,1.7826086956521738,17.26086956521739,0.47567287784679085,2.3153753026634383
鶴見区,スターチャイルド≪生麦ナーサリー≫,4歳,68.25,29.5,0.043478260869565216,2.4782608695652173,9.0,0.5840579710144927,2.3135593220338984
港北区,こどものまち綱島西保育園,5歳,68.14285714285714,29.5,0.2608695652173913,3.608695652173913,2.5217391304347827,0.4491718426501035,2.309927360774818
港南区,認定こども園　竹の子幼稚園,5歳,68.125,29.5,0.0,1.6956521739130435,2.0,0.4891304347826087,2.309322033898305
泉区,ぬくもりの森しんばし　やよい台こども園,3歳,67.8968253968254,29.5,0.13043478260869565,3.217391304347826,5.913043478260869,0.4485852311939268,2.301587301587302
栄区,ぶれすと大船保育園,1歳,4.594594594594596,2.0,2.0,2.0,20.0,0.5405405405405405,2.297297297297298
保土ケ谷区,ダイアナ保育園,3歳,67.625,29.5,0.0,2.347826086956522,15.652173913043478,0.477536231884058,2.292372881355932
港北区,クレシュ新横浜,4歳,67.54761904761905,29.5,0.0,3.0,11.956521739130435,0.560455486542443,2.2897497982243746
中区,山元町保育園,2歳,67.5,29.5,0.13043478260869565,2.4347826086956523,22.47826086956522,0.46557971014492755,2.288135593220339
戸塚区,松みどり保育所,3歳,67.5,29.5,0.0,2.869565217391304,20.47826086956522,0.5724637681159421,2.288135593220339
港北区,みのわのぞみ保育園,3歳,67.375,29.5,0.0,2.217391304347826,15.73913043478261,0.5434782608695652,2.2838983050847457
港北区,キディ大倉山・横浜,4歳,67.20833333333334,29.5,0.0,2.5652173913043477,8.695652173913043,0.5804347826086956,2.278248587570622
港北区,グローバルキッズ日吉園,5歳,67.08333333333334,29.5,0.0,1.3043478260869565,10.695652173913043,0.5507246376811594,2.2740112994350286
鶴見区,駒岡げんきっず保育園,4歳,67.0,29.5,0.0,2.0,10.173913043478262,0.5550724637681159,2.2711864406779663
中区,横浜市錦保育園,2歳,66.95833333333333,29.5,0.13043478260869565,2.130434782608696,9.608695652173912,0.4818840579710145,2.2697740112994347
神奈川区,アイン松本町保育園,4歳,66.95305798593242,29.5,0.30434782608695654,1.5217391304347827,14.304347826086957,0.5297407266515995,2.269595185963811
青葉区,ChaCha Children Kakinokidai,3歳,66.85669781931465,29.5,0.34782608695652173,2.4782608695652173,32.21739130434783,0.5563185696871191,2.2663287396377845
中区,アスク山下町保育園,4歳,62.29166666666667,27.5,0.0,1.6363636363636365,11.272727272727273,0.5189393939393939,2.265151515151515
港北区,日吉箕輪えほんの森保育園,5歳,66.82142857142857,29.5,0.0,3.739130434782609,8.08695652173913,0.45610766045548656,2.265133171912833
緑区,ゆめの実保育園,1歳,66.78174603174602,29.5,0.17391304347826086,3.0,6.391304347826087,0.4880607315389924,2.2637880010761364
神奈川区,きゃんばす東神奈川保育園,0歳,66.70833333333333,29.5,1.5217391304347827,2.9565217391304346,3.391304347826087,0.5347826086956522,2.2612994350282483
西区,横浜市南浅間保育園,4歳,66.66666666666667,29.5,0.0,2.9130434782608696,20.08695652173913,0.4673913043478261,2.2598870056497176
港南区,認定こども園　森が丘幼稚園,4歳,66.375,29.5,0.0,1.9130434782608696,7.782608695652174,0.558695652173913,2.25
神奈川区,キッズパートナー六角橋,5歳,66.25,29.5,0.0,1.391304347826087,11.608695652173912,0.5507246376811594,2.2457627118644066
港北区,横浜市菊名保育園,5歳,66.25,29.5,0.0,1.2608695652173914,18.73913043478261,0.5434782608695652,2.2457627118644066
保土ケ谷区,にじいろ保育園天王町,4歳,66.23015873015873,29.5,0.0,3.3043478260869565,9.217391304347826,0.5810904071773636,2.2450901264460588
保土ケ谷区,桜ヶ丘保育園,3歳,41.529850746268664,18.5,0.08333333333333333,1.6666666666666667,15.166666666666666,0.5497512437810945,2.2448567970956033
神奈川区,キッズラボ白楽園,3歳,66.04166666666667,29.5,0.0,1.8695652173913044,5.608695652173913,0.5108695652173914,2.2387005649717517
鶴見区,ぶれすと尻手ほいくえん,4歳,66.0,29.5,0.0,1.7391304347826086,12.91304347826087,0.5159420289855072,2.23728813559322
神奈川区,グローバルキッズ子安駅前保育園,1歳,65.99702380952381,29.5,0.08695652173913043,3.0,4.826086956521739,0.5020703933747412,2.237187247780468
神奈川区,スターチャイルド≪片倉町ナーサリー≫,5歳,65.89285714285714,29.5,0.0,6.260869565217392,0.5217391304347826,0.46583850931677023,2.2336561743341403
中区,アメリカ山徳育こども園,4歳,65.86453508320467,29.5,0.4782608695652174,1.7391304347826086,20.17391304347826,0.5341489702909739,2.2326961045154126
旭区,認定こども園　若葉台こども園,4歳,65.85714285714286,29.5,0.0,3.1739130434782608,15.173913043478262,0.5587991718426502,2.232445520581114
港北区,アスクバイリンガル保育園ゆめみらい,5歳,41.25,18.5,0.0,1.3333333333333333,17.75,0.5555555555555555,2.22972972972973
港北区,横浜市港北保育園,3歳,65.75,29.5,0.0,2.217391304347826,18.0,0.5391304347826087,2.2288135593220337
鶴見区,尻手すきっぷ保育園,4歳,65.70035460992908,29.5,0.08695652173913043,1.4782608695652173,10.0,0.5732346592661116,2.2271306647433584
金沢区,並木第二保育園,3歳,6.666666666666667,3.0,0.0,1.3333333333333333,18.666666666666668,0.5555555555555555,2.2222222222222223
神奈川区,小鳩保育園,0歳,65.5,29.5,0.8260869565217391,2.4782608695652173,4.565217391304348,0.5297101449275362,2.2203389830508473
神奈川区,ポートサイド野ばな保育園,1歳,65.45833333333333,29.5,0.0,2.0869565217391304,6.391304347826087,0.5413043478260869,2.218926553672316
旭区,ちとせ保育園,5歳,65.33333333333333,29.5,0.0,2.4782608695652173,33.08695652173913,0.4884057971014493,2.214689265536723
神奈川区,キッズラボ白楽園,4歳,65.20833333333334,29.5,0.0,1.8695652173913044,3.652173913043478,0.5253623188405797,2.21045197740113
戸塚区,舞岡保育園,3歳,65.10572139303483,29.5,0.08695652173913043,1.565217391304348,13.26086956521739,0.558565866320571,2.2069736065435532
磯子区,やべのファミリールーム,5歳,65.0,29.5,0.0,1.434782608695652,9.565217391304348,0.5579710144927535,2.2033898305084745
保土ケ谷区,保土ケ谷保育園,5歳,65.0,29.5,0.0,1.9130434782608696,22.0,0.5978260869565217,2.2033898305084745
港北区,リトルスカラー妙蓮寺保育園,4歳,64.875,29.5,0.0,2.260869565217391,8.956521739130435,0.5442028985507247,2.1991525423728815
保土ケ谷区,ラフ・クルー星川保育園,3歳,64.75,29.5,0.0,1.7391304347826086,13.043478260869565,0.5710144927536231,2.194915254237288
青葉区,エンゼルベアあざみ野保育園,5歳,64.58333333333334,29.5,0.0,1.4782608695652173,8.521739130434783,0.5797101449275361,2.1892655367231644
港北区,わおわお大倉山保育園,4歳,64.5,29.5,0.08695652173913043,2.3043478260869565,11.91304347826087,0.55,2.1864406779661016
戸塚区,俣野保育園,4歳,64.45833333333333,29.5,0.0,2.130434782608696,16.434782608695652,0.5514492753623188,2.1850282485875705
鶴見区,横浜矢向雲母保育園,2歳,64.18186423505573,29.5,0.21739130434782608,2.4782608695652173,6.565217391304348,0.5423109114135941,2.175656414747652
港北区,天才キッズクラブ楽学館大倉山園,5歳,64.16666666666667,29.5,0.0,1.5217391304347827,10.521739130434783,0.5833333333333333,2.1751412429378534
中区,木下の保育園　本牧,3歳,64.08333333333333,29.5,0.0,2.782608695652174,11.73913043478261,0.5949275362318841,2.1723163841807906
鶴見区,ゆめいろ保育園,5歳,63.99999999999999,29.5,0.0,2.1739130434782608,20.652173913043477,0.5130434782608696,2.1694915254237284
神奈川区,横浜ノーベル保育園,1歳,63.91666666666667,29.5,0.0,3.0434782608695654,6.782608695652174,0.6,2.166666666666667
港北区,ペガサス新横浜保育園,3歳,63.83333333333333,29.5,0.08695652173913043,2.5217391304347827,11.434782608695652,0.5681159420289855,2.1638418079096042
神奈川区,小鳩保育園,1歳,63.51429486470323,29.5,0.4782608695652174,2.391304347826087,8.434782608695652,0.5617528800113822,2.153026944566211
中区,横浜市錦保育園,1歳,63.291666666666664,29.5,0.0,2.1739130434782608,6.739130434782608,0.5688405797101449,2.1454802259887007
鶴見区,横浜市芦穂崎保育園,3歳,63.25,29.5,0.0,2.217391304347826,20.695652173913043,0.5963768115942029,2.1440677966101696
神奈川区,小鳩保育園分園,2歳,63.166666666666664,29.5,0.0,2.0434782608695654,9.521739130434783,0.563768115942029,2.1412429378531073
港北区,キッズラディ,4歳,63.0,29.5,0.0,2.5652173913043477,10.521739130434783,0.5717391304347826,2.135593220338983
神奈川区,アイン松本町保育園,5歳,62.91666666666667,29.5,0.0,1.5217391304347827,14.434782608695652,0.5833333333333333,2.132768361581921
都筑区,ピッコリーノ保育園,2歳,62.91666666666667,29.5,0.0,1.6521739130434783,21.47826086956522,0.5434782608695652,2.132768361581921
神奈川区,白百合乳児保育園,5歳,62.50000000000001,29.5,0.0,1.4782608695652173,17.52173913043478,0.5471014492753623,2.1186440677966103
港北区,ブライト保育園横浜綱島,4歳,62.49999999999999,29.5,0.0,2.8260869565217392,8.130434782608695,0.5782608695652174,2.11864406779661
港北区,わおわお大倉山保育園,3歳,62.45833333333333,29.5,0.0,2.8260869565217392,11.26086956521739,0.5782608695652174,2.117231638418079
旭区,サフォークキッズランド横浜園,2歳,62.38505747126437,29.5,0.043478260869565216,1.9565217391304348,7.521739130434782,0.609695152423788,2.1147477108903177
栄区,横浜市公田保育園,5歳,62.291666666666664,29.5,0.0,1.9130434782608696,14.478260869565217,0.5253623188405797,2.1115819209039546
港北区,スターチャイルド≪日吉本町駅前ナーサリー≫,3歳,38.95833333333333,18.5,0.0,2.5833333333333335,9.333333333333334,0.576388888888889,2.1058558558558556
磯子区,汐見台愛育園,5歳,62.083333333333336,29.5,0.0,1.8695652173913044,12.130434782608695,0.5942028985507246,2.1045197740112993
港北区,オハナ新羽保育園,5歳,62.083333333333336,29.5,0.0,1.608695652173913,18.347826086956523,0.5869565217391305,2.1045197740112993
港北区,リトルスカラー綱島保育園,2歳,62.041666666666664,29.5,0.0,2.4347826086956523,5.739130434782608,0.5509661835748793,2.103107344632768
港北区,聖保育園,4歳,62.0,29.5,0.043478260869565216,3.4782608695652173,19.217391304347824,0.5855072463768116,2.1016949152542375
中区,横浜市山手保育園,3歳,62.0,29.5,0.0,2.260869565217391,12.434782608695652,0.5514492753623188,2.1016949152542375
港北区,日吉箕輪えほんの森保育園,4歳,61.875,29.5,0.0,2.739130434782609,15.217391304347826,0.5728260869565218,2.097457627118644
港北区,スターチャイルド≪日吉本町駅前ナーサリー≫,4歳,38.625,18.5,0.08333333333333333,3.0833333333333335,2.5833333333333335,0.5847222222222223,2.0878378378378377
瀬谷区,横浜市二ツ橋保育園,3歳,61.48818407960199,29.5,0.08695652173913043,1.8695652173913044,13.73913043478261,0.5975665152498377,2.0843452230373556
港南区,育美保育園,5歳,16.666666666666668,8.0,0.0,1.75,15.0,0.5833333333333333,2.0833333333333335
泉区,ぬくもりの森しんばし　やよい台こども園,4歳,61.42857142857143,29.5,0.0,1.7391304347826086,6.521739130434782,0.5445134575569358,2.082324455205811
旭区,認定こども園　オーセルわかば幼稚園,5歳,61.25,29.5,0.043478260869565216,2.0434782608695654,4.956521739130435,0.6195652173913043,2.0762711864406778
中区,すいとぴー保育園,5歳,61.04166666666667,29.5,0.0,2.0434782608695654,9.91304347826087,0.5851449275362318,2.069209039548023
港北区,にじいろ保育園綱島東,4歳,60.99134199134199,29.5,0.043478260869565216,5.304347826086956,6.608695652173913,0.6070111048371918,2.067503118350576
緑区,もりの風保育園,5歳,60.75892857142857,29.5,0.0,2.8260869565217392,19.130434782608695,0.5209627329192547,2.0596246973365617
神奈川区,クルミ保育園,2歳,38.02238805970149,18.5,0.08333333333333333,2.3333333333333335,6.583333333333333,0.5914179104477612,2.0552642194433237
神奈川区,浦島保育園,3歳,60.41666666666667,29.5,0.0,1.826086956521739,19.17391304347826,0.5905797101449275,2.0480225988700567
戸塚区,東戸塚こども園,4歳,22.500000000000004,11.0,0.0,1.7272727272727273,10.272727272727273,0.5909090909090909,2.045454545454546
青葉区,シャローム保育園,3歳,60.333333333333336,29.5,0.08695652173913043,2.1739130434782608,22.869565217391305,0.5826086956521739,2.0451977401129944
神奈川区,ウィズブック保育園青木町,4歳,60.33333333333333,29.5,0.0,2.782608695652174,8.956521739130435,0.6144927536231883,2.0451977401129944
神奈川区,スターチャイルド≪岸根公園ナーサリー≫,3歳,59.833333333333336,29.5,0.0,2.347826086956522,9.521739130434783,0.613768115942029,2.0282485875706215
港北区,アスク日吉本町開善保育園,3歳,59.81299212598425,29.5,0.2608695652173913,3.0434782608695654,23.91304347826087,0.5842348510783978,2.02755905511811
鶴見区,生麦ポケット保育園,5歳,59.75,29.5,0.0,2.0,10.0,0.5811594202898551,2.0254237288135593
青葉区,もみじ保育園,5歳,59.6875,29.5,0.0,3.3043478260869565,19.956521739130434,0.5742753623188406,2.0233050847457625
神奈川区,キッズパートナー妙蓮寺,3歳,59.54166666666667,29.5,0.0,2.3043478260869565,10.0,0.5949275362318841,2.018361581920904
泉区,横浜市和泉保育園,4歳,59.51984126984127,29.5,0.0,4.391304347826087,22.304347826086957,0.6396825396825396,2.017621737960721
青葉区,エンゼルベア青葉台保育園,3歳,59.16666666666667,29.5,0.0,2.391304347826087,7.6521739130434785,0.6014492753623188,2.0056497175141246
神奈川区,いずみ反町公園保育園,4歳,59.125,29.5,0.0,2.1739130434782608,7.695652173913044,0.5847826086956522,2.0042372881355934
保土ケ谷区,ポポラー横浜和田町園,5歳,59.05851063829787,29.5,0.043478260869565216,2.4782608695652173,9.521739130434783,0.6293709528214616,2.0019834114677244
港南区,育美保育園,4歳,16.0,8.0,0.0,3.0,13.0,0.6000000000000001,2.0
鶴見区,鶴見乳幼児福祉センター保育園,3歳,58.86904761904762,29.5,0.0,3.130434782608696,19.73913043478261,0.5983436853002071,1.9955609362389024
港北区,まなびの森　ヴィラ日吉こども園,5歳,36.875,18.5,0.0,2.1666666666666665,11.833333333333334,0.6180555555555556,1.9932432432432432
保土ケ谷区,えぶち保育園（分園含む）,4歳,58.75000000000001,29.5,0.0,2.0434782608695654,9.652173913043478,0.6014492753623187,1.9915254237288138
港北区,横浜市港北保育園,5歳,58.75,29.5,0.0,2.739130434782609,21.217391304347824,0.5398550724637682,1.9915254237288136
青葉区,横浜市美しが丘保育園,3歳,58.41666666666667,29.5,0.0,2.4782608695652173,20.17391304347826,0.5989130434782609,1.980225988700565
港北区,みらいく日吉本町園,2歳,58.267857142857146,29.5,0.0,2.217391304347826,11.73913043478261,0.5752587991718426,1.9751815980629541
都筑区,横浜市茅ケ崎南保育園,4歳,58.260057471264375,29.5,0.08695652173913043,2.0869565217391304,27.82608695652174,0.6038980509745128,1.9749172024157415
青葉区,りんどう保育園,5歳,58.166666666666664,29.5,0.0,2.347826086956522,11.391304347826088,0.5855072463768116,1.9717514124293785
青葉区,プレスクールあおば,5歳,58.125,29.5,0.0,1.9130434782608696,6.086956521739131,0.5978260869565217,1.9703389830508475
都筑区,中川こども園,5歳,21.666666666666668,11.0,0.0,1.6363636363636365,14.363636363636363,0.606060606060606,1.9696969696969697
西区,利正寺保育園,3歳,58.011904761904766,29.5,0.0,2.9130434782608696,13.565217391304348,0.6122153209109731,1.9665052461662633
西区,浅間幼育園,4歳,57.79166666666667,29.5,0.0,2.347826086956522,12.043478260869565,0.6057971014492753,1.959039548022599
戸塚区,俣野保育園,5歳,57.625,29.5,0.0,2.5217391304347827,16.08695652173913,0.6347826086956522,1.9533898305084745
港北区,大倉山元気の泉保育園,5歳,57.50000000000001,29.5,0.0,1.7826086956521738,14.956521739130435,0.6014492753623187,1.9491525423728815
中区,アメリカ山徳育こども園,3歳,57.50000000000001,29.5,0.0,1.7826086956521738,20.130434782608695,0.6159420289855072,1.9491525423728815
戸塚区,ののはな保育園,5歳,57.5,29.5,0.0,2.130434782608696,7.739130434782608,0.6231884057971014,1.9491525423728813
青葉区,エンゼルベア青葉台保育園,4歳,57.41581632653061,29.5,0.34782608695652173,3.6956521739130435,6.391304347826087,0.6322537710736469,1.9462988585264613
港北区,にじいろ保育園箕輪町,4歳,57.41025641025641,29.5,0.0,5.478260869565218,7.434782608695652,0.6196209587513936,1.946110386788353
西区,キッズパートナーみなとみらい,4歳,57.375,29.5,0.0,2.4347826086956523,11.304347826086957,0.6115942028985507,1.944915254237288
戸塚区,松みどり保育所,5歳,57.37499999999999,29.5,0.0,3.347826086956522,19.652173913043477,0.6239130434782609,1.9449152542372878
港北区,スターチャイルド≪大倉山ナーサリー≫,4歳,57.291666666666664,29.5,0.0,3.0869565217391304,8.956521739130435,0.6086956521739131,1.942090395480226
港北区,リトルスカラー妙蓮寺保育園,3歳,57.083333333333336,29.5,0.0,4.086956521739131,8.043478260869565,0.5917874396135265,1.9350282485875707
西区,アミー保育園高島園,5歳,57.00000000000001,29.5,0.0,1.608695652173913,5.913043478260869,0.5927536231884057,1.9322033898305087
中区,すいとぴー保育園,3歳,56.875,29.5,0.0,1.7826086956521738,10.08695652173913,0.5869565217391305,1.9279661016949152
港南区,横浜大谷保育園,2歳,35.625,18.5,0.08333333333333333,2.0833333333333335,8.0,0.6319444444444444,1.9256756756756757
港北区,日吉箕輪えほんの森保育園,3歳,56.764880952380956,29.5,0.0,3.608695652173913,14.043478260869565,0.6015010351966873,1.9242332526230832
青葉区,青葉フレール保育園,5歳,56.66666666666667,29.5,0.0,1.8695652173913044,21.130434782608695,0.6304347826086957,1.92090395480226
鶴見区,ナーサリーつるみ,5歳,56.63095238095238,29.5,0.0,2.739130434782609,17.130434782608695,0.6561076604554865,1.9196933010492332
神奈川区,スターチャイルド≪片倉町ナーサリー≫,4歳,56.517857142857146,29.5,0.0,3.4347826086956523,5.913043478260869,0.6516563146997929,1.915859564164649
鶴見区,横浜市馬場保育園,5歳,56.45833333333334,29.5,0.0,2.0869565217391304,16.304347826086957,0.6304347826086957,1.913841807909605
青葉区,認定こども園大場白ゆり幼稚園,4歳,56.458333333333336,29.5,0.0,2.4347826086956523,0.043478260869565216,0.6159420289855072,1.9138418079096047
港北区,グローバルキッズ日吉五丁目園,5歳,56.25,29.5,0.0,2.6956521739130435,11.304347826086957,0.6521739130434783,1.9067796610169492
港南区,サイド・サン保育園,5歳,56.016716566866265,29.5,0.043478260869565216,3.608695652173913,5.695652173913044,0.6469560878243513,1.8988717480293649
泉区,認定こども園　岡津幼稚園,4歳,55.92857142857143,29.5,0.0,3.130434782608696,1.173913043478261,0.5591097308488613,1.8958837772397095
西区,キッズパートナーみなとみらい,5歳,55.833333333333336,29.5,0.0,2.0869565217391304,12.91304347826087,0.6413043478260869,1.8926553672316384
青葉区,ポピンズナーサリースクールあざみ野,5歳,55.833333333333336,29.5,0.0,2.0434782608695654,10.956521739130435,0.6413043478260869,1.8926553672316384
金沢区,横浜市並木保育園,4歳,55.69047619047619,29.5,0.13043478260869565,3.608695652173913,21.652173913043477,0.5815734989648034,1.8878127522195318
青葉区,認定こども園大場白ゆり幼稚園,3歳,55.625,29.5,0.0,2.4782608695652173,0.2608695652173913,0.6195652173913043,1.8855932203389831
瀬谷区,Gakkenほいくえん二ツ橋,5歳,55.62499999999999,29.5,0.0,2.869565217391304,8.304347826086957,0.6065217391304348,1.885593220338983
旭区,横浜市ひかりが丘保育園,4歳,55.43747656542932,29.5,0.391304347826087,4.173913043478261,17.26086956521739,0.6138977193068258,1.8792364937433668
西区,キッズパートナーみなとみらい第２,1歳,55.04166666666667,29.5,0.0,2.1739130434782608,5.782608695652174,0.5912008281573499,1.8658192090395482
旭区,横浜市左近山保育園,5歳,54.67857142857142,29.5,0.0,3.4347826086956523,22.73913043478261,0.5761904761904763,1.8535108958837772
神奈川区,小鳩保育園,4歳,54.58333333333334,29.5,0.0,2.0869565217391304,7.695652173913044,0.6304347826086957,1.8502824858757065
保土ケ谷区,向台保育園,4歳,54.58333333333333,29.5,0.0,2.869565217391304,11.043478260869565,0.6086956521739131,1.850282485875706
港北区,Gakkenほいくえん日吉本町,5歳,54.45833333333333,29.5,0.0,2.4347826086956523,15.478260869565217,0.6384057971014493,1.8460451977401129
青葉区,あっぷるキッズ青葉台,5歳,54.375,29.5,0.0,1.7826086956521738,10.217391304347826,0.6086956521739131,1.8432203389830508
中区,山元町保育園,1歳,54.208333333333336,29.5,0.21739130434782608,2.5217391304347827,16.0,0.6036231884057971,1.8375706214689267
栄区,横浜市公田保育園,4歳,54.125,29.5,0.13043478260869565,2.9130434782608696,13.217391304347826,0.5840579710144927,1.8347457627118644
神奈川区,エンゼル保育園,5歳,53.75,29.5,0.0,1.9130434782608696,6.130434782608695,0.6159420289855072,1.8220338983050848
西区,むつみ愛児園,5歳,53.67857142857142,29.5,0.0,3.260869565217391,10.043478260869565,0.656832298136646,1.8196125907990313
鶴見区,Gakkenほいくえん矢向,4歳,53.5,29.5,0.0,2.8260869565217392,8.130434782608695,0.6652173913043479,1.8135593220338984
保土ケ谷区,ココアンジュ保育園,5歳,33.25,18.5,0.0,3.1666666666666665,12.583333333333334,0.6583333333333333,1.7972972972972974
神奈川区,東神奈川ひかり保育園,2歳,52.91666666666667,29.5,0.0,2.0,5.956521739130435,0.644927536231884,1.7937853107344635
西区,キッズパートナーみなとみらい,3歳,52.75,29.5,0.0,2.9565217391304346,10.521739130434783,0.6420289855072464,1.7881355932203389
中区,すいとぴー保育園,4歳,52.67857142857144,29.5,0.0,2.0434782608695654,9.695652173913043,0.6350931677018633,1.785714285714286
鶴見区,ベネッセ　矢向保育園,4歳,52.50000000000001,29.5,0.0,2.1739130434782608,8.695652173913043,0.6521739130434783,1.7796610169491527
港北区,わおわお大倉山保育園,5歳,52.5,29.5,0.0,1.9130434782608696,13.043478260869565,0.6195652173913043,1.7796610169491525
鶴見区,横浜矢向雲母保育園,5歳,52.33333333333333,29.5,0.0,2.391304347826087,8.565217391304348,0.6072463768115942,1.774011299435028
旭区,認定こども園　横浜三輪幼稚園,4歳,32.73809523809524,18.5,0.0,4.416666666666667,1.0833333333333333,0.6408730158730158,1.7696267696267698
神奈川区,ウィズブック保育園青木町,3歳,51.875,29.5,0.0,2.9130434782608696,9.08695652173913,0.6594202898550724,1.7584745762711864
保土ケ谷区,横浜市岩井保育園,4歳,51.68981481481482,29.5,0.08695652173913043,2.260869565217391,19.652173913043477,0.6139291465378421,1.752197112366604
神奈川区,かながわ保育園,5歳,51.625,29.5,0.0,2.347826086956522,17.434782608695652,0.65,1.75
保土ケ谷区,あーす保育園保土ケ谷,2歳,51.47619047619048,29.5,0.0,3.347826086956522,10.565217391304348,0.6900621118012422,1.7449556093623892
港北区,リトルスカラー妙蓮寺保育園,5歳,51.37500000000001,29.5,0.0,2.0434782608695654,10.0,0.6326086956521738,1.7415254237288138
南区,清水ヶ丘保育園,5歳,51.333333333333336,29.5,0.0,2.347826086956522,16.565217391304348,0.6528985507246376,1.7401129943502827
青葉区,横浜市すすき野保育園,4歳,51.086309523809526,29.5,0.0,4.782608695652174,17.782608695652176,0.660455486542443,1.7317393058918482
旭区,認定こども園　横浜三輪幼稚園,3歳,32.0,18.5,0.0,5.0,0.25,0.65,1.7297297297297298
港北区,大曽根コスモス保育園,5歳,51.00000000000001,29.5,0.0,2.4347826086956523,10.565217391304348,0.6797101449275362,1.7288135593220342
西区,利正寺保育園,4歳,50.99999999999999,29.5,0.0,3.5652173913043477,12.565217391304348,0.6608695652173914,1.7288135593220337
中区,木下の保育園　山下町,5歳,50.91666666666667,29.5,0.0,2.391304347826087,5.956521739130435,0.6492753623188406,1.725988700564972
保土ケ谷区,ベネッセ　保土ケ谷保育園,5歳,50.83333333333334,29.5,0.0,1.9565217391304348,9.043478260869565,0.6594202898550724,1.7231638418079098
中区,木下の保育園　山下町,4歳,50.83333333333333,29.5,0.0,2.4782608695652173,6.3478260869565215,0.644927536231884,1.7231638418079094
泉区,認定こども園　岡津幼稚園,3歳,50.666666666666664,29.5,0.0,2.608695652173913,1.434782608695652,0.6253623188405797,1.7175141242937852
保土ケ谷区,ダイアナ保育園,4歳,50.26492537313433,29.5,0.08695652173913043,2.1739130434782608,17.608695652173914,0.6534934025524551,1.7038957753604858
保土ケ谷区,横浜市岩井保育園,3歳,50.25,29.5,0.0,2.1739130434782608,17.73913043478261,0.6391304347826087,1.7033898305084745
港北区,ローズ保育園,2歳,50.00000000000001,29.5,0.0,2.0869565217391304,4.043478260869565,0.6666666666666666,1.6949152542372883
青葉区,小学館アカデミーたまプラーザ保育園,4歳,49.976190476190474,29.5,0.0,3.391304347826087,10.826086956521738,0.6564182194616978,1.6941081517352703
瀬谷区,preschool COCO ALICE,2歳,31.25,18.5,0.5833333333333334,3.0833333333333335,3.8333333333333335,0.6805555555555555,1.6891891891891893
鶴見区,生麦保育園,5歳,49.79166666666667,29.5,0.0,2.347826086956522,16.52173913043478,0.6702898550724637,1.687853107344633
青葉区,横浜ナザレ保育園,5歳,49.58333333333334,29.5,0.0,2.0869565217391304,10.782608695652174,0.6702898550724637,1.6807909604519777
神奈川区,横浜市松見保育園,4歳,49.583333333333336,29.5,0.0,2.5217391304347827,21.26086956521739,0.6666666666666667,1.6807909604519775
神奈川区,グローバルキッズ子安駅前保育園,4歳,49.583333333333336,29.5,0.0,2.391304347826087,7.391304347826087,0.6521739130434783,1.6807909604519775
神奈川区,第二白百合乳児保育園,5歳,49.28571428571429,29.5,0.0,3.347826086956522,8.652173913043478,0.6490683229813665,1.6707021791767556
青葉区,ＭＩＷＡあかね台光の子保育園,5歳,49.244680851063826,29.5,0.043478260869565216,2.5652173913043477,15.521739130434783,0.6431390687634906,1.6693112152902991
港北区,すくすくの杜綱島SST保育園,2歳,3.333333333333334,2.0,0.0,2.0,5.0,0.6666666666666666,1.666666666666667
磯子区,アスクバイリンガル保育園 新杉田,4歳,3.333333333333334,2.0,0.0,2.0,5.0,0.6666666666666666,1.666666666666667
都筑区,エンジェルプラネット中川園,4歳,3.333333333333334,2.0,0.0,2.0,11.0,0.6666666666666666,1.666666666666667
泉区,あゆみ保育園ゆめが丘,5歳,3.333333333333334,2.0,0.0,2.0,2.0,0.6666666666666666,1.666666666666667
栄区,ハートフルキッズ本郷台保育園,2歳,3.333333333333334,2.0,0.0,2.0,4.0,0.6666666666666666,1.666666666666667
青葉区,わいわいＫｉｄｓ青葉台,1歳,3.333333333333334,2.0,0.0,2.0,9.0,0.6666666666666666,1.666666666666667
中区,アスクバイリンガル保育園　山下町,5歳,3.333333333333334,2.0,0.0,2.0,11.0,0.6666666666666666,1.666666666666667
都筑区,エンジェルプラネット仲町台園,2歳,3.333333333333334,2.0,0.0,2.0,6.0,0.6666666666666666,1.666666666666667
都筑区,エンジェルプラネット中川園,3歳,3.333333333333334,2.0,0.0,2.0,11.0,0.6666666666666666,1.666666666666667
青葉区,ぱぷりか保育園青葉台,1歳,3.333333333333334,2.0,0.0,2.0,12.0,0.6666666666666666,1.666666666666667
緑区,福澤保育センター,3歳,49.08333333333333,29.5,0.0,5.391304347826087,17.608695652173914,0.6405797101449275,1.6638418079096045
神奈川区,グローバルキッズ子安駅前保育園,3歳,49.0,29.5,0.0,2.5217391304347827,6.260869565217392,0.6579710144927536,1.6610169491525424
金沢区,スターチャイルド≪金沢文庫ナーサリー≫,5歳,48.916666666666664,29.5,0.0,2.6956521739130435,9.043478260869565,0.6681159420289855,1.65819209039548
都筑区,さくら保育室,2歳,48.84825870646767,29.5,0.043478260869565216,2.3043478260869565,6.695652173913044,0.6730586199437595,1.6558731764904293
神奈川区,聖徳保育園,4歳,48.79421768707483,29.5,0.043478260869565216,2.8260869565217392,39.608695652173914,0.6485359361135759,1.6540412775279603
港北区,ペガサス新横浜保育園,5歳,48.75000000000001,29.5,0.0,2.0434782608695654,12.956521739130435,0.6702898550724637,1.6525423728813562
保土ケ谷区,ダイアナ保育園,5歳,48.633499170812605,29.5,0.043478260869565216,4.869565217391305,16.130434782608695,0.7054257697022135,1.6485931922309358
港北区,聖保育園第二,5歳,48.58333333333333,29.5,0.0,2.347826086956522,6.6521739130434785,0.6434782608695653,1.6468926553672314
青葉区,あゆみ保育園 藤が丘,4歳,30.333333333333332,18.5,0.0,3.6666666666666665,2.6666666666666665,0.6722222222222222,1.6396396396396395
戸塚区,ことは保育園,5歳,48.25,29.5,0.0,3.9565217391304346,19.17391304347826,0.6768115942028985,1.6355932203389831
神奈川区,小鳩保育園,3歳,48.125,29.5,0.0,2.6956521739130435,7.826086956521739,0.6721014492753623,1.63135593220339
保土ケ谷区,ポポラー横浜和田町園,4歳,48.083333333333336,29.5,0.043478260869565216,2.391304347826087,9.478260869565217,0.672463768115942,1.6299435028248588
鶴見区,太陽の子　尻手保育園,4歳,47.67857142857143,29.5,0.0,3.869565217391304,12.608695652173912,0.6940993788819876,1.616222760290557
戸塚区,横浜市原宿保育園,4歳,47.589285714285715,29.5,0.0,3.1739130434782608,13.695652173913043,0.6444099378881988,1.6131961259079903
瀬谷区,鳩の森愛の詩　宮沢保育園,5歳,47.29166666666667,29.5,0.0,2.260869565217391,17.73913043478261,0.6702898550724637,1.6031073446327686
西区,浅間幼育園,5歳,47.20833333333334,29.5,0.0,2.130434782608696,12.869565217391305,0.6760869565217391,1.6002824858757065
鶴見区,スターチャイルド≪生麦ナーサリー≫,5歳,47.166666666666664,29.5,0.0,2.4347826086956523,9.565217391304348,0.663768115942029,1.598870056497175
緑区,スターチャイルド≪鴨居駅前ナーサリー≫,4歳,29.499999999999996,18.5,0.0,3.75,2.0833333333333335,0.6749999999999999,1.5945945945945943
青葉区,たまプラーザベビーリー乳幼児室,2歳,46.99999999999999,29.5,0.0,3.391304347826087,4.3478260869565215,0.6963768115942028,1.5932203389830506
鶴見区,太陽の子　尻手保育園,3歳,46.875,29.5,0.0,2.5217391304347827,14.26086956521739,0.6702898550724637,1.5889830508474576
神奈川区,Gakkenほいくえん反町,3歳,46.85564304461943,29.5,0.08695652173913043,2.869565217391304,9.826086956521738,0.6691943398379551,1.5883268828684551
青葉区,認定こども園あざみ野白ゆり幼稚園,4歳,46.842261904761905,29.5,0.0,4.043478260869565,4.695652173913044,0.6782091097308488,1.5878732849071833
中区,アスク山下町保育園,3歳,43.625,27.5,0.0,2.8636363636363638,8.954545454545455,0.7000000000000001,1.5863636363636364
神奈川区,ミアヘルサ保育園ひびき羽沢横浜国大,5歳,40.44444444444445,25.5,0.0,2.8947368421052633,3.789473684210526,0.6941520467836257,1.5860566448801745
緑区,にじいろ保育園鴨居,5歳,46.70454545454545,29.5,0.0,4.869565217391305,8.608695652173912,0.7134387351778656,1.5832049306625577
青葉区,グローバルキッズたまプラーザ保育園,3歳,46.589285714285715,29.5,0.043478260869565216,4.478260869565218,5.478260869565218,0.6879917184265011,1.5792978208232447
神奈川区,キッズパートナー六角橋,4歳,46.214285714285715,29.5,0.0,3.217391304347826,9.565217391304348,0.6614389233954452,1.566585956416465
南区,清水ヶ丘保育園,4歳,45.92261904761905,29.5,0.0,3.782608695652174,14.130434782608695,0.7132505175983437,1.5566989507667475
神奈川区,キッズパートナー六角橋,3歳,45.833333333333336,29.5,0.0,3.1739130434782608,9.521739130434783,0.6811594202898551,1.5536723163841808
鶴見区,太陽の子　尻手保育園,5歳,45.452380952380956,29.5,0.0,3.5652173913043477,13.217391304347826,0.6476190476190475,1.5407586763518968
神奈川区,めばえ横浜保育園,4歳,45.416666666666664,29.5,0.0,3.130434782608696,20.434782608695652,0.677536231884058,1.53954802259887
鶴見区,ナーサリーつるみ,2歳,45.214285714285715,29.5,0.0,3.9130434782608696,12.043478260869565,0.6858178053830227,1.5326876513317191
金沢区,並木第二保育園,5歳,4.583333333333334,3.0,0.0,2.3333333333333335,17.666666666666668,0.6944444444444443,1.527777777777778
保土ケ谷区,桜ケ丘保育園,4歳,16.75,11.0,0.0,3.0,13.545454545454545,0.6954545454545454,1.5227272727272727
保土ケ谷区,岩間保育園,5歳,44.83333333333333,29.5,0.0,2.869565217391304,10.130434782608695,0.7014492753623188,1.519774011299435
保土ケ谷区,あーす保育園保土ケ谷,4歳,44.43452380952381,29.5,0.0,3.8260869565217392,12.173913043478262,0.7223084886128364,1.5062550443906377
瀬谷区,横浜市二ツ橋保育園,4歳,44.374702911467615,29.5,0.043478260869565216,5.304347826086956,10.869565217391305,0.738046061639412,1.5042272173378852
瀬谷区,幼保連携型認定こども園　みなみ幼稚園,4歳,16.488881727360617,11.0,1.0,3.1818181818181817,16.818181818181817,0.7002021504116253,1.4989892479418743
神奈川区,かながわ保育園,4歳,44.041666666666664,29.5,0.0,3.0,16.608695652173914,0.6971014492753624,1.4929378531073445
港北区,ペガサス夜間保育園,5歳,43.958333333333336,29.5,0.0,2.4347826086956523,1.565217391304348,0.6992753623188406,1.4901129943502827
青葉区,グローバルキッズたまプラーザ保育園,4歳,43.791666666666664,29.5,0.0,4.6521739130434785,5.260869565217392,0.6934782608695652,1.484463276836158
神奈川区,反町ひかり保育園,3歳,43.416666666666664,29.5,0.0,3.1739130434782608,10.565217391304348,0.705072463768116,1.4717514124293785
青葉区,横浜市奈良保育園,4歳,43.088383838383834,29.5,0.0,5.826086956521739,13.043478260869565,0.7105841018884497,1.460623180962164
神奈川区,キッズラボ白楽園,5歳,43.03571428571429,29.5,0.0,3.9130434782608696,1.6521739130434783,0.6708074534161491,1.4588377723970947
西区,利正寺保育園,5歳,42.916666666666664,29.5,0.0,3.0869565217391304,13.91304347826087,0.6739130434782609,1.4548022598870056
鶴見区,横浜矢向雲母保育園,4歳,42.886904761904766,29.5,0.0,3.5652173913043477,6.826086956521739,0.7230848861283643,1.4537933817594837
保土ケ谷区,にじいろ保育園天王町,3歳,42.8125,29.5,0.0,3.9130434782608696,8.043478260869565,0.6684782608695652,1.451271186440678
神奈川区,小鳩保育園分園,3歳,42.42857142857143,29.5,0.0,3.217391304347826,10.0,0.7053830227743272,1.4382566585956418
泉区,認定こども園　岡津幼稚園,5歳,42.416666666666664,29.5,0.0,3.8260869565217392,1.0434782608695652,0.6782608695652175,1.4378531073446328
緑区,福澤保育センター,5歳,42.16666666666667,29.5,0.0,2.8260869565217392,22.08695652173913,0.6942028985507246,1.4293785310734466
泉区,横浜市北上飯田保育園,4歳,41.92824967824968,29.5,0.08695652173913043,4.521739130434782,12.521739130434783,0.7288847854065246,1.421296599262701
緑区,スターチャイルド≪長津田駅前ナーサリー≫,5歳,41.90530303030303,29.5,0.0,6.0,6.695652173913044,0.7497364953886693,1.4205187467899332
神奈川区,たいせつ保育園,2歳,41.72585669781931,29.5,0.043478260869565216,3.391304347826087,9.043478260869565,0.7368549370174726,1.4144358202650613
港北区,スターチャイルド≪大倉山ナーサリー≫,5歳,41.458333333333336,29.5,0.0,2.5217391304347827,10.434782608695652,0.7101449275362318,1.4053672316384183
港北区,イルカ保育園,2歳,41.375,29.5,0.0,3.0,5.217391304347826,0.7268115942028986,1.402542372881356
神奈川区,マフィス白楽ナーサリー,5歳,41.0,29.5,0.0,3.0,8.0,0.7340579710144928,1.3898305084745763
青葉区,木下の保育園　たまプラーザ,5歳,40.82142857142857,29.5,0.0,3.4782608695652173,8.652173913043478,0.7459627329192547,1.383777239709443
神奈川区,白楽あいいく保育園,3歳,40.78869047619048,29.5,0.0,3.9565217391304346,14.08695652173913,0.7031573498964804,1.3826674737691689
西区,キッズパートナーみなとみらい第２,2歳,40.625,29.5,0.0,3.0434782608695654,5.0,0.7355072463768116,1.3771186440677967
神奈川区,横浜市神大寺保育園,4歳,40.41666666666666,29.5,0.0,3.4782608695652173,13.217391304347826,0.7210144927536233,1.370056497175141
青葉区,認定こども園あざみ野白ゆり幼稚園,2歳,40.38257575757576,29.5,0.0,6.565217391304348,1.608695652173913,0.7254391743522178,1.3689008731381613
神奈川区,ウィズブック保育園青木町,5歳,39.83333333333333,29.5,0.0,2.869565217391304,9.08695652173913,0.7159420289855073,1.350282485875706
青葉区,認定こども園大場白ゆり幼稚園,5歳,39.375,29.5,0.0,2.8260869565217392,0.0,0.7355072463768116,1.3347457627118644
神奈川区,グローバルキッズ白楽園,5歳,39.125,29.5,0.0,2.9565217391304346,9.043478260869565,0.741304347826087,1.326271186440678
中区,高風保育園,5歳,39.08333333333333,29.5,0.0,3.1739130434782608,20.347826086956523,0.731159420289855,1.3248587570621468
保土ケ谷区,あーす保育園保土ケ谷,5歳,38.61111111111112,29.5,0.0,4.826086956521739,11.08695652173913,0.7657004830917874,1.3088512241054617
保土ケ谷区,認定こども園あかいとりこども園,4歳,38.59778488509832,29.5,0.043478260869565216,4.173913043478261,17.52173913043478,0.7455914011721928,1.3083994876304514
青葉区,たまプラーザ小桜愛児園,5歳,38.57142857142858,29.5,0.0,3.6956521739130435,17.347826086956523,0.7551759834368531,1.3075060532687652
鶴見区,生麦保育園,1歳,38.3377388168626,29.5,0.21739130434782608,5.043478260869565,10.565217391304348,0.7588464799819943,1.2995843666733085
神奈川区,ポートサイド野ばな保育園,2歳,38.166666666666664,29.5,0.0,3.217391304347826,3.652173913043478,0.7268115942028986,1.2937853107344632
中区,横浜市竹之丸保育園,5歳,37.85714285714286,29.5,0.0,3.739130434782609,27.17391304347826,0.7548654244306418,1.2832929782082325
青葉区,横浜市美しが丘保育園,4歳,37.40277777777778,29.5,0.0,7.782608695652174,19.434782608695652,0.744927536231884,1.2678907721280603
神奈川区,なないろきっど保育園,5歳,37.083333333333336,29.5,0.0,3.391304347826087,8.608695652173912,0.7391304347826086,1.2570621468926555
港北区,特定非営利活動法人つばき駅前保育園,3歳,7.5,6.0,0.0,3.0,11.0,0.75,1.25
神奈川区,横浜市松見保育園,5歳,36.875,29.5,0.0,3.0,21.0,0.75,1.25
港北区,すくすくの杜綱島SST保育園,0歳,2.5,2.0,0.0,3.0,0.0,0.75,1.25
金沢区,ちゃいれっく並木二丁目保育室,2歳,2.5,2.0,0.0,3.0,3.0,0.75,1.25
港北区,特定非営利活動法人つばき駅前保育園,5歳,7.5,6.0,0.0,3.0,9.0,0.75,1.25
戸塚区,にじいろ保育園吉田町,4歳,2.5,2.0,0.0,3.0,10.0,0.75,1.25
泉区,あゆみ保育園ゆめが丘,4歳,2.5,2.0,0.0,3.0,1.0,0.75,1.25
港北区,すくすくの杜綱島SST保育園,1歳,2.5,2.0,0.0,3.0,4.0,0.75,1.25
瀬谷区,幼保連携型認定こども園　みなみ幼稚園,5歳,13.616822429906538,11.0,0.9090909090909091,4.0,16.0,0.7524214103653357,1.2378929481733216
保土ケ谷区,認定こども園あかいとりこども園,5歳,36.10606060606061,29.5,0.0,5.391304347826087,16.565217391304348,0.719433465085639,1.223934257832563
港北区,スターチャイルド《日吉本町ナーサリー》,5歳,36.037878787878796,29.5,0.0,5.608695652173913,1.1304347826086956,0.7524374176548089,1.2216230097586032
西区,みなとみらいくばがさ保育園,5歳,35.8779761904762,29.5,0.0,3.6956521739130435,12.304347826086957,0.7461180124223602,1.2162025827280067
神奈川区,グローバルキッズ子安駅前保育園,5歳,35.75,29.5,0.0,3.217391304347826,6.782608695652174,0.7594202898550726,1.2118644067796611
神奈川区,めばえ横浜保育園,3歳,34.76190476190476,29.5,0.0,5.304347826086956,21.08695652173913,0.7691511387163561,1.178369652945924
港北区,ミアヘルサ保育園ひびき綱島,5歳,21.73611111111111,18.5,0.0,3.4166666666666665,1.1666666666666667,0.7615740740740741,1.174924924924925
保土ケ谷区,ゆめの樹保育園ほどがや,3歳,34.6547619047619,29.5,0.0,3.782608695652174,9.043478260869565,0.7582815734989647,1.174737691686844
保土ケ谷区,キッズハーモニー・ほどがや,5歳,34.4047619047619,29.5,0.0,4.391304347826087,6.565217391304348,0.7836438923395446,1.1662631154156575
中区,高風保育園,4歳,33.95833333333333,29.5,0.0,3.782608695652174,17.695652173913043,0.7753623188405797,1.1511299435028246
瀬谷区,認定こども園　みなみ幼稚園,5歳,21.249999999999996,18.5,0.0,3.8333333333333335,16.166666666666668,0.7777777777777778,1.1486486486486485
神奈川区,空と杜の保育園かんだいじ,5歳,33.61607142857143,29.5,0.0,4.739130434782608,8.217391304347826,0.7833850931677019,1.1395278450363198
緑区,福澤保育センター,4歳,33.40909090909091,29.5,0.0,5.913043478260869,18.652173913043477,0.7373517786561266,1.1325115562403698
神奈川区,反町ひかり保育園,4歳,33.223214285714285,29.5,0.0,5.130434782608695,8.434782608695652,0.7690993788819875,1.1262106537530265
神奈川区,小鳩保育園分園,4歳,33.17857142857143,29.5,0.0,5.478260869565218,7.521739130434782,0.7779503105590062,1.1246973365617434
金沢区,横浜市並木保育園,5歳,33.07539682539683,29.5,0.0,4.478260869565218,23.434782608695652,0.7482746721877156,1.121199892386333
港北区,聖保育園,5歳,32.61904761904763,29.5,0.0,3.9565217391304346,20.043478260869566,0.7613871635610765,1.1057304277643263
保土ケ谷区,あーす保育園保土ケ谷,3歳,31.857142857142858,29.5,0.0,5.217391304347826,10.652173913043478,0.8070393374741202,1.0799031476997578
青葉区,京進のほいくえんＨＯＰＰＡたまプラーザ,5歳,31.815476190476193,29.5,0.0,4.391304347826087,7.608695652173913,0.7976190476190476,1.078490718321227
神奈川区,クルミ保育園,4歳,19.92641894911575,18.5,0.9166666666666666,8.333333333333334,2.8333333333333335,0.7878546042690843,1.0771037269792296
保土ケ谷区,ゆめの樹保育園ほどがや,4歳,31.64285714285714,29.5,0.0,4.217391304347826,7.6521739130434785,0.7745341614906832,1.072639225181598
瀬谷区,横浜市二ツ橋保育園,5歳,30.537878787878785,29.5,0.0,8.217391304347826,8.869565217391305,0.821651295564339,1.0351823317925013
中区,高風保育園,3歳,30.374999999999996,29.5,0.0,4.130434782608695,15.73913043478261,0.7978260869565218,1.0296610169491525
港北区,ララランド大倉山,5歳,29.999999999999993,29.5,0.0,3.9565217391304346,7.043478260869565,0.7978260869565218,1.0169491525423726
鶴見区,にじいろ保育園駒岡四丁目,3歳,29.771825396825403,29.5,0.0,4.739130434782608,9.173913043478262,0.775879917184265,1.0092144202313695
西区,Maple Nursery 横浜,5歳,29.672619047619044,29.5,0.0,4.478260869565218,6.521739130434782,0.8057453416149069,1.0058514931396285
港北区,クレシュ新横浜,5歳,29.624999999999996,29.5,0.0,4.043478260869565,11.956521739130435,0.7978260869565218,1.0042372881355932
中区,アスクバイリンガル保育園　山下町,0歳,1.9999999999999996,2.0,0.0,4.0,2.0,0.8,0.9999999999999998
青葉区,わいわいＫｉｄｓ青葉台,2歳,1.9999999999999996,2.0,0.0,4.0,3.0,0.8,0.9999999999999998
泉区,あゆみ保育園ゆめが丘,3歳,1.9999999999999996,2.0,0.0,4.0,8.0,0.8,0.9999999999999998
戸塚区,アップルミントとつかシーズ保育園,1歳,1.9999999999999996,2.0,0.0,4.0,5.0,0.8,0.9999999999999998
戸塚区,アップルミントとつかシーズ保育園,2歳,1.9999999999999996,2.0,0.0,4.0,6.0,0.8,0.9999999999999998
中区,アスクバイリンガル保育園　山下町,4歳,1.9999999999999996,2.0,0.0,4.0,9.0,0.8,0.9999999999999998
金沢区,ちゃいれっく並木二丁目保育室,1歳,1.9999999999999996,2.0,0.0,4.0,1.0,0.8,0.9999999999999998
南区,幼保連携型認定こども園　睦町保育園,0歳,1.9999999999999996,2.0,0.0,4.0,5.0,0.8,0.9999999999999998
港北区,保育室プリンプリンROOM,5歳,29.02777777777778,29.5,0.0,5.086956521739131,13.91304347826087,0.8146135265700483,0.9839924670433146
神奈川区,小鳩保育園分園,5歳,28.874999999999996,29.5,0.0,4.304347826086956,9.173913043478262,0.7956521739130435,0.9788135593220337
神奈川区,横浜市神大寺保育園,5歳,28.807539682539684,29.5,0.0,4.782608695652174,15.26086956521739,0.8099723947550035,0.9765267688996503
鶴見区,矢向保育園,3歳,28.72023809523809,29.5,0.0,4.434782608695652,12.608695652173912,0.8089544513457557,0.9735673930589184
旭区,認定こども園　若葉台こども園,5歳,28.333333333333325,29.5,0.0,4.304347826086956,15.608695652173912,0.8101449275362319,0.9604519774011296
港北区,キッズラディ,5歳,28.16666666666666,29.5,0.0,4.434782608695652,9.565217391304348,0.813768115942029,0.9548022598870054
青葉区,小学館アカデミーたまプラーザ保育園,5歳,28.08333333333333,29.5,0.0,4.434782608695652,10.565217391304348,0.8130434782608695,0.9519774011299433
神奈川区,西寺尾保育園,5歳,28.065476190476193,29.5,0.0,6.260869565217392,22.17391304347826,0.8290200138026225,0.9513720742534303
保土ケ谷区,にじいろ保育園天王町,5歳,27.991071428571427,29.5,0.0,4.826086956521739,8.130434782608695,0.8130952380952381,0.9488498789346247
鶴見区,矢向保育園,4歳,27.888888888888886,29.5,0.0,4.565217391304348,12.565217391304348,0.8140096618357487,0.9453860640301317
金沢区,並木第二保育園,4歳,2.8333333333333326,3.0,0.0,4.333333333333333,15.666666666666666,0.8111111111111112,0.9444444444444442
神奈川区,クルミ保育園,5歳,17.409090909090907,18.5,0.0,4.583333333333333,7.416666666666667,0.8090909090909091,0.9410319410319409
青葉区,グローバルキッズたまプラーザ保育園,5歳,27.611111111111104,29.5,0.0,4.3478260869565215,6.6521739130434785,0.8096618357487924,0.9359698681732578
港南区,ベネッセ 上大岡保育園,4歳,17.159090909090914,18.5,0.0,9.666666666666666,3.3333333333333335,0.837121212121212,0.9275184275184277
神奈川区,きゃんばす東神奈川保育園,5歳,27.27132545931758,29.5,0.043478260869565216,4.782608695652174,7.434782608695652,0.8179305032523109,0.9244517104853417
磯子区,日枝幼児園,5歳,27.145833333333332,29.5,0.0,5.565217391304348,12.217391304347826,0.8083333333333335,0.9201977401129943
青葉区,エンゼルベア青葉台保育園,5歳,26.66666666666666,29.5,0.0,4.695652173913044,6.304347826086956,0.8224637681159421,0.9039548022598868
港北区,グローバルキッズ大倉山園,5歳,26.145833333333332,29.5,0.0,5.3478260869565215,8.652173913043478,0.8242753623188406,0.8862994350282486
港南区,にじいろ保育園上大岡,4歳,16.30494505494505,18.5,0.0,11.083333333333334,1.9166666666666667,0.8466117216117217,0.8813483813483811
保土ケ谷区,横浜市天王町保育園,4歳,25.717261904761905,29.5,0.0,5.826086956521739,18.0,0.8107142857142857,0.8717715899919289
泉区,横浜市北上飯田保育園,5歳,24.861111111111114,29.5,0.0,7.478260869565218,11.391304347826088,0.8140096618357487,0.8427495291902073
戸塚区,おれんじハウス戸塚保育園,5歳,1.6666666666666663,2.0,0.0,5.0,0.0,0.8333333333333334,0.8333333333333331
旭区,おれんじハウス二俣川駅前保育園,5歳,1.6666666666666663,2.0,0.0,5.0,0.0,0.8333333333333334,0.8333333333333331
青葉区,ぱぷりか保育園青葉台,2歳,1.6666666666666663,2.0,0.0,5.0,0.0,0.8333333333333334,0.8333333333333331
中区,アスクバイリンガル保育園　山下町,3歳,1.6666666666666663,2.0,0.0,5.0,7.0,0.8333333333333334,0.8333333333333331
中区,横浜市竹之丸保育園,4歳,24.133928571428573,29.5,0.0,5.521739130434782,24.434782608695652,0.8252070393374741,0.8180992736077483
旭区,横浜市ひかりが丘保育園,5歳,21.255952380952383,29.5,0.0,6.521739130434782,16.434782608695652,0.8604727398205658,0.7205407586763519
青葉区,認定こども園あざみ野白ゆり幼稚園,5歳,21.11111111111111,29.5,0.0,6.521739130434782,3.4782608695652173,0.8617149758454106,0.7156308851224106
西区,つくし愛児園,2歳,21.07142857142858,29.5,0.0,6.0,0.0,0.857142857142857,0.7142857142857145
旭区,認定こども園　横浜三輪幼稚園,5歳,13.214285714285719,18.5,0.0,6.0,1.0,0.8571428571428571,0.7142857142857145
神奈川区,反町ひかり保育園,5歳,20.4231111736033,29.5,0.043478260869565216,6.260869565217392,7.869565217391305,0.8565260864131115,0.6923088533424847
青葉区,横浜市すすき野保育園,5歳,20.380952380952383,29.5,0.0,6.521739130434782,18.47826086956522,0.8553140096618357,0.6908797417271995
旭区,認定こども園　上の原幼稚園,5歳,20.124999999999996,29.5,0.0,7.695652173913044,4.304347826086956,0.8706521739130434,0.6822033898305083
港北区,特定非営利活動法人つばき駅前保育園,1歳,4.027777777777779,6.0,0.0,7.166666666666667,5.0,0.8657407407407408,0.6712962962962964
保土ケ谷区,横浜市天王町保育園,5歳,19.084415584415588,29.5,0.0,7.521739130434782,18.52173913043478,0.8749388292866555,0.6469293418445962
中区,アミー保育室　本牧原,2歳,6.9742063492063515,11.0,0.0,7.0,3.0,0.8731962481962481,0.6340187590187593
戸塚区,おれんじハウス戸塚保育園,4歳,1.25,2.0,0.0,7.0,5.0,0.875,0.625
栄区,ぶれすと大船保育園,4歳,1.25,2.0,0.0,7.0,12.0,0.875,0.625
西区,にじいろ保育園みなとみらい,5歳,18.267045454545453,29.5,0.0,7.826086956521739,10.173913043478262,0.8819169960474309,0.6192218798151001
都筑区,川和町ぶるーべる保育園,2歳,1.1111111111111116,2.0,0.0,8.0,3.0,0.8888888888888888,0.5555555555555558
港北区,横浜市大曽根保育園,5歳,16.160714285714292,29.5,0.0,8.391304347826088,13.608695652173912,0.8856107660455486,0.5478208232445523
青葉区,横浜市奈良保育園,5歳,15.656341232667605,29.5,0.13043478260869565,9.08695652173913,11.91304347826087,0.8957120315014437,0.530723431615851
旭区,おれんじハウス二俣川駅前保育園,4歳,0.9999999999999998,2.0,0.0,9.0,0.0,0.9,0.4999999999999999
保土ケ谷区,認定こども園　育和幼稚園,4歳,8.484589018671802,18.5,0.9166666666666666,13.0,1.0,0.9078635408181767,0.458626433441719
戸塚区,にじいろ保育園吉田町,5歳,0.9090909090909094,2.0,0.0,10.0,3.0,0.9090909090909091,0.4545454545454547
磯子区,幼保連携型認定こども園　かおり幼稚園,3歳,0.9090909090909094,2.0,0.0,10.0,4.0,0.9090909090909091,0.4545454545454547
西区,つくし愛児園,3歳,13.409090909090914,29.5,0.0,10.0,0.0,0.9090909090909092,0.4545454545454547
保土ケ谷区,認定こども園　育和幼稚園,3歳,8.060897435897433,18.5,0.0,11.333333333333334,2.5833333333333335,0.9150641025641026,0.43572418572418553
港北区,にじいろ保育園綱島東,5歳,12.595238095238098,29.5,0.0,11.73913043478261,2.260869565217391,0.9184265010351966,0.4269572235673932
港南区,ベネッセ 上大岡保育園,5歳,7.875874125874127,18.5,0.0,10.833333333333334,2.1666666666666665,0.9150155400155401,0.42572292572292575
磯子区,幼保連携型認定こども園　かおり幼稚園,4歳,0.8333333333333337,2.0,0.0,11.0,3.0,0.9166666666666666,0.41666666666666685
港北区,にじいろ保育園箕輪町,5歳,12.015796703296697,29.5,0.0,12.608695652173912,2.347826086956522,0.9226051122790253,0.4073151424846338
港南区,にじいろ保育園上大岡,5歳,7.179487179487175,18.5,0.0,11.916666666666666,1.0833333333333333,0.9225427350427351,0.38808038808038786
西区,つくし愛児園,5歳,11.346153846153838,29.5,0.0,12.0,0.0,0.9230769230769232,0.38461538461538436
西区,つくし愛児園,4歳,11.346153846153838,29.5,0.0,12.0,0.0,0.9230769230769232,0.38461538461538436
青葉区,横浜市美しが丘保育園,5歳,10.747002997002992,29.5,0.0,12.73913043478261,18.217391304347824,0.9267529571877399,0.3643051863390845
磯子区,幼保連携型認定こども園　かおり幼稚園,5歳,0.714285714285714,2.0,0.0,13.0,1.0,0.9285714285714286,0.357142857142857
保土ケ谷区,認定こども園　育和幼稚園,5歳,6.269230769230767,18.5,0.0,13.833333333333334,0.16666666666666666,0.9324786324786324,0.3388773388773388
栄区,ぶれすと大船保育園,5歳,0.5555555555555558,2.0,0.0,17.0,2.0,0.9444444444444444,0.2777777777777779
