園名,住所,lat,lon
大和深見台雲母保育園,神奈川県大和市深見台１－７－２,35.466053,139.466858
とこちゃん保育園,神奈川県大和市大和南１－１６－２５,35.468262,139.467072
大和つきみ野駅前雲母保育園,神奈川県大和市つきみ野５－８－６,35.510956,139.457825
大和中央林間雲母保育園,神奈川県大和市中央林間５－１－２０,35.509377,139.443893
大和高座渋谷雲母保育園,神奈川県大和市下和田１２４８－２,35.434639,139.467468
よつばベビーななせ,神奈川県大和市大和東３－１５－５,35.474442,139.462265
大和ＹＭＣＡ保育園,神奈川県大和市大和東３－３－１６,35.471722,139.463928
ぽとふ大和,神奈川県大和市中央２－６－１７,35.471691,139.458389
アートチャイルドケア大和第２くれよん保育園,神奈川県大和市渋谷７－１－６佐藤ビル２Ｆ,35.432713,139.466354
保育ルームＦｅｌｉｃｅ大和園,神奈川県大和市西鶴間１－８－２ドルチェＫ１Ｆ,35.491951,139.448517
保育ルームＦｅｌｉｃｅ中央林間園,神奈川県大和市中央林間６－２－１２,35.510963,139.44458
ぽとふ大和第２,神奈川県大和市中央２－１６－１７　２Ｆ,35.471985,139.459106
はひふへ保育園かみわだ園,神奈川県大和市上和田１８００－３第２セゾン松本１Ｆ,35.446339,139.467087
みつばち保育園,神奈川県横浜市鶴見区潮田町３－１３７－５,35.502773,139.688965
わくわくの森保育園,神奈川県横浜市鶴見区市場東中町１２－２７,35.519512,139.684082
白幡保育園,神奈川県横浜市神奈川区西大口９３,35.490517,139.636826
キディ石川町・横浜,神奈川県横浜市中区吉浜町１－６,35.439529,139.642532
ひびき井土ヶ谷保育園,神奈川県横浜市南区井土ケ谷上町２６－２４,35.430744,139.597824
新桜ケ丘保育園,神奈川県横浜市保土ケ谷区新桜ケ丘２－４１－９,35.454636,139.56366
太陽の子　さちが丘保育園,神奈川県横浜市旭区さちが丘５２－７アーヴァイン山太１階,35.460346,139.527557
太陽の子　白根保育園,神奈川県横浜市旭区白根２－３－１８パール横浜白根ビル３階,35.479927,139.557144
土と愛　子供の家保育所,神奈川県横浜市旭区上白根２－９－１８,35.491455,139.539337
土と愛　子供の家保育所第２,神奈川県横浜市旭区上白根町１３０６－２８,35.503529,139.531219
明徳二俣川保育園,神奈川県横浜市旭区二俣川１－６－１二俣川北口ビル６階,35.463181,139.530884
夢のつぼみ保育園,神奈川県横浜市旭区東希望が丘２４０－４,35.467178,139.506744
わかばの森保育園,神奈川県横浜市旭区若葉台２－１４－１若葉台小学校内,35.508251,139.500702
日枝幼児園,神奈川県横浜市磯子区磯子４－３－１１,35.408733,139.619751
西柴保育園,神奈川県横浜市金沢区西柴３－３１－１,35.349823,139.62851
ゆめ和ほいくえん,神奈川県横浜市金沢区六浦東３－１２－１,35.317978,139.616257
森の台保育園,神奈川県横浜市緑区台村町６３３,35.510174,139.530396
小桜愛児園,神奈川県横浜市青葉区あざみ野１－３２－６,35.573452,139.549927
シャローム保育園,神奈川県横浜市青葉区あざみ野３－１１－２７,35.568356,139.540634
あおいそら保育園,神奈川県相模原市南区相模台団地５－８,35.517719,139.410492
げんきっず第２保育園,神奈川県相模原市緑区橋本５－３０ー２３,35.600109,139.342712
ふちのべ美邦こども園,神奈川県相模原市中央区共和１－４－３,35.566628,139.39859
アスク橋本保育園,神奈川県相模原市緑区橋本１－３－７,35.591183,139.346542
エンゼルハウス保育園,神奈川県相模原市緑区橋本２－６－２６,35.596565,139.341568
コンビプラザ橋本保育園,神奈川県相模原市緑区西橋本５－２－１５オラリオンサイト共用棟１Ｆ,35.596455,139.336746
マミー保育園相模大野,神奈川県相模原市南区相模大野７－３－３ブラザービル相模大野３Ｆ,35.532986,139.439362
ゆめいろこども園,神奈川県相模原市中央区相模原４－８－６ヴィラ相模原１Ｆ,35.578335,139.376434
誠心こども園,神奈川県相模原市中央区すすきの町27-38,35.590378,139.369064
相模湖こども園,神奈川県相模原市緑区与瀬８８６－７,35.614128,139.189301
かえでチャイルドセンター,神奈川県綾瀬市寺尾台１－１２－６０,35.457905,139.421036
ぽとふ綾瀬,神奈川県綾瀬市寺尾西３－１１－１,35.454723,139.41748
プレスクールあおば,神奈川県横浜市青葉区青葉台１－１８－１３,35.546406,139.518616
中川小桜愛児園,神奈川県横浜市都筑区中川１－１－１ふれあい中川４階,35.561974,139.571075
柏尾スマイル保育園,神奈川県横浜市戸塚区柏尾町９０９－１,35.415874,139.547577
こんにちは・ありがとうえん,神奈川県横浜市戸塚区品濃町１４６６－１,35.434555,139.559753
ハートの森保育園,神奈川県横浜市戸塚区品濃町１０２４,35.437458,139.55304
領家キッズ保育園,神奈川県横浜市泉区領家１－１０,35.421894,139.522797
阿久和保育園,神奈川県横浜市瀬谷区阿久和西２－２８－１３,35.453182,139.501038
ティンクル瀬谷保育園,神奈川県横浜市瀬谷区瀬谷４－２５－２,35.468643,139.481216
入船の森保育園,神奈川県横浜市鶴見区浜町１－１－１入船小学校内,35.500889,139.692902
浦島保育園,神奈川県横浜市神奈川区亀住町４－１１,35.483688,139.641037
利正寺保育園,神奈川県横浜市西区久保町３－１３,35.450806,139.608276
グリーンポート桜木町保育園,神奈川県横浜市西区桜木町７－４２,35.458904,139.622726
京急キッズランド井土ケ谷駅保育園,神奈川県横浜市南区井土ケ谷中町１６１,35.433632,139.601028
南愛児園,神奈川県横浜市南区南太田２－７－２１,35.435204,139.608673
睦町保育園,神奈川県横浜市南区睦町１－３０,35.430527,139.617447
京急キッズランド上永谷保育園,神奈川県横浜市港南区丸山台１－２－１京急シティ上永谷Ｌ－ウイング中央棟内,35.401829,139.573074
金沢ぴよっこ保育園,神奈川県横浜市金沢区堀口１９－３,35.358021,139.629013
ビアレ横浜スマイル保育園,神奈川県横浜市金沢区並木２－１３－２ビアレヨコハマ新館２階,35.361904,139.639282
マーマしのはら西保育園,神奈川県横浜市港北区篠原町３１１２－１６,35.50378,139.615372
マーマしのはら保育園,神奈川県横浜市港北区篠原町９７４－２５,35.501472,139.620499
パレット保育園・長津田,神奈川県横浜市緑区長津田４－１２,35.531998,139.492996
パレット保育園・たまプラーザ,神奈川県横浜市青葉区美しが丘１－１－２たまプラーザテラスゲートプラザ３階,35.578224,139.559586
マーマセンター北保育園,神奈川県横浜市都筑区牛久保西２－２８－１,35.557999,139.578278
小さな足あと保育園,神奈川県横浜市南区宿町４－７５－１,35.429527,139.608322
桜ケ丘保育園,神奈川県横浜市保土ケ谷区新桜ケ丘１－３４－１９,35.448124,139.564835
ペガサスわくわくランド,神奈川県横浜市磯子区森２－１３－１６,35.395657,139.613678
立場エンゼル保育園,神奈川県横浜市泉区和泉中央北２－３６－６６,35.418499,139.499924
ふたば保育園,神奈川県横浜市泉区和泉町１３６８,35.402401,139.49086
にじいろ保育園みなとみらい,神奈川県横浜市西区みなとみらい４－７Ｍ．Ｍ．ミッドスクエア３階,35.459442,139.630386
ことぶき保育園,神奈川県横浜市中区寿町３－１２－１,35.438648,139.638596
にじいろ保育園和田町,神奈川県横浜市保土ケ谷区和田１－１５－３,35.46368,139.587311
マヤ保育園,神奈川県横浜市旭区市沢町８７４－４,35.459591,139.559967
汐見台愛育園,神奈川県横浜市磯子区汐見台２－２－１,35.403332,139.611511
根岸星の子保育園,神奈川県横浜市磯子区東町１９－３３,35.416519,139.637787
フレンド金沢文庫保育園,神奈川県横浜市金沢区釜利谷東２－１６－３０,35.342983,139.619995
おおくらやまえきまえのぞみ保育園,神奈川県横浜市港北区大倉山３－５－１６,35.520771,139.629669
パレット保育園・綱島,神奈川県横浜市港北区綱島西１－２－９,35.537804,139.635269
光の園保育園,神奈川県横浜市港北区篠原北２－４－９,35.510098,139.629486
光の園保育園分園,神奈川県横浜市港北区篠原北２－４－７,35.509911,139.629562
森の樹保育園,神奈川県横浜市港北区大倉山１－２２－５,35.518269,139.630951
パレット保育園・高田,神奈川県横浜市港北区高田東４－２２－３８,35.54929,139.620544
MIWAあかね台光の子保育園,神奈川県横浜市青葉区あかね台２－１８－１,35.542236,139.483749
いずみ青葉台保育園,神奈川県横浜市青葉区青葉台２－８－２７,35.544205,139.515121
にじいろ保育園江田,神奈川県横浜市青葉区荏田町２３６１－３林ビル１階,35.558414,139.551727
アートチャイルドケアろりぽっぷたまプラーザ,神奈川県横浜市青葉区美しが丘２－１２－１,35.581646,139.560516
アートチャイルドケア東戸塚,神奈川県横浜市戸塚区品濃町５５７－１第三常磐ビル１階,35.435169,139.560516
聖母の園保育園,神奈川県横浜市戸塚区原宿４－３５－４,35.374958,139.499847
ののはな保育園,神奈川県横浜市戸塚区戸塚町４３９６,35.396984,139.524765
にじいろ保育園東戸塚,神奈川県横浜市戸塚区川上町８５－１Ｎ＆Ｆビル２１階,35.430309,139.554611
芙蓉保育園,神奈川県横浜市戸塚区戸塚町３４１７,35.393799,139.526672
南戸塚保育園,神奈川県横浜市戸塚区戸塚町２８３３－３,35.389755,139.525635
あすなろ保育園ちいさなおうち,神奈川県横浜市泉区新橋町８１２－２６,35.431503,139.503769
鳩の森愛の詩あすなろ保育園,神奈川県横浜市泉区新橋町８１２－２,35.431503,139.503769
もも保育園,神奈川県横浜市泉区中田西２－２５－３０,35.407486,139.503983
桑の実鶴見保育園,神奈川県横浜市鶴見区鶴見中央１－２８－２,35.50845,139.67868
鶴見あけぼの保育園,神奈川県横浜市鶴見区鶴見中央１－１８－１０,35.510071,139.67836
白幡フレール保育園,神奈川県横浜市神奈川区白幡上町１０－２４,35.492283,139.631805
ひびき保育園,神奈川県横浜市神奈川区松見町１－１０－３,35.49604,139.643967
高風保育園,神奈川県横浜市中区本牧元町７２－１,35.416683,139.665405
寿福祉センター保育所,神奈川県横浜市中区寿町４－１３－１,35.438671,139.637589
みなみマーノ保育園,神奈川県横浜市南区浦舟町３－４４－３,35.434162,139.626358
六ツ川みどり保育園,神奈川県横浜市南区六ツ川３－７７－７,35.427498,139.58049
めいとく保育園,神奈川県横浜市南区庚台４８,35.439796,139.613419
上永谷保育園,神奈川県横浜市港南区上永谷１－３５－４１,35.405647,139.575989
京急キッズランド上大岡保育園,神奈川県横浜市港南区上大岡西３－１０－１７,35.404549,139.597305
白峰保育園,神奈川県横浜市港南区港南台４－６－１５,35.372219,139.573975
境木保育園,神奈川県横浜市保土ケ谷区境木町７５－８２,35.441757,139.563538
キッズビレッジつくし保育園,神奈川県横浜市旭区笹野台４－１１－１９,35.469875,139.509735
ひまわり愛児園,神奈川県横浜市旭区金が谷５２１,35.480072,139.51535
太陽の子　鶴ヶ峰保育園,神奈川県横浜市旭区白根１－１４－７,35.478214,139.550949
つぼみ保育園,神奈川県横浜市旭区東希望が丘１８８－１,35.462547,139.508896
洋光台中央福澤保育センター,神奈川県横浜市磯子区洋光台５－３－１８,35.37624,139.593857
とみおかスマイル保育園,神奈川県横浜市金沢区富岡東５－１９－９,35.368008,139.631393
第二福澤保育センター,神奈川県横浜市港北区篠原町２８２３,35.505653,139.621445
なあな保育園,神奈川県横浜市港北区樽町３－６－３８,35.529808,139.643204
日吉みんなの保育園,神奈川県横浜市港北区日吉２－９－６,35.55571,139.645203
日吉みんなの保育園分園,神奈川県横浜市港北区日吉２－１０－４,35.556034,139.644943
青砥どんぐり保育園,神奈川県横浜市緑区青砥町６３５－２２,35.521187,139.545624
小山保育園,神奈川県横浜市緑区小山町２９２,35.519684,139.538651
新治保育園,神奈川県横浜市緑区新治町７０１,35.52037,139.520554
バオバブ霧が丘保育園,神奈川県横浜市緑区霧が丘３－２５－１,35.514202,139.505341
みどりさくら保育園,神奈川県横浜市緑区十日市場町１２５８－８６,35.521576,139.518173
キッズフォレ長津田,神奈川県横浜市緑区長津田２－３４－１２,35.532005,139.497452
青葉フレール保育園,神奈川県横浜市青葉区新石川２－９－６,35.574654,139.559158
エンゼルベアあざみ野保育園,神奈川県横浜市青葉区新石川１－１３－１,35.56815,139.555908
ちぐさのもり保育園,神奈川県横浜市青葉区千草台３２－１５,35.53693,139.530334
勝田保育園,神奈川県横浜市都筑区勝田町２６６－１,35.541233,139.591125
都筑ひよこ保育園,神奈川県横浜市都筑区加賀原１－２２－３０,35.524097,139.557938
パレット保育園・センター南,神奈川県横浜市都筑区茅ケ崎中央５－１港北東急ＳＣ６階,35.544209,139.572586
くすのき保育園,神奈川県横浜市戸塚区上矢部町６１９－１０,35.423939,139.532608
白梅いずみ保育園,神奈川県横浜市泉区上飯田町８７４－１,35.429035,139.479004
えみ保育園,神奈川県横浜市鶴見区獅子ケ谷３－４－３２,35.521969,139.645081
北寺尾むつみ保育園,神奈川県横浜市鶴見区北寺尾５－７－２０,35.513302,139.655167
ゆめいろ保育園,神奈川県横浜市鶴見区矢向３－１１－４８,35.536366,139.676956
桃の木保育園,神奈川県横浜市西区中央２－４２－１５,35.454456,139.613892
山元町保育園,神奈川県横浜市中区簑沢５０－１,35.426212,139.637329
中村愛児園,神奈川県横浜市南区平楽１３３,35.431885,139.631973
つばさ保育園,神奈川県横浜市港南区大久保１－２０－３９,35.40799,139.593491
つばさ保育園分園,神奈川県横浜市港南区大久保１－９－２５,35.41087,139.593781
プチアンジュ保育園,神奈川県横浜市保土ケ谷区今井町５０２－５,35.453804,139.557953
あゆみ保育園,神奈川県横浜市旭区鶴ケ峰２－５－２３,35.476414,139.545181
日吉夢保育園,神奈川県横浜市港北区日吉本町５－７４－１,35.550507,139.626877
ペガサス新横浜保育園,神奈川県横浜市港北区新横浜３－２４－１４,35.514488,139.62056
ペガサスベビー保育園,神奈川県横浜市港北区新横浜１－１９－１８パルク新横浜１０１,35.505547,139.612122
ペガサス夜間保育園,神奈川県横浜市港北区新横浜３－２４－１４,35.514488,139.62056
やまゆり中山保育園,神奈川県横浜市緑区中山１－２２－２２ＩＴＭ１階,35.515732,139.540466
ナーサリーつづき,神奈川県横浜市都筑区南山田２－２６－８,35.55722,139.587875
よこはま夢保育園,神奈川県横浜市都筑区高山６－２３,35.537189,139.560242
横浜ルンビニー保育園,神奈川県横浜市泉区新橋町１１７５－１,35.436195,139.510544
光の園第二保育園,神奈川県横浜市港北区菊名６－２１－１７,35.515568,139.630798
横浜市神大寺保育園,神奈川県横浜市神奈川区神大寺２－１－７,35.481762,139.609421
横浜市西菅田保育園,神奈川県横浜市神奈川区菅田町４８８,35.497353,139.57431
横浜市松見保育園,神奈川県横浜市神奈川区松見町１－２８－４,35.495888,139.640915
横浜市しろばら保育園,神奈川県横浜市南区中村町４－２７０,35.432247,139.623596
横浜市永田保育園,神奈川県横浜市南区永田みなみ台５－１,35.432003,139.589325
横浜市井土ケ谷保育園,神奈川県横浜市南区井土ケ谷下町１３－１７,35.430481,139.606033
横浜市岩井保育園,神奈川県横浜市保土ケ谷区岩井町２３８,35.441643,139.603394
横浜市東滝頭保育園,神奈川県横浜市磯子区滝頭２－３１－３２,35.41938,139.623047
横浜市並木保育園,神奈川県横浜市金沢区並木１－４－４,35.374104,139.637756
横浜市港北保育園,神奈川県横浜市港北区仲手原２－２０－１９,35.496254,139.631287
横浜市南日吉保育園,神奈川県横浜市港北区日吉本町４－１０－５２,35.546082,139.634018
横浜市菊名保育園,神奈川県横浜市港北区菊名３－１０－２０,35.505924,139.638046
横浜市太尾保育園,神奈川県横浜市港北区大倉山４－２４－７,35.520916,139.622391
横浜市十日市場保育園,神奈川県横浜市緑区十日市場町１２９６,35.522228,139.512329
横浜市美しが丘保育園,神奈川県横浜市青葉区美しが丘２－２－１,35.578259,139.561279
横浜市大熊保育園,神奈川県横浜市都筑区仲町台３－６－６,35.534897,139.59436
横浜市茅ケ崎南保育園,神奈川県横浜市都筑区茅ケ崎南５－１１－３,35.540344,139.569977
横浜市川上保育園,神奈川県横浜市戸塚区川上町４－９,35.428234,139.555771
横浜市和泉保育園,神奈川県横浜市泉区和泉町５７３１－６,35.427731,139.494644
横浜市瀬谷第二保育園,神奈川県横浜市瀬谷区瀬谷３－１８－２,35.466713,139.487045
横浜市中屋敷保育園,神奈川県横浜市瀬谷区中屋敷２－２９－２,35.4851,139.474686
善部保育園,神奈川県横浜市旭区善部町４４－７,35.451847,139.507889
平沼保育園,神奈川県横浜市西区浜松町１３－６,35.453964,139.611481
港南台つばさ保育園,神奈川県横浜市港南区港南台６－３－１６,35.373394,139.586456
ルーチェ保育園　鶴見,神奈川県横浜市鶴見区豊岡町９－３８,35.508339,139.673798
ねむの樹　元宮保育園,神奈川県横浜市鶴見区元宮２－５－２８,35.521549,139.678421
太陽の子　港南台保育園,神奈川県横浜市港南区港南台３－１２－２,35.377716,139.578339
笹下保育園,神奈川県横浜市港南区港南６－２－８,35.398449,139.591034
エルアンジュ保育園,神奈川県横浜市保土ケ谷区坂本町１６７－５,35.466244,139.577499
パレット保育園・大豆戸,神奈川県横浜市港北区大豆戸町５５２－１,35.513695,139.624725
やまゆり中山保育園分園,神奈川県横浜市緑区中山１－２１－５,35.516045,139.539749
パレット保育園・牛久保西,神奈川県横浜市都筑区牛久保西３－１２－２２,35.561428,139.579437
ブライト保育園横浜佐江戸,神奈川県横浜市都筑区佐江戸町２０８９－１,35.516506,139.557297
キッズフォレ東山田,神奈川県横浜市都筑区東山田町３２２,35.553589,139.604309
浦島保育園ジュニア,神奈川県横浜市神奈川区亀住町１－３,35.482773,139.639969
霞台保育園,神奈川県横浜市保土ケ谷区霞台４１－５,35.447754,139.592453
霞台保育園分園さくらんぼ,神奈川県横浜市保土ケ谷区霞台２－３,35.446915,139.594513
ヨコハマさくら保育園,神奈川県横浜市鶴見区生麦４－５－１１,35.497345,139.66954
太陽の子　鴨居駅前保育園,神奈川県横浜市緑区鴨居１－１６－１４マンションＨＡＭＡＫＡＺＥ１階,35.511234,139.567673
別所保育園,神奈川県横浜市南区別所２－１４－１０,35.416252,139.59198
横浜市潮田保育園,神奈川県横浜市鶴見区潮田町４－１４８－１,35.503719,139.691971
横浜市野庭第二保育園,神奈川県横浜市港南区野庭町６０１,35.393162,139.572174
横浜市大久保保育園,神奈川県横浜市港南区大久保２－２８－２７,35.410191,139.587677
横浜市神戸保育園,神奈川県横浜市保土ケ谷区神戸町１０４－２０,35.452168,139.597763
横浜市天王町保育園,神奈川県横浜市保土ケ谷区天王町２－４２－２９,35.455952,139.600082
横浜市東滝頭保育園（分園）,神奈川県横浜市磯子区滝頭３－１－６８,35.421154,139.624527
横浜市南六浦保育園,神奈川県横浜市金沢区六浦５－２０－１,35.325356,139.611481
横浜市すすき野保育園,神奈川県横浜市青葉区すすき野２－８－６,35.577484,139.524948
横浜市荏田保育園,神奈川県横浜市青葉区荏田北２－１１－４０,35.556152,139.541702
横浜市飯島保育園,神奈川県横浜市栄区飯島町５２７,35.373409,139.536484
横浜市公田保育園,神奈川県横浜市栄区公田町７４０,35.36055,139.554962
横浜市二ツ橋保育園,神奈川県横浜市瀬谷区二ツ橋町５２７－２,35.474434,139.498444
あゆみキッズ保育園,神奈川県横浜市旭区鶴ケ峰２－１７－２６,35.476265,139.546829
エミールの森ひよこ保育園,神奈川県横浜市栄区小山台１－３３－１０,35.378998,139.555115
ポプラ第二保育園,神奈川県横浜市旭区鶴ケ峰２－６９－２４,35.474297,139.550827
認定こども園捜真幼稚園,神奈川県横浜市神奈川区栗田谷４２－４３,35.481518,139.617874
認定こども園三陽幼稚園・三陽保育園,神奈川県横浜市青葉区上谷本町７２２,35.559425,139.518387
ゆうゆうのもり幼保園,神奈川県横浜市都筑区早渕２－３－７７,35.544888,139.599335
認定こども園エクレス,神奈川県横浜市都筑区長坂８－１,35.537754,139.571869
横浜孝道幼稚園,神奈川県横浜市神奈川区鳥越２３,35.482529,139.633133
ばらの幼稚園,神奈川県横浜市西区西戸部町３－２９１,35.450962,139.615921
学校法人マーヤ学園アソカ幼稚園,神奈川県横浜市中区小港町３－１７９,35.429722,139.6633
本牧めぐみ幼稚園,神奈川県横浜市中区本牧三之谷２６－９,35.420128,139.662506
光輪幼稚園,神奈川県横浜市金沢区平潟町２６－２９,35.331337,139.629166
大倉山アソカ幼稚園,神奈川県横浜市港北区大倉山２－８－７,35.524097,139.625381
小机幼稚園,神奈川県横浜市港北区小机町２５６,35.505573,139.584793
長福寺第二幼稚園,神奈川県横浜市港北区綱島台２８－１,35.539314,139.635925
戸塚ルーテル教会附属幼稚園,神奈川県横浜市戸塚区戸塚町１５７,35.396519,139.531464
舞岡幼稚園,神奈川県横浜市戸塚区舞岡町３５５７－４,35.410053,139.552277
港南台幼稚園,神奈川県横浜市港南区港南台５－１７－１,35.370117,139.581345
認定こども園　竹の子幼稚園,神奈川県横浜市港南区日野７－３４－７,35.388901,139.577194
東幼稚園,神奈川県横浜市緑区鴨居３－１３－６,35.50732,139.569046
八朔幼稚園,神奈川県横浜市緑区北八朔町１９８８‐１２,35.530876,139.531448
むつみ幼稚園,神奈川県横浜市緑区長津田４－５－２０,35.533333,139.494324
瀬谷幼稚園,神奈川県横浜市瀬谷区南台１－３０－６,35.465195,139.491531
飯島幼稚園,神奈川県横浜市栄区飯島町１０５０－３,35.376186,139.533707
愛和幼稚園,神奈川県横浜市青葉区荏田町８７４,35.55542,139.559097
愛和太陽幼稚園,神奈川県横浜市青葉区荏子田３－２６－３,35.577854,139.538254
市ヶ尾幼稚園,神奈川県横浜市青葉区市ケ尾町２１８２,35.55442,139.532242
港北幼稚園,神奈川県横浜市都筑区早渕３－３５－２５,35.550724,139.60379
コビープリスクールなかまちだい,神奈川県横浜市都筑区勝田町２９９－１,35.5425,139.591858
たけのこ永田東保育園,神奈川県横浜市南区永田東３－３－１０,35.437672,139.599609
たいせつ保育園,神奈川県横浜市神奈川区二ツ谷町６－３,35.477009,139.62999
エクレスすみれ保育園,神奈川県横浜市都筑区長坂７－１５,35.537964,139.572006
メモリー保育園,神奈川県横浜市戸塚区舞岡町６４７－４,35.406223,139.550385
泉の郷保育園いずみ,神奈川県横浜市泉区和泉中央北３－１－５,35.41573,139.493912
蒔田ひまわり保育園,神奈川県横浜市南区花之木町２－２６馬淵建設ビル１階,35.433208,139.610794
うちゅう保育園やました,神奈川県横浜市中区山下町１８－３,35.443325,139.651947
丘の上保育園,神奈川県横浜市戸塚区汲沢１－２７－６,35.396286,139.522095
パレット保育園・綱島分園,神奈川県横浜市港北区綱島西２－９－８,35.534863,139.632004
いいじまひがしこども園　飯島東幼稚園・飯島東保育園,神奈川県横浜市栄区飯島町２１５８,35.371319,139.537064
泉の郷保育園いずみ分園,神奈川県横浜市泉区和泉中央北２－１６－３５,35.415588,139.494598
エンゼルベア青葉台保育園,神奈川県横浜市青葉区榎が丘１３－３アグリヒル青葉台,35.54192,139.513519
市場ポケット保育園,神奈川県横浜市鶴見区市場大和町３－１８,35.517231,139.686691
みのわのぞみ保育園,神奈川県横浜市港北区箕輪町３－７－２,35.547993,139.643234
保土ケ谷保育園,神奈川県横浜市保土ケ谷区天王町１－３－３,35.458138,139.601456
ブライト保育園横浜綱島,神奈川県横浜市港北区新吉田東１－６－２６,35.541744,139.623184
ブライト保育園横浜日吉,神奈川県横浜市港北区日吉５－２１－１,35.545834,139.654861
ニチイキッズ東戸塚保育園,神奈川県横浜市戸塚区品濃町５２７－１,35.427311,139.560593
キッズパートナーみなとみらい,神奈川県横浜市西区みなとみらい６－３－４プライムコーストみなとみらい１階１Ａ,35.462914,139.632309
あっぷるキッズ青葉台,神奈川県横浜市青葉区榎が丘７－１０,35.539639,139.513672
フレール保育園,神奈川県横浜市神奈川区三ツ沢東町２－５０,35.474628,139.613556
光の園アンティー保育園,神奈川県横浜市港北区菊名１－６－１４,35.498295,139.631958
下田みんなの保育園,神奈川県横浜市港北区下田町１－３－４１,35.558376,139.636551
光の園アンティー保育園分園,神奈川県横浜市港北区菊名１－３－８,35.498199,139.632462
ゆうゆうきっず新子安,神奈川県横浜市神奈川区新子安１－１０－１６,35.488476,139.656174
はなまる保育園,神奈川県横浜市港北区綱島東１－１３－２,35.536465,139.637619
三ツ境たんぽぽ保育園,神奈川県横浜市旭区笹野台２－９－２８,35.47171,139.50296
ネスト瀬谷,神奈川県横浜市瀬谷区中央６－１５,35.47139,139.482315
上大岡ラビット保育園,神奈川県横浜市南区別所２－８－１Ｂｅｅメルビル,35.416405,139.593094
あゆみ保育園　鶴見,神奈川県横浜市鶴見区佃野町２－１９,35.513012,139.677307
キッズパートナー東戸塚,神奈川県横浜市戸塚区品濃町８３８－５,35.434555,139.559753
太陽の子　二俣川駅保育園,神奈川県横浜市旭区二俣川２－５０－１４コプレ二俣川５階,35.461472,139.532791
きゃんばす子安台保育園,神奈川県横浜市神奈川区子安台２－１－８,35.492897,139.655792
パレット保育園・大倉山,神奈川県横浜市港北区樽町１－１３－３,35.526802,139.633102
たまプラーザ小桜愛児園,神奈川県横浜市青葉区新石川２－３－１５ディアコートサウス２、３階,35.575802,139.558151
にじいろ保育園関内,神奈川県横浜市中区港町３－１４－３,35.444672,139.635574
ブライト保育園横浜松見町,神奈川県横浜市神奈川区松見町３－２－４,35.500916,139.642471
認定こども園泉ヶ丘幼稚園,神奈川県横浜市泉区和泉が丘３－９－１,35.406364,139.494781
認定こども園　希望ケ丘幼稚園　希望ケ丘保育園,神奈川県横浜市旭区東希望が丘１７,35.463303,139.519669
認定こども園いづみ幼稚園,神奈川県横浜市泉区和泉中央南４－１７－３６,35.414619,139.488785
幼保連携型認定こども園　ひまわり幼稚園,神奈川県横浜市戸塚区戸塚町５１１８,35.404907,139.532593
ララランド戸塚,神奈川県横浜市戸塚区戸塚町４９１２－２ベルコート戸塚１階,35.402191,139.532013
わらべうた　中山保育園,神奈川県横浜市緑区中山５－１－２４,35.511131,139.539948
ポポラー横浜和田町園,神奈川県横浜市保土ケ谷区仏向町８４５－１５シティテラス横濱和田町エアーズコート１階,35.460945,139.584106
ララランド戸塚第２,神奈川県横浜市戸塚区戸塚町４８９０－１,35.401093,139.529922
豊岡ひまわり保育園,神奈川県横浜市鶴見区豊岡町３５－２６,35.512554,139.674484
みゆさと保育園,神奈川県横浜市鶴見区豊岡町４０－１５,35.513504,139.673782
フェアリーテイルつばさ,神奈川県横浜市鶴見区寺谷２－１－２０,35.51091,139.67218
フェアリーテイルつばさ分園,神奈川県横浜市鶴見区寺谷一丁目３番２号朋山ヒルズ１０１,35.510563,139.672531
天才キッズクラブ楽学館大倉山園,神奈川県横浜市港北区大倉山３－５５－３,35.522629,139.625244
光の園第二保育園　分園,神奈川県横浜市港北区菊名６－１５－１４,35.514477,139.63089
キッズパートナー綱島東,神奈川県横浜市港北区綱島東４－６－３３,35.541073,139.643845
横浜そらいろ保育園,神奈川県横浜市西区岡野２－８－３,35.460667,139.614456
キッズパートナー磯子中原,神奈川県横浜市磯子区中原３－３－１１,35.389347,139.612381
パレット保育園・妙蓮寺,神奈川県横浜市港北区仲手原１－１８－１３,35.495502,139.634109
キディ大倉山・横浜,神奈川県横浜市港北区大豆戸町３５－１,35.518993,139.633163
戸塚ほしの木保育園,神奈川県横浜市戸塚区戸塚町４７９０－６,35.401978,139.53035
三丁目こども園,神奈川県横浜市保土ケ谷区星川３－５－１９,35.462833,139.588882
認定こども園　富士塚幼稚園・保育園,神奈川県横浜市泉区下飯田町８９２,35.400681,139.482208
杉田保育園,神奈川県横浜市磯子区杉田７－２－１,35.372646,139.618759
上永谷西保育園,神奈川県横浜市港南区上永谷６－８－３,35.401562,139.564697
キッズフォレセンター北,神奈川県横浜市都筑区中川中央１－２９－５,35.55463,139.579514
横浜山手モンテッソーリ保育園,神奈川県横浜市鶴見区豊岡町３８－７,35.512733,139.672836
ララランド井土ケ谷,神奈川県横浜市南区井土ケ谷上町１３－１８,35.430992,139.596176
ララランド大倉山,神奈川県横浜市港北区大倉山１－１０－１２,35.521938,139.631775
ポピンズナーサリースクールあざみ野,神奈川県横浜市青葉区あざみ野２－３５－１２,35.566471,139.544983
生麦ポケット保育園,神奈川県横浜市鶴見区生麦３－７－１１,35.494652,139.667038
保育園夢未来二俣川園,神奈川県横浜市旭区さちが丘１３８－２,35.460785,139.529678
市ヶ尾保育園,神奈川県横浜市青葉区市ケ尾町５２４－１５,35.543999,139.543839
シープ保育所,神奈川県横浜市都筑区新栄町２１－１２,35.539471,139.593491
清水ヶ丘保育園,神奈川県横浜市南区清水ケ丘２５,35.438793,139.611176
幼保連携型認定こども園岸根こども園,神奈川県横浜市港北区岸根町６８５－１２,35.49662,139.609985
認定こども園　大谷幼稚園,神奈川県横浜市港南区日野１－１０－１５,35.39679,139.588562
天使幼稚園,神奈川県横浜市金沢区金沢町４８,35.343266,139.625107
鍛冶ケ谷カトリック幼稚園,神奈川県横浜市栄区柏陽１６－２,35.367012,139.555527
明日葉保育園大倉山園,神奈川県横浜市港北区大倉山１－１５－２１,35.520519,139.630814
キッズパートナー大倉山,神奈川県横浜市港北区大豆戸町１１３－１,35.513493,139.625656
すまいる保育園,神奈川県横浜市緑区中山１－２９－６－１０９,35.516659,139.536865
すまいるセンターみなみ保育園,神奈川県横浜市都筑区茅ヶ崎東３－５港北ニュータウンコンフォールセンター南６－１０４,35.541855,139.578674
ベイキッズ　あおぞら保育園,神奈川県横浜市都筑区荏田南１－１２－２８,35.540817,139.560654
ネストぽぽ,神奈川県横浜市瀬谷区瀬谷３－１０－５,35.466976,139.486023
キッズパートナー平沼橋,神奈川県横浜市西区岡野１－１－１６,35.461212,139.616379
東戸塚赤ちゃん保育園,神奈川県横浜市戸塚区品濃町５３８－７オセアン第２ビル２階,35.43132,139.557587
徳育ナーサリー山下公園,神奈川県横浜市中区山下町２産業貿易センタービル２階,35.44688,139.645905
北寺尾むつみ小規模保育施設,神奈川県横浜市鶴見区北寺尾５－７－３３,35.512997,139.654709
芸術の森保育園,神奈川県横浜市栄区笠間３－４５ガーデンアソシエⅠ－１,35.35936,139.532944
旭ローズ保育園,神奈川県横浜市旭区二俣川１－７漆原ビル１階,35.462551,139.530594
桑の実馬場保育園,神奈川県横浜市鶴見区馬場１－２０－１２,35.506771,139.643402
ぽかぽか保育園,神奈川県横浜市南区三春台１４３南糧三春台マンション１階,35.442566,139.612686
三色えのぐの保育園,神奈川県横浜市鶴見区菅沢町８－１,35.513706,139.68634
さくら保育室,神奈川県横浜市都筑区大丸４－７ルミエール１０５,35.53804,139.559464
横浜シュタイナー保育園,神奈川県横浜市神奈川区松本町５－３６－１０,35.477161,139.618546
上大岡ラビット保育園ＴＷＩＮＳ,神奈川県横浜市港南区大久保１－４－３－１０３,35.411034,139.594467
ハッピーシーズ保育園,神奈川県横浜市緑区長津田７－１－４３ガーデニアパーク１０２,35.529888,139.494736
保育ルーム　岸根公園前,神奈川県横浜市神奈川区片倉５－１９－２８,35.492298,139.613251
たしろ保育室,神奈川県横浜市保土ケ谷区月見台６番３号,35.446976,139.594574
倉山保育室,神奈川県横浜市緑区鴨居,35.511463,139.567917
おひさま保育室,神奈川県横浜市金沢区釜利谷東,35.341866,139.61586
ベイキッズひまわり保育園,神奈川県横浜市戸塚区矢部町３２１プロムナード矢部１５棟１０４号,35.405972,139.534775
立場らびっと保育園,神奈川県横浜市泉区和泉中央北２－２－２９グリーンヴィラ和泉町１０２,35.416199,139.499527
キッズパートナー井土ヶ谷,神奈川県横浜市南区南太田４－３－８,35.435474,139.600403
こころベイビー,神奈川県横浜市神奈川区片倉２－２－５,35.487915,139.604706
竹の子共同保育園,神奈川県横浜市南区井土ケ谷中町１２７－１ルネ横浜アーバンテラス１階,35.43174,139.601761
中田駅前　はまっこ保育園,神奈川県横浜市泉区中田南３－２－２１,35.41074,139.511322
ユニコーン・キッズクラブ,神奈川県横浜市鶴見区市場大和町４－８ＩＰビル２階,35.517082,139.686935
ハッピーシーズりんご園,神奈川県横浜市緑区長津田７－１－４６ニッショーⅦ１階１号室,35.529926,139.495071
サクラフェリーチェ保育園,神奈川県横浜市泉区中田北１－１－２７,35.41539,139.500122
にこにこすまいる園,神奈川県横浜市緑区中山１－２９－３－１０１,35.516659,139.536865
キッズパートナー新子安,神奈川県横浜市神奈川区子安通３－２９５－１,35.487389,139.656601
キッズパートナー東白楽,神奈川県横浜市神奈川区西神奈川１－１３－１４ライオンズマンション東白楽第２１０２号室,35.480434,139.630783
西寺尾チューリップルーム,神奈川県横浜市神奈川区西寺尾２－２６コンフォール西寺尾５号棟１０４号室,35.499725,139.64595
ベイキッズ星の森保育園,神奈川県横浜市港北区下田町４－１サンヴァリエ日吉８号棟１０１号室,35.55695,139.629425
ふれあいの家　にこにこ保育園,神奈川県横浜市栄区上郷町７０３－１,35.352081,139.579605
ジャンプ保育園,神奈川県横浜市港北区日吉本町３－３３－１６－１０１,35.549915,139.636261
保育園ころころキッズガーデン,神奈川県横浜市中区末吉町４－８３ベルハウス伊勢佐木１０１号室,35.438629,139.622559
戸塚チューリップ保育園,神奈川県横浜市戸塚区上倉田町３９４－１セーフズマンション１０３号,35.396275,139.535263
たいせつ横浜ポートサイド保育園,神奈川県横浜市神奈川区栄町６－１ヨコハマポートサイドロア弐番館１階,35.468666,139.629684
キッズパートナーみなとみらい第２,神奈川県横浜市西区みなとみらい６－３－４プライムコーストみなとみらい１階B号室,35.462914,139.632309
たまプラーザぽんた保育園,神奈川県横浜市青葉区美しが丘１－２３－５,35.583813,139.553665
あさひすまいる保育園,神奈川県横浜市旭区鶴ケ峰本町２－４６－１－２０２,35.478371,139.548264
岩原保育室,神奈川県横浜市磯子区杉田１－６－８,35.385303,139.618576
ベイキッズ　なのはな保育園,神奈川県横浜市磯子区森１－１０－９中銀磯子マンシオン２０６,35.399109,139.616455
天王町駅前もえぎ保育園,神奈川県横浜市保土ケ谷区天王町２－４６－８シアトルハウス１階,35.454254,139.602997
すぎやま家庭保育室,神奈川県横浜市西区藤棚町,35.450024,139.612701
あざみ野ひだまり保育園,神奈川県横浜市青葉区あざみ野２－２８－９ルミナスミユキ２０１,35.568607,139.548111
ベイキッズ　おりーぶ保育園,神奈川県横浜市保土ケ谷区仏向町８４５－１コンフォール仏向町３号棟１０８号,35.460945,139.584106
マミングステーション,神奈川県横浜市金沢区能見台通１－５能見台駅前ＧＣＩビル２階,35.360275,139.628952
ニチイキッズ桜木町保育園,神奈川県横浜市中区花咲町１－１７明光ビル１、２階,35.448071,139.631424
根岸すみれ保育園,神奈川県横浜市磯子区原町１３－１０アブニール根岸１階,35.4156,139.629822
フェアリーテイルそら,神奈川県横浜市港北区新横浜３－２３－３,35.513397,139.619446
こどもの国ほしぞら保育園,神奈川県横浜市青葉区奈良５－１６－１０芙蓉館１０２,35.559959,139.480637
おんぷ保育園,神奈川県横浜市戸塚区戸塚町４８２０－６－２０１,35.401119,139.528717
東戸塚らびっと保育園,神奈川県横浜市戸塚区品濃町５２１－２１階,35.427662,139.559448
ペパンルーム,神奈川県横浜市南区別所中里台,35.417118,139.58548
ひより保育室,神奈川県横浜市旭区中沢,35.471317,139.529404
キッズパートナー横浜市役所,神奈川県横浜市中区本町６－５０－１０２階,35.450195,139.634903
ベイキッズおひさま保育園,神奈川県横浜市泉区中田東１－３７－１２イーストコートＢ,35.41061,139.512787
中原保育園,神奈川県川崎市中原区小杉陣屋町２丁目３－１,35.582378,139.655319
生田保育園,神奈川県川崎市多摩区西生田３丁目１５－１０,35.612312,139.529053
幼保連携型認定こども園太陽の子幼稚園,神奈川県相模原市緑区原宿南３‐６‐１０,35.592911,139.311905
認定こども園げんきっこ　大沢第二幼稚園,神奈川県相模原市緑区大島１３０４‐２,35.582138,139.316727
認定こども園田名幼稚園,神奈川県相模原市中央区水郷田名１‐１６‐３,35.549824,139.326569
認定こども園ひばりっ子クラブ,神奈川県相模原市中央区淵野辺４－３１－７,35.570576,139.400024
幼保連携型認定こども園　大沢幼稚園,神奈川県相模原市緑区上九沢２６７,35.579678,139.328659
相模白ゆり幼稚園,神奈川県相模原市中央区矢部４丁目１‐２０,35.571896,139.388489
認定こども園相模野幼稚園,神奈川県相模原市緑区二本松３丁目９‐１２,35.595432,139.317551
認定こども園相模原高校付属光明幼稚園,神奈川県相模原市南区当麻８７０‐６,35.530685,139.368652
相模原みどり幼稚園,神奈川県相模原市緑区東橋本２丁目３２‐２２,35.594845,139.351791
認定こども園中央幼稚園,神奈川県相模原市中央区光が丘２丁目２４‐１,35.554802,139.378296
幼保連携型認定こども園　橋本幼稚園,神奈川県相模原市緑区橋本６丁目１４‐１,35.597881,139.344543
認定こども園みずほ幼稚園,神奈川県相模原市中央区上溝７丁目３１‐４,35.552734,139.360168
認定こども園よこやま幼稚園,神奈川県相模原市中央区横山台２丁目１０‐８,35.564461,139.359619
認定こども園新町幼稚園,神奈川県相模原市緑区相原１丁目２０‐５,35.604179,139.326019
認定こども園　津久井ヶ丘幼稚園,神奈川県相模原市緑区長竹８３８‐１,35.566723,139.260544
ばらの花幼稚園,神奈川県相模原市緑区中野１３６６,35.589588,139.251465
相模原市立城山幼稚園,神奈川県相模原市緑区緑区町屋１丁目１８‐５２,35.595558,139.337708
ふじのこども園,神奈川県相模原市緑区緑区吉野１０３０‐１２,35.595558,139.337708
幼保連携型認定こども園　大島幼稚園,神奈川県相模原市緑区大島２０２‐１,35.582745,139.312866
認定こども園モモ,神奈川県相模原市南区南区鵜野森１‐２１‐４,35.523491,139.423782
認定こども園　相模林間幼稚園,神奈川県相模原市南区上鶴間４‐２‐１,35.521198,139.445496
すすきの保育園,神奈川県相模原市中央区すすきの町２‐６,35.5872,139.367142
愛の園ふちのべこども園,神奈川県相模原市中央区淵野辺１‐１６‐５,35.573673,139.391632
相模保育園,神奈川県相模原市中央区矢部２‐７‐２６,35.57296,139.38092
幼保連携型認定こども園星ヶ丘二葉園,神奈川県相模原市中央区星が丘１‐１６‐１５,35.562023,139.369904
立正保育園,神奈川県相模原市南区南台５‐１０‐２６,35.516754,139.420334
高見保育園,神奈川県相模原市緑区東橋本３‐１６‐９,35.596134,139.353165
相武台新日本こども園,神奈川県相模原市南区相武台団地１‐４‐３,35.509537,139.413254
幼保連携型認定こども園すこやか,神奈川県相模原市中央区横山４‐１２‐１４,35.565414,139.363235
せんだん保育園,神奈川県相模原市南区新戸２０７８‐２,35.494926,139.387375
ふじ乳児保育園,神奈川県相模原市中央区星が丘１‐４‐８,35.562065,139.36792
上溝保育園,神奈川県相模原市中央区光が丘３‐２‐１,35.554474,139.379959
むくどりこども園,神奈川県相模原市緑区下九沢４５４,35.568085,139.349121
あらいそのこども園,神奈川県相模原市南区新磯野3-22-15,35.505161,139.40419
幼保連携型認定こども園おおのだい,神奈川県相模原市南区大野台４‐３‐２０,35.548492,139.404022
幼保連携型認定こども園　清水こども園,神奈川県相模原市中央区田名２１６６‐２,35.55949,139.326782
友愛保育園,神奈川県相模原市中央区水郷田名２‐１４‐６８,35.546158,139.329681
ひよこ保育園,神奈川県相模原市中央区上溝７‐５‐３,35.554092,139.360489
ふじ第二保育園,神奈川県相模原市中央区上溝３５０,35.544025,139.361115
和泉保育園,神奈川県相模原市中央区青葉２ー８ー２,35.551418,139.389069
横山台こども園,神奈川県相模原市中央区横山台２‐２４‐１６,35.565136,139.357605
幼保連携型認定こども園　むくどり風の森こども園,神奈川県相模原市緑区緑区大島１１‐１４７,35.595558,139.337708
幼保連携型認定こども園まつがえこども園,神奈川県相模原市南区松が枝町１０‐１４,35.517525,139.425613
たけの子保育園,神奈川県相模原市中央区小山２‐５‐９,35.584251,139.359421
二本松こども園,神奈川県相模原市緑区二本松２‐３０‐３０,35.591385,139.31488
くぬぎ台保育園,神奈川県相模原市南区上鶴間３‐２３‐１８,35.519802,139.450729
千代田保育園,神奈川県相模原市中央区千代田４‐５‐１２,35.562271,139.379547
夜間保育所ドリーム,神奈川県相模原市中央区淵野辺１‐１６‐５,35.573673,139.391632
エンゼル保育園,神奈川県相模原市中央区相模原４‐７‐１４,35.577446,139.375885
たけの子第２保育園,神奈川県相模原市中央区小山２‐７‐２４,35.585247,139.359116
幼保連携型認定こども園　東橋本ひまわりこども園,神奈川県相模原市緑区東橋本４‐１４‐３６,35.598167,139.358643
たけのうちこども園,神奈川県相模原市中央区東淵野辺４‐２５‐３,35.559875,139.411163
星の子保育園,神奈川県相模原市緑区相原２‐１４‐７,35.599991,139.32579
認定こども園　ひかりキッズ,神奈川県相模原市中央区鹿沼台２‐１２‐１５,35.567669,139.393661
ひよこ第２保育園,神奈川県相模原市中央区上溝１８８７‐１,35.5518,139.362823
幼保連携型認定こども園橋本りんごこども園,神奈川県相模原市緑区緑区橋本１‐１２‐２５,35.595558,139.337708
マシュマロ保育園,神奈川県相模原市南区相模台２‐２６‐４,35.515957,139.414841
たいようこども園,神奈川県相模原市南区豊町１０‐５,35.527317,139.427094
南橋本みたけこども園,神奈川県相模原市中央区南橋本３‐４‐２１,35.58028,139.350159
幼保連携型認定こども園むくどり風の丘こども園,神奈川県相模原市緑区下九沢１５５８‐１４,35.579025,139.336472
ののはな文京保育園,神奈川県相模原市南区文京１‐６‐５,35.538757,139.42865
星の子第２保育園,神奈川県相模原市緑区橋本８‐２７‐２３,35.598778,139.332153
ひよこ第３保育園,神奈川県相模原市南区豊町１‐２９,35.529415,139.425812
古淵保育園,神奈川県相模原市南区古淵３‐１‐８,35.554817,139.420105
認定こども園ピノ,神奈川県相模原市南区古淵１‐８‐１ヤママサ第8ビル,35.556385,139.420105
さいわいこども園,神奈川県相模原市南区相模大野９‐１５‐３６,35.526089,139.438477
ナーサリースクールＴ＆Ｙ南台,神奈川県相模原市南区南台１‐４‐２０,35.522503,139.424896
西橋本みたけこども園,神奈川県相模原市緑区西橋本２‐２０‐１２,35.592918,139.337036
レイモンド橋本保育園,神奈川県相模原市緑区橋本３‐１３‐１パ‐クスクウェア１階,35.594402,139.347931
保育園東林間ジュニアクラブ,神奈川県相模原市南区上鶴間６‐６‐２３,35.523762,139.442078
幼保連携型認定こども園ひまわり第２こども園,神奈川県相模原市緑区橋本４‐１８‐１９,35.598038,139.348083
大野村いつきの保育園,神奈川県相模原市南区大野台３‐１５‐４８,35.555191,139.398956
保育園アリス,神奈川県相模原市南区上鶴間本町７‐９‐３４,35.530018,139.450455
認定こども園きらきら,神奈川県相模原市緑区下九沢１５２０‐１,35.575344,139.339005
ＲＩＳＳＨＯＫＩＤ’Ｓきらり,神奈川県相模原市南区相模大野４‐５‐５Ｄ棟２階,35.532913,139.431747
幼保連携型認定こども園ＹＭＣＡオベリン保育園,神奈川県相模原市中央区淵野辺３‐５‐４１桜美林大学国際寮２Ｆ,35.569401,139.394012
幼保連携型認定こども園　若松こども園,神奈川県相模原市南区若松2-3-7,35.542294,139.428513
げんきっず保育園,神奈川県相模原市緑区橋本８‐４‐４,35.598007,139.335648
ふじＳｕｎＳｕｎ保育園,神奈川県相模原市南区上鶴間本町６‐４‐１１,35.530102,139.445969
みんなのとっぽこども園,神奈川県相模原市緑区東橋本１‐１９‐１２,35.59256,139.350128
幼保連携型認定こども園　第二ふたば園,神奈川県相模原市中央区南橋本１‐２‐１７,35.582058,139.352676
小さき花保育園,神奈川県相模原市緑区大島１８４８‐５,35.574696,139.333099
相生こども園,神奈川県相模原市中央区相生２‐１７‐３,35.562313,139.388092
あさみどり保育園,神奈川県相模原市南区東林間２‐２２‐６,35.519001,139.428101
星の子第３保育園,神奈川県相模原市緑区相原２‐１０‐１９,35.600212,139.326492
ナーサリースクールＴ＆Ｙこもれびの森,神奈川県相模原市南区西大沼３‐５‐８,35.54443,139.41362
麻溝台保育園,神奈川県相模原市南区麻溝台６‐２５‐３５,35.526222,139.404007
田名保育園,神奈川県相模原市中央区田名６２２９‐２,35.545277,139.338821
相模原保育園,神奈川県相模原市中央区相模原８‐７‐５,35.578178,139.365768
東林保育園,神奈川県相模原市南区相南１‐１３‐１７,35.517029,139.432358
大沼保育園,神奈川県相模原市南区東大沼３‐１８‐２０,35.540268,139.420456
南上溝保育園,神奈川県相模原市中央区上溝１９６１‐１,35.550133,139.363708
陽光台保育園,神奈川県相模原市中央区陽光台３‐１９‐１,35.553917,139.373703
谷口保育園,神奈川県相模原市南区上鶴間本町４‐４７‐１０,35.531528,139.443741
大沢保育園,神奈川県相模原市緑区上九沢３８３‐３,35.576244,139.328934
上矢部保育園,神奈川県相模原市中央区矢部新町３‐１,35.575176,139.386673
相原保育園,神奈川県相模原市緑区相原４‐２１‐６,35.60186,139.321655
麻溝保育園,神奈川県相模原市南区当麻１３５７‐１,35.526817,139.373932
新磯保育園,神奈川県相模原市南区磯部１１７６‐１３,35.504753,139.387665
相武台保育園,神奈川県相模原市南区新磯野２‐３９‐１１,35.512798,139.405029
城山中央保育園,神奈川県相模原市緑区久保沢１‐５‐４７,35.597088,139.304108
城山西部保育園,神奈川県相模原市緑区谷ケ原１‐１８‐１,35.592052,139.292648
串川保育園,神奈川県相模原市緑区緑区青山９７５,35.595558,139.337708
青野原保育園,神奈川県相模原市緑区青野原１９７５‐２,35.559853,139.192062
津久井中央保育園,神奈川県相模原市緑区三ケ木９３２,35.592567,139.234161
串川東部保育園,神奈川県相模原市緑区根小屋１５７９‐１,35.575569,139.273727
中野保育園,神奈川県相模原市緑区太井１５２‐１,35.583351,139.265228
千木良保育園,神奈川県相模原市緑区千木良９８３‐１,35.619686,139.206619
日連保育園,神奈川県相模原市緑区日連１０６３‐１,35.604816,139.158524
ひよこ保育園分園,神奈川県相模原市中央区上溝７－４－１４清水屋百貨店ビル１Ｆ,35.554119,139.359344
認定こども園　ひかりキッズ分園,神奈川県相模原市中央区鹿沼台１－２－２４1F,35.569221,139.389893
千代田保育園分園ムーミン,神奈川県相模原市中央区千代田４－２－１５,35.563263,139.378815
ふじ乳児保育園分園ふじ,神奈川県相模原市中央区相模原市中央区星が丘４－１０－１９,35.582012,139.367813
古淵あおばこども園　分園バンビーノ,神奈川県相模原市南区古淵２－１３－８,35.555775,139.417404
立正保育園分園　プリスクールＲＩＳＳＨＯ,神奈川県相模原市南区南台５－１１－１９ペアナードオダサガ１Ｆ,35.515804,139.420898
幼保連携型認定こども園　むくどり風の森こども園分園,神奈川県相模原市緑区上九沢４市営上九沢団地Ⅰ棟１階,35.585587,139.316513
幼保連携型認定こども園すこやか　分園はぐくみ,神奈川県相模原市中央区中央４－１２－１　２Ｆ,35.573074,139.368164
どんぐりこども園,神奈川県相模原市中央区上溝４－１５－２０,35.561218,139.356079
レイモンド西橋本保育園,神奈川県相模原市緑区西橋本１－７－１,35.591652,139.339325
認定こども園POKKAPOKKA INTERNATIONAL,神奈川県相模原市中央区淵野辺本町４－１－１７,35.567657,139.405472
Gakkenほいくえん東林間,神奈川県相模原市南区東林間１－１７－１４,35.522579,139.43277
小町通みたけこども園,神奈川県相模原市中央区小町通２－２－１４,35.572533,139.357269
認定こども園相模女子大学幼稚部,神奈川県相模原市南区文京２－１－１,35.533947,139.427368
ふじＳｕｎＳｕｎ保育園分園ふじベビーホーム,神奈川県相模原市南区上鶴間本町６－２５－３,35.531437,139.447983
大野おひさま保育園,神奈川県相模原市南区相模大野３－３－２ｂｏｎｏ相模大野サウスモール２Ｆ,35.531288,139.435898
オアシスみくり保育園,神奈川県相模原市緑区大山町１丁目４１ミッドオアシスタワー１階,35.590939,139.349823
すまいるランド,神奈川県相模原市緑区向原２－８－１４－１,35.587959,139.301544
けんせい保育園,神奈川県相模原市中央区相模原２－１０－１４セントラルビル１Ｆ,35.581188,139.367249
相模原さくら保育園,神奈川県相模原市中央区相模原３－３－１８ケーエヌマンション相模原第一－２Ｆ,35.579128,139.371109
保育ルームあっぷるきっず,神奈川県相模原市南区古淵３－１２－４パサニアビル１０２,35.554314,139.419464
りとせクローバー淵野辺保育園,神奈川県相模原市中央区淵野辺３－９－１７ライオンズプラザ淵野辺２F,35.571255,139.392929
保育園キッズランドアリス,神奈川県相模原市中央区東淵野辺４－１２－２１,35.557648,139.410385
あっぷるきっず本園,神奈川県相模原市南区古淵１－１８－２６,35.557537,139.422729
のぞみ保育園,神奈川県相模原市南区文京２－４－１５,35.534313,139.423004
まあむベイビィズ相模大野,神奈川県相模原市南区相模大野４－５－１７,35.532913,139.431747
ベビールームすこやか相模大野,神奈川県相模原市南区相模大野７－１８－１２ヴィクトワール・フルーヴⅣ１０２,35.530277,139.43895
ルンルンちゃいるど保育園,神奈川県相模原市南区相模大野３－１９－１３アーベイン相模１Ｆ,35.533939,139.43634
天使保育室,神奈川県相模原市中央区向陽町５－３,35.585796,139.364975
さがみはら　おひさま園,神奈川県相模原市南区大野台４－１－５７,35.549824,139.404297
保育室たんぽぽルーム,神奈川県相模原市南区相模大野７－１３－６第三共栄ハイツＢ－１０２,35.532307,139.440399
りとせぶどう大野南保育園,神奈川県相模原市南区相模大野８丁目５番１号ルミエール大野南１Ｆ,35.530079,139.437851
グリンウッド保育園,神奈川県相模原市中央区矢部３丁目６番２０号,35.571472,139.383865
バンビーニ東大沼保育園,神奈川県相模原市南区東大沼４－１－７,35.53756,139.418106
保育園　マミーキッズ　橋本西口園,神奈川県相模原市緑区橋本6-26-16ホイトアボード1F,35.597366,139.34201
このは保育園,神奈川県相模原市南区相模大野３－３－１ボーノ相模大野サウスモール３Ｆ,35.53138,139.435883
保育所みらい相模大野,神奈川県相模原市南区相模大野７－１６－６エディフィシオ　スガタ１Ｆ,35.531071,139.441193
ゆめりあ保育園,神奈川県相模原市緑区東橋本３－１６－４,35.595901,139.353928
ゆうゆう保育園,神奈川県相模原市緑区橋本４－１１－２－１０５,35.600571,139.350983
こころ保育園　橋本駅南口,神奈川県相模原市緑区相模原市緑区橋本１－１－２０　１階,35.603161,139.327103
木下の保育園相模大野,神奈川県相模原市南区相模大野３－８－１ステーションスクエアＢ館１階,35.531628,139.436768
スマイルナーサリー八雲,神奈川県相模原市中央区光が丘２－２５－５,35.55476,139.379013
相模福祉村ＫＩＤＳ＋保育園,神奈川県相模原市中央区田名７６９１－１,35.550774,139.341751
わげん保育園　相模原駅前,神奈川県相模原市中央区小山３４２９,35.579678,139.37468
横須賀市立諏訪幼稚園,神奈川県横須賀市小川町１８番地,35.282032,139.673431
横須賀市立大楠幼稚園,神奈川県横須賀市芦名１‐２９‐１,35.234112,139.607651
認定こども園あさひ幼稚園,神奈川県横須賀市公郷町２丁目１８番地３,35.256279,139.667252
認定こども園岩波幼稚園,神奈川県横須賀市鴨居２丁目５６番１２号,35.247101,139.729431
認定こども園大津幼稚園,神奈川県横須賀市大津町３丁目２９番２６号,35.257812,139.695053
認定こども園かもいようちえん,神奈川県横須賀市鴨居３丁目９番１号,35.250263,139.734207
キッズアカデミーぎんのすずこども園,神奈川県横須賀市追浜町２丁目７０番地,35.311653,139.62558
認定こども園湘南栄光幼稚園,神奈川県横須賀市浦上台３丁目２９番３号,35.255451,139.716812
認定こども園聖佳幼稚園,神奈川県横須賀市坂本町１丁目２９番地,35.272369,139.66011
認定こども園聖心桜が丘幼稚園,神奈川県横須賀市桜が丘１丁目５１番１号,35.25404,139.702515
認定こども園聖心第一幼稚園,神奈川県横須賀市上町２丁目１５番地,35.273357,139.669052
認定こども園聖心第三幼稚園,神奈川県横須賀市汐見台２丁目１６番１５号,35.26292,139.661087
認定こども園聖心第二幼稚園,神奈川県横須賀市富士見町３丁目８番地,35.265625,139.673813
認定こども園相武幼稚園,神奈川県横須賀市太田和５丁目２６６５番地,35.231998,139.644577
認定こども園南横須賀幼稚園,神奈川県横須賀市池田町２丁目９番１７号,35.246582,139.69342
上町保育園,神奈川県横須賀市横須賀市佐野町１－２０,35.281467,139.672226
鴨居保育園,神奈川県横須賀市横須賀市鴨居３－１－６,35.281467,139.672226
津久井保育園,神奈川県横須賀市横須賀市津久井２－１４－２２,35.281467,139.672226
パンダ保育園,神奈川県横須賀市追浜町３丁目１番地エルシャンテ追浜１・３階,35.315372,139.625137
コアラ保育園,神奈川県横須賀市安浦町２丁目１１番地,35.272369,139.676895
うさぎ保育園,神奈川県横須賀市根岸町３丁目１６番２号,35.252586,139.683746
のばら保育園,神奈川県横須賀市追浜町２丁目１６番地７,35.313503,139.626984
ぎんのすず保育園,神奈川県横須賀市追浜町２丁目７１番地,35.310829,139.62529
認定こども園善隣園,神奈川県横須賀市田浦町２丁目８０番地１,35.292053,139.633743
認定こども園善隣園分園こばと園,神奈川県横須賀市東逸見町１丁目１番地,35.2836,139.656204
玉成保育園,神奈川県横須賀市三春町５丁目３２番地,35.261532,139.687775
小光子愛育園,神奈川県横須賀市佐野町３丁目１５番地,35.262508,139.669281
小光子愛育園分園きらきら星,神奈川県横須賀市日の出町１丁目６番地フォーレスよこすか３階,35.280006,139.673721
三和こども園,神奈川県横須賀市田戸台２６番地,35.270966,139.673828
三和こども園安浦分園,神奈川県横須賀市安浦町2-27ＩＤビル１Ｆ,35.27029,139.677185
三和こども園上町分園,神奈川県横須賀市上町２丁目３１番地プエルト上町,35.272472,139.667816
ベネッセ汐入保育園,神奈川県横須賀市本町３丁目２３番地７横須賀汐入ハイム１・２階,35.282425,139.66185
佐野こども園,神奈川県横須賀市佐野町5丁目７番地,35.260864,139.6698
公郷こども園,神奈川県横須賀市公郷町６丁目７番地１,35.260696,139.675415
浦賀こども園,神奈川県横須賀市浦賀６丁目３番１号,35.246071,139.71434
長井こども園,神奈川県横須賀市長井５丁目９番５号,35.205173,139.612579
衣笠保育園,神奈川県横須賀市小矢部１丁目４番２号,35.254879,139.667206
衣笠愛児園,神奈川県横須賀市平作８丁目１４番１号,35.259762,139.650421
平作保育園,神奈川県横須賀市平作６丁目４番３３号,35.25613,139.650024
池上愛育園,神奈川県横須賀市池上７丁目６番６号,35.267143,139.643723
日の出保育園,神奈川県横須賀市桜が丘１丁目４７番１号,35.25465,139.701111
ハッピープリスクール,神奈川県横須賀市大津町１丁目１２番２０号,35.261501,139.695816
富士保育園,神奈川県横須賀市久里浜５丁目３番９号,35.23045,139.70636
和順こども園,神奈川県横須賀市久里浜２丁目１９番１４号,35.231277,139.695877
にじいろ保育園久里浜コスモス,神奈川県横須賀市久里浜４丁目７番８号叶ビル４階,35.230389,139.703354
にじいろ保育園久里浜ポピー,神奈川県横須賀市久里浜４丁目１２番２号ワカフジビル１・２階,35.231804,139.704102
はなまる保育園,神奈川県横須賀市久里浜5丁目12番15号,35.227661,139.704742
長岡こども園,神奈川県横須賀市長沢１丁目２５番８号,35.204006,139.677368
長井婦人会こども園,神奈川県横須賀市長井２丁目２番３号,35.203075,139.619202
大楠愛児園,神奈川県横須賀市芦名１丁目３１番１７号,35.234459,139.608643
しんわピノキオ保育ランド,神奈川県横須賀市安浦町３丁目１６番地,35.270592,139.678833
しらかばこども園,神奈川県横須賀市池田町１丁目２２番１２号,35.25589,139.695801
しらかばこども園池田分園,神奈川県横須賀市池田町１丁目１９番１８号,35.255123,139.694519
しらかばこども園新大津分園,神奈川県横須賀市大津町４丁目８番６号,35.257935,139.690079
太田和こども園,神奈川県横須賀市太田和３丁目７３３番地,35.226219,139.639679
太田和こども園分園,神奈川県横須賀市太田和３丁目１１７７番地３,35.226219,139.639679
認定こども園追浜幼稚園,神奈川県横須賀市鷹取１丁目１番２号,35.316154,139.623352
心育保育園,神奈川県横須賀市久里浜６丁目４番１号シーフロント久里浜１階Ａ号室,35.227966,139.709427
追浜保育室ニコニコ,神奈川県横須賀市追浜東町３丁目６５番地,35.316734,139.632156
かるがも保育室,神奈川県横須賀市太田和,35.223301,139.636719
ほのぼの家庭的保育室,神奈川県横須賀市田浦町,35.290699,139.636597
もりの保育室,神奈川県横須賀市森崎,35.247952,139.682907
ひよこ保育室,神奈川県横須賀市浦上台,35.25658,139.711243
くりはまほいく,神奈川県横須賀市久里浜,35.234421,139.699356
さくら保育室,神奈川県横須賀市大津町,35.263008,139.694626
だっこ保育室,神奈川県横須賀市久比里,35.234837,139.70694
ぬくもりのおうち保育橋本園,神奈川県相模原市緑区橋本３－６－１アドバンス橋本１－Ｂ,35.594948,139.350357
ぬくもりのおうち保育第2橋本園,神奈川県相模原市緑区橋本４－１１－４４,35.60117,139.348267
にじいろ保育園古淵,神奈川県相模原市南区古淵２－１７－９,35.554493,139.41893
にじいろ保育園淵野辺,神奈川県相模原市中央区淵野辺５－９－６,35.569805,139.402542
りとせ橋本こども園,神奈川県相模原市緑区橋本６－２２－８,35.598072,139.342712
りとせ相模大野こども園,神奈川県相模原市南区相模大野３－１６－１８,35.532356,139.435043
りとせリージョン淵野辺保育園,神奈川県相模原市中央区鹿沼台１－２－１０ソフィア鹿沼公園１階,35.568832,139.390411
エポック保育園,神奈川県相模原市中央区相模原３－８－８,35.578739,139.370392
たんぽぽ保育園,神奈川県相模原市南区相武台１－２５－１１階,35.498856,139.406403
ナーサリースクールＮＩＪＩ,神奈川県相模原市中央区陽光台６－３－２,35.548679,139.376801
ひばりっ子保育園,神奈川県相模原市中央区淵野辺４－１４－５ヴェリナス５－１０２,35.570457,139.396515
ハッピーちゃいるど保育園,神奈川県相模原市南区上鶴間６－２８－７ＰＲＯＳＰＥＲ－Ｋ　１階,35.521618,139.439911
ミラッツ相模原保育園,神奈川県相模原市中央区中央４－５－３,35.573524,139.367233
まなびの森　淵野辺わんぱく園,神奈川県相模原市中央区淵野辺４－３７－１２ラ・ティブビル１Ｆ,35.568863,139.398773
よつばベビーおはな,神奈川県相模原市南区相模大野６－５－７６５７ＴＥＲＲＡＣＥ１０２号,35.528767,139.430862
よつばベビーひだまり,神奈川県相模原市南区上鶴間本町４－２１－２,35.532829,139.444016
認定こども園POKKAPOKKA SAGAMIHARA,神奈川県相模原市中央区相模原６－１－６,35.576408,139.373199
保育ルームfｅｌｉｃｅ相模原園,神奈川県相模原市中央区相模原８ー５ー１２,35.57761,139.364655
サンライズキッズ保育園,神奈川県相模原市南区上鶴間６－３１－８,35.52113,139.439072
まあむキッズ大野なごみ本園,神奈川県相模原市南区相模大野６－９－２６,35.53125,139.432877
まあむキッズ相模大野南口,神奈川県相模原市南区相模大野７－７－５,35.531857,139.43956
すずらん保育園,神奈川県相模原市中央区鹿沼台２－１８－６大谷第一ビル,35.565044,139.392014
キッズルームすこやか相模大野駅前園,神奈川県相模原市南区相模大野３－３－２ボーノ相模大野サウスモール１階,35.531288,139.435898
保育園ぐらんでぃーる,神奈川県相模原市中央区東淵野辺２－１６－５,35.563118,139.415161
相模原古淵雲母保育園,神奈川県相模原市南区古淵４－２－１,35.555656,139.42128
相模原東林間雲母保育園,神奈川県相模原市南区,35.530323,139.430466
相模大野雲母保育園,神奈川県相模原市南区相模大野７－３７－１０,35.528728,139.443054
にじいろ保育園上鶴間本町,神奈川県相模原市南区上鶴間本町２－６－２１,35.541683,139.438492
バンビーニ保育園,神奈川県相模原市中央区矢部３－１８－３４１Ｆ,35.572411,139.387268
すみれKIDS園,神奈川県相模原市南区松が枝町１７－１５平和ビル松が枝マンション　２０７号室,35.515427,139.424316
桑の実保育園,神奈川県相模原市中央区田名１５８０－１０,35.557877,139.32663
橋本中央保育園,神奈川県相模原市緑区橋本台１－２５－１７,35.583542,139.340851
こうのとり橋本保育園,神奈川県相模原市緑区橋本６－３６－１グラントーレ橋本１階,35.597652,139.34169
はらから保育園,神奈川県相模原市中央区淵野辺本町２－２５－３１,35.573982,139.403275
古淵あおばこども園,神奈川県相模原市南区古淵１－５－３,35.556992,139.418564
げんきっず城山保育園,神奈川県相模原市緑区町屋１－５－１４,35.602058,139.31308
明徳かみつるま保育園,神奈川県相模原市南区上鶴間本町４－１１－１０,35.532249,139.442352
保育園ナナ,神奈川県相模原市南区鵜野森１－１６－１５,35.543907,139.431335
もみじ保育園　上矢部,神奈川県相模原市中央区上矢部１－５－１２,35.586384,139.387299
駒岡保育園,神奈川県横浜市鶴見区駒岡４－５－３１,35.534981,139.659058
新鶴見はなかご保育園,神奈川県横浜市鶴見区江ケ崎町１７－８,35.537304,139.67334
末吉いづみ保育園,神奈川県横浜市鶴見区下末吉３－６－２,35.523926,139.674911
鶴見ポケット保育園,神奈川県横浜市鶴見区鶴見中央１－７－５,35.509052,139.67746
ナーサリーつるみ,神奈川県横浜市鶴見区鶴見中央２－１０－６,35.512367,139.678223
ぎんのすずおひさま園,神奈川県横須賀市追浜町２丁目70番地２,35.311653,139.62558
久里浜幼稚園小規模保育園つぼみ,神奈川県横須賀市久里浜２丁目９番16号,35.227951,139.699432
ＹＢＳにじのそら保育園,神奈川県横須賀市大滝町２丁目６番地ザ・タワー横須賀中央３階,35.280579,139.669998
和順こども園分園,神奈川県横須賀市久里浜２丁目１８番１号,35.231224,139.698196
パンダ保育園分園こぱんだ,神奈川県横須賀市追浜町３丁目５番地２,35.315552,139.625885
くるみ保育室,神奈川県横須賀市久里浜,35.234421,139.699356
おうち保育室ぽっぽ,神奈川県横須賀市久里浜,35.234421,139.699356
ペンギン保育室,神奈川県横須賀市久里浜,35.234421,139.699356
なないろ保育室,神奈川県横須賀市公郷町,35.253193,139.674591
幼保連携型認定こども園うわまち幼稚園,神奈川県横須賀市上町２丁目１０番地,35.274124,139.669464
しらかば家庭的保育事業所,神奈川県横須賀市池田町１丁目２２番２０号,35.25589,139.695801
内郷保育園,神奈川県相模原市緑区寸沢嵐８２３,35.600334,139.218735
まなびの森　綱島こども園,神奈川県横浜市港北区綱島西６－２３－５６,35.542332,139.639542
くまのこ保育園,神奈川県平塚市錦町９－１５,35.326843,139.343216
サンライズキッズ保育園平塚園,神奈川県平塚市四之宮２－３－５８エトワール平塚１階,35.348263,139.354309
育英幼稚園,神奈川県平塚市出縄１９５,35.330376,139.305191
中原保育園,神奈川県平塚市南豊田３０１‐１,35.354515,139.328644
八幡保育園,神奈川県平塚市四之宮２‐１０‐１０,35.350002,139.353928
愛・八幡保育園,神奈川県平塚市四之宮２‐１４‐３,35.350323,139.353867
ゆうかり保育園,神奈川県平塚市岡崎４４９,35.367161,139.313873
認定こども園さなだ幼稚園,神奈川県平塚市真田４-１０-１５,35.366993,139.274353
つるみね幼稚園,神奈川県平塚市浅間町１‐６,35.332928,139.349228
平塚市しらさぎ保育園,神奈川県平塚市東中原２‐１４‐２,35.353172,139.337418
平塚市南原保育園,神奈川県平塚市南原１‐５‐３,35.337368,139.328369
平塚市吉沢保育園,神奈川県平塚市上吉沢３３１,35.341885,139.29184
平塚市夕陽ケ丘保育園,神奈川県平塚市夕陽ケ丘１０‐７,35.322693,139.354004
平塚市大神保育園,神奈川県平塚市大神５‐３‐７２,35.392338,139.366104
平塚市立ひばり幼稚園,神奈川県平塚市御殿２‐１７‐５,35.344933,139.327682
平塚市神田保育園,神奈川県平塚市田村６‐１４‐１,35.377987,139.362946
平塚市若草保育園,神奈川県平塚市横内２４０１,35.372524,139.352509
平塚市港こども園,神奈川県平塚市夕陽ケ丘２２‐３,35.322254,139.357574
もんもん保育園,神奈川県平塚市松風町２３－５４,35.323044,139.349487
花・もんもん保育園,神奈川県平塚市代官町１９－２７,35.325394,139.355072
苗・もんもん保育園,神奈川県平塚市代官町１９－２７,35.325394,139.355072
サンキッズ金田ほいくえん,神奈川県平塚市寺田縄１０５８－１,35.359081,139.315842
サン・キッズ平塚ステーション,神奈川県平塚市八重咲町１‐３０,35.326881,139.3479
サン・キッズ湘南,神奈川県平塚市中堂８‐１０,35.334843,139.358582
認定美里・柿の実こども園,神奈川県平塚市下島８２４,35.368347,139.344406
平塚二葉幼稚園,神奈川県平塚市見附町６‐１８,35.331425,139.344589
認定こども園大野幼稚園,神奈川県平塚市東八幡１丁目１６‐３９,35.34177,139.354202
あさひ保育園,神奈川県平塚市河内１－６－１９,35.3419,139.309662
大町保育園,神奈川県平塚市根坂間７３７‐２,35.339813,139.305573
金目保育園,神奈川県平塚市北金目２－９－２４,35.364807,139.285461
清水学園付属幼稚園,神奈川県平塚市根坂間６４５,35.33773,139.302216
湘南平塚あゆみ保育園,神奈川県平塚市宮の前８－３１,35.330231,139.351135
平塚保育園,神奈川県平塚市宮の前４‐１３,35.332458,139.351639
明石町保育園,神奈川県平塚市明石町１５‐１６,35.332054,139.347443
柳町保育園,神奈川県平塚市平塚４‐２０‐１,35.327744,139.334976
横内保育園,神奈川県平塚市横内３８２４,35.367271,139.345978
錦町保育園あねら,神奈川県平塚市錦町１９－６村上ビル１階,35.3274,139.341385
高村保育園,神奈川県平塚市高村２０９,35.334404,139.309158
湘南きらら保育園,神奈川県平塚市西真土１‐２‐１６,35.351711,139.346405
湘南みらい保育園,神奈川県平塚市徳延６５５‐１,35.337425,139.318146
真土すばる保育園,神奈川県平塚市西真土３‐２２‐３９,35.359726,139.346527
花水さくら保育園,神奈川県平塚市花水台１０－２１,35.319611,139.335388
松風・もんもん保育園,神奈川県平塚市松風町２３－１,35.322998,139.349564
金目おむすび保育園,神奈川県平塚市北金目２－２５－８,35.365116,139.282669
みどり保育所,神奈川県平塚市四之宮１‐８‐９２,35.34819,139.347061
いずみ保育園,神奈川県平塚市万田二丁目１２番２２号,35.327122,139.303268
しらゆり保育園,神奈川県平塚市立野町３１‐２４,35.335293,139.339722
富士見保育園,神奈川県平塚市平塚５‐２２‐５０,35.327629,139.33046
平塚めぐみこども園,神奈川県平塚市纒１００‐２,35.345436,139.311737
みどり保育所分園ピッコロ,神奈川県平塚市西八幡３－８－１,35.346287,139.349197
まなびの森湘南台もりのこ保育園,神奈川県藤沢市湘南台１‐２１‐１０,35.395432,139.470459
湘南ひばり保育園,神奈川県藤沢市柄沢２-７-２３,35.353489,139.501114
下土棚保育園,神奈川県藤沢市下土棚１０１４‐１,35.409519,139.457932
大庭保育園,神奈川県藤沢市遠藤７３２‐９,35.373566,139.442276
わかたけ保育園,神奈川県藤沢市辻堂３‐９‐１６,35.331669,139.445053
にじいろ保育園本鵠沼,神奈川県藤沢市鵠沼桜が岡３‐４‐１６,35.329414,139.475632
御所見愛児園,神奈川県藤沢市用田５６９,35.404308,139.417587
湘南台つぼみ,神奈川県藤沢市湘南台４－１０－２４,35.397171,139.461914
二葉保育園,神奈川県藤沢市鵠沼海岸６‐６‐１０,35.327957,139.465073
白旗保育園,神奈川県藤沢市藤沢２‐５‐１,35.349949,139.480865
キディ湘南Ｃ-Ｘ,神奈川県藤沢市辻堂神台１‐３‐３９オザワビル２，３階,35.338615,139.447388
キディ鵠沼・藤沢,神奈川県藤沢市鵠沼藤が谷１‐７‐８,35.325645,139.486862
キディ鵠沼・藤沢分園,神奈川県藤沢市鵠沼藤が谷１‐８‐１６,35.325768,139.486801
ときわぎ保育園,神奈川県藤沢市円行２‐３‐１,35.395832,139.45932
ときわぎ保育園分園,神奈川県藤沢市円行２‐１０‐５,35.394321,139.460907
六会保育園,神奈川県藤沢市亀井野９１４－５,35.381027,139.465454
遠藤保育園,神奈川県藤沢市遠藤２４６９,35.381592,139.439041
湘南あかね保育園,神奈川県藤沢市湘南台２-１８-７水嶋ハイツ１F,35.394024,139.466492
きっずワン弥勒寺保育園,神奈川県藤沢市弥勒寺１-５-１,35.337254,139.495865
善行・学びの保育園,神奈川県藤沢市善行６-１-５,35.364704,139.473282
藤沢本町雲母保育園,神奈川県藤沢市鵠沼神明５-１１-１３,35.346375,139.470398
辻堂ももはな保育園,神奈川県藤沢市羽鳥１‐１‐２０,35.341415,139.449722
どれみちゃいるど保育室,神奈川県藤沢市湘南台４－５－１プレジャ湘南台２階,35.399387,139.464844
湘南台よつば保育園,神奈川県藤沢市湘南台１－９－２NKビルⅡ１０２,35.396606,139.470078
保育ルームフロール,神奈川県藤沢市善行７‐６‐１０タコマール齋１階,35.363743,139.474411
マシュマロ保育園,神奈川県藤沢市鵠沼石上２－８－５,35.332932,139.488708
藤沢よつば保育園第一,神奈川県藤沢市鵠沼橘１－１－７門倉ビルⅢ２階,35.336346,139.48642
藤沢よつば保育園第二,神奈川県藤沢市鵠沼橘１－１－７門倉ビルⅢ２階,35.336346,139.48642
湘南クレヨン保育園,神奈川県藤沢市朝日町１１－３ロイヤルハイツサトウ１Ｆ,35.340458,139.490341
どれみチャイルドくらぶそら,神奈川県藤沢市湘南台２－１８－９TOMOS湘南台２０２・２０３,35.394024,139.466492
きっずワンメイト保育園,神奈川県藤沢市辻堂神台２-２-４４エルム湘南３F,35.341381,139.448547
きっずワンフレンズ保育園,神奈川県藤沢市辻堂神台２-２-４４エルム湘南３F,35.341381,139.448547
さくらうみ保育園鵠沼橘園,神奈川県藤沢市鵠沼橘１－３－８グレイシャスＫ鵠沼,35.335121,139.48526
ブライトキッズ大鋸保育園,神奈川県藤沢市大鋸３－３－２７山王ビル１F,35.347542,139.493073
どれみチャイルドくらぶにじ,神奈川県藤沢市湘南台２－１８－９TOMOS湘南台　１階,35.394024,139.466492
キッズ大陸mini辻堂園,神奈川県藤沢市辻堂神台２-２－１アイクロス湘南１F,35.340088,139.44812
ニチイキッズ本鵠沼保育園,神奈川県藤沢市本鵠沼４－７－９クリエート湘南第７ビル２階,35.331158,139.470276
大庭あにまる保育園,神奈川県藤沢市大庭５４０４－７湘南エスパス３F,35.366581,139.446396
れんげ幼稚園,神奈川県小田原市東町３丁目１２‐２３,35.259415,139.176544
認定こども園　小田原みどり学園,神奈川県小田原市中町１－１５－１１,35.260872,139.160217
みゆき愛児園,神奈川県小田原市本町４‐６‐１８,35.245502,139.1577
保育園大地,神奈川県小田原市堀之内４５８,35.301311,139.144958
アミッチ保育園,神奈川県小田原市中里１８３－８,35.28043,139.185883
下府中保育園,神奈川県小田原市中里１８４‐６,35.28043,139.185883
中島保育園,神奈川県小田原市中町２‐１３‐４８,35.259533,139.165619
久野保育園,神奈川県小田原市久野１５５０,35.272926,139.137772
みみづく幼稚園,神奈川県小田原市城山４丁目１９‐８,35.248371,139.148071
クレヨンの森保育園,神奈川県小田原市板橋５４４,35.248802,139.140091
南鴨宮あいじ園,神奈川県小田原市南鴨宮３‐４８‐１２,35.275177,139.181946
国府津保育園,神奈川県小田原市国府津３‐１１‐２５,35.279228,139.210526
桃重保育園,神奈川県小田原市小八幡４‐１‐１３,35.277969,139.197525
城前寺保育園,神奈川県小田原市曽我原230番地の１,35.300774,139.188843
城前寺保育園かものみや分園,神奈川県小田原市鴨宮６７０‐１,35.277149,139.177277
報徳保育園,神奈川県小田原市栢山８８０,35.306347,139.146332
さくら保育園,神奈川県小田原市酒匂６‐６‐３０,35.27026,139.192276
小田原乳児園,神奈川県小田原市浜町１‐２‐１５,35.251514,139.162247
小田原愛児園,神奈川県小田原市浜町一丁目３番８号,35.251324,139.162369
富水保育園,神奈川県小田原市栢山１９４６,35.299503,139.147964
下曽我保育園,神奈川県小田原市曽我原３４７,35.300163,139.190186
小田原市立下中幼稚園,神奈川県小田原市小船１７８,35.301929,139.224686
小田原市立前羽幼稚園,神奈川県小田原市前川５１０,35.284714,139.2276
小田原市立報徳幼稚園,神奈川県小田原市柳新田１２９‐３,35.301479,139.14119
小田原市立東富水幼稚園,神奈川県小田原市中曽根３５５‐５,35.29409,139.153748
小田原市立矢作幼稚園,神奈川県小田原市矢作２３１,35.286438,139.176926
小田原市立酒匂幼稚園,神奈川県小田原市酒匂６‐８‐２６,35.270737,139.193588
早川保育園,神奈川県小田原市早川２‐３‐１３,35.242577,139.14566
曽我保育園,神奈川県小田原市下大井１０４,35.316021,139.165604
桜井保育園,神奈川県小田原市曽比２１５３‐２,35.310394,139.138046
豊川保育園,神奈川県小田原市成田654番地の５,35.29089,139.164963
富水幼稚園,神奈川県小田原市飯田岡９２,35.292362,139.147766
浅野記念御濠端幼稚園,神奈川県小田原市城内２‐１６,35.252125,139.157166
城山幼稚園,神奈川県小田原市城山２丁目１‐３,35.257404,139.152237
こひつじ学園,神奈川県小田原市飯田岡３３６,35.286968,139.145752
鴨宮幼稚園,神奈川県小田原市上新田１３０,35.275524,139.172852
春光保育園,神奈川県小田原市鴨宮４４４,35.284904,139.178848
ぎんがむら保育園しろやま,神奈川県小田原市城山三丁目３番８号,35.25573,139.152481
保育所モナミ桑原園,神奈川県小田原市成田７９４番地の２,35.298248,139.166595
育みの家カンガルー栄町第１,神奈川県小田原市栄町二丁目５番２８号,35.256989,139.158569
サンライズキッズ保育園小田原園,神奈川県小田原市曽比1755番地の１,35.309956,139.141388
友愛幼稚園,神奈川県小田原市北ノ窪１７６,35.286404,139.133698
たんぽぽの家,神奈川県小田原市飯田岡４５４番地,35.289761,139.141815
たんぽぽ保育園,神奈川県小田原市府川１３７‐６,35.283188,139.128616
矢作愛児園,神奈川県小田原市矢作17番地の９,35.280727,139.182449
五百羅漢保育園,神奈川県小田原市扇町５‐７‐３５,35.274033,139.15567
石塚保育園,神奈川県小田原市国府津２７６９,35.283775,139.199539
新玉幼稚園,神奈川県小田原市栄町４丁目６‐５,35.255142,139.161713
花園幼稚園,神奈川県小田原市南町２丁目２‐４５,35.246319,139.152924
荻窪保育園,神奈川県小田原市荻窪542番地の５,35.264198,139.148422
螢田愛児園,神奈川県小田原市蓮正寺７８３,35.283188,139.155411
上府中保育園,神奈川県小田原市千代６９４‐１,35.296864,139.178299
山王保育園,神奈川県小田原市東町１‐３０‐３０,35.256233,139.171219
西大友保育園,神奈川県小田原市西大友４８５‐２,35.306885,139.166565
西大友保育園分園みらい,神奈川県小田原市西大友４７０－１,35.307758,139.16626
お花畑保育園,神奈川県小田原市南鴨宮３‐２３‐２４,35.269794,139.181564
足柄保育園,神奈川県小田原市扇町２‐１７‐２,35.268333,139.160004
こゆるぎ幼稚園,神奈川県小田原市永塚３８７‐５,35.299438,139.178024
保育所モナミ蓮正寺園,神奈川県小田原市蓮正寺１０３番地の５,35.289459,139.152084
おだわら・もあな保育園,神奈川県小田原市国府津二丁目４番４号,35.279419,139.208588
育みの家カンガルー久野第２,神奈川県小田原市久野８６０,35.269608,139.142365
保育園大空,神奈川県小田原市栢山3602番地の４,35.308327,139.131927
豊川すずらん保育園,神奈川県小田原市成田６４６-３,35.29034,139.164246
城前寺保育園そが分園,神奈川県小田原市曽我岸１３２,35.313808,139.185898
まなびの森茅ヶ崎もりのここども園,神奈川県茅ヶ崎市ひばりが丘４－３０,35.33474,139.426239
萩園愛児園,神奈川県茅ヶ崎市萩園3800番地,35.344395,139.377869
なぎさ保育園,神奈川県茅ヶ崎市甘沼８９８,35.352535,139.412445
なぎさ第二保育園,神奈川県茅ヶ崎市甘沼２４４－３,35.351795,139.419754
渚ピクニック,神奈川県茅ヶ崎市甘沼２５２－１,35.351631,139.418289
幼保連携型認定こども園　ひまわり愛児園,神奈川県茅ヶ崎市南湖４－１３－３０,35.322426,139.395676
アスク茅ヶ崎さざん保育園,神奈川県茅ヶ崎市若松町２－２０Ｗｅａｖｅ　１Ｆ,35.332294,139.415512
アスク茅ヶ崎保育園,神奈川県茅ヶ崎市元町７－４２,35.333664,139.407761
ピノキオ幼児舎茅ヶ崎保育園,神奈川県茅ヶ崎市東海岸南２－６－９茅ヶ崎共生ビル２Ｆ,35.324799,139.411026
ピノキオ幼児舎辻堂園,神奈川県茅ヶ崎市浜竹１－１４－１アドヴァンスフジ１０２号室,35.336178,139.436172
マミー保育園茅ヶ崎,神奈川県茅ヶ崎市幸町９－１１,35.33157,139.41304
すまいるステーション保育園,神奈川県茅ヶ崎市東海岸南一丁目４番６号,35.324398,139.405823
茅ヶ崎ひよこ保育園,神奈川県茅ヶ崎市新栄町１３ー４５陽北ビル１Ｆ,35.332058,139.404373
茅ヶ崎ゆめいろ保育園,神奈川県茅ヶ崎市新栄町１２－１２茅ヶ崎トラストビル１Ｆ,35.332096,139.404572
幼保連携型認定こども園　十間坂こども園,神奈川県茅ヶ崎市十間坂２－２－１３,35.328751,139.396179
認定こども園平和学園幼稚園,神奈川県茅ヶ崎市富士見町５－２,35.325634,139.43187
マザーグース保育ルーム,神奈川県茅ヶ崎市美住町２－１０,35.332653,139.427505
マザーグースＢＲＡＮＣＨ茅ヶ崎２保育園,神奈川県茅ヶ崎市浜見平３－１ＢＲＡＮＣＨ茅ヶ崎２　２階,35.321724,139.387238
わかまつキッズＲＯＯＭ,神奈川県茅ヶ崎市若松町１９－１９ライフピアモア茅ヶ崎１Ｃ,35.33268,139.418655
とまとさんの保育室,神奈川県茅ヶ崎市今宿６２３－２１,35.335358,139.38092
松が丘こども園,神奈川県茅ヶ崎市松が丘１－１－７２,35.328289,139.420593
湘南くすの木保育園,神奈川県茅ヶ崎市松林３－４－５,35.345245,139.423752
松林こころえん,神奈川県茅ヶ崎市小和田１－５－３６,35.339298,139.42897
あおぞら輝き保育園,神奈川県茅ヶ崎市円蔵２１０８－４,35.345497,139.399078
まなびの森　茅ヶ崎こども園,神奈川県茅ヶ崎市小和田１－１６－５２,35.337803,139.432175
さくら保育ルーム,神奈川県茅ヶ崎市幸町20-12,35.32922,139.408707
HANAIみらい愛育園　本宿町,神奈川県茅ヶ崎市本宿町４－２２,35.338894,139.436951
HANAIみらい愛育園　赤松町,神奈川県茅ヶ崎市赤松町１－３７ニューホライズン１階,35.341278,139.438187
ミラッツ湘南茅ヶ崎保育園,神奈川県茅ヶ崎市本村１－２－１４医療モール湘南３Ｆ,35.335148,139.411606
ゆうゆう保育園,神奈川県茅ヶ崎市東海岸北２－１－４２サンシルクマンション１階,35.326801,139.408127
幼保連携型認定こども園　梅雲こども園,神奈川県茅ヶ崎市下町屋２－１４－１５,35.333336,139.386169
認定こども園湘南やまゆり幼稚園,神奈川県茅ヶ崎市円蔵２－１４－１２,35.34713,139.404999
認定こども園湘南やまゆり第二幼稚園,神奈川県茅ヶ崎市円蔵２３５０,35.345207,139.40184
認定こども園湘南マドカ幼稚園,神奈川県茅ヶ崎市円蔵１－２０－１５,35.345512,139.408813
湘南アイルド茅ヶ崎保育園,神奈川県茅ヶ崎市新栄町１０－４湘南信用金庫茅ヶ崎営業部別館,35.330952,139.404968
湘南なでしこ保育園,神奈川県茅ヶ崎市みずき４－２４－１７,35.360615,139.404831
汐見台キッズステージ,神奈川県茅ヶ崎市汐見台３－１１,35.322754,139.437271
かもめ保育園,神奈川県茅ヶ崎市東海岸南２－６－１４長尾ビル１階,35.324814,139.41156
保育園アワーキッズ辻堂,神奈川県藤沢市辻堂２‐７‐７ウィンディ湘南２階,35.336021,139.446365
保育園アワーキッズ南藤沢,神奈川県藤沢市南藤沢１７－１０グレイシャスK湘南１．２階,35.335873,139.49173
保育園アワーキッズ湘南,神奈川県藤沢市鵠沼橘１－６－２,35.334278,139.485947
グリーンキッズ湘南,神奈川県藤沢市大庭７９９０‐１,35.36058,139.44635
保育園小さなほし,神奈川県藤沢市湘南台３-９-１,35.393764,139.462646
認定こども園広田幼稚園,神奈川県藤沢市湘南台５丁目２８‐１,35.402512,139.465424
鵠沼めぐみルーテル幼稚園,神奈川県藤沢市鵠沼松が岡１丁目１‐６,35.321373,139.481644
片瀬のぞみ幼稚園,神奈川県藤沢市片瀬４丁目３‐１４,35.316669,139.482208
みくに幼稚園,神奈川県藤沢市鵠沼花沢町２‐５,35.337357,139.485199
聖マルコ幼稚園,神奈川県藤沢市鵠沼海岸７丁目１０－２０,35.324799,139.467606
善行あにまる保育園,神奈川県藤沢市善行７－３－５ブランシェ善行１F,35.362919,139.473969
辻堂すきっぷ保育園,神奈川県藤沢市辻堂６－１４－５,35.326733,139.446945
Gakkenほいくえん　藤沢SST,神奈川県藤沢市辻堂元町6ー17ー1,35.336834,139.46344
アスク長後保育園,神奈川県藤沢市高倉６７２－４,35.410706,139.469589
まなびの森　藤沢もりのこ保育園,神奈川県藤沢市鵠沼花沢町１‐１２第五相澤ビル２・３階,35.338345,139.484894
アスク辻堂保育園,神奈川県藤沢市辻堂新町１－１４－１９,35.340351,139.451706
湘南まるめろ保育園,神奈川県藤沢市城南１－１６－１６,35.34721,139.442886
湘南わもっか保育園,神奈川県藤沢市城南１－２１－１７,35.347675,139.444031
神明保育園,神奈川県藤沢市鵠沼神明５‐５‐３２,35.343212,139.473236
五反田保育園,神奈川県藤沢市石川６４６‐２２,35.370647,139.450073
もみじ幼稚園,神奈川県藤沢市鵠沼桜が岡１丁目５‐１３,35.331554,139.48381
善行あさぎ台保育園,神奈川県藤沢市善行３-１４－７,35.368202,139.468018
湘南台南保育園,神奈川県藤沢市湘南台２‐３１‐１１,35.39172,139.467453
石上保育園,神奈川県藤沢市鵠沼石上３‐１‐８,35.332062,139.486755
富士見保育園,神奈川県藤沢市片瀬５‐１３‐１５,35.317123,139.484528
たかすな保育園,神奈川県藤沢市辻堂西海岸２－１２－１,35.323906,139.442337
わかふじ幼稚園,神奈川県藤沢市本町２丁目３‐１７,35.342083,139.479797
神愛保育園,神奈川県藤沢市高倉７４５,35.413586,139.468063
亀井野保育園,神奈川県藤沢市亀井野４‐４‐２,35.384945,139.47644
藤沢ベビーセンター,神奈川県藤沢市藤沢１４５,35.341015,139.490494
しぶやがはら保育園,神奈川県藤沢市湘南台４‐３０‐１４,35.402557,139.462799
またの保育園,神奈川県藤沢市西俣野１９６２‐２,35.372021,139.484253
善行乳児保育園,神奈川県藤沢市善行２‐１８‐５,35.364597,139.471207
善行保育園,神奈川県藤沢市善行２‐１８‐１,35.364597,139.471207
小糸保育園,神奈川県藤沢市大庭５１０３‐３,35.358376,139.446625
明治保育園,神奈川県藤沢市城南３‐６‐１８,35.350842,139.460541
柄沢保育園,神奈川県藤沢市柄沢１-６-５,35.350201,139.497116
浜見保育園,神奈川県藤沢市鵠沼海岸４‐７‐34,35.318802,139.463242
湘南台保育園,神奈川県藤沢市湘南台６‐３１‐６,35.400909,139.470795
藤が岡保育園,神奈川県藤沢市藤が岡２‐３‐５,35.345245,139.492645
藤沢保育園,神奈川県藤沢市鵠沼石上１‐１１‐５,35.335049,139.488495
辻堂保育園,神奈川県藤沢市羽鳥１‐１‐７０,35.342178,139.45076
高山保育園,神奈川県藤沢市辻堂新町４‐２‐３,35.339355,139.4664
鵠沼保育園,神奈川県藤沢市本鵠沼３‐１６‐２５,35.328388,139.471771
村岡保育園,神奈川県藤沢市大鋸１-２-１５,35.339302,139.494461
すくすく保育園,神奈川県藤沢市湘南台２‐１３‐８神中第５ビル２F,35.395855,139.465607
高谷保育園,神奈川県藤沢市村岡東３‐４１３‐１,35.343452,139.507492
ゆめの森保育園,神奈川県藤沢市鵠沼石上１‐５‐９メガサンエスビル２階,35.335789,139.489716
あいまーる保育園,神奈川県藤沢市藤沢５５１‐１日進ビル２階,35.340431,139.486526
にじいろ保育園藤沢,神奈川県藤沢市藤沢９８９‐４,35.339333,139.482773
しんめいはじめ保育園,神奈川県藤沢市鵠沼神明１-４-２１NTTコム湘南藤沢ビル1F,35.34005,139.478622
五反田つばさ保育園,神奈川県藤沢市石川3-30-12,35.373055,139.448975
にじいろ保育園鵠沼神明,神奈川県藤沢市鵠沼神明5-8-12,35.343147,139.469757
グリーンキッズ湘南ライフタウン,神奈川県藤沢市大庭5406-14,35.36478,139.446457
保育園あんふぁん,神奈川県藤沢市辻堂1-4-2I.Fビル2階・3階,35.336136,139.448166
鵠沼げんきっず保育園,神奈川県藤沢市本鵠沼４-９-３,35.332973,139.468643
湘南たんぽぽ保育園,神奈川県藤沢市石川６-１８-４６,35.389812,139.446609
アスクくげぬま北保育園,神奈川県藤沢市鵠沼石上３－１－３,35.332027,139.485855
辻堂あいまーる保育園,神奈川県藤沢市辻堂６-４-３,35.328686,139.447464
たけのこ保育園,神奈川県藤沢市辻堂１-５-５,35.334843,139.44725
グリーンキッズ湘南村岡,神奈川県藤沢市渡内３-８-６７,35.348164,139.50853
さくらうみ保育園本園,神奈川県藤沢市川名２５６-１３ナーサリー湘南１階,35.332874,139.494507
湘南台よつば保育園プラス,神奈川県藤沢市湘南台１-１-１湘南台ダイヤモンドマンション2階,35.397835,139.467178
ニチイキッズ湘南鵠沼保育園,神奈川県藤沢市本鵠沼３-１２-３３ベルプラザ１階,35.329929,139.469482
藤沢ひばりっこ保育園,神奈川県藤沢市本町４-１２-１,35.347149,139.478241
ミラッツ湘南鵠沼保育園,神奈川県藤沢市鵠沼藤が谷１-１-５江ノ電ビル２F,35.328484,139.487839
愛歩保育園,神奈川県厚木市下荻野１２８４‐１,35.474255,139.343933
おひさまっこ保育園,神奈川県厚木市東町７-２-２　2階,35.445309,139.369202
はぐくみの丘保育園,神奈川県厚木市長谷１１２８‐１,35.434258,139.338501
もみじ保育園,神奈川県厚木市松枝１‐１‐３,35.447674,139.362579
保育園コスモス,神奈川県厚木市愛名３１‐１２,35.442467,139.32489
本厚木ふたば保育園,神奈川県厚木市田村町７‐３レジェンド本厚木２階,35.435928,139.35994
厚木こばと保育園,神奈川県厚木市中町３‐１１‐２０ケイビル４階,35.441792,139.362
本厚木さくらんぼ保育園,神奈川県厚木市田村町１‐２９‐２,35.439373,139.359756
湘南カトレア保育園,神奈川県厚木市田村町２-２０三橋ビルアネックス１.２階,35.439178,139.357666
みらくる保育園,神奈川県厚木市飯山南1-31-17,35.452763,139.329056
子中保育園,神奈川県厚木市下荻野７２９‐７,35.485298,139.335495
くれよん保育室,神奈川県厚木市飯山南5-28-20,35.461712,139.332703
ナーサリースクールＴ＆Ｙ本厚木,神奈川県厚木市中町３－１８－５ソーケン本厚木ビル２階,35.442223,139.362793
厚木ふじの花保育園,神奈川県厚木市旭町２－４－１５,35.437904,139.367691
厚木・あさひ保育園,神奈川県厚木市旭町５－４２－３２ウィン本厚木２・３階,35.435074,139.361496
カミヤト凸凹保育園,神奈川県厚木市上依知４２５－１,35.515026,139.361343
ポノ保育園,神奈川県厚木市田村町１－２６ヨークフーズ厚木店２階,35.439411,139.359253
厚木こばと保育園（水引園）,神奈川県厚木市水引２－７－１６,35.447063,139.355698
ちっちゃな保育園たろうとはなこ,神奈川県厚木市中町２－１０－２０プレシス本厚木レジデンス１階,35.442154,139.364807
瑠璃光寺保育園,神奈川県厚木市上依知１７４７,35.512882,139.365341
ひばり幼育園,神奈川県厚木市戸室２－２１－９,35.444698,139.352539
どんぐり保育園,神奈川県厚木市妻田北２－２４‐１１　１階,35.46925,139.35907
こひつじ愛児園,神奈川県厚木市温水西２－１－１,35.441296,139.336243
そよかぜ保育園,神奈川県厚木市田村町５－９,35.436863,139.359299
マーガレット保育園,神奈川県厚木市中町４－９－１４FLOS厚木中町1階,35.436813,139.360229
ぽとふ厚木,神奈川県厚木市長谷６７７－３武井商事ビル１０１,35.433052,139.327499
妻田フェルマータ小規模保育園,神奈川県厚木市妻田北１－６－１３,35.460579,139.359314
プリンス保育園本厚木,神奈川県厚木市旭町１－９－７旭町三紫ビル1階,35.436424,139.362762
厚木はないろ保育園,神奈川県厚木市寿町２－８－２０　１・２階,35.445488,139.366394
サンライズキッズ保育園厚木園,神奈川県厚木市関口４１８－２アルビオンシティ厚木関口101,35.488544,139.365311
関口フェルマータ小規模保育園,神奈川県厚木市関口８２４－３,35.491203,139.364944
Ｔｙ厚木保育園,神奈川県厚木市恩名３－３－８,35.439449,139.352753
井上ひろみ家庭的保育事業所,神奈川県厚木市恩名４－５－４４,35.444614,139.348022
相川保育所,神奈川県厚木市下津古久７１０‐１,35.408485,139.357925
小鮎保育所,神奈川県厚木市飯山４２３２‐１,35.465816,139.317169
玉川保育所,神奈川県厚木市七沢１６２,35.441753,139.302383
南毛利保育所,神奈川県厚木市長谷１２４７,35.434139,139.335785
南毛利保育所分園,神奈川県厚木市長谷１２４７,35.434139,139.335785
認定こども園とびお幼稚園,神奈川県厚木市鳶尾２-２２‐１８,35.489239,139.32901
認定こども園厚木幼稚園,神奈川県厚木市幸町６‐２２,35.439926,139.369156
認定こども園でんえん,神奈川県厚木市三田１３０３,35.470387,139.356018
認定こども園厚木のぞみ幼稚園,神奈川県厚木市妻田東２-５‐４１,35.455864,139.361847
厚木たちばな幼稚園,神奈川県厚木市棚沢６３,35.500217,139.330551
認定こども園小鮎幼稚園,神奈川県厚木市飯山南4-11-1,35.462296,139.325226
認定こども園厚木緑ヶ丘幼稚園,神奈川県厚木市緑ヶ丘２-２‐２,35.453678,139.342133
認定こども園はやし幼稚園,神奈川県厚木市林２‐１３‐４１,35.453648,139.348251
ちぐさ幼稚園,神奈川県厚木市寿町２-６‐１９,35.4454,139.364517
まあむベイビィズ中央林間,神奈川県大和市中央林間４ー２９－３５サラサン中央林間１階,35.505112,139.448883
木の子保育園,神奈川県大和市下鶴間１８１６ー１,35.500175,139.459412
まなびの森保育園中央林間,神奈川県大和市中央林間９ー６ー１,35.510792,139.450821
ヴィラまなびの森保育園中央林間,神奈川県大和市中央林間８ー４ー３９,35.5084,139.453201
まなびの森中央林間もりのこ保育園,神奈川県大和市中央林間西５ー１４ー１４,35.503853,139.436569
まなびの森高座渋谷もりのこ保育園,神奈川県大和市渋谷４ー６ー７,35.434219,139.460938
さくらのつぼみ保育園,神奈川県大和市上草柳１７６－４ヴェルドミール１０３,35.474937,139.440857
さくらの森保育園,神奈川県大和市桜森３ー５ー２５,35.472389,139.441223
ナーサリースクールＴ＆Ｙ中央林間,神奈川県大和市中央林間８ー２ー２８,35.506905,139.452484
南林間保育園,神奈川県大和市南林間７ー２１ー２６,35.493587,139.436127
若草保育園,神奈川県大和市西鶴間８ー４ー２０,35.485268,139.440216
認定こども園つきみ野幼稚園,神奈川県大和市中央林間８ー１４ー２１,35.509914,139.453018
大和ひまわり保育園,神奈川県大和市西鶴間１ー１４ー９　１～２階,35.490055,139.450165
大和ひまわり保育園分園,神奈川県大和市西鶴間１ー４ー３　１階,35.490761,139.449753
保育園おそらのぽっけ,神奈川県大和市中央林間１－２１－１２,35.505447,139.44191
保育園おひさまのほっぺ,神奈川県大和市下鶴間２７４８ー２,35.491764,139.4646
保育園まめわかば,神奈川県大和市中央林間８ー４ー８,35.507748,139.45108
たんぽぽ保育園,神奈川県大和市中央林間３ー１８ー４,35.506538,139.441818
ハミングきっず,神奈川県大和市下和田７６３－４,35.425159,139.467514
さなぎっこ保育園,神奈川県大和市大和東３－７－２,35.472832,139.463058
モニカ保育園,神奈川県大和市林間２ー６ー１４,35.500355,139.44574
なないろ保育園,神奈川県大和市渋谷６ー１２－５　保田ビル２階,35.432842,139.465393
高座渋谷ゆめいろ保育園,神奈川県大和市渋谷６ー１２ー２　ラ・プリマステラ２階,35.432842,139.465393
幼稚園型認定こども園やなぎ幼稚園,神奈川県大和市中央５ー９ー５,35.466572,139.456894
こひつじ保育室,神奈川県大和市南林間６ー３－２,35.49155,139.44249
学校法人健やか学園　モミヤマ幼稚園,神奈川県大和市福田５ー１７ー２,35.442215,139.46312
もみの木保育園,神奈川県大和市福田５ー１７ー１,35.442215,139.46312
十六山保育園,神奈川県大和市中央林間６ー３２ー６,35.511349,139.444214
幼稚園型認定こども園　中央林間幼稚園,神奈川県大和市中央林間６ー７ー１３,35.510914,139.446457
大和小鳩幼稚園,神奈川県大和市大和南２ー５ー１９,35.467125,139.464401
もこもこ保育園,神奈川県大和市中央林間４ー２１ー３　リュミエール中央林間,35.505688,139.446625
福田保育園,神奈川県大和市福田８ー２２ー５,35.453407,139.459793
緑野保育園,神奈川県大和市中央林間西４ー２７ー１２,35.505283,139.439285
若葉保育園,神奈川県大和市鶴間１ー２５ー３,35.488472,139.454727
草柳保育園,神奈川県大和市中央６ー８ー２７,35.462639,139.459198
つるま幼稚園,神奈川県大和市西鶴間３ー７ー１９,35.485798,139.451477
渋谷保育園,神奈川県大和市福田６００２,35.434429,139.456131
つきみ野すこやか保育園,神奈川県大和市下鶴間５２５,35.511581,139.459915
松原学園幼稚園,神奈川県大和市中央林間１ー２２ー２０,35.505363,139.441437
キンダーガーデンやまと,神奈川県大和市中央６ー１ー５,35.464931,139.460724
キンダーガーデンりんかん,神奈川県大和市中央林間３ー２７ー７,35.507206,139.438278
あけぼの保育園,神奈川県大和市中央林間３－１－１６,35.506069,139.444092
あっぷる園,神奈川県大和市南林間１－８－３　南林間合同ビル２階（本園）、下鶴間2792-18（分園）,35.495117,139.447205
あっぷる園分園,神奈川県大和市下鶴間２７９２－１８,35.49435,139.454285
大和桜ヶ丘幼稚園,神奈川県大和市上和田９３６,35.451427,139.468491
大和湘南保育園,神奈川県大和市中央林間３ー２３－１２　パークアベニュー１階,35.508427,139.439728
アートチャイルドケア大和くれよん保育園,神奈川県大和市渋谷７ー８－４,35.431698,139.46611
大和南林間雲母保育園,神奈川県大和市南林間１ー１３－６,35.492229,139.447556
アスク南林間保育園,神奈川県大和市林間１ー３ー２７,35.494663,139.449631
アスク大和保育園,神奈川県大和市中央１ー４ー１９　２階,35.467999,139.460739
アスク大和南保育園,神奈川県大和市大和南２ー２ー９,35.468155,139.464188
アスク大和東保育園,神奈川県大和市大和東２ー７ー１１,35.473663,139.460373
アスク鶴間保育園,神奈川県大和市下鶴間２７８５ー１０,35.493332,139.45546
あおば保育園,神奈川県大和市鶴間２ー３－２２　ヴェルドミール南林間１階,35.491417,139.450775
ふたば林間保育園,神奈川県大和市林間２－１－１　南林間リバゲイン２階,35.496628,139.447678
大和オハナ保育園,神奈川県大和市大和東１－６－７　木曽ビル２階,35.471104,139.463684
西鶴間保育園,神奈川県大和市西鶴間４ー１２ー３４,35.485825,139.444962
西鶴間保育園分園,神奈川県大和市西鶴間４ー１２ー３３　ライラックプラザ１階,35.485748,139.444839
深見台保育園,神奈川県大和市深見台４ー１０ー２３,35.473759,139.467194
上和田保育園,神奈川県大和市上和田３２２１,35.436012,139.471313
下和田保育園,神奈川県大和市下和田２６２,35.427711,139.471207
スミレ幼稚園,神奈川県大和市南林間７ー４ー１,35.494812,139.440262
プリンス保育園南林間,神奈川県大和市林間２ー１－２５　ルックハイツ２０１,35.496735,139.448181
ほいくえん虹の子,神奈川県大和市中央林間４－１６ー１８,35.508198,139.447327
幼保連携型認定こども園　高座みどり幼稚園,神奈川県大和市南林間２ー１４ー８,35.496002,139.444687
高座渋谷ゆめいろ保育園桜ケ丘分園,神奈川県大和市福田５５０７－２　ドルチェ桜ケ丘Ｂ棟１階,35.449989,139.466034
パレット保育園・大和,神奈川県大和市大和東１ー７ー２２　ますみビル１～３階,35.470116,139.463303
とこちゃん　おだんご保育園,神奈川県大和市深見台1-5-4,35.466862,139.468079
とこちゃん　おむすび保育園,神奈川県大和市中央林間８ー２５－８　ＬＡＰＬＡ中央林間ビル２０６,35.509087,139.448425
とこちゃん　のりまき保育園,神奈川県大和市深見台1-5-4,35.466862,139.468079
幼保連携型認定こども園伊勢原立正幼稚園,神奈川県伊勢原市沼目６－１２０９伊勢原立正幼稚園,35.388851,139.33168
伊勢原こばと保育所,神奈川県伊勢原市池端５０２,35.39959,139.321426
伊勢原市大山保育園,神奈川県伊勢原市大山２０３,35.426559,139.252289
伊勢原市高部屋愛育保育園,神奈川県伊勢原市西富岡１０９６,35.422253,139.295456
伊勢原愛児園,神奈川県伊勢原市沼目２－６－３,35.391979,139.323486
ぽかぽか保育園,神奈川県茅ヶ崎市茅ヶ崎２３４－１２F,35.339954,139.409988
茅ヶ崎松若こども園,神奈川県茅ヶ崎市小和田２－１２－４７,35.341053,139.434814
レイモンド湘南こども園,神奈川県茅ヶ崎市円蔵１－１９－５０,35.345066,139.41127
レイモンド茅ヶ崎保育園,神奈川県茅ヶ崎市矢畑782-3ライオンズ茅ヶ崎・ザ・アイランズ　Ⅰ街区1階,35.336742,139.400314
ことりの詩保育園,神奈川県茅ヶ崎市本村４－１９－２６,35.336575,139.414032
メリー★ポピンズ ラスカ茅ヶ崎ルーム,神奈川県茅ヶ崎市元町１－１ラスカ茅ヶ崎６階,35.330578,139.406708
うーたん保育園,神奈川県茅ヶ崎市今宿４７３－１,35.332664,139.380859
芹沢保育園,神奈川県茅ヶ崎市芹沢１０５６,35.37196,139.421036
茅ヶ崎保育園,神奈川県茅ヶ崎市新栄町３－３２,35.329453,139.402863
フィートリッヂ・フィールズ・緑が浜,神奈川県茅ヶ崎市緑が浜７－５２,35.323986,139.435699
室田保育園,神奈川県茅ヶ崎市室田１－３－１３,35.346237,139.421326
小和田保育園,神奈川県茅ヶ崎市松浪１－８－４,35.332802,139.43544
浜見平保育園,神奈川県茅ヶ崎市浜見平１１－１,35.323292,139.387787
浜須賀保育園,神奈川県茅ヶ崎市松が丘２－８－６０,35.326115,139.425079
香川保育園,神奈川県茅ヶ崎市香川４－４６－１,35.35545,139.398941
鶴が台保育園,神奈川県茅ヶ崎市鶴が台１０－８,35.348499,139.40683
中海岸保育園,神奈川県茅ヶ崎市中海岸１－２－４２,35.326698,139.403152
幼保連携型認定こども園　西久保こども園,神奈川県茅ヶ崎市西久保５９６－７,35.345329,139.391708
認定こども園聖鳩幼稚園,神奈川県茅ヶ崎市東海岸北３－１０－４,35.331131,139.414551
よちよち保育室,神奈川県茅ヶ崎市東海岸北２－１１－４５鈴木ハイツ１０１号・１０２号,35.325855,139.411301
青和保育園,神奈川県茅ヶ崎市松尾８－２３,35.32687,139.385101
松浪れいらに保育園,神奈川県茅ヶ崎市松浪２－３－２８,35.328682,139.435562
湘南なでしこ保育園分園,神奈川県茅ヶ崎市香川７－７－１,35.360786,139.404373
まなびの森保育園辻堂,神奈川県茅ヶ崎市赤松町５－３３,35.34193,139.441071
茅ヶ崎ゆめいろ保育園南口分園,神奈川県茅ヶ崎市幸町５－８茅ヶ崎メディカルケアセンター１Ｆ,35.330631,139.409851
まなびの森こども園茅ヶ崎,神奈川県茅ヶ崎市元町９－１９,35.332558,139.40889
幼保連携型認定こども園　ひまわり愛児園分園　プリエールひまわり,神奈川県茅ヶ崎市南湖４－４－５ルードシスメゾン１０１,35.323929,139.395599
湘南辻堂はないろ保育園,神奈川県茅ヶ崎市出口町１０－３,35.335999,139.432205
HANAIみらい保育園　サザン通り,神奈川県茅ヶ崎市共恵２－３－１７,35.325573,139.402466
ＭＩＲＡＴＺ湘南辻堂保育園,神奈川県茅ヶ崎市菱沼３－１－２６ＳＨＯＮＡＮ　ＡＯＹＡＧＩ　ＢＬＤ．１０１,35.341854,139.436371
サクラフェリーチェ保育園・辻堂,神奈川県茅ヶ崎市本宿町６－１５,35.338585,139.4384
ぽとふ茅ヶ崎保育園,神奈川県茅ヶ崎市萩園１２３０東総ビル２Ｆ－Ａ,35.346493,139.380157
おひさまキッズアカデミー,神奈川県茅ヶ崎市高田５－４－３６,35.344521,139.412125
湘南くすの木　けん,神奈川県茅ヶ崎市松林３－４－６,35.345345,139.423737
初声保育園,神奈川県三浦市初声町高円坊３９５‐１,35.196053,139.643036
認定こども園三崎二葉保育園,神奈川県三浦市城山町４‐４,35.145348,139.621429
認定こども園上宮田小羊保育園,神奈川県三浦市南下浦町上宮田３１９０‐１,35.185925,139.649551
三浦幼稚園,神奈川県三浦市南下浦町上宮田４７９,35.193714,139.661957
城ヶ島保育園,神奈川県三浦市三崎町城ヶ島４５１,35.13348,139.617081
油壷幼稚園,神奈川県三浦市三崎町諸磯７９‐１,35.155239,139.628448
椿の御所幼稚園,神奈川県三浦市向ケ崎町１１‐１,35.14043,139.623016
こひつじ保育園,神奈川県秦野市渋沢２‐７‐１５,35.371132,139.193878
なでしこ保育園,神奈川県秦野市南矢名２２９０‐３,35.372055,139.265778
なでしこ第２保育園,神奈川県秦野市下大槻１７４‐２,35.36097,139.26088
アカデミーコスモス保育園,神奈川県秦野市秦野市今泉２２０８－５,35.374737,139.220047
ゆりかご保育園,神奈川県秦野市鶴巻南５－１－５,35.38221,139.28154
煌星保育園,神奈川県秦野市神奈川県秦野市柳町１－１６－１１,35.374737,139.220047
ひまわり保育園,神奈川県秦野市室町３‐２３,35.367195,139.234009
幼保連携型認定こども園いまいずみ保育園,神奈川県秦野市尾尻９５２‐１６,35.366367,139.225494
みどり保育園,神奈川県秦野市並木町９‐３６,35.380985,139.176178
あおば保育園,神奈川県秦野市尾尻９３９－１０,35.368,139.226166
第一保育園,神奈川県秦野市本町１‐３‐１,35.371895,139.226364
秦野さくらんぼ保育園,神奈川県秦野市栄町５－１１－１,35.37492,139.226212
にこにこ保育園,神奈川県秦野市立野台１‐３‐７,35.359303,139.230362
第２にこにこ保育園,神奈川県秦野市尾尻５４６‐１,35.361771,139.227463
つくし保育園,神奈川県秦野市鶴巻南１－１－６,35.380409,139.278
湘南ＴＣＣＳ合同会社つくしんぼ保育園,神奈川県秦野市神奈川県秦野市鶴巻北２－５－３－１,35.374737,139.220047
やまゆりこども園,神奈川県秦野市沼代新町３－４２,35.37561,139.177734
サンキッズ南が丘こどもえん,神奈川県秦野市南が丘２－１,35.355274,139.22612
堀川ほほえみ保育園,神奈川県秦野市堀川２２－１,35.379021,139.190445
ベル・フラワー保育園,神奈川県秦野市今川町１－２ポレスター秦野駅前２階,35.371029,139.225601
白百合幼児園,神奈川県秦野市鈴張町２－２２,35.375137,139.207092
しぶさわこども園,神奈川県秦野市渋沢上１－１２－２,35.368755,139.178635
すえひろこども園,神奈川県秦野市末広町６－３５,35.374874,139.232239
つるまきこども園,神奈川県秦野市鶴巻２２４８－１,35.377708,139.271225
みどりこども園,神奈川県秦野市緑町１６－２,35.373894,139.209854
秦野市立上幼稚園,神奈川県秦野市柳川25‐3,35.383282,139.165283
秦野市立北幼稚園,神奈川県秦野市菩堤３７５番地,35.411545,139.199066
秦野市立南幼稚園,神奈川県秦野市今泉６９９,35.366589,139.216949
秦野市立本町幼稚園,神奈川県秦野市文京町１‐１０,35.373695,139.222656
秦野市立東幼稚園,神奈川県秦野市寺山５０９,35.395542,139.234695
秦野市立西幼稚園,神奈川県秦野市並木町８‐１,35.380383,139.178543
山辺保育園,神奈川県秦野市横野５７‐１,35.417397,139.179199
若木保育園,神奈川県秦野市東田原４４０‐５,35.388874,139.221603
西湘秦野保育園,神奈川県秦野市横野２３１,35.403587,139.179352
ふくろうのもり保育園,神奈川県秦野市平沢１２４３‐３,35.369476,139.207123
南秦野保育園,神奈川県秦野市平沢１２４３‐３,35.369476,139.207123
虹と風保育園,神奈川県秦野市秦野市渋沢２－４２－１,35.374737,139.220047
ハレノヒ保育園,神奈川県秦野市神奈川県秦野市名古木３８番地,35.374737,139.220047
厚南幼児園,神奈川県厚木市愛甲３‐１４‐１,35.423603,139.345932
依知保育園,神奈川県厚木市関口３９０,35.489143,139.364014
荻野すみれ愛児園,神奈川県厚木市鳶尾２‐２５‐６,35.490314,139.326859
妻田保育園,神奈川県厚木市妻田西２‐２０‐５,35.46109,139.35495
みどり保育園,神奈川県厚木市戸室３‐３‐１１,35.447048,139.348618
三田保育園,神奈川県厚木市三田３５０‐３,35.483826,139.343781
岡田保育園,神奈川県厚木市岡田１‐７‐８,35.430813,139.363052
かねだチャイルド園,神奈川県厚木市金田２５４,35.467361,139.368576
ＹＭＣＡあつぎ保育園ホサナ,神奈川県厚木市中町３-２-６Ｔビル３階,35.439411,139.360855
保育園ＶｉＶｉ,神奈川県厚木市水引２－１２－２９ＹＭビル,35.449993,139.356873
けいわ保育園,神奈川県厚木市中町３‐３‐９アーバンプラザ３階,35.440014,139.360504
あゆのこ保育園,神奈川県厚木市恩名１‐１０‐３８,35.434521,139.35498
キンダーガーデンこばと,神奈川県厚木市旭町３‐７‐３,35.437256,139.368835
けいわ星の子保育園,神奈川県厚木市中町３‐３‐９アーバンプラザ２階,35.440014,139.360504
一之宮相和幼稚園,神奈川県高座郡寒川町一之宮４丁目１４‐７,35.368927,139.378601
倉見幼稚園,神奈川県高座郡寒川町倉見２２９９,35.395378,139.394302
さむかわ保育園,神奈川県高座郡寒川町宮山９３５,35.374619,139.38797
旭保育園,神奈川県高座郡寒川町宮山２１９４,35.387516,139.386948
一之宮愛児園,神奈川県高座郡寒川町一之宮８－３－１,35.362583,139.383133
寒川湘南保育園,神奈川県高座郡寒川町大曲１－１０－７,35.360973,139.392715
湘南こども園,神奈川県高座郡寒川町大曲１－１－６,35.361919,139.393616
そうわ保育園,神奈川県高座郡寒川町一之宮４－５－１０,35.371391,139.37822
保育スペース　子どもと扉,神奈川県高座郡寒川町岡田１－２－８ウスイグリーンビル４０２,35.368546,139.386353
大磯町立大磯幼稚園,神奈川県中郡大磯町大磯９４２番地,35.31168,139.316696
大磯町立たかとり幼稚園,神奈川県中郡大磯町生沢４０２‐１,35.314877,139.276596
大磯町立国府保育園,神奈川県中郡大磯町生沢４３８,35.31662,139.274918
こいそ幼稚園,神奈川県中郡大磯町西小磯286-10,35.304977,139.295578
幼保連携型認定こども園あおばと,神奈川県中郡大磯町大磯1121番地,35.309597,139.313614
幼保連携型認定こども園サンキッズ国府,神奈川県中郡大磯町国府新宿１５２,35.302212,139.27269
サンキッズ大磯,神奈川県中郡大磯町東町１－１３－３３,35.311749,139.322495
もあな　こびとのこや,神奈川県中郡大磯町,35.306812,139.311371
百合が丘保育園,神奈川県中郡二宮町百合が丘３‐６３,35.312683,139.237473
梅花保育園,神奈川県中郡二宮町二宮１３４１,35.303246,139.253448
みちる愛児園,神奈川県中郡二宮町富士見が丘２‐１９‐８,35.309303,139.263657
みちる愛児園中里ナーサリー,神奈川県中郡二宮町中里７３７－１,35.309647,139.250504
みちる愛児園駅前ナーサリー,神奈川県中郡二宮町二宮８２３－８,35.300274,139.258514
二宮めぐみ幼稚園,神奈川県中郡二宮町二宮９２,35.297295,139.259674
二宮みどり幼稚園,神奈川県中郡二宮町山西１５７７,35.301449,139.24176
二宮育美幼稚園,神奈川県中郡二宮町百合が丘２丁目２‐２,35.311901,139.243591
梅の木幼稚園,神奈川県中郡二宮町一色７２４,35.321957,139.237701
二宮保育園,神奈川県中郡二宮町二宮１０４９‐６,35.301926,139.255112
海の星幼稚園,神奈川県中郡二宮町二宮８８,35.297932,139.26181
中井町立なかいこども園,神奈川県足柄上郡中井町足柄上郡中井町井ノ口１９９６‐１,35.330833,139.218887
木之花保育園,神奈川県足柄上郡中井町足柄上郡中井町遠藤３２７,35.330833,139.218887
大井保育園,神奈川県足柄上郡大井町足柄上郡大井町金子２８５４,35.326668,139.156387
大井町立大井幼稚園,神奈川県足柄上郡大井町足柄上郡大井町金手４５１‐１,35.326668,139.156387
大井町立大井第二幼稚園,神奈川県足柄上郡大井町足柄上郡大井町金子１２７０‐１,35.326668,139.156387
大井町立相和幼稚園,神奈川県足柄上郡大井町足柄上郡大井町山田５６６,35.326668,139.156387
栄光愛児園,神奈川県足柄上郡大井町足柄上郡大井町西大井３８５‐１,35.326668,139.156387
栄光愛児園分園さみどり分園,神奈川県足柄上郡大井町足柄上郡大井町西大井２３１－１,35.326668,139.156387
松田町立寄幼稚園,神奈川県足柄上郡松田町足利上郡松田町寄２５０５番地,35.348171,139.139389
松田町立松田幼稚園,神奈川県足柄上郡松田町足柄上郡松田町神山４０４,35.348171,139.139389
サンライズキッズなのはな保育園,神奈川県足柄上郡松田町足柄上郡松田町松田惣領１１９２-５,35.348171,139.139389
山北町立向原保育園,神奈川県足柄上郡山北町足柄上郡山北町向原１６３０,35.360558,139.083893
山北町立三保幼稚園,神奈川県足柄上郡山北町足柄上郡山北町中川９２１‐８４,35.360558,139.083893
山北町立岸幼稚園,神奈川県足柄上郡山北町足柄上郡山北町岸１９９５,35.360558,139.083893
山北町立やまきたこども園,神奈川県足柄上郡山北町足柄上郡山北町山北１２６６,35.360558,139.083893
箱根町立仙石原幼児学園,神奈川県足柄下郡箱根町仙石原９８１,35.271046,139.01474
箱根町立宮城野保育園,神奈川県足柄下郡箱根町宮城野120,35.253082,139.052628
箱根町立湯本幼児学園,神奈川県足柄下郡箱根町湯本３９２,35.229664,139.104263
箱根町立箱根幼稚園,神奈川県足柄下郡箱根町箱根５６１,35.198586,139.035934
真鶴町立ひなづる幼稚園,神奈川県足柄下郡真鶴町足柄下郡真鶴町真鶴１４１２‐３,35.158432,139.137146
石田保育園,神奈川県足柄下郡真鶴町足柄下郡真鶴町真鶴１９００,35.158432,139.137146
貴船愛児園,神奈川県足柄下郡真鶴町足柄下郡真鶴町真鶴１１１７‐ロ号,35.158432,139.137146
宮上幼稚園,神奈川県足柄下郡湯河原町宮上184,35.143307,139.085052
おにわ保育園,神奈川県足柄下郡湯河原町城堀３８番地の２,35.146656,139.106888
たちばな保育園,神奈川県足柄下郡湯河原町鍛冶屋８６８番地の３,35.159557,139.103836
まさご保育園,神奈川県足柄下郡湯河原町中央一丁目１６番地１,35.146374,139.111145
みやのうえ保育園,神奈川県足柄下郡湯河原町宮上３６番地の１,35.142178,139.091568
湯河原町立福浦幼稚園,神奈川県足柄下郡湯河原町吉浜２１６東台福浦小学校内,35.152203,139.127014
くれよん保育園,神奈川県愛甲郡愛川町愛川町４７６５－１２,35.528889,139.321671
保育所あいかわ,神奈川県愛甲郡愛川町愛川町中津６４－１,35.528889,139.321671
愛川幼稚園,神奈川県愛甲郡愛川町愛甲郡愛川町角田４３６９‐４７,35.528889,139.321671
中津保育園,神奈川県愛甲郡愛川町愛甲郡愛川町中津５４４,35.528889,139.321671
中津南保育園,神奈川県愛甲郡愛川町愛甲郡愛川町中津３８９３,35.528889,139.321671
半原保育園,神奈川県愛甲郡愛川町愛甲郡愛川町半原４４９５‐１,35.528889,139.321671
春日台保育園,神奈川県愛甲郡愛川町愛甲郡愛川町春日台２‐１１‐３,35.528889,139.321671
田代保育園,神奈川県愛甲郡愛川町愛甲郡愛川町田代３２３,35.528889,139.321671
高峰保育園,神奈川県愛甲郡愛川町愛甲郡愛川町三増７７３,35.528889,139.321671
楠幼稚園,神奈川県愛甲郡愛川町中津４２３,35.517109,139.331345
おひさま保育園,神奈川県愛甲郡清川村煤ヶ谷２１４０番地の１１,35.484276,139.262299
あおぞら保育園,神奈川県愛甲郡清川村煤ヶ谷２１４０番地の１０,35.484276,139.262299
ごかんのいえ,神奈川県逗子市逗子市新宿４－７－３０,35.296375,139.577667
逗子幼稚園,神奈川県逗子市逗子３丁目１‐１７逗子幼稚園,35.29575,139.582962
双葉保育園,神奈川県逗子市久木２‐７‐２,35.303093,139.578064
桜山保育園,神奈川県逗子市桜山５‐１５‐２,35.292908,139.597946
沼間愛児園,神奈川県逗子市沼間１‐２１‐１０,35.296474,139.604233
逗子なないろ保育園,神奈川県逗子市桜山６‐１８‐２２,35.294247,139.591675
湘南アイルド逗子保育園,神奈川県逗子市逗子１－１－３湘南ビル逗子５階,35.297642,139.58046
小坪保育園,神奈川県逗子市小坪５‐２２‐５,35.298046,139.554459
湘南保育園,神奈川県逗子市池子２‐１１‐９,35.306004,139.593353
しらかば逗子乳児保育園,神奈川県逗子市池子２‐３‐４２,35.302063,139.593445
第２あにえるち保育園,神奈川県逗子市小坪２‐１０‐２０,35.302425,139.562698
あにえるち保育室,神奈川県逗子市小坪１‐１３‐８,35.302986,139.564667
聖マリア幼稚園,神奈川県逗子市逗子６‐８‐４７,35.293247,139.577103
いその保育園,神奈川県座間市緑ケ丘１‐２６‐６,35.485428,139.4104
広野台保育園,神奈川県座間市広野台１‐３２‐３,35.504242,139.41864
木下の保育園　相武台,神奈川県座間市相武台１‐３３‐２小田急マルシェ相武台４階,35.499386,139.408813
栗原幼稚園,神奈川県座間市南栗原１丁目１１‐３,35.476501,139.417831
やなせ保育園,神奈川県座間市入谷東３-２７-１,35.47971,139.403854
座間保育園,神奈川県座間市入谷東４-５８-１,35.477451,139.400558
栗の実保育園,神奈川県座間市東原１‐６‐３０,35.483879,139.423569
座間子どもの家保育園,神奈川県座間市さがみ野１‐８‐２５,35.472469,139.422485
座間孝道幼稚園,神奈川県座間市相模が丘３丁目６６‐２９,35.506794,139.423584
小松原幼稚園,神奈川県座間市小松原２丁目３５‐２５,35.49408,139.431168
ひばりが丘保育園,神奈川県座間市ひばりが丘２‐５８‐１,35.484184,139.434113
小松原保育園,神奈川県座間市小松原１‐２９‐８,35.49691,139.430542
東原保育園,神奈川県座間市東原４‐１２‐１８,35.476635,139.427521
栗原保育園,神奈川県座間市栗原中央６‐５‐２８,35.483219,139.417862
相模が丘東保育園,神奈川県座間市相模が丘５‐１２‐３６,35.512138,139.424118
相模が丘西保育園,神奈川県座間市相模が丘２‐４３‐４１,35.508339,139.41922
相武台保育園,神奈川県座間市相武台３-２０-１９,35.500465,139.413574
ナーサリースクールＴ＆Ｙ相模が丘,神奈川県座間市相模が丘５－４７－１６,35.508053,139.425598
座間すこやか保育園,神奈川県座間市入谷東３-３５-１２,35.481045,139.402512
わかば保育園,神奈川県座間市座間１‐３２８１,35.492996,139.389923
東原幼稚園,神奈川県座間市東原２丁目１６‐３,35.479736,139.426987
マジオたんぽぽ保育園相武台,神奈川県座間市相武台２丁目４２-２３,35.501522,139.41066
スマイルワールド保育園,神奈川県座間市南栗原１丁目１１‐１１,35.475838,139.41748
子どもの家ひまわり保育園,神奈川県座間市相模が丘１-２５-１リビオタワー小田急相模原コモンズざま　４階,35.514603,139.421219
座間ゆめっこ保育園,神奈川県座間市入谷西４丁目２番２５号,35.478699,139.399719
麦っ子畑保育園,神奈川県座間市南栗原１丁目４番３号,35.477673,139.419495
あゆみ保育園,神奈川県座間市緑ケ丘４‐１６‐１６,35.494522,139.407745
ナーサリールームＴ＆Ｙ相模が丘,神奈川県座間市相模が丘５丁目４７－１２,35.508266,139.425751
ひばり乳児園,神奈川県座間市ひばりが丘２－３４－１５Ｋ’Ｓハウス　１階,35.484089,139.432236
陽の丘保育園,神奈川県座間市相模が丘３－１６－５,35.509254,139.421204
こばとナーサリー,神奈川県鎌倉市岩瀬７７６‐２,35.349865,139.549576
オランジェ,神奈川県鎌倉市岩瀬１３０４,35.362713,139.545471
オランジェ分園ＳＰＲＯＵＴ,神奈川県鎌倉市岩瀬１２７３‐７,35.362434,139.544983
岩瀬保育園,神奈川県鎌倉市岩瀬１５２６,35.355186,139.548325
明照フラワーガーデン保育園,神奈川県鎌倉市岡本１０２２－３１,35.348747,139.521133
江ノ島ともだち幼稚園,神奈川県鎌倉市腰越３丁目１８‐９,35.310883,139.491699
まんまる保育園,神奈川県鎌倉市手広５丁目５番５号,35.324677,139.506744
ピヨピヨ保育園,神奈川県鎌倉市常盤６６６,35.323765,139.530762
モンタナ幼稚園,神奈川県鎌倉市津５５０,35.319527,139.509079
保育室ハピネス,神奈川県鎌倉市小袋谷２－１－５,35.346691,139.534805
北鎌倉幼稚園,神奈川県鎌倉市山ノ内４８３,35.337715,139.545715
リス ブラン保育園,神奈川県伊勢原市池端５３６,35.401161,139.322647
認定こども園伊勢原白百合幼稚園,神奈川県伊勢原市池端５３６,35.401161,139.322647
認定こども園伊勢原幼稚園,神奈川県伊勢原市伊勢原３－１０－５,35.398468,139.308517
ベルガーデン保育園,神奈川県伊勢原市,35.40295,139.314987
ベルガーデン保育園分園はなベル,神奈川県伊勢原市,35.40295,139.314987
比々多保育園,神奈川県伊勢原市坪ノ内８０ー１,35.394089,139.284698
幼保連携型認定こども園伊勢原ひかり幼稚園,神奈川県伊勢原市東大竹１３７７,35.388683,139.307587
大原こども園,神奈川県伊勢原市桜台１－３６－５,35.393085,139.312256
大原第二保育園,神奈川県伊勢原市桜台１－1６－１５,35.393597,139.313675
ピュアキッズ大原,神奈川県伊勢原市桜台１－１５－２７Mビル１・２階,35.39423,139.31308
幼保連携型認定こども園伊勢原山王幼稚園,神奈川県伊勢原市,35.40295,139.314987
認定こども園伊勢原みのり幼稚園,神奈川県伊勢原市岡﨑６９９４－３,35.378708,139.315506
駅前保育ルームぽっけ,神奈川県伊勢原市伊勢原１－１４－１８岩崎ビル１０１,35.396862,139.313568
認定こども園東海大学付属本田記念幼稚園,神奈川県伊勢原市下糟屋１１１,35.406673,139.313675
林台保育園,神奈川県伊勢原市粟窪２１０－１,35.411518,139.317169
ぽとふ伊勢原,神奈川県伊勢原市伊勢原１－２２Ｋビル１Ｆ,35.398861,139.315567
認定こども園中央マドカ幼稚園,神奈川県伊勢原市,35.40295,139.314987
なるせ保育園,神奈川県伊勢原市,35.40295,139.314987
伊勢原ふたば保育園,神奈川県伊勢原市高森１３９１－３,35.408318,139.337402
幼保連携型認定こども園伊勢原八雲幼稚園,神奈川県伊勢原市板戸６２３,35.397453,139.300583
小規模保育施設きしゃぽっぽ,神奈川県伊勢原市高森２丁目３－１,35.409569,139.32402
柏ケ谷保育園,神奈川県海老名市東柏ケ谷二丁目１４番６号,35.468548,139.42482
門沢橋保育園,神奈川県海老名市門沢橋二丁目２２番７号,35.406925,139.375626
海老名たちばな保育園,神奈川県海老名市下今泉五丁目８番２３号,35.465111,139.390533
中新田保育園,神奈川県海老名市中新田四丁目１９番１号,35.435917,139.387482
上河内保育園,神奈川県海老名市上河内２５８番地の３,35.421371,139.390671
たちばな保育園,神奈川県海老名市浜田町２３番１４号,35.44043,139.401779
さがみ愛子園,神奈川県海老名市河原口二丁目１番１２号,35.445892,139.377319
ふたば愛子園,神奈川県海老名市国分北三丁目１番４３号,35.458565,139.400421
つちのこ保育園,神奈川県海老名市杉久保南四丁目２５番２２号,35.420715,139.402084
保育所すこやかハウス,神奈川県海老名市中央四丁目11番3号,35.453636,139.394714
かしわ台あおぞら保育園,神奈川県海老名市柏ケ谷三丁目７番３５号,35.463161,139.411957
さくらい保育園,神奈川県海老名市上今泉一丁目１４番３３号,35.466408,139.401291
虹の子保育園,神奈川県海老名市中新田二丁目２１番２４号,35.440502,139.381134
虹の子保育園分園,神奈川県海老名市中新田三丁目１５番４５号,35.43737,139.382462
にんじん村保育園,神奈川県海老名市東柏ケ谷五丁目１１番４１号,35.46711,139.43306
木下の保育園　海老名,神奈川県海老名市中央一丁目１３番１号,35.453106,139.394333
社家ゆめいろ保育園,神奈川県海老名市社家六丁目１４番５号,35.417191,139.376678
えびなの風保育園,神奈川県海老名市扇町５番１号,35.455517,139.387726
おひさま保育園,神奈川県海老名市柏ケ谷三丁目7番9号,35.463161,139.411957
ナーサリースクールＴ＆Ｙ本郷,神奈川県海老名市本郷２６９３番地,35.409271,139.395966
木下の保育園　めぐみ町,神奈川県海老名市めぐみ町２番１号,35.454037,139.390366
ひなた保育園,神奈川県海老名市国分北四丁目１２番２８号,35.465649,139.408936
ひよこ保育園,神奈川県海老名市上郷一丁目１５番１８号,35.455681,139.381866
キンダーガーデンえびな,神奈川県海老名市上郷一丁目１０番２５号,35.453335,139.381958
にこにこ保育園,神奈川県海老名市国分南一丁目３番１２号ラスティックビル２階,35.452545,139.397049
海老名キッズルーム,神奈川県海老名市さつき町１番地（２２－１０４）,35.445049,139.379639
ぽとふ海老名,神奈川県海老名市国分南三丁目４番２５号,35.448795,139.395889
ぽとふ上今泉,神奈川県海老名市上今泉二丁目７番３１号,35.465572,139.398209
ぽとふ柏ケ谷,神奈川県海老名市東柏ケ谷二丁目１２番４号スイートビル１０２,35.470139,139.423904
＆ＫＩＤＳことのはほいくえん,神奈川県海老名市柏ケ谷二丁目1番5号,35.463161,139.411957
ほほえみさくら保育園,神奈川県海老名市中央一丁目１９番３３号海老名クリニックガーデン４Ｂ,35.451538,139.396133
さがみ野保育園,神奈川県海老名市東柏ケ谷三丁目１９番７号,35.474251,139.430191
旭たちばな幼稚園,神奈川県海老名市浜田町２３番２６号,35.440693,139.400879
にっしん幼稚園,神奈川県海老名市柏ケ谷２６３番地,35.458405,139.409225
有鹿幼稚園,神奈川県海老名市河原口３丁目１０番５号,35.452259,139.375687
海老名幼稚園,神奈川県海老名市さつき町５番地,35.44445,139.379898
ふくざわ保育園,神奈川県南足柄市竹松６３６,35.328068,139.112961
つかはらちびっこ共育園,神奈川県南足柄市塚原２３８３,35.300171,139.119934
認定こども園めぐみの丘幼稚園,神奈川県南足柄市沼田３２３,35.29343,139.128845
南足柄保育園,神奈川県南足柄市狩野１２５‐１,35.316048,139.11026
南足柄市立むつみ幼稚園,神奈川県南足柄市和田河原３２３,35.315502,139.120346
南足柄市立北幼稚園,神奈川県南足柄市苅野６７５,35.330944,139.075439
南足柄市立南足柄幼稚園,神奈川県南足柄市飯沢１５０,35.31723,139.099838
南足柄市立岡本幼稚園,神奈川県南足柄市塚原２２１２,35.303574,139.12323
南足柄市立福沢幼稚園,神奈川県南足柄市千津島3001-10,35.333588,139.106781
華綾保育園,神奈川県南足柄市大雄町１０５８,35.314201,139.094711
塚原保育園,神奈川県南足柄市塚原２１６１,35.305538,139.118958
幼保連携型認定こども園　華綾幼稚園,神奈川県南足柄市大雄町１０５９,35.314201,139.094711
ちいさなほいくえん・とんとん,神奈川県南足柄市塚原７１９,35.307255,139.129242
小規模認可保育園　たから,神奈川県南足柄市壗下４２０,35.332027,139.112473
つぼみ保育園,神奈川県綾瀬市深谷中５‐２０‐４８,35.438278,139.435608
吉岡保育園,神奈川県綾瀬市吉岡１９８０,35.429001,139.413773
綾瀬ゆたか幼稚園,神奈川県綾瀬市寺尾本町３丁目１２‐２６,35.455879,139.425278
綾瀬中央幼稚園,神奈川県綾瀬市深谷上６丁目１２‐４３,35.441196,139.432022
深谷保育園,神奈川県綾瀬市深谷上３‐１‐２９,35.442299,139.428711
大上保育園,神奈川県綾瀬市大上６‐１４‐５,35.466518,139.428223
綾南保育園,神奈川県綾瀬市上土棚南１‐４‐１７,35.41449,139.446808
おとぎ保育園,神奈川県綾瀬市早川３０６７‐５,35.446468,139.408295
あけの星幼稚園,神奈川県三浦郡葉山町三浦郡葉山町堀内１９６８,35.272079,139.586166
御国幼稚園,神奈川県三浦郡葉山町木古庭１７６８,35.267662,139.631332
葉山にこにこ保育園,神奈川県三浦郡葉山町三浦郡葉山町長柄９９１－１,35.272079,139.586166
明照幼稚園,神奈川県三浦郡葉山町三浦郡葉山町堀内５７０‐４,35.272079,139.586166
葉山保育園,神奈川県三浦郡葉山町三浦郡葉山町堀内２０５０‐９,35.272079,139.586166
風の子保育園,神奈川県三浦郡葉山町三浦郡葉山町上山口１６５８-２,35.272079,139.586166
あおぞら幼稚園,神奈川県三浦郡葉山町木古庭１３３３,35.262669,139.631653
どれみ幼稚園,神奈川県三浦郡葉山町一色１８６２‐１,35.263142,139.585373
おひさま保育室,神奈川県三浦郡葉山町三浦郡葉山町一色１５３１-１１,35.272079,139.586166
芽ぐみ保育室,神奈川県三浦郡葉山町三浦郡葉山町堀内６７０,35.272079,139.586166
葉山ぎんのすず保育園,神奈川県三浦郡葉山町三浦郡葉山町堀内１１３０-１,35.272079,139.586166
寒川さくら幼稚園,神奈川県高座郡寒川町高座郡寒川町岡田４丁目２０‐３５,35.372971,139.38385
鎌倉いずみ幼稚園,神奈川県鎌倉市材木座３丁目３‐７,35.310871,139.550781
おおぞら幼稚園,神奈川県鎌倉市大船５丁目１０‐３５,35.34798,139.541306
プレップおおぞら保育園,神奈川県鎌倉市大船４‐２１‐１,35.346943,139.540344
認定こども園アワーキッズ大船,神奈川県鎌倉市大船２‐１６‐４９,35.35273,139.534225
認定こども園アワーキッズ鎌倉,神奈川県鎌倉市（本園）寺分１‐１３‐５/（分園）寺分１-１５-４,35.319225,139.546936
ひがし幼稚園,神奈川県鎌倉市大船６丁目１０‐１０,35.352646,139.541916
富士愛育園,神奈川県鎌倉市材木座６‐８‐２０,35.304913,139.553802
ハリス記念鎌倉幼稚園,神奈川県鎌倉市由比ガ浜２丁目２‐３３,35.3158,139.549042
長谷幼稚園,神奈川県鎌倉市長谷３丁目８‐３８,35.31332,139.533508
比企谷幼稚園,神奈川県鎌倉市大町１丁目１３‐１０,35.317142,139.554733
清心保育園,神奈川県鎌倉市大船６‐５‐５３,35.350079,139.540649
七里ケ浜楓幼稚園,神奈川県鎌倉市七里ガ浜東３丁目１３‐１２,35.311539,139.519257
片岡幼稚園,神奈川県鎌倉市手広１丁目１１‐３２,35.329151,139.511322
てつなぐ腰越保育室,神奈川県鎌倉市腰越５－２－１,35.313732,139.491577
鎌倉しろやま幼稚園,神奈川県鎌倉市城廻４７９,35.356998,139.506989
聖アンナの園,神奈川県鎌倉市大船４‐１‐１９,35.348179,139.53688
寺分保育園,神奈川県鎌倉市寺分４１８‐１０,35.335526,139.520065
山崎保育園,神奈川県鎌倉市山崎１１４８,35.343735,139.527206
聖路加幼稚園,神奈川県鎌倉市稲村ガ崎４丁目２‐５,35.306324,139.52092
うちゅう保育園かまくら,神奈川県鎌倉市扇ガ谷１‐１‐３１,35.320854,139.549545
聖ミカエル学院幼稚園,神奈川県鎌倉市常盤４４５,35.324341,139.527084
かまくら幼稚園,神奈川県鎌倉市浄明寺６丁目１９‐１,35.312664,139.56871
西鎌倉幼稚園,神奈川県鎌倉市西鎌倉２丁目１７‐１,35.324795,139.503998
保育園みつばち,神奈川県鎌倉市台２‐６‐７,35.347256,139.530655
たんぽぽ共同保育園,神奈川県鎌倉市手広２‐１８‐２７,35.327549,139.510651
梶原の森たんぽぽ保育園,神奈川県鎌倉市梶原４‐２‐１０,35.326996,139.527496
保育所のぞみ,神奈川県鎌倉市小町２－１１－４,35.320301,139.552368
認定こども園鎌倉みどりこども園,神奈川県鎌倉市植木２１０‐１,35.351868,139.515915
鎌倉女子大学幼稚部,神奈川県鎌倉市岩瀬１４２０,35.360813,139.547333
大船保育園,神奈川県鎌倉市大船２‐１０‐２４,35.349606,139.534698
岡本保育園,神奈川県鎌倉市岡本２‐２１‐１９,35.348858,139.521545
深沢保育園,神奈川県鎌倉市梶原２‐３３‐２,35.328674,139.530533
由比ガ浜保育園,神奈川県鎌倉市由比ガ浜三丁目１１番４８号,35.313763,139.541428
大船ひまわり保育園,神奈川県鎌倉市台１‐２‐２５,35.351215,139.529449
大船ひまわり保育園分園,神奈川県鎌倉市台１‐２‐２２,35.351486,139.529587
鶴岡幼稚園,神奈川県鎌倉市雪ノ下２丁目１‐３１,35.324554,139.554749
玉縄幼稚園,神奈川県鎌倉市植木１２９,35.354439,139.518417
酒田みずのべ保育園,神奈川県足柄上郡開成町吉田島４１９８,35.32349,139.138626
酒田みなみの保育園,神奈川県足柄上郡開成町みなみ２－５－１,35.321327,139.132126
酒田保育園,神奈川県足柄上郡開成町円通寺５５‐１,35.334305,139.119003
開成町立開成幼稚園,神奈川県足柄上郡開成町足柄上郡開成町牛島３３６,35.33606,139.123413
蟹ヶ谷保育園,神奈川県川崎市高津区蟹ケ谷３３９,35.56805,139.631622
梶ヶ谷保育園,神奈川県川崎市高津区梶ケ谷５丁目８－２,35.583042,139.606308
保育所モナミ和田河原園,神奈川県南足柄市和田河原４４０－１,35.316135,139.12178
さくらの森保育園分園,神奈川県大和市桜森３－４－１３桜森スクエアⅢ１階,35.472504,139.441315
わらべ保育園,神奈川県大和市下鶴間４１３－６,35.514523,139.461334
つきみ野湘南保育園,神奈川県大和市中央林間９－３５－３７,35.514072,139.451324
太陽の子　日吉保育園,神奈川県横浜市港北区日吉１－２１－５５,35.557171,139.641022
中有馬保育園,神奈川県川崎市宮前区有馬３丁目２－１０,35.577438,139.58493
土橋保育園,神奈川県川崎市宮前区土橋２丁目１４－１,35.585499,139.573441
太陽の子　不動下保育園,神奈川県横浜市中区根岸町３－１７６－５９パークビュースクウェア１、２階,35.417782,139.63942
千丸台保育園,神奈川県横浜市保土ケ谷区新井町３５６－３,35.49255,139.551651
矢向幼稚園,神奈川県横浜市鶴見区矢向４－２２－３８,35.533424,139.681
認定こども園　日野幼稚園,神奈川県横浜市港南区日野５－１２－１４,35.395157,139.583939
まきが原幼稚園,神奈川県横浜市旭区万騎が原３,35.456573,139.537003
太陽の子　鶴見市場保育園,神奈川県横浜市鶴見区市場大和町４－５ＧｒｅｅｎＴａｒｒａｃｅ２階,35.516834,139.687027
太陽の子　磯子第二保育園,神奈川県横浜市磯子区森２－４－８,35.398605,139.614716
太陽の子　桜台第二保育園,神奈川県横浜市青葉区桜台２７－１６,35.550167,139.516022
エルアンジュ保育園分園,神奈川県横浜市保土ケ谷区坂本町１６７－２０,35.466244,139.577499
横浜あさひ中央保育園,神奈川県横浜市旭区中希望が丘１４１－６,35.460686,139.508774
大島保育園,神奈川県川崎市川崎区大島４丁目１７－２,35.523949,139.715302
藤崎保育園,神奈川県川崎市川崎区藤崎１丁目７－１,35.530628,139.719513
河原町保育園,神奈川県川崎市幸区河原町１,35.539913,139.696045
中丸子保育園,神奈川県川崎市中原区中丸子１１５５,35.570648,139.671646
菅生保育園,神奈川県川崎市宮前区初山１丁目２３－１５,35.59679,139.561417
菅保育園,神奈川県川崎市多摩区菅１丁目５－２４,35.632729,139.536407
土渕保育園,神奈川県川崎市多摩区生田２丁目１４－５,35.622868,139.549164
上麻生保育園,神奈川県川崎市麻生区麻生区上麻生７丁目２－３５,35.60379,139.50589
高石保育園,神奈川県川崎市麻生区高石１丁目１４－１５,35.610134,139.514069
太陽の子　尻手保育園,神奈川県横浜市鶴見区尻手３－８－２７,35.529472,139.684402
神ノ木保育園,神奈川県横浜市神奈川区西寺尾３－２－１３,35.495869,139.648193
聖徳保育園,神奈川県横浜市神奈川区七島町１６３,35.488186,139.645111
えぶちにしや園,神奈川県横浜市保土ケ谷区西谷町９０９－１,35.479328,139.565369
えぶち保育園,神奈川県横浜市保土ケ谷区西谷町１０００－１,35.479828,139.567261
えぶち保育園分園,神奈川県横浜市保土ケ谷区上菅田町３２－１,35.480583,139.570938
スターチャイルド≪荏田北ナーサリー≫,神奈川県横浜市青葉区荏田北１－１３－１４,35.558228,139.546646
スターチャイルド≪江田ナーサリー≫,神奈川県横浜市青葉区あざみ野南２－４－７セントラルビル徳江１階,35.561573,139.550537
スターチャイルド≪川和ナーサリー≫,神奈川県横浜市都筑区川和町１２５０－３ガーデンプラザ川和ＥＡＳＴ２階,35.528358,139.549988
にじいろ保育園上星川,神奈川県横浜市保土ケ谷区上星川１－５－２５,35.468597,139.580902
にじいろ保育園新杉田,神奈川県横浜市磯子区杉田４－５－８,35.382568,139.622177
にじいろ保育園洋光台,神奈川県横浜市磯子区洋光台３－３３－１０,35.382423,139.59874
にじいろ保育園磯子,神奈川県横浜市磯子区磯子３－１３Ｋ,35.403053,139.61676
にじいろ保育園釜利谷,神奈川県横浜市金沢区釜利谷東２－１５－８,35.342575,139.619476
にじいろ保育園金沢文庫,神奈川県横浜市金沢区釜利谷東２－１８－２２,35.344326,139.618195
にじいろ保育園綱島,神奈川県横浜市港北区綱島西３－４－８,35.536961,139.629318
にじいろ保育園川上町,神奈川県横浜市戸塚区川上町８８－１東横ビル２階,35.431988,139.555527
にじいろ保育園品濃町,神奈川県横浜市戸塚区品濃町５１３－９,35.427212,139.558517
にじいろ保育園戸塚,神奈川県横浜市戸塚区戸塚町４９１５－４,35.391075,139.527344
にじいろ保育園戸塚分園,神奈川県横浜市戸塚区戸塚町４９１２－２,35.402191,139.532013
にじいろ保育園いずみ中央,神奈川県横浜市泉区和泉中央北５－１１－５,35.417355,139.486938
トキワ保育園,神奈川県横浜市西区東久保町３４－１０,35.446964,139.604279
ムーミン保育園,神奈川県横浜市西区南浅間町２６－２１,35.455181,139.606888
くらき永田保育園,神奈川県横浜市南区永田東２－５－８,35.435307,139.596542
ダイアナ保育園,神奈川県横浜市保土ケ谷区保土ケ谷町１－１６－１,35.444607,139.595459
あっぷる保育園鶴ヶ峰,神奈川県横浜市旭区鶴ケ峰２－８２－１ココロット鶴ケ峰内３階,35.474731,139.550385
オルタスそらいろ,神奈川県横浜市青葉区青葉台１－４青葉台消防出張所ビル５階,35.545494,139.518219
にじいろ保育園青葉台,神奈川県横浜市青葉区青葉台１－１９－１５,35.545544,139.518677
アイン松本町保育園,神奈川県横浜市神奈川区松本町３－２７－８,35.476326,139.620926
あおぞら第２保育園,神奈川県横浜市神奈川区六角橋２－３４－８,35.490391,139.620102
アイン高島台保育園,神奈川県横浜市神奈川区高島台２７－１,35.47057,139.620575
アイン金沢文庫保育園,神奈川県横浜市金沢区釜利谷東２－１９－３５,35.345222,139.617416
アイン能見台駅前保育園,神奈川県横浜市金沢区能見台通２－６能見台クオレ１階,35.361179,139.629227
あおぞら谷津保育園,神奈川県横浜市金沢区谷津町２３１－５,35.34626,139.622269
スターチャイルド≪藤が丘ナーサリー≫,神奈川県横浜市青葉区藤が丘１－３６－３アポラン藤が丘２階,35.543217,139.528717
スターチャイルド≪たまプラーザナーサリー≫,神奈川県横浜市青葉区新石川２－４－７,35.575661,139.557373
横浜市馬場保育園,神奈川県横浜市鶴見区馬場２－７－２７,35.507744,139.651062
横浜市山手保育園,神奈川県横浜市中区山手町１２４,35.435444,139.654648
横浜市左近山保育園,神奈川県横浜市旭区左近山１９９７,35.462589,139.54808
横浜市ひかりが丘保育園,神奈川県横浜市旭区上白根町７９５,35.500633,139.53064
横浜市中川西保育園,神奈川県横浜市都筑区中川３－６－６,35.563766,139.565979
アイン弘明寺保育園,神奈川県横浜市南区大岡２－１６－５,35.419498,139.601715
アイン三枚町保育園,神奈川県横浜市神奈川区三枚町３１－１,35.496922,139.605988
ひかりの風保育園,神奈川県横浜市保土ケ谷区常盤台７５－３,35.477413,139.590515
横浜市原宿保育園,神奈川県横浜市戸塚区原宿４－２２－２,35.378227,139.500885
幸ケ谷幼稚園,神奈川県横浜市神奈川区幸ケ谷２－６,35.472061,139.630219
白幡幼稚園,神奈川県横浜市神奈川区白幡上町１７－２６,35.490681,139.631546
認定こども園　高木学園附属幼稚園,神奈川県横浜市港北区菊名７－３－３０,35.515087,139.630066
永野幼稚園,神奈川県横浜市港南区上永谷５－７－１,35.406052,139.5672
左近山幼稚園,神奈川県横浜市旭区市沢町９８０,35.453976,139.560638
横浜さがみ幼稚園,神奈川県横浜市瀬谷区瀬谷４－２６－３,35.468117,139.48082
スターチャイルド≪矢向ナーサリー≫,神奈川県横浜市鶴見区矢向６－１２－１,35.539055,139.678116
にじいろ保育園戸塚駅前,神奈川県横浜市戸塚区戸塚町２０－２戸塚西口ビル３階,35.401779,139.532898
スターチャイルド≪長津田ナーサリー≫,神奈川県横浜市緑区長津田６－７－７,35.530193,139.497574
クレシュ新横浜,神奈川県横浜市港北区新横浜３－２－４,35.510983,139.620941
スターチャイルド≪三ッ沢上町ナーサリー≫,神奈川県横浜市神奈川区三ツ沢上町３－６,35.476349,139.602753
えがお園　えぶちにしや園　分園,神奈川県横浜市保土ケ谷区西谷町９１６－２,35.479328,139.565369
キッズパートナー妙蓮寺,神奈川県横浜市神奈川区西大口４５２－６,35.492504,139.638733
スターチャイルド≪鴨居ナーサリー≫,神奈川県横浜市緑区鴨居１－９－１４ＭＭＰ鴨居４階,35.510212,139.566147
スターチャイルド≪洋光台ナーサリー≫,神奈川県横浜市磯子区洋光台５－３－３８,35.377522,139.593201
スターチャイルド≪桜木町ステーションナーサリー≫,神奈川県横浜市中区桜木町１－１－９３ＪＲ桜木町ビル２階,35.453564,139.629242
にじいろ保育園天王町,神奈川県横浜市保土ケ谷区天王町１－３０－１８,35.458138,139.601456
にじいろ保育園日吉,神奈川県横浜市港北区箕輪町２－７－４２,35.545563,139.64476
にじいろ保育園中山,神奈川県横浜市緑区中山１－１７－１８,35.516602,139.541687
聖母幼稚園,神奈川県横浜市中区末吉町１－１３,35.442558,139.627304
スターチス日吉保育園,神奈川県横浜市港北区日吉本町１－２３－１２ライオンズマンション日吉台１０２,35.552769,139.645874
キッズパートナー日吉,神奈川県横浜市港北区箕輪町１－１－１８,35.551044,139.6474
キッズパートナー横浜楠町,神奈川県横浜市西区楠町５－５,35.466721,139.613617
すずらん二俣川保育園,神奈川県横浜市旭区さちが丘３－４北上ビル１階,35.461761,139.527588
上末吉白百合保育園,神奈川県横浜市鶴見区上末吉３－５－２,35.528671,139.668549
ゆうゆうきっず横浜,神奈川県横浜市神奈川区入江１－３１－２８,35.48888,139.649078
瀬谷中央保育園,神奈川県横浜市瀬谷区橋戸１－３５－２８,35.465012,139.485931
ゆめ和柳町ほいくえん,神奈川県横浜市金沢区柳町１－１３,35.328285,139.624847
くるみ保育園,神奈川県横浜市泉区下和泉５－１８－１５,35.397259,139.491257
ポプラ保育園,神奈川県横浜市旭区鶴ケ峰１－２５－１１,35.473385,139.549042
まきが原愛児園,神奈川県横浜市旭区万騎が原３,35.456573,139.537003
東漸保育園,神奈川県横浜市鶴見区栄町通３－３３－１６,35.511555,139.689682
ろぜっと保育園,神奈川県横浜市西区浜松町１０－１０子ども子育て複合施設なかまの杜内,35.452518,139.609695
川和保育園,神奈川県横浜市都筑区川和町８９０－２,35.523266,139.553879
中川保育園,神奈川県横浜市都筑区南山田町４７００,35.552952,139.592697
戸塚愛児園,神奈川県横浜市戸塚区戸塚町１６７,35.396004,139.53154
ＹＭＣＡとつか乳児保育園,神奈川県横浜市戸塚区上倉田町７６９－２４,35.398777,139.539246
銀杏保育園,神奈川県横浜市戸塚区秋葉町１４７－１,35.422806,139.546066
金沢愛児園,神奈川県横浜市金沢区町屋町１６－２３,35.336124,139.628357
くすのき第二保育園,神奈川県横浜市戸塚区上矢部町１６９０－１,35.422718,139.532837
つくし保育園　上大岡,神奈川県横浜市港南区大久保１－８－４,35.410576,139.593414
スターチャイルド≪中山ナーサリー≫,神奈川県横浜市緑区中山３－４－３,35.512966,139.543884
あさひな幼稚園,神奈川県横浜市金沢区東朝比奈２－５４－１３,35.324028,139.595062
新大船幼稚園,神奈川県横浜市栄区小菅ケ谷３－４５－３８,35.3703,139.555939
愛和のぞみ幼稚園,神奈川県横浜市都筑区茅ケ崎東２－１９－５,35.543392,139.580765
スターチャイルド≪新吉田ナーサリー≫,神奈川県横浜市港北区新吉田東７－２８－１,35.532879,139.617691
銀杏保育園　胡桃館,神奈川県横浜市戸塚区吉田町３００１－１－１０１,35.4044,139.542145
ポピンズナーサリースクール綱島,神奈川県横浜市港北区綱島東３－２－１５,35.538792,139.641556
あけぼの保育園,神奈川県横浜市戸塚区下倉田町５９６,35.385639,139.539948
鶴見中央はなかご保育園,神奈川県横浜市鶴見区鶴見中央１－１６－５,35.510799,139.677734
おはよう保育園　花咲町,神奈川県横浜市西区花咲町６－１４３横浜ＭＩＤベースアネックス４階,35.45657,139.624908
スターチャイルド≪大倉山ナーサリー≫,神奈川県横浜市港北区師岡町１１８４－１,35.522469,139.635056
港北コスモス保育園,神奈川県横浜市港北区新吉田東５－７８－２４,35.5401,139.614914
ちいさなたね保育園,神奈川県横浜市港北区師岡町８４６－１,35.521713,139.637375
明日葉保育園駒岡園,神奈川県横浜市鶴見区駒岡５－２－２２,35.53281,139.650848
はまっこ乳児ルーム,神奈川県横浜市戸塚区矢部町２０７１,35.409744,139.520035
保育ルームキューティー北山田,神奈川県横浜市都筑区北山田１－８－１３グリーンパーク１階,35.561569,139.592285
港北こども園,神奈川県横浜市港北区大豆戸町３６５－１石井ビル３階,35.516312,139.625229
小規模保育施設はまっこ,神奈川県横浜市戸塚区矢部町２０６１,35.408409,139.520874
ちゅーりっぷハウス,神奈川県横浜市港南区大久保１－１６－６サニーハイツ上大岡１階,35.408157,139.593124
ちゅーりっぷキッズ,神奈川県横浜市港南区港南１－３－３７リバーサイド福長１０３,35.404449,139.59227
わいわいＫｉｄｓつつじが丘保育室,神奈川県横浜市青葉区つつじが丘２７－１５,35.537342,139.519516
ル・ボワ保育園,神奈川県横浜市中区千歳町１－１３横浜ＴＨビル４階４０１号室,35.437763,139.635025
正光寺保育園吉田町園,神奈川県横浜市戸塚区吉田町１３８－６,35.399902,139.539032
いずみ東白楽保育園,神奈川県横浜市神奈川区平川町３－６,35.482834,139.628174
太陽の子　新子安保育園,神奈川県横浜市神奈川区子安通３－３４１－１クリオ新子安ファースト１階,35.48613,139.655899
ＳＵＮはるかぜ保育園,神奈川県横浜市港南区野庭町３４６－２（野庭すずかけ小学校内）,35.387836,139.57489
上大岡はるかぜ保育園,神奈川県横浜市港南区大久保２－６－２９,35.407326,139.589432
港南はるかぜ保育園,神奈川県横浜市港南区日野８－３１－３６,35.38636,139.575378
旭はるかぜ保育園,神奈川県横浜市旭区さちが丘３４－１３,35.464409,139.522202
西川島保育園,神奈川県横浜市旭区西川島町１３４－１１,35.470463,139.556839
菊名愛児園,神奈川県横浜市港北区菊名４－５－１,35.509754,139.636124
みなみ台保育園,神奈川県横浜市緑区長津田みなみ台１－３８－７,35.522141,139.498032
みもざ保育園,神奈川県横浜市緑区長津田みなみ台４－４－４,35.521172,139.501205
みもざ保育園アネックス,神奈川県横浜市緑区長津田みなみ台４－４－４クリニックモールみなみ台２階,35.521172,139.501205
もりの風保育園,神奈川県横浜市緑区長津田みなみ台２－１２－１２,35.521561,139.494431
太陽の子　長津田北保育園,神奈川県横浜市緑区長津田３－１－４０,35.534725,139.495209
津田山保育園,神奈川県川崎市高津区下作延５－１－１０,35.602737,139.601624
太陽の子　桜台保育園,神奈川県横浜市青葉区桜台１－５,35.55043,139.519226
たまプラーザ　こどもの詩保育園,神奈川県横浜市青葉区新石川２－１－１５たまプラーザテラスリンクプラザ４階,35.576641,139.55777
京急キッズランド黄金町保育園,神奈川県横浜市南区白金町１－２３－２番地先,35.438946,139.620728
チェリーガーデン保育園,神奈川県横浜市港南区下永谷２－７－２４,35.409271,139.566925
屏風ヶ浦はるかぜ保育園,神奈川県横浜市磯子区森４－６－２１,35.394928,139.608261
しらとり台保育園さつきが丘,神奈川県横浜市青葉区さつきが丘１１－２,35.534218,139.521347
第二しらとり台保育園,神奈川県横浜市都筑区北山田３－４－１４,35.56078,139.588882
大倉山保育園,神奈川県横浜市港北区大曽根１－７－１,35.524609,139.631897
西谷保育園,神奈川県横浜市保土ケ谷区西谷町８０４－７,35.479328,139.565369
横濱あんじゅ保育園,神奈川県横浜市旭区二俣川２－５８－８,35.461472,139.532791
大倉山元気の泉保育園,神奈川県横浜市港北区樽町１－１４－２０,35.527283,139.635208
しらとり台保育園,神奈川県横浜市青葉区しらとり台１７－５８,35.537231,139.512695
やまた保育園,神奈川県横浜市都筑区東山田町３４９－２,35.555988,139.604553
赤い屋根保育園,神奈川県横浜市港南区港南台５－３－１,35.371906,139.581818
太陽の子　磯子保育園,神奈川県横浜市磯子区磯子３－３－２１磯子江戸徳ビル新館２階,35.403481,139.619415
岩崎学園新横浜第二保育園,神奈川県横浜市港北区新横浜３－２２－１９,35.512608,139.618317
岩崎学園新横浜保育園,神奈川県横浜市港北区新横浜２－４－１０,35.508781,139.616241
そよかぜ保育園,神奈川県横浜市緑区鴨居１－１３－３,35.510593,139.562836
しらとり台保育園つつじが丘,神奈川県横浜市青葉区つつじが丘２９－１８,35.536076,139.517746
横浜ナザレ保育園,神奈川県横浜市青葉区しらとり台１－３８,35.539627,139.516495
池辺保育園,神奈川県横浜市都筑区池辺町２８８５,35.525085,139.572647
岩崎学園東戸塚保育園,神奈川県横浜市戸塚区品濃町５５０－９,35.431164,139.56012
かつら愛児園,神奈川県横浜市栄区公田町４８４,35.354935,139.554886
白梅保育園,神奈川県横浜市泉区中田南５－６－２０,35.403393,139.509918
あおぞら保育園,神奈川県横浜市神奈川区六角橋５－３５－１５,35.491974,139.614594
白百合乳児保育園,神奈川県横浜市神奈川区亀住町９－５,35.48267,139.640274
ナーサリー横浜ポートサイド,神奈川県横浜市神奈川区大野町１－２５,35.467442,139.630096
港南ひまわり保育園,神奈川県横浜市港南区丸山台２－４１－６７,35.397442,139.571228
リトルスカラー妙蓮寺保育園,神奈川県横浜市港北区菊名１－１７－８,35.503178,139.634445
もみの木保育園,神奈川県横浜市緑区長津田５－１－２５,35.531384,139.493759
横浜市洋光台第二保育園,神奈川県横浜市磯子区洋光台４－１２－１４,35.377514,139.599228
横浜市鴨居保育園,神奈川県横浜市緑区鴨居１－３－１９,35.510239,139.571259
横浜市北上飯田保育園,神奈川県横浜市泉区上飯田町３０５０－３,35.43005,139.475754
ポピンズナーサリースクール小机,神奈川県横浜市港北区小机町２５８０－１,35.509315,139.594742
キッズポケット保育園,神奈川県横浜市西区岡野２－５－１８サミットストア併設,35.459156,139.611542
横浜市鶴見保育園,神奈川県横浜市鶴見区鶴見中央２－１０－７,35.512367,139.678223
横浜市南浅間保育園,神奈川県横浜市西区南浅間町２３－３,35.454185,139.606842
横浜市汲沢保育園,神奈川県横浜市戸塚区汲沢１－２２－３３,35.398224,139.51915
横浜市桂台保育園,神奈川県横浜市栄区桂台中４－１５,35.353233,139.565628
八幡橋幼稚園,神奈川県横浜市磯子区原町１１－２,35.41465,139.627548
チロル幼稚園,神奈川県横浜市港北区日吉３－１０－２３,35.55555,139.651398
幼保連携型認定こども園　南幼稚園,神奈川県横浜市戸塚区深谷町４５６－６,35.382504,139.504013
幼稚園型認定こども園ナザレ幼稚園,神奈川県横浜市青葉区鴨志田町１２６４,35.560577,139.505646
認定こども園やまゆりキッズ　横浜みずほ幼稚園,神奈川県横浜市都筑区北山田３－２５,35.559563,139.587692
しらとり台保育園　青葉台,神奈川県横浜市青葉区藤が丘２－２０－１０,35.542557,139.522583
認定こども園　若葉幼稚園,神奈川県横浜市鶴見区寺谷２－１２－２６,35.513382,139.672058
木下の保育園　綱島東,神奈川県横浜市港北区綱島東４－５－３５,35.541729,139.643387
キッズポケット木の葉保育園,神奈川県横浜市西区浅間町１－１７－５,35.464851,139.611267
つくし保育園　戸塚,神奈川県横浜市戸塚区戸塚町４０１４－１マリナビル３階,35.398869,139.531387
ぶれすと尻手ほいくえん,神奈川県横浜市鶴見区尻手１－４－５１,35.526669,139.686188
浅間幼育園,神奈川県横浜市西区浅間町１－１９－１０,35.465446,139.610901
木下の保育園　たまプラーザ,神奈川県横浜市青葉区新石川３－５－２,35.57732,139.562378
木下の保育園　江ヶ崎,神奈川県横浜市鶴見区江ケ崎町１６－２７,35.536774,139.673813
木下の保育園　本牧,神奈川県横浜市中区本牧町１－３６－２０,35.431507,139.658951
木下の保育園　山下町,神奈川県横浜市中区山下町１１２－１１テックスクエア２階,35.441132,139.6474
キッズパートナー六角橋,神奈川県横浜市神奈川区六角橋３－１－８,35.48624,139.623154
駒岡げんきっず保育園,神奈川県横浜市鶴見区駒岡１－１－７,35.523987,139.655472
みなみ台保育園アネックス,神奈川県横浜市緑区長津田みなみ台１－３４－９,35.521748,139.496994
西谷保育園分園　きらり保育園,神奈川県横浜市保土ケ谷区西谷町７９９－１,35.479328,139.565369
大岡はるかぜ保育園,神奈川県横浜市南区大岡５－４０－２,35.414047,139.60289
池辺おひさま保育園,神奈川県横浜市都筑区池辺町２３６０ミア・エレンシア１階,35.523838,139.565445
木下の保育園センター南,神奈川県横浜市都筑区中川中央２－３－２５,35.54895,139.576538
きゃんばす東神奈川保育園,神奈川県横浜市神奈川区東神奈川２－４２－５ゴールデン東神奈川,35.478012,139.637253
ぶれすと綱島ほいくえん,神奈川県横浜市港北区樽町２－３－１１階,35.530849,139.638397
明日葉保育園青葉台園,神奈川県横浜市青葉区青葉台２－１８－３４,35.544628,139.513199
明日葉保育園金沢文庫園,神奈川県横浜市金沢区釜利谷東２－１６－１０,35.342827,139.6194
明日葉保育園第三戸塚園,神奈川県横浜市戸塚区吉田町３００３－２,35.4044,139.542145
明日葉保育園第二戸塚園,神奈川県横浜市戸塚区吉田町３０００－５,35.4044,139.542145
明日葉保育園綱島園,神奈川県横浜市港北区綱島東３－１－４,35.537964,139.640213
明日葉保育園鶴見園,神奈川県横浜市鶴見区市場下町５－２０,35.514874,139.682648
明日葉保育園長津田園,神奈川県横浜市緑区長津田１－１８－１１,35.531673,139.502441
明日葉保育園東戸塚園,神奈川県横浜市戸塚区品濃町１４７－１,35.434555,139.559753
おれんじハウス西戸部保育園,神奈川県横浜市西区西戸部町２－１９０西戸部住宅１－１０１,35.449463,139.618973
ゆめの実保育園,神奈川県横浜市緑区長津田みなみ台１－３８－７３階,35.522141,139.498032
おれんじハウス横浜駅前保育園,神奈川県横浜市神奈川区栄町１－１９グレイス横浜ポートシティ１０１号室,35.469189,139.627426
汐見台第二愛育園,神奈川県横浜市磯子区汐見台２－４－６,35.401226,139.610291
あおぞらみらい保育園,神奈川県横浜市戸塚区上倉田町５４５－９,35.394016,139.536926
てぃんく２＠ねすと,神奈川県横浜市瀬谷区瀬谷４－５－３２,35.470001,139.482544
東戸塚もえぎ保育室,神奈川県横浜市保土ケ谷区境木本町６７－１ラソパール東戸塚１０９,35.436146,139.563797
Ｌｕｃｅ陽だまりの家保育園綱島,神奈川県横浜市港北区綱島東４－９－２８エアリーハイツ１階,35.541637,139.645294
Ｌｕｃｅ陽だまりの家保育園,神奈川県横浜市港北区富士塚２－２８－１６テルージュ菊名Ⅰ－１０２,35.504246,139.628952
日吉チューリップルーム,神奈川県横浜市港北区箕輪町１－１６－１８グリーン・ヴュー小嶋１０１号室,35.549694,139.646774
ひまわり中山駅前保育園,神奈川県横浜市緑区中山４－１－８ハイツ中山２－Ｂ,35.512714,139.542267
天才キッズクラブ楽遊館綱島園,神奈川県横浜市港北区綱島東１－１２－２,35.535027,139.637405
ネストうーたん,神奈川県横浜市瀬谷区瀬谷３－９－２０パールホーム瀬谷１階,35.46767,139.485992
鶴見Ａｓａ保育園,神奈川県横浜市鶴見区市場大和町５－１４ナイスアーバンスピリッツ鶴見市場Ⅱ１０１,35.517914,139.687897
ぶれすと尻手ほいくえん附属元宮,神奈川県横浜市鶴見区元宮１－９－４４,35.521618,139.68219
ひだまりの保育園,神奈川県横浜市鶴見区鶴見中央４－７－１５１階,35.505428,139.678162
いずみ反町保育園,神奈川県横浜市神奈川区泉町５－１０６,35.474098,139.621552
認定こども園　野庭聖佳幼稚園,神奈川県横浜市港南区野庭町６２６,35.387985,139.56868
さくら保育室,神奈川県藤沢市長後1432-46,35.42149,139.462357
ちゅうりっぷ保育室,神奈川県藤沢市湘南台３－１３－１０グランレスパス１１４,35.392437,139.46228
日野保育園,神奈川県横浜市港南区日野中央３－４１－１,35.380474,139.590851
いいじまルーテル保育園,神奈川県横浜市栄区飯島町４８－１,35.368118,139.531235
グローバルキッズ白楽園,神奈川県横浜市神奈川区六角橋２－９－１６,35.487251,139.623077
横浜みなみ薫保育園,神奈川県横浜市南区山王町４－２５ＫＡＯＲＵビル,35.435982,139.617615
たかた保育園,神奈川県横浜市港北区高田西４－３５－１８,35.554996,139.615387
ニチイキッズ美しが丘保育園,神奈川県横浜市青葉区美しが丘４－２４－２,35.580914,139.548569
總持寺本町通保育園,神奈川県横浜市鶴見区本町通１－２６,35.502644,139.680161
尚花愛児園,神奈川県横浜市港北区綱島西２－１５－８,35.5354,139.630127
おおぞらひまわり保育園,神奈川県横浜市戸塚区汲沢町１１８,35.386574,139.515656
わおわお保育園,神奈川県横浜市鶴見区矢向１－４－３２,35.527702,139.676422
グローバルキッズ白根保育園,神奈川県横浜市旭区白根５－１３－１,35.487637,139.542542
グローバルキッズ下田町園,神奈川県横浜市港北区下田町３－１６－２５,35.559067,139.629974
グローバルキッズ綱島園,神奈川県横浜市港北区綱島東４－１１－３８,35.539387,139.644897
グローバルキッズ日吉園,神奈川県横浜市港北区日吉１－１０－２６,35.556591,139.642197
グローバルキッズ十日市場園,神奈川県横浜市緑区十日市場町８７１－５,35.526562,139.514511
グローバルキッズあざみ野園,神奈川県横浜市青葉区新石川１－２－１０,35.56628,139.555222
グローバルキッズ都筑ふれあいの丘園,神奈川県横浜市都筑区大丸９－１６,35.537533,139.557129
なかまちっこ園,神奈川県横浜市都筑区仲町台１－１４－２３,35.534496,139.591064
わおわおセンター北保育園,神奈川県横浜市都筑区中川中央１－８－１３,35.552067,139.576935
わおわお仲町台保育園,神奈川県横浜市都筑区仲町台５－６－１１,35.534966,139.587067
グローバルキッズ戸塚園,神奈川県横浜市戸塚区戸塚町６００３－３レックヒルズ２、３階,35.391075,139.527344
グローバルキッズ戸塚第二保育園,神奈川県横浜市戸塚区戸塚町６００２－３９,35.391075,139.527344
グローバルキッズ戸塚吉田町保育園,神奈川県横浜市戸塚区吉田町１０４－２ザ・パークハウス戸塚１階,35.4044,139.542145
打越保育園,神奈川県横浜市中区打越３９,35.434647,139.638046
ポピンズナーサリースクール馬車道,神奈川県横浜市中区海岸通５－２５－２－２５,35.451347,139.637558
きらら子どもの家,神奈川県横浜市金沢区能見台５－２０－１６,35.351734,139.619919
わおわお大倉山保育園,神奈川県横浜市港北区大倉山５－７－２,35.523693,139.623779
わおわお大倉山保育園分園,神奈川県横浜市港北区大倉山５－２４－４,35.524738,139.623032
つづき保育園,神奈川県横浜市都筑区牛久保１－２２－１７,35.560379,139.581757
ピッコリーノ保育園,神奈川県横浜市都筑区中川中央１－１７－１８,35.551338,139.577454
御霊神社保育園,神奈川県横浜市泉区中田北３－４２－２,35.419106,139.51001
横浜文化保育園,神奈川県横浜市泉区上飯田町４６１３,35.442104,139.483871
わおわお東寺尾保育園,神奈川県横浜市鶴見区東寺尾５－１８－５,35.504669,139.6577
第二白百合乳児保育園,神奈川県横浜市神奈川区亀住町１－４,35.482773,139.639969
アソシエふれあいの丘保育園,神奈川県横浜市都筑区葛が谷１５－３,35.535511,139.563873
市が尾こどものいえ保育園,神奈川県横浜市青葉区市ケ尾町４９８－８,35.539726,139.546814
横浜市柏保育園,神奈川県横浜市旭区柏町５９－１,35.449612,139.524277
わおわお江ヶ崎保育園,神奈川県横浜市鶴見区江ケ崎町２１－６,35.535568,139.67189
ポピンズナーサリースクール鶴見,神奈川県横浜市鶴見区鶴見中央２－６－２９アスク・サンシンビル１階,35.510326,139.68071
グローバルキッズ新子安保育園,神奈川県横浜市神奈川区新子安１－１８－１ザ・パークハウス横浜新子安ガーデン内,35.488853,139.655212
中尾保育園,神奈川県横浜市旭区中尾１－１７－３,35.465141,139.518311
第二尚花愛児園,神奈川県横浜市港北区綱島西１－１６－２７,35.538807,139.632324
グローバルキッズたまプラーザ保育園,神奈川県横浜市青葉区美しが丘２－１７－１６,35.58012,139.55925
グローバルキッズ市が尾園,神奈川県横浜市青葉区市ケ尾町１０６３－４エトモ市が尾４階,35.551044,139.541061
和光幼稚園,神奈川県横浜市中区錦町５,35.429813,139.672043
光明幼稚園,神奈川県横浜市港北区高田西４－３４－２６,35.555157,139.617294
樽町白梅幼稚園,神奈川県横浜市港北区樽町１－１８－１２,35.52845,139.635849
日吉台光幼稚園,神奈川県横浜市港北区日吉本町１－７－１４,35.554905,139.64389
認定こども園　しらかば幼稚園,神奈川県横浜市戸塚区矢部町１１６９,35.409344,139.528717
白根幼稚園,神奈川県横浜市旭区中白根１－９－１９,35.487411,139.543076
グローバルキッズ大口園,神奈川県横浜市神奈川区神之木町１６－１５,35.495567,139.646515
認定こども園　岡津幼稚園,神奈川県横浜市泉区岡津町２７２７,35.432102,139.523087
グローバルキッズ南万騎が原園,神奈川県横浜市旭区柏町１２７ＫＮＯＣＫＳみなまきみらい,35.451874,139.52533
コビープリスクールつなしま,神奈川県横浜市港北区綱島上町９１－１,35.535492,139.624146
幼保連携型認定こども園みどり幼稚園,神奈川県横浜市戸塚区汲沢２－２６－１４,35.400661,139.517365
保育園小紅,神奈川県横浜市中区吉浜町２－６７,35.439247,139.641541
グローバルキッズ菊名園,神奈川県横浜市港北区菊名６－３－２０,35.512054,139.631897
西町星の子保育園,神奈川県横浜市磯子区西町１０－２,35.4161,139.631836
みらいく高田園,神奈川県横浜市港北区高田西４－２６－７,35.552975,139.613831
グローバルキッズ子安駅前保育園,神奈川県横浜市神奈川区浦島町４－５,35.483215,139.643646
花月園前ここわ保育園,神奈川県横浜市鶴見区生麦５－１４－１１,35.499943,139.674408
なないろきっど保育園,神奈川県横浜市神奈川区入江１－２－９,35.485748,139.647842
グローバルキッズ上大岡園,神奈川県横浜市港南区上大岡西３－９－１ヨークフーズ上大岡２階,35.403912,139.596802
グローバルキッズ磯子保育園,神奈川県横浜市磯子区森１－１－２,35.399441,139.617767
グローバルキッズ美しが丘保育園,神奈川県横浜市青葉区美しが丘１－８－１ドレッセＷＩＳＥたまプラーザＣ棟２階,35.579784,139.557449
みらいく矢上園,神奈川県横浜市港北区日吉５－１３－４,35.548363,139.653198
グローバルキッズ大倉山園,神奈川県横浜市港北区大倉山３－５８－１３,35.523079,139.625137
おおぞらどんぐり保育室,神奈川県横浜市戸塚区戸塚町２２３０－３ヒルズ南戸塚４－１０７,35.384014,139.521637
おれんじハウス二俣川保育園,神奈川県横浜市旭区本村町３８－３宮の杜パーク１０６号室,35.469856,139.540375
あいりす　新山下保育室,神奈川県横浜市中区新山下３－１５新山下ベイシティ２号棟１０６,35.436337,139.661057
あいりす　本牧保育室,神奈川県横浜市中区本牧和田２６－９本牧パークハウス１階,35.421429,139.659058
みらいく日吉本町園,神奈川県横浜市港北区日吉本町４－１７－４６,35.546562,139.631256
保育室　ひかり,神奈川県横浜市旭区市沢町５６１－１－１０３,35.46043,139.561813
西区中央もえぎ保育室,神奈川県横浜市西区中央２－４４－３ライオンズマンション大前西横浜１０１号室,35.453785,139.614517
おれんじハウス星川保育園,神奈川県横浜市保土ケ谷区星川町１－４－１クレスト星川,35.457146,139.594543
東戸塚かもめ保育園,神奈川県横浜市戸塚区品濃町５１５－１ニューシティ東戸塚南の街２－１０４号,35.42786,139.557312
木の花保育園,神奈川県横浜市南区井土ケ谷下町３７－１１２階,35.432999,139.604782
ばばほいくしつ星川,神奈川県横浜市保土ケ谷区神戸町194番１,35.453201,139.599136
小さな保育園　ままのて,神奈川県横浜市緑区台村町５１１－１第五丸正ビル１０７号室,35.513721,139.534332
しおつるばしハート保育園,神奈川県横浜市鶴見区鶴見中央４－３６－３０,35.506821,139.682404
グローバルキッズ綱島ＳＳＴ保育園,神奈川県横浜市港北区綱島東４－３－４２－１０７,35.54195,139.641434
尻手スマイル保育園,神奈川県横浜市鶴見区矢向４－７－２１ライオンズビル尻手１０１,35.530972,139.681885
きらぼし保育園,神奈川県横浜市鶴見区鶴見中央３－２５－８,35.507439,139.683502
おれんじハウス鶴見保育園,神奈川県横浜市鶴見区鶴見中央４－３－８,35.505909,139.67749
保育園スマイルキッズ二俣川駅前,神奈川県横浜市旭区二俣川１－２－１ライオンズステーションプラザ二俣川１０２,35.464661,139.533386
ピノキオ幼児舎　新杉田園,神奈川県横浜市磯子区杉田１－１５－２６２階,35.383362,139.617401
きゅーぴーるーむ大倉山園,神奈川県横浜市港北区大倉山３－５８－１３,35.523079,139.625137
ルリ保育園　日吉,神奈川県横浜市港北区箕輪町２－３－７日吉ロイヤルマンション１階,35.546093,139.643845
東戸塚かもめ第２保育園,神奈川県横浜市戸塚区品濃町５１４－１７－１０１,35.427624,139.557983
東戸塚かもめ第３保育園,神奈川県横浜市戸塚区品濃町５１４－１８－１０２,35.427624,139.557983
鶴見なのはな保育園,神奈川県横浜市鶴見区鶴見中央５－２７－８グレイス鶴見第３,35.501423,139.676224
ラフ・クルー元町保育園,神奈川県横浜市中区石川町２－６４プラザセレス石川２Ｆ,35.437843,139.642502
ラフ・クルー星川保育園,神奈川県横浜市保土ケ谷区和田２－３－３２階,35.463879,139.592133
つくしんぼ保育園,神奈川県横浜市磯子区杉田９－１－５０,35.370129,139.61322
つづきルーテル保育園,神奈川県横浜市都筑区牛久保西２－１８－１,35.557446,139.575485
名瀬いちい保育園,神奈川県横浜市戸塚区名瀬町７７７－１４,35.430447,139.541794
港南つくしんぼ保育園,神奈川県横浜市港南区港南４－２－６,35.401146,139.594055
なかまちっこ　じゃんぷ園,神奈川県横浜市都筑区仲町台４－１９－１４,35.533478,139.589386
横浜愛隣幼稚園,神奈川県横浜市西区西戸部町２－１４４,35.450333,139.620026
なかまちっこ　ゆめ園,神奈川県横浜市都筑区仲町台１－１４－３０,35.534336,139.591797
ベネッセ　新横浜保育園,神奈川県横浜市港北区新横浜２－１１２階,35.508678,139.614029
ポピンズナーサリースクール横浜十日市場,神奈川県横浜市緑区十日市場町１２５８－９２クレールレジデンス横浜十日市場１階,35.521576,139.518173
京急キッズランド新高島保育園,神奈川県横浜市西区高島１－２－８,35.461727,139.62532
笹下南つくしんぼ保育園,神奈川県横浜市港南区笹下６－２８－９,35.391571,139.593521
パレット家庭的保育室　なないろ,神奈川県横浜市青葉区榎が丘１４－３サンクレスト青葉台１０５,35.541733,139.512741
おおきくなぁ～れ　プチベベ保育室,神奈川県横浜市保土ケ谷区西久保町１５－１０グランディシンヤ１階,35.451813,139.60379
ねむの樹　北寺尾保育園,神奈川県横浜市鶴見区北寺尾６－７－６,35.512398,139.646957
あそびの杜保育園,神奈川県横浜市西区久保町２２－３,35.449543,139.611008
花園保育園ベビーホーム,神奈川県横浜市鶴見区生麦５－８－１６,35.499371,139.672791
東小田保育園,神奈川県川崎市川崎区小田５丁目１４－１,35.511505,139.70694
古川保育園,神奈川県川崎市幸区古川町１２０,35.544235,139.683838
夢見ヶ崎保育園,神奈川県川崎市幸区南加瀬３丁目４－８,35.544956,139.665054
下小田中保育園,神奈川県川崎市中原区下小田中４丁目４－１７,35.577427,139.638672
白山保育園,神奈川県川崎市麻生区白山４丁目２－１,35.590546,139.51001
滝ヶ谷保育園,神奈川県横浜市都筑区北山田２－１７－２８,35.55986,139.595474
六ツ川西保育園,神奈川県横浜市南区六ツ川４－１１５７－２,35.423542,139.57135
昴保育園,神奈川県横浜市保土ケ谷区西久保町１１４－２５０,35.448627,139.601608
学校法人初音丘学園ＰＩＣＣＯＬＩＮＯ,神奈川県横浜市保土ケ谷区初音ケ丘４３－３２,35.447891,139.578369
聖星保育園,神奈川県横浜市金沢区平潟町１７－１,35.332047,139.632736
エンゼル保育園,神奈川県横浜市神奈川区神奈川本町１２－６,35.475456,139.633224
ポピンズナーサリースクール片倉町,神奈川県横浜市神奈川区神大寺４－１６－６,35.487022,139.613861
横浜市金沢さくら保育園,神奈川県横浜市金沢区泥亀１－２１－１,35.33876,139.621948
横浜市奈良保育園,神奈川県横浜市青葉区奈良町１８４３－１,35.562809,139.482101
コンビプラザレイディアント保育園,神奈川県横浜市金沢区大川７－７レイディアントシティ横濱シーサイドアネックス４階,35.335861,139.611969
あおぞら菅田保育園,神奈川県横浜市神奈川区菅田町１７９９,35.501053,139.589981
ウッズ保育園,神奈川県横浜市港北区綱島西２－１－７２階,35.535507,139.63382
コビープリスクールかたくら,神奈川県横浜市神奈川区片倉２－１－１,35.489452,139.605804
サンキッズ荏田西保育園,神奈川県横浜市青葉区荏田西４－５－２,35.547436,139.549179
認定こども園　あざみ野白ゆり幼稚園,神奈川県横浜市青葉区大場町５９６,35.569469,139.535049
認定こども園　大場白ゆり幼稚園,神奈川県横浜市青葉区大場町２３１,35.562458,139.5336
京進のほいくえんＨＯＰＰＡ反町園,神奈川県横浜市神奈川区反町４－３７－３ベルハウス１階,35.477085,139.62735
キャリー保育園なかまちだい,神奈川県横浜市都筑区仲町台５－５－１リンデンハイム仲町台１階Ｃ－１号室,35.535416,139.587006
鳩の森愛の詩　宮沢保育園,神奈川県横浜市瀬谷区宮沢２－２６－２,35.455353,139.490479
鳩の森愛の詩保育園,神奈川県横浜市泉区新橋町７６５－３,35.430931,139.508606
緑園なえば保育園,神奈川県横浜市泉区緑園４－４,35.440441,139.526627
緑園なえば保育園あかちゃんのいえ,神奈川県横浜市泉区緑園５－３－１２,35.44043,139.527557
鳩の森愛の詩瀬谷保育園,神奈川県横浜市瀬谷区二ツ橋町８３－３,35.466015,139.498642
りんどう保育園,神奈川県横浜市青葉区みたけ台３２－１９,35.555683,139.520905
やまゆり保育園,神奈川県横浜市栄区鍛冶ケ谷町３２３,35.370941,139.558395
青葉保育園,神奈川県横浜市青葉区荏子田３－２３－１０,35.577286,139.533722
横浜市長津田保育園,神奈川県横浜市緑区長津田２－１１－１,35.53405,139.495911
ポピンズナーサリースクールセンター南,神奈川県横浜市都筑区茅ヶ崎中央４０－３グランクレールセンター南１階,35.546867,139.572464
幼保連携型認定こども園　いのやま幼稚園保育園,神奈川県横浜市栄区上之町２９－１,35.355564,139.575882
認定こども園　横浜あすか幼稚園,神奈川県横浜市緑区霧が丘３－１８－１,35.517761,139.506027
いしかわ幼稚園,神奈川県横浜市泉区和泉町７３０８,35.439079,139.484924
英明幼稚園,神奈川県横浜市泉区和泉中央南３－２－５６,35.41481,139.493301
すずかけ保育園,神奈川県横浜市栄区本郷台１－１４－３,35.371033,139.546906
認定こども園　明成幼稚園,神奈川県横浜市泉区上飯田町２４２２,35.426422,139.476562
都田幼稚園,神奈川県横浜市都筑区池辺町３０１７,35.526367,139.574326
ふぁみりーさぽーと　のあ,神奈川県横浜市栄区野七里１－３７－１０,35.347843,139.575104
といろきっず中山保育園,神奈川県横浜市緑区中山１－７－５ネクストパーク１階,35.514946,139.541794
ピノキオ保育園十日市場園,神奈川県横浜市緑区十日市場町８１３－５北辰第２ビル,35.524555,139.513016
むらき家庭保育室,神奈川県横浜市都筑区池辺町,35.523605,139.568665
チューリップ保育室,神奈川県横浜市栄区桂町２７５－２１,35.362301,139.552139
といろきっず美しが丘保育園,神奈川県横浜市青葉区美しが丘５－３４－４第５吉春ビル１階,35.57206,139.552322
江田ひまわり保育園,神奈川県横浜市青葉区荏田西２－３５－１ウエストパークヒルズ１０５号,35.552174,139.553146
中田ひまわり保育室,神奈川県横浜市泉区中田東４－５１－７,35.41449,139.511917
なかがわ家庭保育室,神奈川県横浜市青葉区奈良4-4-1青葉山の手台ヴェルディエール奈良5-103,35.554096,139.483475
といろきっず田奈保育園,神奈川県横浜市青葉区田奈町４３－１０,35.53791,139.50293
マームゆりかご　かもい保育園,神奈川県横浜市緑区鴨居１－１４－４アヴォンリー鴨居１０１,35.510822,139.565475
といろきっずたまプラーザ保育園,神奈川県横浜市青葉区美しが丘５－２－４,35.575184,139.554871
といろきっず青葉台保育園,神奈川県横浜市青葉区青葉台２－６－１４,35.543076,139.514328
マームゆりかご　ながつた保育園,神奈川県横浜市緑区長津田２－３６－３ソレイユ長津田１０３,35.533142,139.499084
鳩の森愛の詩とことこ保育園,神奈川県横浜市泉区和泉中央南５－４－１１,35.415619,139.487167
ピノキオ幼児舎センター南園,神奈川県横浜市都筑区茅ケ崎中央２－１オズマークセンター南２階,35.544533,139.57489
芹が谷ぴよっこ保育園,神奈川県横浜市港南区芹が谷１－３８－１４,35.418991,139.575241
横浜小谷かなりや保育園,神奈川県横浜市旭区南本宿町２６－５,35.461872,139.54213
上大岡ゆう保育園,神奈川県横浜市港南区上大岡西１－１５－１カミオ４階,35.409103,139.595398
みなみひの保育園,神奈川県横浜市港南区日野南３－１３－１,35.376259,139.572647
のぞみ保育園,神奈川県横浜市旭区柏町１１６－３,35.453804,139.525681
ゆうぽーと保育園,神奈川県横浜市都筑区池辺町4035番地13,35.5173,139.566422
中希望が丘保育園,神奈川県横浜市旭区中希望が丘１４７,35.459991,139.510818
港南あひる保育園,神奈川県横浜市港南区東芹が谷１４－１０,35.41341,139.577911
クオリスキッズ港南中央保育園,神奈川県横浜市港南区港南５－２－９,35.399521,139.591614
横浜市港南台第二保育園,神奈川県横浜市港南区港南台７－２５－２８,35.369511,139.589157
認定こども園ムロノキッズ　室の木幼稚園・プリスクール室の木,神奈川県横浜市港南区港南３－３５－２０,35.402153,139.581833
関東学院のびのびのば園,神奈川県横浜市港南区野庭町６１７－２,35.391224,139.567383
長福寺幼稚園,神奈川県横浜市港北区綱島西６－８－２９,35.542995,139.638138
春日野幼稚園,神奈川県横浜市港南区日野中央２－２９－１８,35.385033,139.584198
かもめ幼稚園,神奈川県横浜市港南区港南台２－２１－１２,35.379654,139.580826
柏幼稚園,神奈川県横浜市旭区柏町７,35.453735,139.527191
上白根幼稚園,神奈川県横浜市旭区上白根２丁目５２‐２９,35.493305,139.537521
こどもっと保育園,神奈川県横浜市港南区港南台５－５－１２１階,35.372036,139.577911
クオリスキッズ上大岡駅前保育園,神奈川県横浜市港南区上大岡東２－１－３７１階,35.406654,139.597366
キッズガーデン横浜最戸,神奈川県横浜市港南区最戸１－２２－８,35.414635,139.594345
キッズガーデン横浜鶴ヶ峰,神奈川県横浜市旭区鶴ケ峰２－４８－７,35.475361,139.553024
港南台保育園,神奈川県横浜市港南区港南台３－７－５,35.376575,139.577667
キッズガーデン横浜磯子,神奈川県横浜市磯子区磯子３－３－２２,35.403526,139.619324
めぐみ保育園,神奈川県横浜市港南区大久保１－９－１３,35.410164,139.593674
キッズアミ,神奈川県横浜市港南区港南３－３４－１５,35.402599,139.58139
マミー保育園二俣川,神奈川県横浜市旭区さちが丘３ＴＰハイツ１階,35.461761,139.527588
健爽学園ゆりかご幼稚園,神奈川県川崎市宮前区犬蔵１‐１９‐１６,35.591255,139.561111
小田双葉幼稚園,神奈川県川崎市川崎区小田５丁目２５‐８,35.510029,139.703995
鹿島田幼稚園,神奈川県川崎市幸区鹿島田２－２２－４４,35.552738,139.67189
丸山幼稚園,神奈川県川崎市多摩区登戸１２９３,35.621201,139.561249
田園調布学園大学みらいこども園,神奈川県川崎市中原区下新城１丁目１５－３,35.581326,139.632385
宮前幼稚園,神奈川県川崎市宮前区西野川２－２４－１８,35.575264,139.610809
福音幼稚園,神奈川県川崎市川崎区境町３－１２,35.525719,139.707382
宮前幼稚園,神奈川県川崎市宮前区西野川２－２４－１８,35.575264,139.610809
学校法人　健正学園　ゆりかご幼稚園,神奈川県川崎市川崎区小田１－１６－１６,35.515434,139.697571
江川幼稚園,神奈川県川崎市川崎区江川２－５－５,35.535469,139.746323
ひがしすげ幼稚園,神奈川県川崎市多摩区菅北浦１－６－５０,35.630142,139.538452
新作やはた幼稚園,神奈川県川崎市高津区新作４－１９－１０,35.585941,139.621124
女躰神社こども園,神奈川県川崎市幸区幸町１－９９２－３,35.534744,139.697159
生田ひまわり幼稚園,神奈川県川崎市多摩区栗谷１－１１－６,35.611816,139.533325
ビーンズ保育園,神奈川県横浜市鶴見区鶴見中央１－２３－２６グレーシアスクエア横浜鶴見３階,35.509018,139.679749
いずみ反町保育園分園,神奈川県横浜市神奈川区上反町２－２７－６,35.473621,139.622284
羽沢保育園,神奈川県横浜市神奈川区羽沢町７２５,35.487564,139.585464
うみの風保育園,神奈川県横浜市中区新山下１－４－１６,35.441978,139.655258
岩間保育園,神奈川県横浜市保土ケ谷区岩間町１－７－１４,35.45261,139.602814
合歓の木保育園,神奈川県横浜市保土ケ谷区神戸町１４０－６,35.454979,139.596527
マイ・ハート綱島東保育園,神奈川県横浜市港北区綱島東３－４－３２,35.53804,139.642319
ひよし保育園,神奈川県川崎市幸区南加瀬２丁目９－２０,35.548447,139.660583
みやうち保育園,神奈川県川崎市中原区宮内４丁目１３－１４,35.585274,139.646942
有馬の杜コスモス保育園,神奈川県川崎市宮前区有馬６丁目１０－３１,35.57082,139.582291
若草保育園京町,神奈川県川崎市川崎区渡田山王町２０－３５,35.517166,139.695862
このはな保育園,神奈川県川崎市高津区久地１－１９－８ガーデンパレス華２Ｆ,35.607864,139.606842
東門前保育園,神奈川県川崎市川崎区東門前１丁目８－２,35.536343,139.733322
大師保育園,神奈川県川崎市川崎区出来野１－１７,35.532738,139.739151
ＹＭＣＡかわさき保育園,神奈川県川崎市幸区大宮町２６－３　3号棟１０２,35.530052,139.692261
京急キッズランド港町駅前保育園,神奈川県川崎市川崎区港町5-4,35.535667,139.713486
サンライズ渡田保育室,神奈川県川崎市川崎区川崎区渡田２ー４－１１,35.532356,139.726898
サンライズ新丸子保育室,神奈川県川崎市中原区中原区上丸子天神町３０１ハウスサンシルク1階,35.56852,139.668854
サンライズ上作延保育室,神奈川県川崎市高津区上作延２－１－２６溝口サンフェニックス,35.60038,139.592453
サンライズ向ヶ丘遊園保育室,神奈川県川崎市多摩区多摩区登戸１５３１,35.619564,139.562073
保育室みによん,神奈川県川崎市麻生区東百合丘３－１２－３グレイス・ビュー東百合丘205,35.596779,139.528458
たんぽぽ保育室,神奈川県川崎市宮前区鷺沼１－３－１５ソフィーナ鷺沼208,35.577332,139.575134
かりん保育室,神奈川県川崎市川崎区川崎区渡田４丁目１１－１０,35.532356,139.726898
つくし保育園　東戸塚,神奈川県横浜市戸塚区品濃町５４５－３０クライテリア東戸塚１階,35.432865,139.558517
ゆたか保育園,神奈川県横浜市瀬谷区瀬谷１－１－３,35.470284,139.490601
大岡おひさま保育園,神奈川県横浜市南区大岡３－９－１６,35.415749,139.602097
ケンパ高田,神奈川県横浜市港北区髙田東４－１７－１７,35.518982,139.633011
ベネッセ　日吉保育園,神奈川県横浜市港北区日吉４－１－１,35.55167,139.650131
めぐみ保育園,神奈川県横浜市港北区新吉田東３－３９－１５,35.543781,139.61644
さくらの郷みらい保育園,神奈川県横浜市緑区鴨居４－５２－１５,35.50803,139.564224
總持寺保育園,神奈川県横浜市鶴見区鶴見２－３－２９,35.508305,139.668961
ベネッセ　矢向保育園,神奈川県横浜市鶴見区矢向４－３０－１７,35.535309,139.683594
ベネッセ　本郷台保育園,神奈川県横浜市栄区小菅ケ谷１－１－６,35.367195,139.550293
丸山台保育園,神奈川県横浜市港南区丸山台３－１６－１,35.400547,139.567963
金沢ふたば保育園,神奈川県横浜市金沢区富岡東２－１－１４,35.379936,139.633789
明徳釜利谷保育園,神奈川県横浜市金沢区釜利谷南４－２９－４,35.339184,139.601074
わかくさ保育園,神奈川県横浜市金沢区平潟町１２－１,35.332523,139.631195
おおつな保育園,神奈川県横浜市港北区大曽根２－３３－８,35.53138,139.631042
おおつな森の保育園,神奈川県横浜市港北区新羽町１０２０－１,35.527622,139.609344
ベネッセ　市ヶ尾駅前保育園,神奈川県横浜市青葉区市ケ尾町１１５３－３第二蕉木ビル２階,35.550961,139.53978
生麦保育園,神奈川県横浜市鶴見区生麦４－２５－１２,35.495174,139.671585
アスク吉野町保育園,神奈川県横浜市南区山王町３－２４－８港横浜ビル１階,35.43597,139.618546
久良岐保育園,神奈川県横浜市南区中里３－２３－１,35.420826,139.593491
六ツ川台保育園,神奈川県横浜市南区六ツ川３－７８－１０,35.42836,139.579391
明神台保育園,神奈川県横浜市保土ケ谷区明神台５－１,35.457199,139.590393
上の原保育園,神奈川県横浜市旭区小高町１０４－５,35.465775,139.555283
ちとせ保育園,神奈川県横浜市旭区今川町６０－２,35.476913,139.535873
鶴ヶ峰保育園,神奈川県横浜市旭区鶴ケ峰１－６４－１,35.469631,139.547302
屏風ヶ浦保育園,神奈川県横浜市磯子区森６－３－３３,35.392197,139.610489
金沢八景ＹＭＣＡ保育園,神奈川県横浜市金沢区瀬戸２３－２１,35.333836,139.621399
ＹＭＣＡマナ保育園,神奈川県横浜市金沢区能見台東１－１ビーコンヒル能見台イーストプラザ,35.359444,139.628433
アイグラン保育園富岡東,神奈川県横浜市金沢区富岡東６－３－１０,35.365875,139.631165
北六浦いちい保育園,神奈川県横浜市金沢区六浦３－３５－１１,35.333961,139.610092
京急キッズランド金沢文庫保育園,神奈川県横浜市金沢区谷津町３８４金沢文庫京急第２ビル,35.343491,139.621704
アイグラン保育園高田東,神奈川県横浜市港北区高田東４－２３－１７,35.548431,139.61969
エミールの森ひばり保育園,神奈川県横浜市戸塚区戸塚町４５３６－２５,35.402859,139.522354
ことは保育園,神奈川県横浜市戸塚区柏尾町７４２,35.417225,139.550293
松みどり保育所,神奈川県横浜市戸塚区原宿５－３０－１,35.373154,139.504318
レインボー保育園,神奈川県横浜市戸塚区上矢部町２０３０－４,35.417023,139.533051
わかば保育園,神奈川県横浜市戸塚区舞岡町９９２,35.398163,139.549377
鶴見乳幼児福祉センター保育園,神奈川県横浜市鶴見区鶴見１－３－１６,35.501991,139.671753
かもめ保育園,神奈川県横浜市鶴見区鶴見中央５－２－７,35.504982,139.675919
しののめ保育園,神奈川県横浜市金沢区寺前１－８－２８,35.339279,139.625809
アスク日吉本町開善保育園,神奈川県横浜市港北区日吉本町２－４６－１１,35.551544,139.635513
Gakkenほいくえん日吉本町,神奈川県横浜市港北区日吉本町３－２３－１５,35.547665,139.638474
うみのくに保育園とつか,神奈川県横浜市戸塚区川上町４６４－１５翠峯壱番館２階,35.427006,139.545944
Gakkenほいくえん二ツ橋,神奈川県横浜市瀬谷区二ツ橋町３５１－３,35.46804,139.495743
Gakkenほいくえん矢向,神奈川県横浜市鶴見区矢向４－２２－１３,35.534637,139.681396
末吉にこにこ保育園,神奈川県横浜市鶴見区下末吉１－１３－２０,35.518764,139.671356
まなびの森　日吉こども園,神奈川県横浜市港北区日吉５－１１－２４,35.546288,139.653076
まなびの森　鴨居こども園,神奈川県横浜市緑区鴨居３－２－１０ロックヒルズ鴨居１階,35.509907,139.568207
まなびの森　十日市場こども園,神奈川県横浜市緑区十日市場８４８－１,35.523216,139.516495
まなびの森　ヴィラ十日市場こども園,神奈川県横浜市緑区十日市場町８１９－１３,35.525112,139.517181
まなびの森　中山こども園,神奈川県横浜市緑区青砥町１１３０－１１階,35.518677,139.544525
まなびの森　鴨居北こども園,神奈川県横浜市都筑区池辺町３８５１,35.517834,139.571091
ちゃいれっく東戸塚駅前保育園,神奈川県横浜市戸塚区品濃町５１０－４ネオポリストキワ８１階,35.426701,139.559738
ちゃいれっく前田町保育園,神奈川県横浜市戸塚区前田町５０４－３３大黒屋三枝木ビル１階,35.425549,139.551819
ポピンズナーサリースクールみなとみらい,神奈川県横浜市西区みなとみらい３－５－１ＭＡＲＫＩＳみなとみらい１階,35.456959,139.631927
ポピンズナーサリースクール横浜,神奈川県横浜市西区みなとみらい４－３－５シンクロン本社ビル新館２階,35.460163,139.62532
北寺尾第二むつみ保育園,神奈川県横浜市鶴見区北寺尾４－１４－４７－１,35.517284,139.657776
Gakkenほいくえん片倉,神奈川県横浜市神奈川区片倉１－２３－２６,35.48748,139.604721
うみのくに保育園きくな,神奈川県横浜市港北区菊名７－５－３６,35.516144,139.630112
とつかルーテル保育園,神奈川県横浜市戸塚区吉田町１００－４,35.400066,139.537628
横浜市錦保育園,神奈川県横浜市中区錦町５,35.429813,139.672043
飯山幼稚園,神奈川県横浜市鶴見区東寺尾４－１６－１９,35.499336,139.661774
橘幼稚園,神奈川県横浜市鶴見区獅子ケ谷１－１０－５,35.516285,139.652527
三ツ沢幼稚園,神奈川県横浜市神奈川区三ツ沢南町１８－７,35.474518,139.608597
早苗幼稚園,神奈川県横浜市中区本牧１－８４,35.430744,139.666931
三恵幼稚園,神奈川県横浜市保土ケ谷区神戸町１０８,35.452168,139.597763
金沢大道幼稚園,神奈川県横浜市金沢区町屋町２－２,35.337479,139.626328
桂幼稚園,神奈川県横浜市港北区高田東１－２４－１８,35.545357,139.625702
綱島幼稚園,神奈川県横浜市港北区綱島西１－１３－１５,35.537289,139.633163
本宿幼稚園,神奈川県横浜市旭区本宿町９９,35.462769,139.541382
三ツ境幼稚園,神奈川県横浜市瀬谷区三ツ境１０４‐３,35.466976,139.500961
田園江田幼稚園,神奈川県横浜市青葉区荏田町４７４－１,35.557617,139.55542
藤が丘幼稚園,神奈川県横浜市青葉区藤が丘２－３７－７,35.541939,139.528946
すぎの森幼稚園,神奈川県横浜市都筑区大棚町４７８,35.549358,139.587234
やべのファミリールーム,神奈川県横浜市磯子区洋光台３－２８－２７,35.380508,139.598206
ベネッセ　青葉台保育園,神奈川県横浜市青葉区榎が丘２－３,35.540623,139.516068
ヨコハマみらい保育園,神奈川県横浜市磯子区磯子３－３－２１江戸徳ビル４階,35.403481,139.619415
ゆめの樹保育園ほどがや,神奈川県横浜市保土ケ谷区月見台４１－２２,35.450336,139.597397
戸塚せせらぎ保育園,神奈川県横浜市戸塚区矢部町３００１－２第７山洋ビル１階,35.407345,139.52832
いずみ松本町保育園,神奈川県横浜市神奈川区松本町５－３７－２,35.477581,139.618713
テンダーラビング保育園綱島東,神奈川県横浜市港北区綱島東４－１０－３４,35.541641,139.646332
わかさと保育園,神奈川県横浜市港北区綱島西６－３－１３,35.544868,139.635925
岡村幼児園,神奈川県横浜市磯子区岡村２－１３－１１,35.416344,139.612579
ベネッセ　保土ケ谷保育園,神奈川県横浜市保土ケ谷区岩間町２－１１３－１,35.449604,139.600327
ベネッセ　綱島台保育園,神奈川県横浜市港北区綱島台１７－２３,35.54306,139.632263
おひさますまいる保育園,神奈川県横浜市緑区中山３－４－１,35.512966,139.543884
幼保連携型認定こども園　みなみ幼稚園,神奈川県横浜市瀬谷区阿久和南４－１６－１,35.437485,139.500366
尻手すきっぷ保育園,神奈川県横浜市鶴見区矢向４－２６－１３,35.53326,139.683487
マイ・ハート紅葉ヶ丘保育園,神奈川県横浜市西区紅葉ケ丘５３横浜市教育会館１階,35.450951,139.625504
まなびの森　星川こども園,神奈川県横浜市保土ケ谷区星川２－１２－６－３,35.459961,139.590363
ひびき金港町保育園,神奈川県横浜市神奈川区金港町７－６,35.46973,139.626877
いずみ反町公園保育園,神奈川県横浜市神奈川区反町１－１２,35.47559,139.629059
ヨコハマきぼう保育園,神奈川県横浜市中区三吉町１－２,35.437004,139.634583
キッズパートナー小机,神奈川県横浜市港北区小机町２１９０,35.509914,139.600494
みなとみらいくばがさ保育園,神奈川県横浜市西区みなとみらい３－７－１オーシャンゲートみなとみらい,35.458008,139.633881
Gakkenほいくえん反町,神奈川県横浜市神奈川区桐畑１９－４,35.47287,139.625824
幼保連携型認定こども園　あさひ台幼稚園,神奈川県横浜市鶴見区下末吉６－７－２４,35.520283,139.664749
トライアングル　スマイル,神奈川県横浜市鶴見区鶴見中央４－２８－７ヴィラリッツ鶴見中央２階,35.50843,139.679443
ベネッセ　東戸塚保育園,神奈川県横浜市戸塚区品濃町５５４－２４,35.43037,139.562912
横浜矢向雲母保育園,神奈川県横浜市鶴見区矢向４－２９－３４,35.534199,139.683823
横浜大口雲母保育園,神奈川県横浜市神奈川区神之木町２－２６,35.494171,139.647858
幼保連携型認定こども園　ＹＭＣＡつるみ保育園,神奈川県横浜市鶴見区平安町２－２８－１,35.50824,139.694122
ココアンジュ保育園,神奈川県横浜市保土ケ谷区川島町８７０,35.472126,139.570526
大曽根コスモス保育園,神奈川県横浜市港北区大曽根２－３２－８,35.531704,139.631134
ベネッセ　菊名保育園,神奈川県横浜市鶴見区馬場７－７－１５,35.50848,139.639786
まなびの森　菊名こども園,神奈川県横浜市港北区錦が丘１９－１８,35.507881,139.63028
ちゃいれっく戸塚保育園,神奈川県横浜市戸塚区矢部町３００２－１,35.407345,139.52832
若葉保育園　本園,神奈川県横浜市保土ケ谷区保土ケ谷町３－２０５,35.446545,139.581238
わらべ細谷戸保育園,神奈川県横浜市瀬谷区瀬谷町５９４５,35.483818,139.486481
うちゅうこども園たんまち,神奈川県横浜市神奈川区上反町１－１０－５,35.473663,139.624939
幼保連携型認定こども園二ツ橋あいりん幼稚園,神奈川県横浜市瀬谷区二ツ橋町１４４,35.463833,139.49408
京急幼稚園,神奈川県横浜市金沢区能見台１－４４－１,35.359222,139.612701
フレンド幼稚園,神奈川県横浜市金沢区並木２－３－２,35.36462,139.638214
しんよしだこども園,神奈川県横浜市港北区新吉田東６－１７－３,35.536148,139.621521
双葉幼稚園,神奈川県横浜市鶴見区上末吉１丁目１８－８,35.527119,139.667374
ピッコロ・グランデ新横浜,神奈川県横浜市港北区新横浜１－２－６,35.502331,139.610657
ちゃいれっく平戸町保育室,神奈川県横浜市戸塚区平戸町７５３－４,35.426964,139.561081
りとる・ピッピ,神奈川県横浜市青葉区市ケ尾町１０６５－５市ヶ尾森ビル五番館１０４１０５,35.550724,139.543152
小規模保育事業ＭＩＲＡｉｏ新横浜,神奈川県横浜市港北区新横浜３－１２－４エクステ新横浜ビル１階,35.512909,139.621384
保育ルームキューティーユー,神奈川県横浜市都筑区北山田１－８－１１カーネルパーク１０１,35.56176,139.592346
キャリー保育園桜木町,神奈川県横浜市西区戸部町２－２３－１横濱紅葉坂walk2F,35.450954,139.624527
ＳＵＮＮＹ　ＫＩＤ保育園,神奈川県横浜市神奈川区大口通８０ＮＳＫハイツ大口１－Ｄ,35.494499,139.645035
くじら保育園,神奈川県横浜市港北区下田町５－２９－２３下田ビル１階,35.557907,139.626923
クオリスキッズ上大岡西保育園,神奈川県横浜市港南区上大岡西２－３－６ＢＬＤアルダ２０１号室,35.404671,139.596634
つぼみの森保育室,神奈川県横浜市南区平楽,35.430031,139.633087
あきば第２保育園,神奈川県横浜市戸塚区秋葉町４８７－２９,35.421818,139.545578
横浜ノーベル保育園,神奈川県横浜市神奈川区西神奈川１－１１－３レーベンハイム東白楽２階,35.480125,139.631393
聖愛クロス保育園きくな,神奈川県横浜市港北区大豆戸町２１７－１フィオーレチノ１階,35.512581,139.630371
ばばほいくしつ黄金町,神奈川県横浜市南区前里町１－１０ソナーレ横浜１０２号,35.440548,139.621918
新日本保育園,神奈川県川崎市中原区木月伊勢町３－３,35.569691,139.653595
ふくじゅ保育園,神奈川県川崎市幸区鹿島田１－２１－８,35.553307,139.675125
長寿保育園,神奈川県川崎市中原区井田中ノ町１２－２０,35.56654,139.643753
井田保育園,神奈川県川崎市中原区井田１丁目２６－３３,35.562992,139.642807
あさのみ保育園,神奈川県川崎市麻生区上麻生３丁目２２－１４,35.602207,139.50267
柿生保育園,神奈川県川崎市麻生区上麻生５丁目２３－１,35.590446,139.499207
ルピナス保育園,神奈川県川崎市川崎区本町１丁目１番,35.533333,139.702148
川崎あいいく保育園,神奈川県川崎市川崎区本町１丁目１－１,35.533333,139.702148
ゆめいく日進町保育園,神奈川県川崎市川崎区日進町２０－３,35.524464,139.695435
あすいく保育園,神奈川県川崎市川崎区日進町２２－１４,35.523781,139.696198
木月保育園,神奈川県川崎市中原区木月４－４２－１４,35.558403,139.65477
かわの風保育園,神奈川県川崎市幸区戸手２丁目１２－１０,35.544029,139.692657
多摩保育園,神奈川県川崎市中原区上丸子山王町２丁目１３３７,35.576141,139.66658
すみれ保育園,神奈川県川崎市中原区木月住吉町１－１２,35.568249,139.65712
桜本保育園,神奈川県川崎市川崎区桜本１丁目９－６,35.520607,139.722565
厚生館愛児園,神奈川県川崎市多摩区菅稲田堤１丁目１１－８,35.636063,139.536072
第二厚生館愛児園,神奈川県川崎市多摩区寺尾台１丁目１－１９,35.617371,139.531448
星の子愛児園,神奈川県川崎市多摩区菅稲田堤１丁目１７－２５,35.634357,139.534561
至誠館なしのはな保育園,神奈川県川崎市多摩区菅稲田堤１丁目１０－５,35.635391,139.535416
至誠館ゆりがおか保育園,神奈川県川崎市麻生区百合丘１丁目１８－３,35.607616,139.515656
のぞみ保育園,神奈川県川崎市川崎区富士見１丁目６－１０,35.531044,139.711578
聖美保育園,神奈川県川崎市川崎区桜本２丁目４１－１１,35.522057,139.727554
たんぽぽのはら保育園,神奈川県川崎市中原区市ノ坪２２３－９,35.569458,139.659882
すみよしのはら保育園,神奈川県川崎市中原区木月祗園町１７－２,35.568077,139.65332
たつのこのはら保育園,神奈川県川崎市宮前区土橋４丁目７－１,35.585419,139.568756
龍厳寺保育園,神奈川県川崎市多摩区堰３丁目１１－１３,35.611916,139.594376
稲田保育園,神奈川県川崎市多摩区登戸１４１６,35.622715,139.557129
だいしの里保育園,神奈川県川崎市川崎区日ノ出１丁目１６－１１,35.531086,139.742844
ひばり保育園,神奈川県川崎市多摩区宿河原６丁目４６－６,35.609158,139.590225
ひばりっこくらぶ保育園,神奈川県川崎市多摩区宿河原６丁目３５－１６,35.60973,139.590317
こひばり保育園,神奈川県川崎市多摩区堰２丁目６－２１,35.613991,139.594223
こどものいえもも保育園,神奈川県川崎市宮前区馬絹1－24－9,35.580898,139.58429
すぎのこ保育園,神奈川県川崎市麻生区岡上1-15-6,35.583515,139.486725
さぎ沼なごみ保育園,神奈川県川崎市宮前区土橋３丁目１－６,35.582138,139.5746
なごみ保育園,神奈川県川崎市多摩区菅稲田堤３丁目９－２,35.633026,139.541946
よつば保育園,神奈川県川崎市川崎区四谷上町１４－８,35.526909,139.733475
つくし保育園,神奈川県川崎市幸区戸手本町２丁目４２０－１,35.541359,139.686584
まめの木保育園,神奈川県川崎市中原区小杉町３丁目１５０１セントア武蔵小杉Ａ棟３,35.574684,139.657257
うめのき保育園,神奈川県川崎市高津区久地３丁目１３－１,35.610897,139.601212
ＫＦＪ多摩なのはな保育園,神奈川県川崎市多摩区登戸２２４９－１,35.620434,139.5634
どりーむ保育園,神奈川県川崎市幸区北加瀬１丁目３１－５,35.549145,139.668335
どりーむ東小倉保育園,神奈川県川崎市幸区東小倉２－３６,35.545628,139.674576
有馬川はなみずき保育園,神奈川県川崎市宮前区東有馬５丁目２３－４３,35.571007,139.59404
野川南台保育園,神奈川県川崎市宮前区南野川３－７－１,35.57003,139.609558
ティンクル上野川保育園,神奈川県川崎市宮前区西野川2-37-13,35.576969,139.610046
ティンクルくぬぎ坂保育園,神奈川県川崎市宮前区南野川３－２８－１１,35.571468,139.613068
なかのしまのぞみ保育園,神奈川県川崎市多摩区中野島４丁目２０－２３,35.627922,139.558014
はるひ野保育園,神奈川県川崎市麻生区はるひ野２丁目７－１,35.61581,139.466721
くろかわのぞみ保育園,神奈川県川崎市麻生区はるひ野４丁目７－１,35.617317,139.46283
ももの里保育園,神奈川県川崎市中原区宮内２丁目２６－４０,35.592636,139.6362
ちとせ山ゆり保育園,神奈川県川崎市高津区千年９７０－１,35.582214,139.625198
すこやか高津保育園,神奈川県川崎市高津区二子５丁目１－５,35.602337,139.616394
すこやか二子保育園,神奈川県川崎市高津区二子５丁目１４－５６,35.60141,139.619415
すこやか溝口保育園,神奈川県川崎市高津区溝口２丁目３１番地１号,35.604088,139.608292
すこやか諏訪保育園,神奈川県川崎市高津区諏訪３丁目２０－１５,35.60133,139.626602
らいらっく保育園,神奈川県川崎市中原区木月伊勢町６－１,35.568554,139.655106
はじめの一歩保育園,神奈川県川崎市麻生区上麻生７丁目４１－５,35.579266,139.505249
レッツ・びー梶ヶ谷保育園,神奈川県川崎市高津区下作延２－３５－１スペースアメニティ梶ヶ谷１Ｆ,35.594925,139.603607
レッツ・びー溝の口保育園,神奈川県川崎市高津区溝口２丁目１６－６１階,35.60223,139.612137
レッツ・びー久本保育園,神奈川県川崎市高津区久本３丁目１３－５１階,35.593971,139.618301
レッツ・びー千年保育園,神奈川県川崎市高津区千年７１７,35.578678,139.627197
中瀬新生保育園,神奈川県川崎市川崎区中瀬３丁目２０－１６,35.538685,139.733353
すきっぷ保育園,神奈川県川崎市宮前区宮崎２丁目１－１　２階,35.589527,139.59343
太陽の子保育園,神奈川県川崎市多摩区栗谷２丁目１６－１４,35.607662,139.534576
ハグミー・ナーサリー,神奈川県川崎市多摩区中野島３丁目１５－１５,35.628937,139.549622
明日葉保育園武蔵新城園,神奈川県川崎市高津区千年1026,35.58392,139.626633
明日葉保育園鷺沼園,神奈川県川崎市宮前区鷺沼１丁目６－３,35.576172,139.575668
マミー保育園新川崎,神奈川県川崎市幸区新川崎５－２　３階,35.550671,139.670135
まるこ保育園,神奈川県川崎市中原区新丸子町７２６－５,35.581062,139.660416
ぶどうの実梶ヶ谷園,神奈川県川崎市高津区新作１丁目－１８－４,35.585358,139.611267
ぶどうの実鷺沼園,神奈川県川崎市宮前区鷺沼２丁目７－２３,35.574852,139.569717
ぶどうの実登戸園,神奈川県川崎市多摩区登戸新町１８７スカイノート１０１,35.62495,139.564117
五月台ルミナス保育園,神奈川県川崎市麻生区五力田３丁目１８－３,35.599915,139.494705
柿生ルミナス保育園,神奈川県川崎市麻生区片平２丁目３０－１,35.591312,139.497452
ゲートタワーローズ保育園,神奈川県川崎市幸区大宮町３１－１　川崎ゲートタワー１階,35.527889,139.692398
中野島フレンズ保育園,神奈川県川崎市多摩区布田１８－２５,35.63216,139.545883
三田かしのみ保育園,神奈川県川崎市多摩区三田１丁目１８－３,35.612862,139.542526
京町いづみ保育園,神奈川県川崎市川崎区京町３丁目２６－１,35.507179,139.69696
かんのん町保育園,神奈川県川崎市川崎区観音１丁目１０－３,35.526039,139.726028
あいせん保育園,神奈川県川崎市川崎区浜町２丁目２２－１６,35.514565,139.719467
西有馬おひさま保育園,神奈川県川崎市宮前区有馬１丁目８－６,35.578842,139.578583
社会福祉法人けいわ会　上小田中保育園,神奈川県川崎市中原区上小田中１丁目２８－２５,35.591549,139.6306
まんまる保育園,神奈川県川崎市中原区上小田中１丁目２９－２０,35.591648,139.629578
末長こぐま保育園,神奈川県川崎市高津区末長３－２５－５,35.589294,139.620834
坂戸保育園,神奈川県川崎市高津区坂戸３－７－２１,35.595238,139.623016
グリーンフォレスト神木保育園,神奈川県川崎市宮前区神木本町２丁目５－５,35.60125,139.587097
ChaCha Children Imai,神奈川県川崎市中原区今井仲町５－３１,35.57653,139.650543
ChaCha Children Nakamachi,神奈川県川崎市中原区今井仲町２ー２８,35.576481,139.653259
ＹＭＣＡたかつ保育園,神奈川県川崎市高津区溝口１－１９－１,35.600777,139.615295
キディ鈴木町・川崎保育園,神奈川県川崎市川崎区鈴木町３－２,35.536236,139.718445
キディ古市場保育園,神奈川県川崎市幸区古市場２丁目９７－２,35.554539,139.682495
保育園キディ百合丘・川崎,神奈川県川崎市麻生区百合丘１丁目１６サンラフレ百合丘７－２０１,35.605701,139.515778
西大島ルーテル保育園,神奈川県川崎市川崎区大島１丁目２４－１２,35.525784,139.71225
出来野ルーテル保育園,神奈川県川崎市川崎区出来野６－７,35.534527,139.738785
社会福祉法人長幼会玉川保育園,神奈川県川崎市中原区北谷町６１,35.562923,139.670914
せみなーれ幼保園,神奈川県川崎市宮前区宮前平１丁目２－２,35.58548,139.589905
西しゅくマーノ保育園,神奈川県川崎市多摩区宿河原２丁目１９－６,35.615047,139.56958
わおわお元住吉保育園,神奈川県川崎市中原区中原区木月２丁目１７－１,35.56852,139.668854
緑の杜保育園,神奈川県川崎市高津区下作延２－６－３,35.599915,139.605637
保育園アリス宿河原,神奈川県川崎市多摩区宿河原３丁目１３－９,35.613712,139.57962
レイモンド川崎保育園,神奈川県川崎市川崎区東田町８パレール川崎３Ｆ,35.529591,139.703796
川崎おおぞら保育園,神奈川県川崎市川崎区小川町１１－９,35.526779,139.697144
小倉はなかご保育園,神奈川県川崎市幸区小倉４－１５－８,35.537155,139.672455
わかばの杜保育園,神奈川県川崎市高津区子母口378,35.57452,139.629532
しらゆり中原保育園,神奈川県川崎市中原区中原区上小田中６丁目５１－７プランドール１?３階,35.56852,139.668854
パレット保育園・高津,神奈川県川崎市高津区二子２－１３－５,35.604458,139.61937
ミアヘルサ保育園ひびき鹿島田,神奈川県川崎市幸区下平間１４３－１６２階,35.550457,139.677322
ミアヘルサ保育園ひびき夢見ケ崎,神奈川県川崎市幸区南加瀬１丁目１－１３－５,35.547977,139.66713
ポピンズナーサリースクール武蔵小杉,神奈川県川崎市中原区小杉町３丁目４７２,35.575596,139.659225
ポピンズナーサリースクール百合ヶ丘,神奈川県川崎市麻生区百合丘１丁目２４－９,35.609798,139.517776
アートチャイルドケア武蔵中原,神奈川県川崎市中原区下小田中１丁目２２－１１,35.578712,139.636581
アートチャイルドケア津田山きらら,神奈川県川崎市高津区下作延６－６－２１アネックスＫ,35.603706,139.601807
にじいろ保育園新川崎,神奈川県川崎市幸区小倉１－４－２４,35.54525,139.669373
にじいろ保育園武蔵新城,神奈川県川崎市高津区新作５丁目１７－１８,35.588127,139.626251
にじいろ保育園二子新地,神奈川県川崎市高津区二子１丁目１７－５,35.608395,139.618149
クレアナーサリー宮前平,神奈川県川崎市宮前区小台２丁目１１－３,35.582108,139.583542
クレアナーサリー向ヶ丘遊園,神奈川県川崎市多摩区登戸２７００－4,35.616142,139.566269
クレアナーサリー新百合ヶ丘,神奈川県川崎市麻生区上麻生３丁目１－２,35.601372,139.505539
まなびの森　川崎もりのこ保育園,神奈川県川崎市川崎区日進町１－６８　サンスクエア８号棟２階,35.528065,139.695099
まなびの森　新川崎もりのこ保育園,神奈川県川崎市幸区新川崎３－１イニシア新川崎,35.552879,139.669556
まなびの森　鹿島田もりのこ保育園,神奈川県川崎市幸区下平間２９０,35.548676,139.682404
まなびの森　こすぎっこ保育園,神奈川県川崎市中原区新丸子東２丁目９０１,35.57869,139.66214
まなびの森　新城もりのこ保育園,神奈川県川崎市中原区新城１丁目１５－１３,35.584103,139.631302
まなびの森保育園小杉,神奈川県川崎市中原区新丸子東３丁目１２４１－４,35.574726,139.661194
まなびの森保育園新城,神奈川県川崎市中原区新城中町６－２０　カピトール川崎Ⅰ　１階,35.583344,139.632874
まなびの森　武蔵中原もりのこ保育園,神奈川県川崎市中原区下小田中３丁目７－２０,35.574619,139.646255
まなびの森　小杉もりのこ保育園,神奈川県川崎市中原区市ノ坪３８６－４,35.567337,139.664307
まなびの森保育園向河原,神奈川県川崎市中原区中丸子３２４－１,35.567867,139.668716
まなびの森保育園高津分園,神奈川県川崎市高津区溝口３丁目９－４　津田メディカルビル　２Ｆ,35.603619,139.61441
まなびの森保育園高津,神奈川県川崎市高津区久地１－８－１,35.606739,139.610046
まなびの森　ヴィラ宮前平もりのこ保育園,神奈川県川崎市宮前区宮前平２丁目５－１６,35.588837,139.583939
スターチャイルド≪ＫＳＰナーサリー≫,神奈川県川崎市高津区坂戸３丁目２－１,35.594444,139.620865
ベネッセ川崎新町保育園,神奈川県川崎市川崎区小田栄２丁目３－２,35.513927,139.710098
ベネッセ武蔵小杉保育園,神奈川県川崎市中原区新丸子東３丁目１１００－１２ミッドスカイタワー３Ｆ,35.574745,139.660706
ベネッセ元住吉保育園,神奈川県川崎市中原区木月３丁目３５－２０,35.562359,139.650925
ベネッセ市ノ坪保育園,神奈川県川崎市中原区市ノ坪３７５,35.567745,139.662888
ベネッセ武蔵新城保育園,神奈川県川崎市高津区新作６丁目５－１,35.584953,139.625
うぃず宿河原保育園,神奈川県川崎市多摩区長尾４丁目１－２,35.611439,139.576447
うぃず稲田堤保育園,神奈川県川崎市多摩区菅馬場２丁目５－９,35.628048,139.53949
うぃず向ヶ丘遊園保育園,神奈川県川崎市多摩区東生田１丁目１１－１２,35.613907,139.565186
アスク川崎東口保育園,神奈川県川崎市川崎区小川町１３－９,35.527477,139.698441
アスク東門前保育園,神奈川県川崎市川崎区大師本町９－１１3階,35.535206,139.730881
アスク川崎西口保育園,神奈川県川崎市幸区大宮町１３１０　ミューザ川崎１階,35.530933,139.694687
アスクバイリンガル保育園　上小田中,神奈川県川崎市中原区上小田中３丁目２５－２９,35.587578,139.633652
アスク新丸子保育園,神奈川県川崎市中原区新丸子町７１８　１・２Ｆ,35.581543,139.660782
アスク下小田中保育園,神奈川県川崎市中原区下小田中３丁目２９－１６,35.57198,139.642578
アスク武蔵小杉保育園,神奈川県川崎市中原区小杉町１丁目５２６－５,35.578758,139.659027
アスク平間保育園,神奈川県川崎市中原区北谷町７－７　田島ビル１・２Ｆ,35.561565,139.671234
アスクバイリンガル保育園　向河原,神奈川県川崎市中原区中丸子３６４－１,35.568829,139.669983
アスク元住吉南保育園,神奈川県川崎市中原区木月４丁目１－３０,35.561878,139.653961
アスク元住吉保育園,神奈川県川崎市中原区木月３丁目８－１９　サークルビル１Ｆ,35.565727,139.649399
アスクバイリンガル保育園　高津,神奈川県川崎市高津区溝口６－２３－１６,35.607395,139.611313
アスク溝の口保育園,神奈川県川崎市高津区下作延２－７－４１,35.599815,139.60675
アスク高津えきまえ保育園,神奈川県川崎市高津区溝口３－８－１７,35.603039,139.615036
アスクスポーツ保育園 かじがや,神奈川県川崎市高津区梶ケ谷３－１２－６,35.587006,139.606369
アスク武蔵新城保育園,神奈川県川崎市高津区新作４－１９－４,35.585941,139.621124
アスクさぎぬま保育園,神奈川県川崎市宮前区鷺沼１丁目２２－６,35.577362,139.569839
アスク宮前平えきまえ保育園,神奈川県川崎市宮前区宮前平１丁目１２－５,35.585205,139.58403
アスク宮崎台保育園,神奈川県川崎市宮前区宮前平１丁目１－１５,35.585846,139.588135
アスク向ヶ丘遊園北保育園,神奈川県川崎市多摩区登戸５１４－１,35.620075,139.557877
アスク向ヶ丘遊園南保育園,神奈川県川崎市多摩区宿河原２丁目４８－３６,35.612293,139.56958
アスク宿河原保育園,神奈川県川崎市多摩区宿河原２丁目５－１,35.61586,139.576126
アスク生田保育園,神奈川県川崎市多摩区生田８丁目８－１４,35.615917,139.544739
アスク柿生保育園,神奈川県川崎市麻生区上麻生５丁目４０－４パームスクウェアー2F・3F,35.589584,139.49678
アスク新百合ヶ丘保育園,神奈川県川崎市麻生区古沢１９７－６,35.605759,139.500229
保育園フェリチッタ,神奈川県川崎市幸区南幸町２丁目７６,35.534283,139.68959
保育園リエッタ,神奈川県川崎市幸区南幸町２丁目９　２・３階,35.53331,139.691528
木下の保育園 新百合ヶ丘,神奈川県川崎市麻生区古沢４３　２Ｆ,35.602444,139.50148
小学館アカデミー南さいわい町保育園,神奈川県川崎市幸区南幸町３丁目９７　リバーセンタービル２階,35.530865,139.685715
小学館アカデミーしんかわさき保育園,神奈川県川崎市幸区鹿島田１－１－3新川崎スクエア３階,35.550236,139.673828
小学館アカデミーかりやど保育園,神奈川県川崎市中原区苅宿３－６,35.564793,139.663025
小学館アカデミーむさししんじょう保育園,神奈川県川崎市中原区上小田中２丁目３５－４４,35.588505,139.634109
小学館アカデミーしんまるこ保育園,神奈川県川崎市中原区新丸子東２丁目９０２－１プライムアーバン武蔵小杉　comodo 1階,35.578682,139.661667
小学館アカデミーむさししんじょう第２保育園,神奈川県川崎市高津区末長４丁目１７－１７,35.592201,139.626724
小学館アカデミーさぎぬま保育園,神奈川県川崎市宮前区鷺沼１丁目２３－７ル　ファール１階,35.576172,139.570526
小学館アカデミーみやまえだいら保育園,神奈川県川崎市宮前区宮前平２丁目１－２ベルグ宮前平１階,35.585777,139.583405
小学館アカデミー西いくた保育園,神奈川県川崎市多摩区西生田３丁目１３－７,35.612034,139.527054
小学館アカデミー新ゆり山手保育園,神奈川県川崎市麻生区万福寺４丁目１９プライムアリーナ新百合ケ丘１階,35.607334,139.506348
アイン武蔵小杉保育園,神奈川県川崎市中原区中丸子１２４６－６,35.569962,139.662903
アイン武蔵小杉北保育園,神奈川県川崎市中原区小杉町２－３０７－７,35.581345,139.656677
アイン栗平保育園,神奈川県川崎市麻生区栗木台１丁目1-16,35.605118,139.478439
Gakkenほいくえん川崎大師,神奈川県川崎市川崎区中瀬３丁目１４－３,35.537304,139.730881
Gakkenほいくえん登戸,神奈川県川崎市多摩区登戸１６１２－１,35.619213,139.558701
キッズガーデン川崎幸町,神奈川県川崎市幸区幸町２丁目５９３　６階,35.537434,139.698914
ナーサリールームベリーベアー鷺沼,神奈川県川崎市宮前区鷺沼３丁目５－２ＭＣビル１?３階,35.578423,139.571609
麻生ゆりのき保育園,神奈川県川崎市麻生区千代ケ丘１丁目１７－２,35.608635,139.508728
せせらぎ保育園,神奈川県川崎市中原区新城１丁目１４－７,35.583969,139.630905
もものか保育園,神奈川県川崎市宮前区馬絹１－９－２,35.582474,139.590836
そらまめ保育園　本園,神奈川県川崎市多摩区宿河原１丁目１－３２,35.620644,139.573212
あいみー高津保育園,神奈川県川崎市高津区溝口５－２１－１２,35.605152,139.612793
第２くまのこ園,神奈川県川崎市多摩区菅稲田堤３－１－２,35.633003,139.538757
パピー保育園,神奈川県川崎市川崎区小田２－２－３,35.51395,139.697479
ピュアリー宮前平保育園,神奈川県川崎市宮前区馬絹1-28-12,35.580978,139.585632
新町しほかぜ保育園,神奈川県川崎市川崎区渡田４丁目９－４,35.517479,139.703094
まなびの森　かわなかじま保育園,神奈川県川崎市川崎区藤崎２丁目１９－２,35.527092,139.72226
小向さくら保育園,神奈川県川崎市幸区小向西町３丁目５２－３,35.548065,139.68779
みぞのくち保育園,神奈川県川崎市高津区溝口４－１９－２,35.605007,139.614075
王禅寺しらゆり保育園,神奈川県川崎市麻生区王禅寺東５丁目３－５３,35.58427,139.509354
境町パイナップル保育園,神奈川県川崎市川崎区境町１１－９,35.524082,139.709229
らいらっく幸保育園,神奈川県川崎市幸区塚越２－２２０－３７,35.544033,139.679932
幸いづみ保育園,神奈川県川崎市幸区南幸町３－１４９－３　５階,35.53548,139.686584
まなびの森保育園矢向,神奈川県川崎市幸区小倉３－１－１５,35.542927,139.6716
にじいろ保育園鹿島田駅前,神奈川県川崎市幸区鹿島田１－１９－１４,35.551559,139.675766
ChaCha Children Musashikosugi,神奈川県川崎市中原区今井仲町５－２５,35.57653,139.650543
明日葉保育園元住吉園,神奈川県川崎市中原区木月祗園町６－３１,35.567455,139.649689
ぶどうの実平間園,神奈川県川崎市中原区北谷町６９３－１０,35.562553,139.670395
ベネッセ津田山保育園,神奈川県川崎市高津区上作延1-3-33,35.598553,139.596985
スターチャイルド≪高津ナーサリー≫,神奈川県川崎市高津区二子６－２－５,35.600819,139.621552
まなびの森保育園梶が谷,神奈川県川崎市高津区神奈川県川崎市高津区末長１－９－１,35.599445,139.608063
まなびの森保育園宮崎台,神奈川県川崎市宮前区宮崎２－３－１１,35.589001,139.592361
わらべうた　鷺沼保育園,神奈川県川崎市宮前区鷺沼一丁目８番５号,35.575508,139.573563
宮前空翠保育園,神奈川県川崎市宮前区土橋１－２－３,35.586021,139.580154
AIAI NURSERY　新百合ヶ丘,神奈川県川崎市麻生区万福寺3-12-7,35.607277,139.509857
野川ほのぼの保育園,神奈川県川崎市高津区東野川2－31－8,35.566582,139.614532
京急キッズランド京急川崎保育園,神奈川県川崎市川崎区砂子１－３－１,35.532097,139.700485
川崎ふたば保育園,神奈川県川崎市川崎区大師河原２－２－２,35.53587,139.739532
ポポラー川崎武蔵小杉園,神奈川県川崎市中原区市ノ坪４４９－３　シティタワー武蔵小杉２階,35.566349,139.665985
心花保育園,神奈川県川崎市中原区木月祗園町１５－６,35.567715,139.651764
ニチイキッズ梶が谷保育園,神奈川県川崎市高津区梶ヶ谷２－７－７,35.590069,139.602982
わらべうた　幸町保育園,神奈川県川崎市幸区幸町一丁目７４９番地２,35.535015,139.698486
わらべうた　武蔵小杉保育園,神奈川県川崎市中原区新丸子東二丁目９２４番地６５,35.576942,139.660919
わらべうた　溝の口南口保育園,神奈川県川崎市高津区溝口一丁目１番３０号,35.599087,139.611191
わらべうた　宮崎台保育園,神奈川県川崎市宮前区宮崎二丁目９番３号メゾン・ド・バッハ３階,35.587406,139.589844
京進のほいくえんＨＯＰＰＡ大島五丁目,神奈川県川崎市川崎区大島５－１１－１３,35.525349,139.716614
大師駅前ひよこ保育園,神奈川県川崎市川崎区川中島１－２１－４,35.533314,139.728012
新川崎みらいのそら保育園,神奈川県川崎市幸区北加瀬１－１１－４,35.551731,139.665161
らいらっく山吹保育園,神奈川県川崎市幸区塚越１－６０－１６０,35.547138,139.677353
保育園アレッタ,神奈川県川崎市幸区南幸町３－３,35.534447,139.689011
にじいろ保育園塚越,神奈川県川崎市幸区塚越４－３４５－１１,35.542263,139.680206
新川崎・学びの保育園,神奈川県川崎市幸区鹿島田１－６－５,35.55228,139.672516
プレシャススターズ保育園小倉園,神奈川県川崎市幸区小倉３－２－２３セレーヌサクラ１F,35.542938,139.671005
にじいろ保育園武蔵中原,神奈川県川崎市中原区上小田中６－１８－４,35.580051,139.643341
武蔵小杉おおぞら保育園,神奈川県川崎市中原区今井西町１１－１２,35.574409,139.647156
武蔵小杉コスモス保育園,神奈川県川崎市中原区今井南町7-54,35.57391,139.654678
アスク今井南保育園,神奈川県川崎市中原区今井南町9-35,35.572937,139.655228
しらゆり宮内保育園,神奈川県川崎市中原区宮内１－４－５５,35.593826,139.644958
さくらの木保育園,神奈川県川崎市中原区下小田中1-11-1,35.581505,139.635971
くじ保育園,神奈川県川崎市高津区久地３－１６－１,35.609165,139.603653
たちばな中央保育園,神奈川県川崎市高津区千年１３００,35.583637,139.620422
ぶどうの実久地園,神奈川県川崎市高津区久地４－２４－５新川屋センタービル４Ｆ,35.610207,139.593521
向丘はなみずき保育園,神奈川県川崎市宮前区南平台４－２,35.592506,139.569717
ナーサリールームベリーベア鷺沼Ａｎｎｅｘ,神奈川県川崎市宮前区東有馬２－３５－３８,35.573654,139.591888
にじいろ保育園宮前平,神奈川県川崎市宮前区馬絹１－６－２,35.583092,139.587418
明日葉保育園宮崎台園,神奈川県川崎市宮前区馬絹2-2-3,35.582108,139.592575
ぱぷりか保育園宮前平,神奈川県川崎市宮前区土橋２－１１－１２,35.58569,139.57576
可愛保育園,神奈川県川崎市宮前区宮前平１－９－２４　１階,35.584892,139.585373
中野島のはら保育園,神奈川県川崎市多摩区中野島４－４－１５,35.627834,139.56073
登戸ゆりのき保育園,神奈川県川崎市多摩区登戸２５９６,35.618324,139.567795
天才キッズクラブ楽学館登戸園,神奈川県川崎市多摩区登戸2184-1トミタヤBLD1・2F,35.619965,139.564957
のらぼう愛児園,神奈川県川崎市多摩区菅５丁目２－１,35.635532,139.533142
百合丘ルミナス保育園,神奈川県川崎市麻生区百合丘１－１９－２３階,35.608124,139.515457
ぶれすと白鳥ほいくえん,神奈川県川崎市麻生区白鳥３－５－１,35.606117,139.481903
つくしんぼ保育園,神奈川県川崎市麻生区上麻生３－３－１１,35.599812,139.506973
わたりだ保育園,神奈川県川崎市川崎区鋼管通１－１１－４,35.517887,139.711975
京進のほいくえんＨＯＰＰＡ南河原,神奈川県川崎市幸区神明町２－２９－６,35.538292,139.689133
あいみー南加瀬保育園,神奈川県川崎市幸区南加瀬３－４－２０,35.544956,139.665054
エクセレント武蔵新城保育園,神奈川県川崎市中原区新城１－１０－１７４Ｆ,35.584793,139.631683
千年たちばな保育園,神奈川県川崎市高津区千年１０７,35.573997,139.621841
すこやか小杉保育園,神奈川県川崎市中原区新丸子東３－４４７－２,35.573769,139.660156
保育園川崎ベアーズ,神奈川県川崎市川崎区大島上町２２－１２,35.519634,139.710159
メリー★ポピンズ　アトレ川崎ルーム,神奈川県川崎市川崎区駅前本町２６－１アトレ川崎４階,35.530125,139.697968
小田さくら保育園,神奈川県川崎市川崎区小田３－１７－３,35.512482,139.70311
ＳＰＡＣＥ　ＫＩＤ保育園,神奈川県川崎市幸区下平間２５９－１,35.549953,139.682098
マジオたんぽぽ保育園下平間,神奈川県川崎市幸区下平間３８６－１,35.54686,139.685028
木月ほほえみ保育園,神奈川県川崎市中原区木月４－１４－５,35.559986,139.656021
レイモンド元住吉保育園,神奈川県川崎市中原区木月住吉町２－２４,35.566788,139.656677
第２武蔵小杉コスモス保育園,神奈川県川崎市中原区今井仲町２ー３２,35.576481,139.653259
ニチイキッズひらま保育園,神奈川県川崎市中原区北谷町24－3,35.561462,139.67305
あいみー平間保育園,神奈川県川崎市中原区北谷町２１－２,35.561462,139.67305
みらいく木月園,神奈川県川崎市中原区木月４－２８－２,35.560265,139.652817
武蔵小杉雲母保育園,神奈川県川崎市中原区市ノ坪字広町３６３－７,35.567421,139.664474
ぶれあ保育園・武蔵中原,神奈川県川崎市中原区上小田中５－９－１３,35.58292,139.636139
ひまわりほいくえん,神奈川県川崎市中原区上小田中６－４５－５,35.58511,139.641983
川崎たちばな保育園,神奈川県川崎市高津区向ヶ丘１－３,35.593002,139.598312
保育園ゆいまあむ,神奈川県川崎市高津区末長２－１５－６,35.588757,139.616699
にじのそら溝の口保育園,神奈川県川崎市高津区久本３－9－9,35.596733,139.61911
天才キッズクラブ楽学館溝の口園,神奈川県川崎市高津区溝口３－１１－２０,35.60273,139.613358
ちゃいれっく新作保育園,神奈川県川崎市高津区新作４－８－11,35.587883,139.620789
スターチャイルド≪高津溝口ナーサリー≫,神奈川県川崎市高津区溝口４－１５－１８,35.605888,139.614685
保育園アリス馬絹,神奈川県川崎市宮前区馬絹4-18-27,35.579742,139.595901
ナーサリールームベリーベアー宮崎台,神奈川県川崎市宮前区宮崎３－１３－２７,35.589348,139.589859
ピュアリー鷺沼保育園,神奈川県川崎市宮前区鷺沼３－２－４,35.579742,139.572327
ぶどうの実第２さぎぬま園,神奈川県川崎市宮前区鷺沼２－６－５,35.574516,139.570053
南いくた保育園,神奈川県川崎市多摩区南生田３－２－７,35.606571,139.5327
菅の子愛児園,神奈川県川崎市多摩区菅稲田堤１ー３ー１６,35.634205,139.535782
天才キッズクラブ楽学館百合ヶ丘園,神奈川県川崎市麻生区百合丘１－１６－１６,35.605701,139.515778
くりの実保育園,神奈川県川崎市麻生区片平４－１－３０,35.592644,139.492996
城南ルミナ保育園川崎,神奈川県川崎市川崎区駅前本町２２－９,35.533932,139.700638
つめくさ保育園,神奈川県川崎市川崎区昭和１－５－８,35.532776,139.737869
尚徳福祉会おぐら保育園,神奈川県川崎市幸区小倉４－６－２３,35.538925,139.669312
第２ひまわりほいくえん,神奈川県川崎市幸区北加瀬２－１－２４,35.55386,139.663208
神地保育園,神奈川県川崎市中原区上小田中６－３４－３６,35.583965,139.643555
レイモンド中原保育園,神奈川県川崎市中原区井田杉山町７－３３,35.570602,139.642349
そらいろ今井西保育園,神奈川県川崎市中原区今井西町３－１５,35.576542,139.64946
しらかし保育園,神奈川県川崎市中原区上丸子山王町１－１４５４,35.578758,139.666946
天才キッズクラブ楽学館武蔵小杉園,神奈川県川崎市中原区上丸子山王町２－１３６９－１,35.576836,139.666275
ウパウパハウスノア,神奈川県川崎市中原区下小田中１－１３－１４,35.580437,139.636108
しらゆり新城保育園,神奈川県川崎市中原区新城中町１－１８,35.58535,139.632767
元住吉おおぞら保育園,神奈川県川崎市中原区木月祇園町9-24,35.56543,139.652817
ピュアリー小杉御殿町保育園,神奈川県川崎市中原区小杉御殿町２－１１９－１４,35.58054,139.653061
京進のほいくえんＨＯＰＰＡパークシティ武蔵小杉,神奈川県川崎市中原区小杉町2-228-1 パークシティ武蔵小杉　ザガーデンタワーズウエスト(2階),35.577709,139.655563
マミークラブ小杉,神奈川県川崎市中原区新丸子町７４４－２　ソレイユ倶楽部ビル,35.58036,139.660767
西高津くさはな保育園,神奈川県川崎市高津区溝口６－10－2,35.60849,139.613449
アートチャイルドケア坂戸くれよん保育園,神奈川県川崎市高津区坂戸１－１７－２０,35.597076,139.622452
川崎子母口雲母保育園,神奈川県川崎市高津区子母口545－1,35.570839,139.635208
みなみすがお保育園,神奈川県川崎市宮前区菅生４－４－１,35.592819,139.554398
アスク宮前平保育園,神奈川県川崎市宮前区宮前平２－１１－６,35.587994,139.582016
くぬぎ保育園,神奈川県川崎市宮前区土橋１－４－５,35.585873,139.577545
宮崎台コスモス保育園,神奈川県川崎市宮前区宮崎２－６－１０,35.588512,139.589371
ウィズブック保育園中野島,神奈川県川崎市多摩区中野島３－１３－１１,35.629986,139.550507
すみれいろ保育園,神奈川県川崎市多摩区宿河原３－３－１５,35.615086,139.578537
登戸ピノキオ保育園,神奈川県川崎市多摩区生田２－２０－２３,35.622101,139.55159
そらまめ保育園　分園,神奈川県川崎市多摩区宿河原１－１－４０,35.620644,139.573212
白鳥保育園,神奈川県川崎市麻生区白鳥１－１７－２,35.602585,139.489105
天才キッズクラブ楽学館古沢園,神奈川県川崎市麻生区古沢８－１,35.601398,139.500031
ファミリア・キッズ二子新地駅前園,神奈川県川崎市高津区二子１－２－２５,35.608128,139.621719
保育園ＳＣＯＰＳ宮崎台,神奈川県川崎市宮前区宮崎２－９－１５　アーバンコート宮崎台,35.587406,139.589844
生田うりぼう愛児園,神奈川県川崎市多摩区多摩区生田７丁目１６－3,35.619564,139.562073
いぬくらこのはら保育園,神奈川県川崎市宮前区犬蔵３-11-4,35.588387,139.554306
キッズガーデン川崎幸町小規模園,神奈川県川崎市幸区幸町,35.53492,139.697845
さくらっこ保育園,神奈川県川崎市川崎区川崎区宮前町９－５,35.532356,139.726898
おぼかた保育室,神奈川県川崎市川崎区田町１丁目,35.535343,139.742035
野村保育室,神奈川県川崎市麻生区片平５丁目,35.597099,139.49144
石川満枝保育室,神奈川県川崎市幸区戸手本町２丁目,35.539631,139.686508
花の美保育室,神奈川県川崎市高津区新作5-16-1 MEBUKI 2階,35.587341,139.626297
さくら保育室,神奈川県川崎市多摩区中野島２丁目,35.62632,139.549438
あのねほいくしつ,神奈川県川崎市麻生区麻生区早野３９３－１,35.60379,139.50589
みずしま保育室,神奈川県川崎市麻生区百合丘１丁目,35.607327,139.517365
ながた保育室,神奈川県川崎市川崎区川崎区小田５丁目,35.532356,139.726898
保育室さくらんぼ,神奈川県川崎市幸区下平間,35.550289,139.67952
保育室あゆみ,神奈川県川崎市幸区神明町１丁目,35.539368,139.689224
家庭的保育室やまんち,神奈川県川崎市中原区北谷町,35.562576,139.67157
のどか保育室,神奈川県川崎市多摩区宿河原７丁目,35.616753,139.588531
おひさま保育室,神奈川県川崎市中原区井田中ノ町,35.565289,139.643875
佐藤成代保育室,神奈川県川崎市中原区上平間,35.559944,139.677567
ヤクルト鹿島田保育園,神奈川県川崎市幸区幸区下平間１３１　鹿島田ビル２Ｆ,35.53492,139.697845
ヤクルト高津保育園,神奈川県川崎市高津区二子５丁目３－１０ＤＭビル１Ｆ,35.602341,139.61763
白石保育室,神奈川県川崎市宮前区東有馬１丁目,35.576096,139.589249
杉山保育室,神奈川県川崎市高津区千年,35.577995,139.625046
さいわい保育園,神奈川県川崎市幸区神奈川県川崎市幸区都町３６－１１,35.539368,139.689224
宿河原すみれの花保育園,神奈川県川崎市多摩区神奈川県川崎市多摩区宿河原３－３－９,35.619564,139.562073
保育室ぴよぴよ,神奈川県川崎市幸区神奈川県川崎市幸区戸手１－５－１１,35.539368,139.689224
なかじま保育園,神奈川県川崎市川崎区神奈川県川崎市川崎区中島１－４－２,35.529667,139.703842
野の花保育園,神奈川県川崎市川崎区神奈川県川崎市川崎区田町２丁目１０－６,35.529667,139.703842
キディ元住吉・川崎,神奈川県川崎市中原区神奈川県川崎市中原区井田中ノ町２－１,35.576294,139.655777
星の子くるみ保育園,神奈川県川崎市多摩区神奈川県川崎市多摩区菅稲田堤１－１６－１５,35.619564,139.562073
くじこのはら保育園,神奈川県川崎市多摩区神奈川県川崎市多摩区堰２－７－４,35.619564,139.562073
サンライズ高津保育室,神奈川県川崎市高津区二子４－２－２４川添ビル　1階,35.603268,139.617691
サンライズ宮前平保育室,神奈川県川崎市宮前区宮前平３－４－２４エステート宮崎台,35.588993,139.587006
京進のほいくえんＨＯＰＰＡ宮崎台園,神奈川県川崎市宮前区宮崎２－１１－１,35.587143,139.593567
ひより保育室,神奈川県川崎市川崎区田町１丁目,35.535343,139.742035
ぶれあ保育園・川崎南幸町,神奈川県川崎市幸区神奈川県川崎市幸区南幸町２－６８?１,35.539368,139.689224
京進のほいくえんＨＯＰＰＡ下沼部園,神奈川県川崎市中原区神奈川県川崎市中原区下沼部１９４５ー１アクアシート.S　101号室,35.576294,139.655777
アプリコット保育園２４６,神奈川県川崎市高津区溝口３－２１－１１,35.604713,139.610611
マジオたんぽぽ保育園百合ヶ丘ルーム,神奈川県川崎市麻生区神奈川県川崎市麻生区高石３－９－１,35.60379,139.50589
川崎みどり保育園,神奈川県川崎市川崎区神奈川県川崎市川崎区榎町７‐１‐１０１,35.529667,139.703842
マジオたんぽぽ保育園溝の口ルーム,神奈川県川崎市高津区坂戸１－６－３８,35.598782,139.618973
スクルドエンジェル保育園梶ヶ谷園,神奈川県川崎市高津区梶ヶ谷４－１－１クロスポイント梶ヶ谷１０２,35.587849,139.604446
山口台あおば保育園,神奈川県川崎市麻生区神奈川県川崎市麻生区上麻生４－４９,35.60379,139.50589
小さき花保育室,神奈川県川崎市麻生区麻生区百合丘３－２１,35.60379,139.50589
サンライズ向河原保育室,神奈川県川崎市中原区川崎市中原区下沼部1769-6ディアコート2,35.576294,139.655777
それいゆ保育園,神奈川県川崎市麻生区川崎市麻生区細山１２０３,35.60379,139.50589
保育ルームＦｅｌｉｃｅ武蔵中原園,神奈川県川崎市中原区上小田中７－４－６,35.581402,139.649399
いちご保育園,神奈川県川崎市中原区神奈川県川崎市中原区新城５－３－１０,35.576294,139.655777
ベビーチャイルドランド梶ヶ谷園,神奈川県川崎市高津区向ヶ丘１３０,35.593235,139.593292
そだち保育室,神奈川県川崎市川崎区神奈川県川崎市川崎区小田５丁目,35.529667,139.703842
幸ぷらむ保育園,神奈川県川崎市幸区神奈川県川崎市幸区神明町1丁目,35.539368,139.689224
ひまわりの家保育室,神奈川県川崎市宮前区有馬1丁目,35.578102,139.578522
ももすもも保育園,神奈川県川崎市中原区神奈川県川崎市中原区木月住吉町６－２１グランドール・ミズノ　1階,35.576294,139.655777
鶴見すずらん保育園,神奈川県横浜市鶴見区鶴見中央３－１９－２０,35.509682,139.683517
そらいろ武蔵小杉保育園,神奈川県川崎市中原区上丸子山王町1-1390,35.57745,139.665359
生田ルミナス保育園,神奈川県川崎市多摩区三田１－７－７,35.613873,139.543198
天才キッズクラブ楽学館万福寺園,神奈川県川崎市麻生区万福寺4-9-1サンヒル・コザワ 1F,35.608006,139.507996
スターチャイルド≪宮前平ナーサリー≫,神奈川県川崎市宮前区馬絹１ー６ー８宮前平DRビル２F,35.583092,139.587418
エクセレント武蔵小杉保育園,神奈川県川崎市中原区小杉町２－３１３,35.581886,139.656647
ぶれあ保育園・武蔵中原第二,神奈川県川崎市中原区上小田中５－９－１６,35.58292,139.636139
ミアヘルサ保育園ひびき元住吉,神奈川県川崎市中原区西加瀬２－２,35.562504,139.660522
ソラスト大戸保育園,神奈川県川崎市中原区下小田中１－７－２３,35.581505,139.638565
あいみー溝口保育園,神奈川県川崎市高津区溝口３－１４－４,35.603905,139.613525
溝口ピノキオ保育園,神奈川県川崎市高津区溝口３－２４－５,35.605427,139.609863
まなびの森保育園馬絹,神奈川県川崎市宮前区馬絹４－１－１８,35.581253,139.596146
みやまえの杜保育園,神奈川県川崎市宮前区宮前平３－９－１,35.585804,139.584991
読売ランド前どろんこ保育園,神奈川県川崎市多摩区西生田1－7－1,35.616245,139.52916
ゆりの花保育園,神奈川県川崎市多摩区登戸２９４９－１井出向ヶ丘ハイツ２階３階,35.616909,139.566895
川崎コスモス保育園,神奈川県川崎市川崎区渡田東町７－９,35.51704,139.70694
マジオたんぽぽ保育園観音,神奈川県川崎市川崎区観音１－８－２０,35.527428,139.726074
みなみがわら保育園,神奈川県川崎市幸区河原町１－７７,35.539913,139.696045
みなみかせ保育園,神奈川県川崎市幸区南加瀬3-12-8,35.544037,139.664581
にじのそら虹ヶ丘保育園,神奈川県川崎市麻生区虹ケ丘2-2-20,35.57996,139.523544
ランゲージ・ハウスNakajima保育園,神奈川県川崎市川崎区中島2-1-8,35.528408,139.714432
だるま国際ころころ園,神奈川県川崎市川崎区大師町3-13,35.532791,139.729675
Nest川崎大師保育園,神奈川県川崎市川崎区大師駅前1-2-15,35.533672,139.726227
Nest鹿島田保育園,神奈川県川崎市幸区下平間326-8,35.547085,139.684052
新川崎えほんの森保育園,神奈川県川崎市幸区北加瀬1-10-1,35.552074,139.664001
まなびの森保育園武蔵中原,神奈川県川崎市中原区下小田中６－１５－１３,35.572422,139.639053
まなびの森　溝の口もりのこ保育園,神奈川県川崎市高津区坂戸１－８－２０,35.599758,139.619339
まなびの森保育園宮前平,神奈川県川崎市宮前区土橋２－５－１,35.584667,139.57695
まなびの森　宿河原もりのこ保育園,神奈川県川崎市多摩区長尾１－１１－６,35.611877,139.574249
にじいろ保育園犬蔵,神奈川県川崎市宮前区犬蔵２－２４－１０,35.585934,139.561157
天才キッズクラブ楽学館保育園,神奈川県川崎市麻生区上麻生1-3-9新百合ヶ丘KIビル2階,35.602848,139.510025
スクルドエンジェル保育園川崎園,神奈川県川崎市川崎区渡田1ー１－２,35.524406,139.706772
保育ルームすまいるガーデン祗園町,神奈川県川崎市中原区木月祗園町６－３８,35.567455,139.649689
グローバルキッズ武蔵小杉園,神奈川県川崎市中原区新丸子東３－１１３５グランツリー武蔵小杉3階,35.573769,139.660156
ソラスト高津保育園,神奈川県川崎市高津区二子３－３１－３,35.601463,139.623459
「こころの花」ほいくえん登戸駅前,神奈川県川崎市多摩区登戸３２７７－１,35.618683,139.570114
なないろｋｉｄｓ武蔵新城,神奈川県川崎市中原区新城3-10-11階,35.585094,139.630356
まなびの森　のぼりっこ保育園,神奈川県川崎市多摩区登戸3185,35.617958,139.57222
サンライズ武蔵新城保育室,神奈川県川崎市中原区新城３－１７－２デタケプラザ２階,35.584259,139.630554
和ごころ下作延保育園,神奈川県川崎市高津区下作延４－７－３３,35.601044,139.602798
ファミリア・キッズ保育園,神奈川県川崎市高津区諏訪１－１３－２,35.604698,139.623001
ハッピーキッズ・プチ園,神奈川県川崎市宮前区鷺沼３－１－１２伏見ビル201,35.579124,139.572708
柿生かきっこ保育園,神奈川県川崎市麻生区上麻生5-23-14,35.590446,139.499207
はぐくみ保育園,神奈川県川崎市川崎区日進町29,35.526463,139.692932
保育園ＳＣＯＰＳ公園前,神奈川県川崎市宮前区宮崎２－７－２１グローバル秋田屋１０３,35.588295,139.590958
さらら保育室,神奈川県川崎市川崎区浜町１－９－１４アカツキビル1階,35.517345,139.718491
ぽのぽの保育室,神奈川県川崎市多摩区東生田１ー６－２０リッツプラザ１０２,35.615047,139.563507
川崎国際保育園,神奈川県川崎市川崎区境町10-8,35.524319,139.708313
神奈川東部ヤクルト販売(株)百合ヶ丘保育ルーム,神奈川県川崎市麻生区高石３－１３－５　１０１・１０２,35.612549,139.52124
にじいろ保育園新丸子,神奈川県川崎市中原区新丸子町９６４－３,35.577709,139.660614
にじいろ保育園登戸,神奈川県川崎市多摩区登戸３３２９－６,35.62064,139.570496
にじいろ保育園稲田堤,神奈川県川崎市多摩区菅馬場１－２３－３２,35.631008,139.54155
にじいろ保育園北加瀬,神奈川県川崎市幸区北加瀬２－１１－４,35.55106,139.66275
にじいろ保育園南平間,神奈川県川崎市中原区上平間１１８３,35.5555,139.676056
明日香,神奈川県横浜市西区,35.453609,139.616943
春日幼稚園,神奈川県綾瀬市吉岡１３６０,35.428955,139.41597
綾南幼稚園,神奈川県綾瀬市上土棚中１丁目１０‐６,35.416225,139.448334
綾瀬すぎの子幼稚園,神奈川県綾瀬市落合北５丁目２２‐１１,35.422062,139.437988
綾瀬ゆめっこ保育園,神奈川県綾瀬市大上４－２－２５,35.461792,139.430511
シャローム三育保育園,神奈川県横浜市瀬谷区二ツ橋町４６９,35.47068,139.494843
きらら保育園,神奈川県横浜市金沢区能見台東２－３,35.359547,139.626495
まなびの森　駒岡こども園,神奈川県横浜市鶴見区駒岡５－１５－３２,35.53471,139.652679
かのん保育園,神奈川県横浜市金沢区大川７－２０,35.335861,139.611969
まなびの森　長津田こども園,神奈川県横浜市緑区いぶき野８－１清水ビル１階,35.528736,139.503983
関東学院六浦こども園,神奈川県横浜市金沢区六浦東１－５０－１,35.32428,139.625931
認定こども園はらのこ　原幼稚園,神奈川県横浜市瀬谷区阿久和西３－３６－６,35.449951,139.49791
きくなハート保育園,神奈川県横浜市鶴見区上の宮２－１５－１５,35.514488,139.638474
まなびの森　ヴィラ東戸塚こども園,神奈川県横浜市戸塚区平戸町７３８－１,35.426479,139.560135
神奈川幼稚園,神奈川県横浜市神奈川区桐畑１７－８,35.473694,139.625839
霞ケ丘幼稚園,神奈川県横浜市西区霞ケ丘５１,35.443947,139.617615
家庭的保育室　マリン,神奈川県横浜市金沢区六浦４－１９－１８マリンレジデンス１０３,35.326439,139.614349
アネラ保育室,神奈川県横浜市戸塚区上矢部町２８１－８,35.420544,139.535721
みんなのいえ東寺尾,神奈川県横浜市鶴見区東寺尾１―４―１４　グランシャリオ東寺尾１階,35.502663,139.64917
鶴見中央ハート保育園,神奈川県横浜市鶴見区鶴見中央１－９－１７,35.5093,139.677368
翼咲保育園,神奈川県厚木市妻田南１－１７－３４,35.45332,139.360275
まなびの森　中川こども園,神奈川県横浜市都筑区中川１－１９－１２階,35.563614,139.569611
マミーズエンジェル金沢文庫駅前保育園,神奈川県横浜市金沢区釜利谷東２－１４－３,35.343002,139.61853
阿久和キッズ,神奈川県横浜市瀬谷区阿久和東２－７－１５,35.45451,139.502243
マーヤ保育園,神奈川県横浜市泉区弥生台１０－６ロイヤルステージ弥生台１０６,35.429115,139.505585
リトルスカラー新子安保育園,神奈川県横浜市神奈川区新子安１－２５－８,35.489109,139.651672
にじの風保育園,神奈川県横浜市鶴見区駒岡２－６－５６,35.528408,139.6474
かわさき大宮町保育園,神奈川県川崎市幸区大宮町９番地１,35.530048,139.692841
かわさき犬蔵保育園,神奈川県川崎市宮前区犬蔵二丁目４番２９号ランドフォレストたまプラーザ１階,35.582409,139.565002
AIAI　NURSURY　宮前平,神奈川県川崎市宮前区土橋２－１－７,35.584866,139.578995
認定こども園小山白ゆり幼稚園,神奈川県相模原市中央区宮下本町３‐４‐１２,35.59557,139.364899
けやきの子幼稚園,神奈川県相模原市中央区上溝３８２‐３,35.544998,139.363876
虹ヶ丘幼稚園,神奈川県相模原市中央区陽光台６丁目３ー２,35.548679,139.376801
やすらぎ保育園,神奈川県横浜市南区万世町２－３８－１６,35.435577,139.630676
寺山保育園,神奈川県横浜市緑区寺山町３５１,35.508667,139.537735
みどり寺山保育園,神奈川県横浜市緑区台村町１３０－１,35.509933,139.529739
磯子おひさま保育園,神奈川県横浜市磯子区磯子３－１０－８,35.4039,139.618958
スターチャイルド≪金沢文庫ナーサリー≫,神奈川県横浜市金沢区谷津町３５ＶＩＣＳビル４階,35.345459,139.623306
まなびの森　東戸塚こども園,神奈川県横浜市戸塚区品濃町５６３－８,35.435169,139.560516
認定こども園　横浜黎明幼稚園,神奈川県横浜市都筑区東山田１－２７－５,35.56596,139.59642
スターチャイルド≪岸根公園ナーサリー≫,神奈川県横浜市神奈川区六角橋６－３１－１,35.494595,139.619843
横浜おひさま保育園,神奈川県横浜市磯子区磯子３－１１－２０,35.403072,139.618378
スターチャイルド≪白楽ナーサリー≫,神奈川県横浜市神奈川区六角橋２－１６－９,35.488422,139.623566
ウィズブック保育園戸部,神奈川県横浜市西区伊勢町３－１３３－１,35.454422,139.618454
幼保連携型認定こども園　ＹＭＣＡとつか保育園,神奈川県横浜市戸塚区上倉田町８６５－７１,35.397133,139.539459
ちゃいれっく　上白根保育室,神奈川県横浜市旭区上白根１－１－１９ライオンズマンション鶴ケ峰第７１０１号室,35.488708,139.541931
ちゃいれっく　並木二丁目保育室,神奈川県横浜市金沢区並木２－３金沢シーサイドタウン１ー１０４,35.36462,139.638214
みどりひよこ園,神奈川県横浜市緑区十日市場町８２２－９,35.525108,139.518738
東神奈川ひかり保育園,神奈川県横浜市神奈川区広台太田町４－２,35.47752,139.628525
尚花ぞうさん保育室,神奈川県横浜市港北区綱島西２－１５－１４,35.535179,139.629715
キッズパートナー綱島,神奈川県横浜市港北区綱島西３－６－１９シュロスウエスト綱島２階,35.538296,139.630188
スターチャイルド≪横浜ステーションナーサリー≫,神奈川県横浜市神奈川区鶴屋町１－６６－９ＪＲ横浜鶴屋町ビル３階,35.468845,139.624023
認定こども園相模すぎのこ幼稚園,神奈川県相模原市南区古淵３丁目２６‐１９,35.550659,139.422729
認定こども園さがみひかり幼稚園,神奈川県相模原市南区麻溝台５丁目１１‐６,35.528812,139.409134
認定こども園　相模ひまわり幼稚園,神奈川県相模原市南区東大沼２丁目７‐６,35.543892,139.41861
相模翠ヶ丘幼稚園,神奈川県相模原市南区相南２丁目２５‐６５,35.51582,139.431549
ほっぺるランド横浜岡野,神奈川県横浜市西区岡野２－６－６ＩＳＡビル２階,35.459377,139.612091
保育園こりす,神奈川県横浜市神奈川区菅田町１７６１－１,35.498062,139.585815
しののめ並木保育園,神奈川県横浜市金沢区並木３－９－１,35.356064,139.642395
鶴見ルーナ保育園,神奈川県横浜市鶴見区尻手１－１－１５,35.524811,139.687057
西寺尾保育園,神奈川県横浜市神奈川区西寺尾３－２２－１,35.497375,139.651123
クオリスキッズ鴨居駅前保育園,神奈川県横浜市都筑区池辺町４５７８－１,35.516689,139.573654
屏風ゆめの森保育園,神奈川県横浜市磯子区森５－２－２８,35.394108,139.609879
星川もえぎ保育園,神奈川県横浜市保土ケ谷区川辺町３－１パークシティ横濱Ｄ棟１階,35.45879,139.598999
つくし保育園　センター南,神奈川県横浜市都筑区茅ケ崎中央４９－１０,35.546169,139.574707
横浜すきっぷ保育園,神奈川県横浜市神奈川区金港町７－１５ＴＫビル２階,35.46973,139.626877
ＣＯＳＭＯＳ保育園,神奈川県横浜市港南区日野中央１－１８－１３,35.390137,139.583084
ほうゆう保育園,神奈川県横浜市瀬谷区阿久和東３－４５－２,35.45055,139.507751
黒滝幼稚園,神奈川県横浜市緑区鴨居町８０３－１,35.503075,139.571686
うちゅうこども園やまて,神奈川県横浜市中区千代崎町１－２５－２３,35.43391,139.652786
認定こども園相模つばさ幼稚園,神奈川県相模原市中央区淵野辺２丁目２２‐７,35.58041,139.398346
認定こども園てるて幼稚園,神奈川県相模原市緑区下九沢４４１‐１,35.5672,139.348419
Ｐｏｃｏ　ａ　Ｐｏｃｏ保育園,神奈川県横浜市港南区日野５－１－１８,35.396812,139.586685
アスクさいど保育園,神奈川県横浜市港南区最戸１－１６－３,35.414764,139.59584
アスク新杉田保育園,神奈川県横浜市磯子区新杉田町７－１１アビシニー新杉田１階,35.385006,139.621567
横浜ナーサリー,神奈川県横浜市磯子区丸山１－１７－１７,35.424076,139.621048
アスク山下町保育園,神奈川県横浜市中区山下町２７プロシード山下公園ザ・タワー２階,35.445045,139.648026
アスクいどがや保育園,神奈川県横浜市南区井土ケ谷下町２１４－５２階,35.433617,139.602753
アスク港南中央保育園,神奈川県横浜市港南区日野１－７－９,35.397625,139.587296
アスク大倉山保育園,神奈川県横浜市港北区大倉山４－１－１ＢＲＯＴＥ大倉山１階,35.517967,139.625763
アスク日吉東保育園,神奈川県横浜市港北区日吉７－２０－４４,35.543148,139.648209
アスク藤が丘保育園,神奈川県横浜市青葉区藤が丘２－４－１０サンデュール藤が丘,35.544201,139.526993
大船ルーテル保育園,神奈川県横浜市栄区小菅ケ谷２－２６－３,35.36491,139.542206
アスク和田町保育園,神奈川県横浜市保土ケ谷区和田１－１３－１朋和ビル１階,35.464573,139.58902
アスク本牧保育園,神奈川県横浜市中区本牧和田１２－２３,35.42223,139.661728
アスクあざみ野保育園,神奈川県横浜市青葉区あざみ野２－８－１３,35.566933,139.551422
瀬谷愛児園,神奈川県横浜市瀬谷区相沢７－２３－１,35.475891,139.489548
アスク新杉田駅前保育園,神奈川県横浜市磯子区新杉田町８－８ＨＡＭＡ－ＳＨＩＰ２階,35.388733,139.620773
横浜岡野すきっぷ保育園,神奈川県横浜市西区岡野１－１５－４－２,35.463596,139.614288
笹山保育園,神奈川県横浜市保土ケ谷区上菅田町９５１－１５,35.487869,139.562729
横浜みこころ幼稚園,神奈川県横浜市中区山手町４４,35.436352,139.648163
京進のほいくえんＨＯＰＰＡ青葉台園,神奈川県横浜市青葉区つつじが丘１０－７スリーサンズ青葉台１０１,35.540611,139.519592
ピュアリー鹿島田保育園,神奈川県川崎市幸区神奈川県川崎市幸区古川町１４０?４,35.539368,139.689224
いしたに保育園,神奈川県川崎市宮前区東有馬３丁目,35.572449,139.591141
実遊中央保育園,神奈川県横浜市鶴見区鶴見中央２－１６－２７,35.512562,139.68045
ChaCha Children Kakinokidai,神奈川県横浜市青葉区柿の木台７－５,35.548264,139.527893
ピッピみんなの保育園,神奈川県横浜市青葉区市ケ尾町１１６１－８くらしてらす２階,35.55352,139.543716
誠心第二幼稚園,神奈川県相模原市南区相模台６丁目３０‐１２,35.519264,139.405457
木下の保育園日吉,神奈川県横浜市港北区箕輪町三丁目15番38号,35.545906,139.642166
アスク大船保育園,神奈川県横浜市栄区笠間３－１－４,35.358868,139.534729
アスク日吉本町第二保育園,神奈川県横浜市港北区日吉本町２－４６－２４,35.551601,139.636124
さくらの郷みらい保育園分園,神奈川県横浜市緑区鴨居４－５４－８,35.505348,139.564041
Ｊキッズプラネット鶴見保育園,神奈川県横浜市鶴見区鶴見中央１－３１－２７,35.505978,139.676514
めばえ横浜保育園,神奈川県横浜市神奈川区白楽６－８,35.483852,139.629517
たまプラーザもみじ保育園,神奈川県横浜市青葉区新石川３－１７－１,35.575279,139.56076
もみじ保育園,神奈川県横浜市青葉区松風台１８－１０,35.545803,139.508514
くっくおさんぽ保育園,神奈川県横浜市港北区日吉６－１－７,35.545551,139.65184
くっくおさんぽ保育園大倉山,神奈川県横浜市港北区大倉山５－３９－２３,35.525791,139.622955
聖保育園,神奈川県横浜市港北区大倉山３－４１－１７,35.522346,139.627167
聖保育園分園,神奈川県横浜市港北区大倉山３－４３－２９,35.522823,139.62648
苗場保育園,神奈川県横浜市泉区下和泉１－１０－１０,35.391056,139.492538
鶴見どろんこ保育園,神奈川県横浜市鶴見区下末吉６－１０－３６,35.520878,139.666733
ミアヘルサ保育園ひびき矢向,神奈川県横浜市鶴見区矢向１－１０－３１,35.529678,139.674011
矢向あけぼの保育園,神奈川県横浜市鶴見区矢向１－５－２６,35.528721,139.678162
小鳩保育園分園,神奈川県横浜市神奈川区神奈川本町７－３,35.475105,139.633575
小鳩保育園,神奈川県横浜市神奈川区神奈川２－１７－６,35.474751,139.634079
メリーポピンズ東神奈川ルーム,神奈川県横浜市神奈川区東神奈川１－１４－３５サンハロー東神奈川駅前１階,35.477715,139.633194
横浜みなとみらい保育園,神奈川県横浜市西区高島２－７－１ファーストプレイス横浜３階,35.462654,139.623352
アスク馬車道保育園,神奈川県横浜市中区南仲通４－４７馬車道Ｌ２,35.448818,139.637466
新山下二丁目保育所,神奈川県横浜市中区新山下２－３－１,35.438908,139.658157
すいとぴー保育園,神奈川県横浜市中区本牧原１－１１,35.427399,139.666107
横浜こども保育園,神奈川県横浜市港南区港南台７－４２－３０サンライズ港南台２階,35.368103,139.590286
金剛保育園,神奈川県横浜市磯子区岡村５－３－２０,35.415878,139.607681
わらべシーサイド保育園,神奈川県横浜市金沢区富岡東４－１３－４,35.367931,139.636353
アスクバイリンガル保育園　ゆめみらい,神奈川県横浜市港北区綱島東４－１－５,35.542912,139.640793
まめどくれっしゅ,神奈川県横浜市港北区大豆戸町４０－３,35.519802,139.634247
新羽どろんこ保育園,神奈川県横浜市港北区新羽町２１８５－１,35.524734,139.608551
たんぽぽ保育園,神奈川県横浜市港北区大倉山５－４０－１５,35.525364,139.623718
みどり乳児園,神奈川県横浜市青葉区青葉台１－２９－１５,35.549355,139.517044
もみじ第二保育園,神奈川県横浜市青葉区田奈町５１－１５,35.538994,139.499954
アスク戸塚保育園,神奈川県横浜市戸塚区戸塚町４８２２－１２野村ビル１、２階,35.400684,139.528
小雀みどり保育園,神奈川県横浜市戸塚区小雀町８７６－４,35.370209,139.511108
エンゼルおおぞら保育園,神奈川県横浜市泉区和泉中央北２－２－７,35.416199,139.499527
白百合愛児園,神奈川県横浜市泉区中田東１－４１－２,35.41188,139.516113
矢向保育園,神奈川県横浜市鶴見区矢向５－１２－２４,35.53981,139.682663
アミー保育園　三ツ沢園,神奈川県横浜市保土ケ谷区峰沢町１４７,35.478123,139.600296
認可保育所どうぞのひろば,神奈川県横浜市緑区長津田３－１－１８,35.535549,139.494247
戸塚みどり保育園,神奈川県横浜市戸塚区戸塚町３９２３－３,35.396442,139.530731
かさまの杜保育園,神奈川県横浜市栄区笠間３－１１－８,35.361168,139.536392
ＹＭＣＡ山手台保育園アルク,神奈川県横浜市泉区領家２－１１－１,35.418098,139.523331
アスク上大岡保育園,神奈川県横浜市港南区上大岡西３－３－１コーラルハイム上大岡１階,35.403801,139.595062
横浜市芦穂崎保育園,神奈川県横浜市鶴見区鶴見中央２－１３－２９,35.510979,139.681427
横浜市竹之丸保育園,神奈川県横浜市中区竹之丸５３－１,35.428528,139.644714
横浜市大曽根保育園,神奈川県横浜市港北区大曽根２－５－１,35.527157,139.630478
梅の木保育園,神奈川県横浜市保土ケ谷区西谷町７４０－２,35.479328,139.565369
くっくおさんぽ保育園ふとお,神奈川県横浜市港北区大倉山７－４０－２,35.521587,139.619522
大豆戸どろんこ保育園,神奈川県横浜市港北区大豆戸町９４３,35.513493,139.625656
美しが丘どろんこ保育園,神奈川県横浜市青葉区美しが丘１－２３－６,35.583813,139.553665
杜ちゃいるど園,神奈川県横浜市栄区笠間１－２－２,35.355988,139.532852
ぽれぽれ保育園藤が丘,神奈川県横浜市青葉区藤が丘１－２８－４グランドール藤が丘１階,35.545326,139.52887
福澤保育センター,神奈川県横浜市緑区東本郷４－２５－１４,35.506538,139.580322
横浜市今宿保育園,神奈川県横浜市旭区今宿南町２０００－４,35.481403,139.529236
つくし愛児園,神奈川県横浜市西区東久保町４－３８,35.447628,139.60878
認可保育所どうぞのひろば分園,神奈川県横浜市緑区長津田２－１－１２階,35.532875,139.495575
認定こども園山王台幼稚園,神奈川県横浜市南区永田山王台３８－３８,35.428917,139.586899
認定こども園中野幼稚園中野どんぐり保育園,神奈川県横浜市栄区元大橋２－３２－３,35.368732,139.566284
認定こども園やつはしキッズ　八ッ橋幼稚園,神奈川県横浜市旭区中希望が丘１９６,35.460686,139.508774
認定こども園　あづまの幼稚園・あづまのナーサリー,神奈川県横浜市瀬谷区東野台３８,35.478088,139.499969
すみれが丘幼稚園,神奈川県横浜市鶴見区馬場７－２９－３,35.509186,139.644547
認定こども園峯岡幼稚園,神奈川県横浜市保土ケ谷区峰岡町２－１９５,35.465076,139.597519
あけぼの幼稚園,神奈川県横浜市金沢区富岡東２－５－２１,35.37635,139.6362
こすもす幼稚園,神奈川県横浜市金沢区富岡東４－５－４５,35.3699,139.635895
プリンス幼稚園,神奈川県横浜市港北区下田町３－１６－１０,35.559139,139.631287
戸塚幼稚園,神奈川県横浜市戸塚区戸塚町３９６７,35.397507,139.530991
戸塚第二幼稚園,神奈川県横浜市戸塚区戸塚町２８８８－８,35.389076,139.524323
宝島幼稚園,神奈川県横浜市港南区港南台１－４３－３４,35.376518,139.586685
つくの幼稚園,神奈川県横浜市旭区今宿町２６７３,35.468155,139.51387
四季の森幼稚園,神奈川県横浜市旭区上白根町８９５,35.496033,139.530334
認定こども園二俣川幼稚園,神奈川県横浜市旭区今川町１６－１,35.47337,139.538315
プレスクール若葉幼稚園,神奈川県横浜市旭区若葉台２－９－２,35.506241,139.501251
横浜昭和幼稚園,神奈川県横浜市旭区二俣川２丁目７番地,35.463844,139.53447
中山幼稚園,神奈川県横浜市緑区中山町１４番地,35.51601,139.539886
横浜徳風幼稚園,神奈川県横浜市緑区竹山４－５－５,35.492821,139.561737
認定こども園　横浜マドカ幼稚園,神奈川県横浜市緑区霧が丘６－１４,35.511028,139.499802
小菅ケ谷幼稚園,神奈川県横浜市栄区小山台２－３１－２２,35.374908,139.555145
静心幼稚園,神奈川県横浜市栄区中野町１０７９,35.360878,139.561295
平和幼稚園,神奈川県横浜市泉区和泉中央北６‐２２‐１,35.422836,139.493195
奈良幼稚園,神奈川県横浜市青葉区奈良町２５３３－２２,35.567432,139.4729
伊勢佐木町保育園,神奈川県横浜市中区弥生町４－３９－２第一山本ビル,35.438362,139.626053
ぬくもりの森しんばし　やよい台こども園やよい台幼稚園,神奈川県横浜市泉区新橋町１１０１－５,35.43338,139.511353
東寺尾どろんこ保育園,神奈川県横浜市鶴見区東寺尾１－３５－５,35.501701,139.652817
こあらっこはうす　ル・ソレイユ,神奈川県横浜市鶴見区矢向３－５－２７,35.531116,139.679184
たんぽぽ保育園　分園,神奈川県横浜市港北区大倉山２丁目１３番９号,35.524773,139.624756
聖保育園第二,神奈川県横浜市港北区大倉山１－１１－８,35.521488,139.630951
天才キッズクラブ楽学館あざみ野園,神奈川県横浜市青葉区美しが丘５－３３－４,35.572826,139.551392
キッズラボ白楽園,神奈川県横浜市神奈川区白楽１８－１８,35.487339,139.628479
まなびの森　プチ・ナーサリー弘明寺,神奈川県横浜市南区弘明寺町１４８－５,35.423241,139.599487
シャルール保育園,神奈川県横浜市緑区長津田４－１０－３１シティテラス横濱長津田１階,35.534809,139.494415
アスクみのわ保育園,神奈川県横浜市港北区箕輪町２－２－２９,35.547165,139.643906
泉の郷保育園なかだ,神奈川県横浜市泉区中田南２－１５－３５,35.410038,139.511902
なかよしこども園,神奈川県横浜市泉区下和泉３－２７－１１,35.397034,139.496109
三ツ沢保育園,神奈川県横浜市神奈川区三ツ沢中町１０－１０,35.476608,139.608582
認定こども園　オーセルわかば幼稚園,神奈川県横浜市旭区若葉台１－７－１,35.504017,139.504913
下瀬谷保育園,神奈川県横浜市瀬谷区北新１５－４,35.459179,139.473969
あきば幼保連携型認定こども園,神奈川県横浜市戸塚区秋葉町５２０－８８,35.41983,139.541275
アミー保育園　高島園,神奈川県横浜市西区高島２－２－７プレシス横浜２階,35.460167,139.623062
馬場どろんこ保育園,神奈川県横浜市鶴見区馬場１－１１－５,35.506538,139.646912
学校法人新栄学園　認定こども園　金沢白百合幼稚園,神奈川県横浜市金沢区釜利谷南２－２－４,35.338341,139.609985
ＳＡＮＤＡ　ＫＩＤ保育園,神奈川県横浜市鶴見区駒岡３－４－４１,35.525906,139.652267
京進のほいくえんＨＯＰＰＡたまプラーザ,神奈川県横浜市青葉区新石川３－２－５ＦＵＪＩＫＹＵ８,35.576935,139.560089
桜ケ丘幼稚園,神奈川県横浜市鶴見区東寺尾北台６－２３,35.51207,139.66481
東寺尾幼稚園,神奈川県横浜市鶴見区東寺尾中台２６－２５,35.507851,139.664551
森おひさま保育園,神奈川県横浜市磯子区森２－５－１４ディアコート・ドエル１０１,35.398731,139.614578
チームナーサリーＢｉｇＨｕｇ洋光台,神奈川県横浜市磯子区洋光台３－３１－８プラムヒルズ洋光台１０１,35.380051,139.60022
チームナーサリーＢｉｇＨｕｇ洋光台２,神奈川県横浜市磯子区洋光台３－３１－８プラムヒルズ洋光台１０９,35.380051,139.60022
えんがわ,神奈川県横浜市泉区下和泉１－１０－２３,35.391056,139.492538
みらいつぼみ保育園,神奈川県横浜市緑区鴨居４－５３－１２アピオ横浜鴨居１０１,35.506844,139.564117
保育所マナマナハウス,神奈川県横浜市緑区鴨居１－４－６ベテルビル３階,35.50996,139.570114
ＳＥＡ　ＫＩＤ保育園,神奈川県横浜市鶴見区岸谷１－２６－１２,35.497036,139.666016
ベビーぽけっと松風台,神奈川県横浜市青葉区松風台１４－５９,35.545788,139.51004
ニコニコ保育園,神奈川県横浜市港南区丸山台３－１１－１平井ビル１－Ｃ,35.399666,139.569626
保育室ピア・ピア,神奈川県横浜市保土ケ谷区天王町１－７－２ＧｒａｃｅＦｕｔａｂａ１階,35.455383,139.604324
はぐ＠ねすと,神奈川県横浜市瀬谷区三ツ境５－５グレートヒル三ツ境,35.468998,139.501801
大場りとる・ピッピ,神奈川県横浜市青葉区大場町１７４－２８０,35.562515,139.53038
チームナーサリーＢｉｇＨｕｇ南太田,神奈川県横浜市南区花之木町１－９－１２ロイヤルハイツ１階,35.433693,139.611603
とこちゃん☆みっつ保育園,神奈川県横浜市旭区笹野台１－１－４３第二廣島ビル６０１,35.468945,139.503036
ＳＡＩＬ　ＫＩＤ保育園,神奈川県横浜市鶴見区岸谷２－２０－１,35.497726,139.661789
ＳＡＦＡＲＩ　ＫＩＤ保育園,神奈川県横浜市旭区四季美台７２－１,35.471851,139.538437
ハニービー保育園,神奈川県横浜市旭区中希望が丘１９４－４,35.460762,139.508545
保育所まぁむあざみ野園,神奈川県横浜市青葉区新石川１－２６－１グラシューズあざみ野１階,35.567345,139.558395
北寺尾４丁目むつみ小規模保育施設,神奈川県横浜市鶴見区北寺尾４－４－１０サンヒルズＢ棟１０１号室,35.514751,139.656769
たまプラーザ・ベビーリー乳幼児室,神奈川県横浜市青葉区美しが丘１－６－５コメールビル２階,35.578476,139.556152
マームゆりかごおおふな保育園,神奈川県横浜市栄区笠間１-２-11,35.356747,139.533157
Ｍａｐｌｅ　Ｎｕｒｓｅｒｙ　ＷＥＳＴ,神奈川県横浜市西区平沼１－２５－５,35.460323,139.618073
ほんもくはら保育園,神奈川県横浜市中区本牧原１－４ムラーラ本牧２０３,35.426826,139.666061
リュミエール小規模保育園,神奈川県横浜市鶴見区豊岡町４０－２１０１号室,35.513386,139.673737
保育室アーモ,神奈川県横浜市港南区港南台４－７－２９サウスポートヒルズＡ－２０３,35.374786,139.575439
キッズラボ菊名園,神奈川県横浜市港北区菊名６－１２－８ヴィラレヴァンテ１階,35.513294,139.631958
シュハリィ本牧保育園,神奈川県横浜市中区本牧和田１１－１７パークハイム本牧１階,35.422333,139.662292
佐藤保育室,神奈川県横浜市港北区,35.518982,139.633011
タドラーキッズ,神奈川県横浜市旭区中希望が丘２０２,35.462063,139.508789
こまつな保育園,神奈川県横浜市神奈川区山内町１市場センタービル２階,35.466843,139.634705
すくすく保育園,神奈川県横浜市都筑区大棚町７４－１２,35.549427,139.597198
新杉田のびのび保育園,神奈川県横浜市磯子区杉田１－１－１らびすた新杉田４、５階,35.385727,139.619171
アスクセンター北保育園,神奈川県横浜市都筑区中川中央１－１９－２０プライムシティ１階,35.550785,139.578766
アスク北山田保育園,神奈川県横浜市都筑区北山田４－７－３,35.563129,139.585419
アスクセンター南保育園,神奈川県横浜市都筑区茅ケ崎中央４６－５,35.546082,139.573318
保育園ばんびーな,神奈川県横浜市中区石川町４－１５８－１,35.437111,139.639282
横浜市みどり保育園,神奈川県横浜市都筑区荏田南１－９－１,35.53944,139.560013
エンジェルプラネット,神奈川県横浜市都筑区中川１－６－９,35.561787,139.569458
さんさん森の保育園センター南,神奈川県横浜市都筑区茅ケ崎中央５３－２,35.546665,139.576401
よこはま・もあな保育園,神奈川県横浜市都筑区北山田２－２－２９,35.560089,139.591064
エンジェルプラネット仲町台,神奈川県横浜市都筑区仲町台１－１５－４,35.534512,139.590118
認定こども園星が丘幼稚園,神奈川県相模原市中央区星が丘３丁目５‐１０,35.558567,139.370712
湘南長沢幼稚園,神奈川県横須賀市グリ‐ンハイツ１３‐２,35.205616,139.670822
三笠幼稚園,神奈川県横須賀市稲岡町８２‐９,35.29361,139.665237
大船カトリック幼稚園,神奈川県鎌倉市大船2-1-34,35.350323,139.533112
ぽとふ寺尾中,神奈川県綾瀬市,35.437153,139.426376
市場保育園分園おひさま,神奈川県横浜市鶴見区元宮一丁目１７－３９－２,35.523445,139.683044
グローバルキッズ大船園,神奈川県鎌倉市岩瀬１－２－１ザ・パークハウス　オイコス　鎌倉大船,35.35564,139.537247
追浜保育園,神奈川県横須賀市追浜本町2-1,35.318298,139.62973
船越保育園,神奈川県横須賀市船越町6-47-42,35.301662,139.628845
逸見保育園,神奈川県横須賀市西逸見町1-37,35.283607,139.651703
鶴が丘保育園,神奈川県横須賀市鶴が丘2-3-1,35.265274,139.658676
森崎保育園,神奈川県横須賀市森崎3-8-1,35.246643,139.677963
ハイランド保育園,神奈川県横須賀市ハイランド2-12-17,35.219635,139.684128
武山保育園,神奈川県横須賀市武4-17-1,35.225315,139.642471
田浦保育園,神奈川県横須賀市長浦町1-1597,35.293163,139.645294
市場保育園,神奈川県横浜市鶴見区元宮１－１７－３３,35.523499,139.683655
保育所　悠悠,神奈川県南足柄市塚原２７０４－１,35.301159,139.127213
あーす保育園南林間,神奈川県大和市下鶴間1783-300,35.500027,139.452698
湘南クレヨン保育園　朝日町園,神奈川県藤沢市朝日町１９－８,35.342148,139.491104
藤沢西保育園,神奈川県藤沢市藤沢市,35.347878,139.482986
藤沢湘南台雲母保育園,神奈川県藤沢市湘南台７－４７－１３,35.391956,139.474777
トレジャーキッズしょうなんだい保育園,神奈川県藤沢市湘南台４－１８－１７,35.401463,139.462967
藤沢よつば保育園プラス,神奈川県藤沢市鵠沼石上２－６－９,35.333939,139.489059
ピノキオ幼児舎藤沢保育園,神奈川県藤沢市弥勒寺３－１５－３,35.342369,139.501144
ヴィラまなびの森保育園辻堂,神奈川県藤沢市辻堂１－４－２６,35.335808,139.448395
藤沢クローバー保育園,神奈川県藤沢市鵠沼石上１－７－８,35.335575,139.488693
鶴嶺フェルマータ保育園,神奈川県茅ヶ崎市浜之郷436番地1,35.337692,139.391861
公私連携型保育所　ななつぼし,神奈川県大和市中央1丁目5番地14号,35.467834,139.461853
まなびの森辻堂もりのここども園,神奈川県茅ヶ崎市本宿町10番26号,35.337231,139.438538
ウェルネス保育園茅ヶ崎,神奈川県茅ヶ崎市茅ヶ崎２－７－７１イオンスタイル湘南茅ヶ崎,35.334003,139.408325
木下の保育園　相模国分,神奈川県海老名市中央一丁目１６番３１号,35.455235,139.394913
あゆみ保育園第２,神奈川県横浜市旭区鶴ヶ峰二丁目６番地12,35.476971,139.546295
ミルキーホーム川崎園,神奈川県川崎市川崎区東田町2-10ホワイトガーデン1階,35.527691,139.701614
スクルドエンジェル保育園高座渋谷園,神奈川県大和市渋谷,35.438457,139.466019
はひふへ保育園さくらがおか園,神奈川県大和市福田2-4-1サンモール桜ヶ丘1F,35.449417,139.46521
アミー保育園つきみ野園,神奈川県大和市つきみ野,35.503841,139.457657
マザーグースつきみ野保育園,神奈川県大和市つきみ野1-6-9,35.50312,139.457413
モミヤマ保育所,神奈川県大和市福田5-17-2,35.442215,139.46312
スクルドエンジェル保育園大和代官園,神奈川県大和市代官2-16-12レインボービル2F,35.440403,139.458633
未来っ子幼児教育センター,神奈川県小田原市南鴨宮一丁目５番40号,35.27174,139.175583
ぎんがむら保育園オダワラソダチ,神奈川県小田原市城山一丁目６番32号,35.256454,139.152603
モンテッソーリ子どもの家はるるん保育園,神奈川県川崎市多摩区菅北浦1-3-8ココンドルフ　1Ｆ,35.630596,139.537445
保育所アネックス,神奈川県川崎市幸区南加瀬3-4-3クアルト101,35.544956,139.665054
保育所くれよん,神奈川県川崎市高津区子母口542メゾンパーラミー1階,35.570839,139.635208
ピッコリ・アンジェリ,神奈川県川崎市高津区末長1-40-1105号姿見台ﾊｲﾂ,35.592266,139.60585
たけの子保育園,神奈川県川崎市宮前区土橋6-6-10,35.589531,139.57222
菜の花保育室,神奈川県川崎市高津区下作延7-5-5,35.602448,139.604721
認定こども園大神美里幼稚園,神奈川県平塚市大神５丁目１２番１号,35.392338,139.366104
認定こども園道和幼稚園,神奈川県平塚市豊原町２６－２４,35.332203,139.337082
北鎌倉保育園さとの森,神奈川県鎌倉市山ノ内388,35.339001,139.546814
もえぎ野幼稚園,神奈川県横浜市青葉区もえぎ野１５－４,35.547791,139.52269
みらいつばさ新杉田保育園,神奈川県横浜市磯子区新杉田町８-８HAMA-SHIP３階Ｅ,35.388733,139.620773
エンジェルナーサリー鹿島田園,神奈川県川崎市幸区鹿島田2-20-53山崎ﾋﾞﾙ 1F,35.553318,139.672623
東おおしま保育園,神奈川県川崎市川崎区大島５－２１－１０,35.522617,139.718353
ランゲージ・ハウスFujisaki保育園,神奈川県川崎市川崎区藤崎１－２３－６,35.529758,139.721588
まなびの森保育園川崎,神奈川県川崎市幸区幸町４－２－２,35.536446,139.696198
かしの実保育園,神奈川県川崎市中原区木月1－33－15,35.564835,139.652954
くすのき保育園,神奈川県川崎市高津区二子５－１１－２２,35.601154,139.617661
ベネッセ武蔵小杉第二保育園,神奈川県川崎市中原区小杉町３－６００,35.574684,139.657257
スターチャイルド≪新丸子ナーサリー≫,神奈川県川崎市中原区小杉町2-197-9,35.581837,139.655518
ソラスト武蔵中原保育園,神奈川県川崎市中原区宮内4－7－10,35.584286,139.645966
土橋宝翠保育園,神奈川県川崎市宮前区土橋1-6-7,35.586643,139.578629
天宿愛児園,神奈川県川崎市多摩区菅3－1－7,35.633846,139.529816
ヴィラまなびの森保育園宮崎台,神奈川県川崎市宮前区宮前平３－３－２,35.588524,139.587982
メリー★ポピンズ　登戸ルーム,神奈川県川崎市多摩区登戸2432-1　BLUEWATER　BUILDING,35.620438,139.567551
こあらっこはうす　ル・シエルブルー,神奈川県川崎市川崎区旭町１－８－６,35.534847,139.709152
ねむの樹北加瀬保育園,神奈川県川崎市幸区北加瀬３－１９－１,35.555096,139.660965
ほくほく保育園,神奈川県川崎市幸区南加瀬４－４－１５,35.549103,139.658432
ひらま保育園,神奈川県川崎市中原区上平間３６６,35.561447,139.6772
ひらま乳児保育園,神奈川県川崎市中原区上平間３６６,35.561447,139.6772
エクセレント西宮内保育園,神奈川県川崎市中原区宮内１－２４－７,35.593628,139.640167
ＬＩＦＥ　ＳＣＨＯＯＬ　溝ノ口,神奈川県川崎市高津区溝口１－１９－１１,35.600777,139.615295
鷺沼ピノキオ保育園,神奈川県川崎市宮前区東有馬４－３０８６－１１,35.569546,139.58844
たいら虹保育園,神奈川県川崎市宮前区平２－１３－１,35.601898,139.574814
木下の保育園　武蔵新城,神奈川県川崎市中原区下新城３－１３－１２,35.578255,139.63028
保育所くまのこ園,神奈川県川崎市多摩区菅１－２－３１－２０３,35.632931,139.535446
はなたば保育園,神奈川県川崎市中原区木月３－２０－４３,35.564377,139.651428
優祥会わかば保育園,神奈川県川崎市高津区坂戸３－８－２,35.595104,139.624054
みつばち保育園～Flower～,神奈川県川崎市高津区久本３－１－１４,35.598061,139.613159
川崎らしくる保育園,神奈川県川崎市川崎区日進町５－１,35.52602,139.692795
ビタミンキッズ,神奈川県川崎市高津区溝口4-6-24グレイス中村ビル1階,35.603909,139.615173
ミントリーフ武蔵小杉園,神奈川県川崎市中原区新丸子東3-953カーサブライト1階,35.576283,139.661774
和ごころ小倉保育園,神奈川県川崎市幸区小倉2－１６－２９,35.542175,139.666718
こもれび保育園梶ヶ谷園,神奈川県川崎市高津区下作延４－２７－１,35.597786,139.600998
メリー★ポピンズ　川崎西口ルーム,神奈川県川崎市幸区大宮町1番地５カワサキデルタ JR 川崎タワー オフィス棟 2階,35.528698,139.693161
アメリカ山徳育こども園,神奈川県横浜市中区元町１－１１－３アメリカ山公園３階,35.441307,139.651093
熊猫（パンダ）幼稚園,神奈川県横浜市中区吉浜町２番６６号,35.439247,139.641541
あたご幼稚園,神奈川県横浜市旭区白根２－３４－７,35.483788,139.553345
鶴ヶ峯幼稚園,神奈川県横浜市旭区鶴ケ峰１－１７,35.473137,139.547501
かおり幼稚園,神奈川県横浜市磯子区洋光台４－１２,35.377689,139.598953
汐見台中央幼稚園,神奈川県横浜市磯子区汐見台２－８,35.39983,139.6082
汐見台東幼稚園,神奈川県横浜市磯子区汐見台２丁目１番地,35.40387,139.612396
カナリヤ幼稚園,神奈川県横浜市金沢区釜利谷西３－１－３,35.347736,139.599289
竹山幼稚園,神奈川県横浜市緑区竹山２丁目４番１,35.499313,139.561813
竹山南幼稚園,神奈川県横浜市緑区竹山３丁目１番５,35.49707,139.561279
田園都市幼稚園,神奈川県横浜市青葉区しらとり台６２－１４,35.535439,139.510345
関東幼稚園,神奈川県横浜市瀬谷区下瀬谷２丁目２３番３４,35.459011,139.483215
ばばほいくしつ綱島,神奈川県横浜市港北区綱島西３丁目５番１６号,35.537827,139.629639
みらいこうほく保育園,神奈川県横浜市港北区日吉本町５丁目６７－１１,35.548199,139.62883
ウィズブック保育園青木町,神奈川県横浜市神奈川区青木町３番地20,35.471107,139.628632
Gakkenほいくえん綱島,神奈川県横浜市港北区綱島東三丁目５番57-１号,35.539444,139.642136
旭あじさい保育園,神奈川県横浜市旭区二俣川１丁目７番地２３,35.462551,139.530594
ぶれすと新横浜ほいくえん,神奈川県横浜市港北区岸根町375番地1,35.503002,139.613617
ララランド横浜伊勢佐木,神奈川県横浜市中区伊勢佐木町七丁目156グランクラブ2階,35.437752,139.623032
こころキッズ,神奈川県横浜市神奈川区片倉五丁目26番24号（保育室棟）,35.49297,139.610962
鶴見ぬくもり保育園,神奈川県横浜市鶴見区鶴見中央１－23－32ルネス横濱鶴見205号室,35.50861,139.679291
鶴見サンフラワー保育園,神奈川県横浜市鶴見区鶴見中央４丁目８－８ー１階,35.505039,139.678558
ひまわりニコニコ保育園,神奈川県横浜市鶴見区駒岡４-26-14-１階,35.531883,139.652405
横濱あんじゅ小規模保育園,神奈川県横浜市旭区二俣川２-85-３ＮＫビル１階,35.458836,139.533432
根岸サンフラワー保育園,神奈川県横浜市磯子区原町９-７,35.415615,139.629074
東戸塚かもめ第４保育園,神奈川県横浜市戸塚区品濃町514番地１ニューシティ東戸塚南の街七号館104号,35.427624,139.557983
すまいるおおふな保育園,神奈川県横浜市栄区笠間二丁目２番,35.355221,139.53334
矢向つぼみ保育園,神奈川県横浜市鶴見区矢向４-５-26ハマビル１階,35.5312,139.68306
仲町台もみのき保育室,神奈川県横浜市都筑区仲町台１-33-19ピアッツァ仲町台ノバ１階,35.536873,139.589355
パナマリア保育園弘明寺園,神奈川県横浜市南区通町4-98,35.4245,139.603027
ぱぷりか保育園　戸塚,神奈川県横浜市戸塚区上倉田町493-１,35.399853,139.535812
東戸塚みもざ保育園,神奈川県横浜市戸塚区品濃町550-3,35.431164,139.56012
東戸塚わかば保育園,神奈川県横浜市戸塚区品濃町543-2,35.432632,139.557648
フラッフィー小規模保育園,神奈川県横浜市鶴見区北寺尾５丁目８-16-１,35.514599,139.65564
のぞみ山手駅前保育園,神奈川県横浜市中区立野75-8-2,35.427124,139.646301
京浜保育園　パステル,神奈川県横浜市神奈川区西大口28番地,35.49091,139.640045
風の子保育室,神奈川県横浜市戸塚区戸塚町上矢部町1522-3,35.391075,139.527344
保育園スカイ・ウイング,神奈川県横浜市鶴見区鶴見中央五丁目１１番８号,35.503868,139.677795
キッズラディ,神奈川県横浜市港北区大豆戸町６３９番地２,35.512161,139.622833
保育室「ネスト」,神奈川県横浜市瀬谷区三ツ境１７番地１,35.46714,139.502426
横濱中華幼保園,神奈川県横浜市中区山下町142,35.442642,139.644714
つどいの森もみの木こども園,神奈川県横浜市青葉区もみの木台16－13,35.571716,139.526932
幼保連携型認定こども園　ＹＭＣＡいずみ保育園,神奈川県横浜市泉区上飯田町1872－１,35.423786,139.478455
認定こども園　宮の台幼稚園,神奈川県横浜市泉区中田北３丁目29番１号,35.422058,139.511047
幼保連携型認定こども園　森が丘幼稚園,神奈川県横浜市港南区笹下２丁目25－７,35.396317,139.600052
認定こども園　新羽幼稚園,神奈川県横浜市港北区新羽町2876,35.527317,139.60585
マフィス白楽ナーサリー,神奈川県横浜市神奈川区六角橋１丁目２０－１９,35.489216,139.626419
ニチイキッズさくら本郷台保育園,神奈川県横浜市栄区小菅ヶ谷一丁目５番４号,35.365334,139.550385
スターチャイルド≪生麦ナーサリー≫,神奈川県横浜市鶴見区生麦一丁目７番１号rise place 横浜生麦１階,35.494263,139.665894
スターチャイルド≪和田町ナーサリー≫,神奈川県横浜市保土ケ谷区仏向町119,35.458588,139.575516
にじいろ保育園駒岡,神奈川県横浜市鶴見区駒岡五丁目13番29号,35.533939,139.65213
ポピンズナーサリースクール片倉町駅前,神奈川県横浜市神奈川区片倉五丁目１番48号,35.490726,139.607651
フェアリーテイルみらい,神奈川県横浜市鶴見区寺谷二丁目１番11号,35.510826,139.67305
キッズパートナー東戸塚第２,神奈川県横浜市戸塚区品濃町836番地35,35.433884,139.55542
ぶれすと綱島二階ほいくえん,神奈川県横浜市港北区樽町二丁目３番１号２階,35.530067,139.638504
中田保育園,神奈川県横浜市泉区中田西３－３３－６,35.405914,139.502975
中田いちご保育園,神奈川県横浜市泉区中田西４－３５－２８戸塚第３ダイヤモンドマンション１０２,35.404247,139.504196
ひかりとたねの保育園,神奈川県横浜市金沢区柳町１－３,35.328285,139.624847
ポピンズナーサリースクール十日市場駅前,神奈川県横浜市緑区十日市場８７２－１９,35.523216,139.516495
ポピンズナーサリースクールたまプラーザ,神奈川県横浜市青葉区美しが丘５－２－３４,35.575184,139.554871
幼保連携型認定こども園　青葉台幼稚園,神奈川県横浜市青葉区榎が丘５－１,35.541046,139.514557
あっぷる滝頭保育園,神奈川県横浜市磯子区滝頭１－２－１７,35.423225,139.617813
横浜茅ケ崎保育園,神奈川県横浜市都筑区茅ケ崎南１丁目１２－１,35.540833,139.580154
俣野保育園,神奈川県横浜市戸塚区俣野町１４０３－１９,35.389206,139.49086
かながわ保育園,神奈川県横浜市神奈川区東神奈川１－１２リーデンスフォート横浜３Ｆ,35.477917,139.634781
グローバルキッズ日吉五丁目園,神奈川県横浜市港北区日吉五丁目２９番１８号,35.55061,139.656189
グローバルキッズ三ツ境園,神奈川県横浜市瀬谷区二ツ橋３０９番地１,35.469978,139.49733
ローズ保育園,神奈川県横浜市港北区高田西２－２１－１１,35.552113,139.615906
stellar education garden阿久和小規模保育園,神奈川県横浜市瀬谷区阿久和西２－６０－１アクワメントシティ１０２,35.450977,139.502655
グリーンキッズ湘南ミナパーク,神奈川県藤沢市藤沢６０７－１藤沢商工会館ミナパーク1F,35.347878,139.482986
黒部丘幼稚園,神奈川県平塚市黒部丘２７－４,35.322071,139.334396
さきとり幼稚園,神奈川県平塚市四之宮４丁目１４－２２,35.355873,139.3647
ぽとふ平塚,神奈川県平塚市天沼７－２１,35.335239,139.355347
鎌倉浄明寺雲母保育園,神奈川県鎌倉市浄明寺5-5-7,35.318298,139.5746
キンダークリッペ西鎌倉,神奈川県鎌倉市西鎌倉2-17-1,35.324795,139.503998
鎌倉おなり保育園,神奈川県鎌倉市御成町２－５,35.31707,139.550049
佐助保育園,神奈川県鎌倉市佐助1-13-6,35.320488,139.542953
育ちあいの家おなり　第一保育室,神奈川県鎌倉市御成町6-15,35.316536,139.547684
ササKids,神奈川県鎌倉市城廻270-2,35.356987,139.508972
きみのまま保育園,神奈川県鎌倉市津西1-5-15,35.314236,139.500992
ひばりが丘幼稚園,神奈川県座間市ひばりが丘２丁目４４－２６,35.485802,139.435959
やなせ幼稚園,神奈川県座間市入谷東２－１１－１８,35.482243,139.404953
座間幼稚園,神奈川県座間市座間1丁目３２９８－３,35.492996,139.389923
鈴鹿幼稚園,神奈川県座間市入谷西2-51-6,35.485294,139.393616
ぽとふ藤沢,神奈川県藤沢市辻堂元町１－１１－３,35.335705,139.451523
サクラフェリーチェ保育園鵠沼桜が岡,神奈川県藤沢市鵠沼桜が岡１－６－５,35.331947,139.484619
スクルドエンジェル保育園辻堂元町園,神奈川県藤沢市辻堂元町５－１３－１１,35.333607,139.462433
ブリーズキッズ保育園辻堂駅前園,神奈川県藤沢市辻堂新町１－２－２１新町GⅡビル２０３,35.339443,139.44957
ブリーズキッズ保育園辻堂新町園,神奈川県藤沢市辻堂新町１－４－１０,35.338608,139.450882
フローラル保育園,神奈川県海老名市中央3-1-5-1スカイビル・エビナ2階,35.450684,139.391983
香川富士見丘幼稚園,神奈川県茅ヶ崎市香川４丁目５０‐２７,35.355839,139.397141
まつなみ幼稚園,神奈川県茅ヶ崎市松浪１丁目３‐３２,35.330303,139.43399
恵泉幼稚園,神奈川県茅ヶ崎市中海岸３丁目１‐１９,35.322445,139.405273
ひかりの子幼稚園,神奈川県茅ヶ崎市芹沢９１３,35.373753,139.425552
成瀬幼稚園,神奈川県伊勢原市高森２丁目１９ー１２,35.411129,139.327911
認定こども園うのもり幼稚園,神奈川県相模原市南区鵜野森２丁目１１‐１,35.543621,139.432907
お三の宮日枝幼稚園,神奈川県横浜市南区山王町５－３７,35.435299,139.615646
南聖心幼稚園,神奈川県横浜市南区永田北２－３－２６,35.437332,139.593887
横浜女子短期大学附属幼稚園,神奈川県横浜市磯子区洋光台３－３－１０,35.378555,139.593872
グリーンヒル幼稚園,神奈川県横浜市旭区鶴ケ峰１－２２－１７,35.473621,139.54982
金井幼稚園,神奈川県横浜市港南区日野９－４０－６,35.384415,139.571808
東台幼稚園,神奈川県横浜市戸塚区上矢部町５１９,35.423203,139.536957
やよいヶ丘幼稚園,神奈川県横浜市鶴見区馬場２－５－５５,35.506203,139.649551
京浜横浜幼稚園,神奈川県横浜市神奈川区西大口２８,35.49091,139.640045
伊勢宮幼稚園,神奈川県厚木市及川２丁目23-1,35.469269,139.347458
海老名みなみ幼稚園,神奈川県海老名市社家３－１１－２７,35.425289,139.384201
相模みのり幼稚園,神奈川県海老名市本郷3286,35.410049,139.401596
浜竹幼稚園,神奈川県茅ヶ崎市浜竹３丁目４‐５３,35.33585,139.441513
のぞみ幼稚園,神奈川県藤沢市辻堂６丁目１８‐３６,35.326317,139.441803
青木幼稚園,神奈川県藤沢市円行２丁目１０‐１３,35.394321,139.460907
湘南みどりが丘幼稚園,神奈川県藤沢市高倉４８５‐１,35.406414,139.465469
善行森の幼稚園,神奈川県藤沢市石川３９１４‐１,35.372906,139.462921
藤沢若葉幼稚園,神奈川県藤沢市大庭５０５５‐２２,35.359077,139.44043
六会幼稚園,神奈川県藤沢市亀井野１丁目１０,35.384499,139.471848
辻堂二葉幼稚園,神奈川県藤沢市辻堂元町４丁目１３‐３,35.332687,139.457077
富士幼稚園,神奈川県藤沢市本鵠沼１丁目３‐７,35.337212,139.479584
ふじがおか第二幼稚園,神奈川県藤沢市藤が岡３丁目１３‐８,35.347889,139.495621
湘南学園幼稚園,神奈川県藤沢市鵠沼松が岡４丁目１‐３２,35.325195,139.476028
聖和学院第二幼稚園,神奈川県藤沢市辻堂６丁目１８‐１１,35.325554,139.442368
鵠沼幼稚園,神奈川県藤沢市鵠沼桜が岡３丁目５‐２０,35.329609,139.474976
大庭城山幼稚園,神奈川県藤沢市大庭５２３３‐１,35.360867,139.449005
茅ケ崎すみれ幼稚園,神奈川県茅ヶ崎市高田２丁目２‐３,35.346909,139.414124
茅ケ崎浜見平幼稚園,神奈川県茅ヶ崎市松尾６‐１１,35.325459,139.387222
むらおか幼稚園,神奈川県藤沢市弥勒寺２丁目３‐１９,35.33625,139.501312
ふじがおか幼稚園,神奈川県藤沢市藤が岡３丁目８‐１０,35.347683,139.495224
相模幼稚園,神奈川県藤沢市下土棚５５０,35.4119,139.462662
認定こども園藤沢いずみ幼稚園,神奈川県藤沢市亀井野３２２４,35.367172,139.482224
聖園女学院附属聖園マリア幼稚園,神奈川県藤沢市善行７丁目１‐４,35.359814,139.477295
聖園女学院附属聖園幼稚園,神奈川県藤沢市本町４丁目８‐７,35.3452,139.478653
めぐみの子幼稚園,神奈川県茅ヶ崎市下寺尾４０６‐１,35.362759,139.397583
岩戸こども園,神奈川県横須賀市岩戸３丁目３７‐５,35.233669,139.671646
誠心相陽幼稚園,神奈川県相模原市南区磯部１６４８,35.513706,139.388107
ケンコウ幼稚園,神奈川県横須賀市小原台３１‐１,35.254105,139.72699
保育所あいかわ第二,神奈川県愛甲郡愛川町中津3576-3,35.50845,139.338501
つるまき幼稚園,神奈川県秦野市鶴巻南４丁目２２－２６,35.378017,139.279007
茅ヶ崎みなもと幼稚園,神奈川県茅ヶ崎市萩園2217,35.339966,139.383667
認定こども園南大野幼稚園,神奈川県相模原市南区上鶴間１丁目３‐１,35.528255,139.443329
大和山王幼稚園,神奈川県大和市下鶴間２９１９,35.499107,139.459518
大和あけぼの幼稚園,神奈川県大和市下和田３２,35.432304,139.472488
でんえん幼稚園,神奈川県大和市中央林間９ー１３ー２４,35.51104,139.448456
聖セシリア幼稚園,神奈川県大和市南林間３ー１０ー１,35.499363,139.44455
ふかみ幼稚園,神奈川県大和市深見東３ー５ー１６,35.48452,139.465103
大和幼稚園,神奈川県大和市大和東１ー７ー１６,35.470116,139.464294
誠心第一幼稚園,神奈川県相模原市南区西大沼５丁目１３‐１７,35.533199,139.414352
認定こども園城山わかば幼稚園,神奈川県相模原市緑区若葉台６‐５‐１４,35.597878,139.292084
認定こども園あかね幼稚園,神奈川県相模原市中央区下九沢９６４,35.573788,139.345993
相武台中央幼稚園,神奈川県相模原市南区相武台団地２丁目３‐６,35.509377,139.411026
認定こども園たけのうち幼稚園,神奈川県相模原市中央区東淵野辺４丁目２３‐２０,35.558327,139.411407
認定こども園つくしの幼稚園,神奈川県相模原市南区新磯野３丁目２２‐１６,35.505226,139.404327
木月カリヨン幼稚園,神奈川県川崎市中原区木月３丁目52-36,35.561787,139.649246
川崎めぐみ幼稚園,神奈川県川崎市高津区久末50,35.565559,139.615356
高津幼稚園,神奈川県川崎市高津区溝口２丁目29-2,35.602547,139.609451
菅幼稚園,神奈川県川崎市多摩区菅２丁目9-1,35.633686,139.531464
慶泉幼稚園,神奈川県海老名市上今泉１丁目8-34,35.466034,139.402313
さくらい幼稚園,神奈川県海老名市上今泉１丁目22-56,35.465691,139.40152
やまた幼稚園,神奈川県横浜市都筑区東山田町３５１－１,35.555988,139.604553
上中里幼稚園,神奈川県横浜市磯子区上中里町１０３２,35.367565,139.610184
並木幼稚園,神奈川県横浜市金沢区並木１－１０－２,35.373123,139.640656
エンゼル幼稚園,神奈川県横浜市港北区日吉本町４－１７－１５,35.546619,139.631912
今宿幼稚園,神奈川県横浜市旭区今宿東町８３２－２,35.48423,139.537506
森村学園幼稚園,神奈川県横浜市緑区長津田町２６９５,35.528805,139.488419
横浜さくら幼稚園,神奈川県横浜市青葉区鉄町２３４５,35.570492,139.524155
仲よし幼稚園,神奈川県横浜市保土ケ谷区瀬戸ケ谷町１３８,35.442333,139.589142
横浜・モンテッソーリ幼稚園,神奈川県横浜市青葉区奈良５－１４－１,35.559326,139.481567
しらゆり幼稚園,神奈川県横浜市瀬谷区橋戸３－６９－７,35.462807,139.473129
あさひが丘幼稚園,神奈川県横浜市緑区新治町９６４,35.519123,139.514938
まこと幼稚園,神奈川県横浜市瀬谷区三ツ境６５,35.460815,139.502975
戸部幼稚園,神奈川県横浜市西区御所山町１０,35.453987,139.62146
さゆり幼稚園,神奈川県横浜市中区滝之上２,35.421783,139.641525
ながつた幼稚園,神奈川県横浜市緑区長津田７－４－１１,35.528011,139.495972
梅が丘天使幼稚園,神奈川県横浜市青葉区梅が丘３９－１４,35.534252,139.522476
國學院幼稚園,神奈川県横浜市青葉区美しが丘２－３２－１,35.58392,139.555389
金の星幼稚園,神奈川県横浜市都筑区中川１－３－２,35.560078,139.569092
しんよしだ幼稚園,神奈川県横浜市港北区新吉田東５－５１－２８,35.539154,139.619614
冨士見ヶ丘幼稚園,神奈川県横浜市戸塚区原宿４－１９－２,35.378887,139.502304
しらぎく幼稚園,神奈川県横浜市戸塚区上倉田町１１４６,35.393478,139.5401
横浜学園附属元町幼稚園,神奈川県横浜市中区元町４－１５４,35.438992,139.64743
横浜学院幼稚園,神奈川県横浜市中区山手町２０３,35.436119,139.640747
羽沢幼稚園,神奈川県横浜市神奈川区羽沢町１２１３,35.489983,139.575867
都岡幼稚園,神奈川県横浜市旭区下川井町２７２,35.482655,139.519302
安部幼稚園,神奈川県横浜市港南区芹が谷４－１３－２６,35.414948,139.570557
南若宮幼稚園,神奈川県横浜市南区大岡１－５－１,35.424755,139.607468
玉泉寺幼稚園,神奈川県横浜市南区中村町１－６－１,35.435524,139.633301
井土ケ谷幼稚園,神奈川県横浜市南区井土ケ谷上町３３－１,35.429733,139.598206
金港幼稚園,神奈川県横浜市港北区篠原東１－１２－２,35.497406,139.624908
東俣野幼稚園,神奈川県横浜市戸塚区東俣野町９４４－１,35.36681,139.496033
平戸幼稚園,神奈川県横浜市戸塚区平戸３－２１－２２,35.433109,139.570084
岩崎学園附属幼稚園,神奈川県横浜市保土ケ谷区仏向西30-17,35.46246,139.574066
大谷学園幼稚園,神奈川県横浜市港北区篠原台町20-1,35.492672,139.628082
東洋英和女学院大学付属かえで幼稚園,神奈川県横浜市青葉区美しが丘３－４６－８,35.586269,139.550476
岩崎学園附属磯子幼稚園,神奈川県横浜市磯子区田中１－１１－５,35.38596,139.606934
緑幼稚園,神奈川県横浜市緑区小山町４３３－１,35.522736,139.535553
みどり野幼稚園,神奈川県横浜市都筑区牛久保町１７１１－１１,35.566174,139.571609
矢島幼稚園,神奈川県横浜市戸塚区小雀町１５６－１,35.365257,139.517166
みたけ台幼稚園,神奈川県横浜市青葉区みたけ台１－１,35.551716,139.522217
保土ヶ谷幼稚園,神奈川県横浜市保土ケ谷区桜ケ丘２－３－２４,35.449978,139.588104
都筑ケ丘幼稚園,神奈川県横浜市都筑区川和町２６９９,35.53867,139.550186
ゆたか幼稚園,神奈川県横浜市瀬谷区瀬谷１－１－１,35.470284,139.490601
しみずがおか幼稚園,神奈川県横浜市旭区中沢２－２７－１,35.47438,139.527191
津田山幼稚園,神奈川県川崎市高津区下作延４－３０－２８,35.598511,139.599808
竹園幼稚園,神奈川県川崎市川崎区川崎区小田３丁目１３‐１６,35.532356,139.726898
川崎頌和幼稚園,神奈川県川崎市川崎区川崎区小川町１１‐１３,35.532356,139.726898
大師幼稚園,神奈川県川崎市川崎区川崎区東門前１丁目４‐９,35.532356,139.726898
百合丘さくら幼稚園,神奈川県川崎市麻生区東百合丘４－１－４６,35.600243,139.524231
ルミエール幼稚園,神奈川県川崎市麻生区百合丘２丁目１３ー１,35.603279,139.513275
えいすう幼稚園,神奈川県厚木市寿町３丁目14-7,35.446644,139.361603
ぬるみず幼稚園,神奈川県厚木市温水1134,35.440697,139.33905
森の里幼稚園,神奈川県厚木市森の里１丁目30-1,35.444595,139.308716
なでしこ幼稚園,神奈川県平塚市平塚１丁目１４‐３,35.32626,139.339767
湘南桜ケ丘幼稚園,神奈川県平塚市桜ヶ丘９‐１７,35.325562,139.327911
白鳥幼稚園,神奈川県平塚市河内３９９,35.336769,139.311935
東中原幼稚園,神奈川県平塚市東中原２丁目２３‐３,35.353806,139.335693
つくし幼稚園,神奈川県平塚市飯島下ノ町６,35.359066,139.306213
平岡幼稚園,神奈川県平塚市岡崎３０２４,35.373657,139.301804
神田幼稚園,神奈川県平塚市大神１５８７,35.381161,139.357773
七沢幼稚園,神奈川県厚木市七沢590,35.442135,139.297699
光ケ丘幼稚園,神奈川県厚木市恩名３丁目11-55,35.441185,139.351608
相武台幼稚園,神奈川県座間市相武台4丁目１－１９,35.498123,139.413773
弥生幼稚園,神奈川県相模原市中央区富士見３丁目１２‐１９,35.566231,139.382919
清心幼稚園,神奈川県相模原市中央区清新３丁目１４‐１６,35.577251,139.363327
林間のぞみ幼稚園,神奈川県相模原市南区東林間６丁目５‐２,35.518707,139.4375
谷口幼稚園,神奈川県相模原市南区上鶴間本町４丁目３３‐４９,35.53669,139.44278
ふれ～ず保育室,神奈川県茅ヶ崎市香川４丁目２０番１号サンライズ湘南１－A,35.351986,139.399185
スクルドエンジェル保育園中央林間園,神奈川県大和市中央林間9-17-1,35.512177,139.447739
スクルドエンジェル保育園高等町園,神奈川県大和市渋谷8-14-12,35.431931,139.462234
アカデミーアイ保育園,神奈川県秦野市今泉３０１－１,35.370125,139.216675
みらいのこども保育園,神奈川県大和市つきみ野１－１３－３,35.504093,139.459961
桜ヶ丘はないろ保育園,神奈川県大和市福田２－３３－６,35.450027,139.462433
宮内幼稚園,神奈川県川崎市中原区宮内３丁目16-11,35.590565,139.642548
寺尾みどり幼稚園,神奈川県川崎市多摩区寺尾台１丁目17,35.620007,139.535431
桐光学園みどり幼稚園,神奈川県川崎市多摩区宿河原３丁目6-9,35.614532,139.58046
風の谷幼稚園,神奈川県川崎市麻生区片平1510,35.601009,139.479691
川崎若葉幼稚園,神奈川県川崎市多摩区長尾４丁目5-25,35.611515,139.577545
梅園幼稚園,神奈川県川崎市幸区南幸町１丁目39,35.535236,139.689407
西三田幼稚園,神奈川県川崎市多摩区三田3-4-3,35.609329,139.546265
たちばな幼稚園,神奈川県川崎市高津区久末1892-1,35.565605,139.626709
初山幼稚園,神奈川県川崎市宮前区初山1-2-1,35.602203,139.565353
日吉幼稚園,神奈川県川崎市幸区南加瀬3-34-7,35.541447,139.663208
川崎青い鳥幼稚園,神奈川県川崎市川崎区小田２丁目17-29,35.513561,139.701508
みゆき幼稚園,神奈川県川崎市幸区小向町19-2,35.546322,139.695938
聖クララ幼稚園,神奈川県川崎市川崎区貝塚２丁目8-16,35.523731,139.701859
川崎こまどり幼稚園,神奈川県川崎市幸区南加瀬１丁目18-9,35.545811,139.664383
東住吉幼稚園,神奈川県川崎市中原区今井南町10-58,35.572914,139.654343
梶ケ谷幼稚園,神奈川県川崎市高津区梶ケ谷３丁目6-5,35.589134,139.604797
洗足学園大学附属幼稚園,神奈川県川崎市高津区久本２丁目3-1,35.594688,139.615311
潮見台みどり幼稚園,神奈川県川崎市宮前区潮見台6-1,35.594418,139.531021
宮崎二葉幼稚園,神奈川県川崎市宮前区宮前平３丁目5-1,35.587986,139.586792
川崎さくら幼稚園,神奈川県川崎市川崎区台町20-1,35.530735,139.73497
ひばり幼稚園,神奈川県川崎市宮前区神木２丁目10,35.594975,139.583252
玉幼稚園,神奈川県川崎市多摩区宿河原５丁目19-1,35.615215,139.585709
玉川幼稚園,神奈川県川崎市多摩区登戸2474,35.619781,139.566055
柿の実幼稚園,神奈川県川崎市麻生区上麻生７丁目41-1,35.579266,139.505249
観音幼稚園,神奈川県川崎市川崎区観音2-1-7,35.525845,139.728455
若宮幼稚園,神奈川県川崎市川崎区大師駅前2-13-16,35.534908,139.725006
サクラノ幼稚園,神奈川県川崎市中原区下沼部2033,35.572544,139.670654
月影学園幼稚園,神奈川県川崎市中原区木月1-6-36,35.566719,139.651855
小鳩幼稚園,神奈川県川崎市幸区古市場1772,35.555904,139.689621
みのり幼稚園,神奈川県川崎市幸区紺屋町12,35.543613,139.690048
境木幼稚園,神奈川県横浜市保土ケ谷区境木町１０３,35.438904,139.559662
ミアヘルサ保育園ひびき江田,神奈川県横浜市青葉区荏田北１－２－８ユーワビルC号室,35.557823,139.550476
ミアヘルサ保育園ひびき市が尾,神奈川県横浜市青葉区市ケ尾町１１５８－１,35.55275,139.543304
藤棚幼稚園,神奈川県横浜市西区,35.453609,139.616943
なないろ保育室,神奈川県横浜市栄区小菅ケ谷１丁目22-2ブランズシティ本郷台リバーサイドテラス1階,35.365425,139.543625
ハッピーシーズくるみ園,神奈川県横浜市緑区長津田７丁目１－４６ニッショウⅦ　２号,35.529926,139.495071
アリス保育園,神奈川県横浜市都筑区大丸３番２５号,35.538624,139.559814
にじいろ保育園駒岡四丁目,神奈川県横浜市鶴見区駒岡四丁目２２番４１号,35.532619,139.655045
クラウン保育園,神奈川県横浜市中区宮川町３丁目６９番地１,35.447453,139.627899
トゥインクルキッズ高田保育園,神奈川県横浜市港北区高田東三丁目１番１１号１階,35.550369,139.619919
川井宿幼保連携型認定こども園,神奈川県横浜市旭区都岡町９８－１,35.491879,139.521729
星の子白根保育園,神奈川県横浜市旭区白根７－３１－３,35.486374,139.551895
たけやまの森保育園,神奈川県横浜市緑区竹山３丁目１番地１５,35.49707,139.561279
みらい保育園,神奈川県相模原市南区相模大野8-7-7悠々スクアール相模大野1-A,35.529797,139.438126
西秦野幼稚園,神奈川県秦野市春日町4-4,35.378407,139.182541
つげのきほいくえん,神奈川県海老名市中央１－１４－３８,35.453987,139.394882
勝瀬保育園,神奈川県海老名市勝瀬8-1,35.446205,139.3992
かぐのみ幼稚園,神奈川県逗子市沼間４丁目1-1,35.299538,139.608688
まなびの森　ヴィラ新城もりのこ保育園,神奈川県川崎市中原区新城１－１５－１３,35.584103,139.631302
らいらっくみゆき保育園,神奈川県川崎市幸区塚越２－１５９－２８,35.544033,139.679932
しもひらまゆずのき保育園,神奈川県川崎市幸区幸区下平間318-6,35.53492,139.697845
しらゆり今井保育園,神奈川県川崎市中原区今井西町１－１４,35.577335,139.648453
にじいろ保育園下新城,神奈川県川崎市中原区中原区下新城2－４－４５,35.56852,139.668854
にじいろ保育園武蔵小杉,神奈川県川崎市中原区中丸子２４５－５,35.568604,139.664581
にじいろ保育園上新城,神奈川県川崎市中原区上新城１－３ー２８,35.589485,139.629837
和ごころ溝口保育園,神奈川県川崎市高津区下作延２－２８－２３,35.598862,139.605942
ヴィラまなびの森保育園高津,神奈川県川崎市高津区溝口3－９－１２,35.603619,139.61441
ゆいまぁる保育園東有馬,神奈川県川崎市宮前区東有馬２－２－２０,35.577831,139.592545
にじいろ保育園有馬,神奈川県川崎市宮前区有馬7－8－２４,35.570801,139.578445
スターチャイルド≪登戸ナーサリー≫,神奈川県川崎市多摩区登戸２５４８－２,35.619881,139.568039
保育園ＨＩＫＡＲＩＥ,神奈川県川崎市幸区南幸町２－８０,35.534283,139.68959
勇気りんりん保育園,神奈川県川崎市中原区下小田中2－８－２０ＫＲＳビル２Ｆ,35.57851,139.640991
保育園きのね,神奈川県川崎市高津区向ケ丘６２－２,35.592163,139.593826
ドリームキッズさぎぬまナーサリー,神奈川県川崎市宮前区鷺沼１－１１－３メゾン鷺沼１０１、１０２、１０３,35.578003,139.573151
ハッピーキッズ・ちびっこ園,神奈川県川崎市宮前区鷺沼１－１８－１０フレンドベース２０１,35.577648,139.57103
ちびっこハウス多摩川園,神奈川県川崎市多摩区登戸2385,35.621368,139.566772
かくれんぼ保育園,神奈川県川崎市麻生区上麻生５－４５ー１２ＧＲＡＮ　ＨＩＬＬＳ　１Ｆ,35.588398,139.499329
りんご保育園,神奈川県川崎市中原区新城３－８－５タカセビル１F,35.585827,139.6306
あぷりこっと保育園エミタス久本,神奈川県川崎市高津区久本２－８－１８,35.595425,139.612762
聖和学院幼稚園,神奈川県逗子市久木２丁目2-1,35.302666,139.57782
あいみー梶ヶ谷保育園,神奈川県川崎市高津区梶ケ谷３丁目１番６号,35.590199,139.60466
こあらっこはうす　クレシュ・ラ・ガール,神奈川県川崎市幸区南幸町3-115南幸町ＮＳコート１階,35.531834,139.685349
保育Roomことり,神奈川県川崎市幸区塚越２－１６１,35.545105,139.680496
みつばち保育園～Sky～,神奈川県川崎市高津区久本３－２－１　１階,35.597935,139.614182
天才キッズクラブ楽遊館上麻生園,神奈川県川崎市麻生区上麻生１－１０－６　１０１,35.599728,139.508469
bebe保育室,神奈川県川崎市高津区二子５－１４－３,35.60141,139.619415
田浦幼稚園,神奈川県横須賀市田浦町５丁目51,35.293449,139.626282
Ｐ’ｓスマイル保育園,神奈川県横浜市鶴見区鶴見中央１－１－１シャル鶴見６階,35.507988,139.676743
もりた保育室,神奈川県横浜市南区永田北,35.439781,139.593231
スターチャイルド≪藤が丘小規模保育所≫,神奈川県横浜市青葉区藤が丘１丁目36番地３アポラン藤が丘オリーブ館３階,35.543217,139.528717
KIDSFORE　ACADEMY,神奈川県横浜市都筑区中川中央二丁目５番15号,35.549099,139.575317
グローバルキッズ新子安第二保育園,神奈川県横浜市神奈川区新子安一丁目２４番１号ザ・パークハウス横浜新子安フロント,35.488297,139.652939
特定非営利活動法人つばき駅前保育園,神奈川県横浜市港北区,35.518982,139.633011
港南台保育センター,神奈川県横浜市港南区港南台３丁目２３番８号,35.379124,139.578888
スターチャイルド≪綱島ナーサリー≫,神奈川県横浜市港北区綱島西五丁目３番１５号,35.544525,139.626709
スターチャイルド≪戸塚ナーサリー≫,神奈川県横浜市戸塚区矢部町６４１番地３４,35.404827,139.53067
GENKIDSバイリンガル保育園新子安,神奈川県横浜市神奈川区神奈川県横浜市神奈川区子安通３丁目３７１,35.471306,139.635071
かぐのみ保育園,神奈川県逗子市沼間2-21-26-7,35.298336,139.607666
宿河原幼稚園,神奈川県川崎市多摩区宿河原２丁目２４‐４,35.614822,139.575287
川崎青葉幼稚園,神奈川県川崎市麻生区麻生区上麻生４丁目２‐２,35.60379,139.50589
まなびの森　ヴィラ日吉こども園,神奈川県横浜市港北区箕輪町一丁目２番１－１号,35.550911,139.647263
横須賀上町教会附属めぐみ幼稚園,神奈川県横須賀市上町２丁目４３,35.271778,139.668564
瀬谷そらいろ保育園,神奈川県横浜市瀬谷区瀬谷4-5-12サンライフ平本１階,35.470001,139.482544
中津幼稚園,神奈川県愛甲郡愛川町中津2217,35.525692,139.344986
幼保連携型認定こども園若葉台こども園,神奈川県横浜市旭区若葉台二丁目２０－１,35.505306,139.500229
大和みどりが丘幼稚園,神奈川県大和市福田1698-1,35.429188,139.463104
綾瀬いずみ保育園,神奈川県綾瀬市上土棚北4-11-41,35.42067,139.44838
ドレーパー記念幼稚園,神奈川県綾瀬市寺尾北2-17-47,35.467422,139.421143
綾瀬こっこ保育園,神奈川県綾瀬市寺尾北1-15-11,35.466553,139.419403
さくらチャイルドセンター,神奈川県綾瀬市寺尾西1-13-1,35.450943,139.42131
ピッピことりこども園,神奈川県綾瀬市吉岡1526,35.42609,139.418701
ＨＡＮＡＩみらい愛育園　東真土,神奈川県平塚市東真土２－３－１６,35.354671,139.35817
明日葉保育園戸塚西口園,神奈川県横浜市戸塚区戸塚町１６７番地２９,35.396004,139.53154
preschool ALICE Clover,神奈川県横浜市港北区綱島東三丁目５番５０号　コリエンテ綱島１階,35.539047,139.642685
こもれびと風　おおい認定こども園,神奈川県足柄上郡大井町大井中央280番地,35.328896,139.154053
横須賀幼稚園,神奈川県横須賀市本町３丁目9,35.281151,139.663696
青い鳥幼稚園,神奈川県横須賀市三春町２丁目６,35.267525,139.684525
認定こども園ぎんなん幼稚園,神奈川県横須賀市大津町3-29-41-1,35.257812,139.695053
信証幼稚園,神奈川県横須賀市久里浜７丁目２３‐１６,35.22427,139.710129
城北幼稚園,神奈川県横須賀市平作６丁目３‐１０,35.255455,139.650726
深愛幼稚園,神奈川県横須賀市衣笠栄町３丁目７９,35.260868,139.65654
武山幼稚園,神奈川県横須賀市太田和１丁目１２‐１,35.222012,139.634232
野比幼稚園,神奈川県横須賀市野比１丁目４‐１,35.217613,139.682358
横須賀若葉幼稚園,神奈川県横須賀市金谷１丁目５‐８,35.26569,139.648941
陽だまり保育室,神奈川県横須賀市田浦町,35.290699,139.636597
ぶぶぶ保育室,神奈川県横須賀市本町,35.282326,139.666977
はすのみ保育室,神奈川県横須賀市太田和,35.223301,139.636719
中央こども園,神奈川県横須賀市小川町２０,35.282032,139.673431
ベネッセ逸見保育園,神奈川県横須賀市西逸見町１－３７,35.283607,139.651703
久里浜幼稚園,神奈川県横須賀市久里浜２丁目９‐１,35.227951,139.699432
白鳩幼稚園,神奈川県横須賀市追浜本町２丁目１‐２,35.318298,139.62973
たかとり幼稚園,神奈川県横須賀市湘南鷹取５丁目３０‐１,35.313282,139.613068
三春幼稚園,神奈川県横須賀市三春町１丁目３４,35.26717,139.682648
まぼり幼稚園,神奈川県横須賀市馬堀海岸３丁目11-1,35.260174,139.708603
横須賀若草幼稚園,神奈川県横須賀市森崎２丁目13-3,35.248955,139.679932
津久井幼稚園,神奈川県横須賀市津久井１丁目12-28,35.195705,139.664597
緑ケ丘もえぎ保育園,神奈川県座間市緑ケ丘４－６－５６,35.49176,139.40892
あーす保育園　中央林間,神奈川県大和市中央林間4-15-15,35.508537,139.446747
大和はないろ保育園,神奈川県大和市中央3-1-6,35.470242,139.457016
認定こども園大野文化幼稚園,神奈川県相模原市南区大野台５丁目１‐１１,35.553505,139.410629
豊泉幼稚園,神奈川県相模原市南区相模台２丁目９‐４,35.517326,139.416504
上田名幼稚園,神奈川県相模原市中央区田名５２６６‐１,35.549774,139.338409
保育園ちびっこはうす,神奈川県相模原市中央区鹿沼台1-13-11カーサ鹿沼台1階,35.567146,139.395752
ちゃいるどほーむ,神奈川県高座郡寒川町岡田２丁目２２番１６号ルヴァンベールⅡ　１F,35.372936,139.388184
メリーポピンズ海老名ルーム,神奈川県海老名市めぐみ町３番１号ＶｉＮＡ ＧＡＲＤＥＮＳ ＰＥＲＣＨ ５階,35.453472,139.38945
チャイルドケアセンター青い鳥溝の口園,神奈川県川崎市高津区下作延2-8-17１階,35.59927,139.607651
湘南台幼稚園,神奈川県藤沢市湘南台7丁目１１－１０,35.397587,139.473999
キッズパートナー弘明寺,神奈川県横浜市南区中里１－２１－１,35.419991,139.596695
グロウアップ  モンテッソーリ子どもの家　立場園,神奈川県横浜市泉区中田西１丁目８－４ガーラレジデンス横浜立場105,35.413494,139.50386
みらいつばさ片倉町保育園,神奈川県横浜市神奈川区片倉二丁目22番5号佐藤ビル1階,35.486771,139.603973
前島保育園,神奈川県横浜市旭区鶴ケ峰2-63-10メゾンド・ド・ノウブル102号室,35.474731,139.550385
保育Roomことり,神奈川県川崎市幸区塚越2-161,35.545105,139.680496
保育所ひまわり２,神奈川県川崎市幸区小倉1-4-14小澤ビル1階,35.54525,139.669373
むつみ愛児園,神奈川県横浜市西区南軽井沢５６,35.468262,139.611511
横浜西口保育園,神奈川県横浜市西区西平沼町４番１号W１０３,35.458572,139.615219
小学館アカデミーまいた保育園,神奈川県横浜市南区宮元町１丁目15番地１エクセルマンション宮元町１階,35.433281,139.614166
小学館アカデミーひよし保育園,神奈川県横浜市港北区箕輪町２－２－１２アリアソワンプレミアム日吉１０１,35.547253,139.644775
小学館アカデミーつなしま保育園,神奈川県横浜市港北区樽町２－１３－２７,35.531261,139.633774
小学館アカデミーりょくえんとし保育園,神奈川県横浜市泉区緑園２ー２ー３,35.438473,139.520721
きっずぷらす,神奈川県川崎市麻生区五力田3-25-1,35.601387,139.490524
スクルドエンジェル保育園　上大岡園,神奈川県横浜市港南区上大岡西二丁目6番27号,35.40522,139.595062
ミアヘルサ保育園ひびき南加瀬,神奈川県川崎市幸区南加瀬3-6-21,35.54491,139.663483
太陽の子保育園シーサーズ,神奈川県川崎市麻生区上麻生2-27-9,35.598846,139.507919
太陽の子保育園ひよこ,神奈川県川崎市麻生区上麻生1-15-9,35.601418,139.507736
キッズハーモニー・ほどがや,神奈川県横浜市保土ケ谷区岩井町１４３番地の２,35.445557,139.599991
コナミスポーツ保育園 希望が丘,神奈川県横浜市旭区東希望が丘１０７,35.461487,139.515198
荏田北幼保連携型認定こども園,神奈川県横浜市青葉区荏田北３丁目６番地１４,35.560158,139.548157
保育ルーム　フェリーチェ　相武台前園,神奈川県座間市相武台2丁目30-35,35.502182,139.413818
大倉山きずな保育園,神奈川県横浜市港北区大倉山三丁目４番31号,35.521088,139.628769
城郷幼稚園,神奈川県横浜市港北区鳥山町７３０番地,35.504108,139.60466
セント・メリー幼稚園,神奈川県横浜市保土ケ谷区月見台３４番６号,35.448215,139.597656
あそびの杜保育園分園,神奈川県横浜市西区久保町久保町２４番３５号,35.448814,139.610992
GENKIDS星川保育園,神奈川県横浜市保土ケ谷区川辺町２－５パークタワー横濱星川１階,35.46064,139.595428
スターチャイルド≪長津田駅前ナーサリー≫,神奈川県横浜市緑区長津田５丁目４番２８ー１号,35.530209,139.497025
イルカ保育園,神奈川県横浜市港北区日吉二丁目４番３号,35.554668,139.646637
若葉保育園　分園,神奈川県横浜市保土ケ谷区保土ケ谷町3-202,35.446545,139.581238
文庫幼稚園,神奈川県横浜市金沢区西柴四丁目２４番１号,35.346218,139.633591
向台保育園,神奈川県横浜市保土ケ谷区川島町734,35.468056,139.568253
港南台きらきら保育園,神奈川県横浜市港南区港南台三丁目17番15号寿屋ビル１階,35.379208,139.577255
にじいろ保育園鴨居,神奈川県横浜市緑区鴨居一丁目15番8号,35.511185,139.567047
ぱぷりか保育園　上大岡,神奈川県横浜市港南区最戸一丁目2番27号St上大岡1階,35.415371,139.598053
小学館アカデミーたまプラーザ保育園,神奈川県横浜市青葉区美しが丘二丁目１８番８,35.580433,139.559906
ドリームマーチ保育園,神奈川県川崎市幸区大宮町2-8イクス川崎ザ・タワー２F,35.530872,139.693542
かしまだ保育園,神奈川県川崎市幸区下平間1-10,35.554272,139.675323
戸部みつばち保育園,神奈川県横浜市西区中央一丁目40番１号Ｃｉｔｙ　Ｌｕｘ　Ｔｏｂｅ １階,35.456184,139.616333
AIAI　NURSERY　向ヶ丘遊園,神奈川県川崎市多摩区登戸1917-1,35.618286,139.562714
にじのそら宮内保育園,神奈川県川崎市中原区宮内4-13-14,35.585274,139.646942
GENKIDS緑園都市保育園,神奈川県横浜市泉区緑園２－１－３プラード２階,35.438934,139.520935
きらきらスマイル保育園,神奈川県川崎市多摩区登戸2437-1トウシンビル１階,35.620438,139.567551
和ごころ小倉第二保育園,神奈川県川崎市幸区小倉3-1043-1,35.541435,139.670761
保育園アンジェ,神奈川県川崎市高津区高津区末長1-21-20　メルベージュ梶ケ谷101,35.599445,139.608063
ヒューマンアカデミー大倉山保育園,神奈川県横浜市港北区師岡町298番地,35.51833,139.635742
MIRATZ湘南平塚保育園,神奈川県平塚市黒部丘6-73シティテラス湘南平塚1階,35.321728,139.340561
空と杜の保育園かんだいじ,神奈川県横浜市神奈川区神大寺三丁目３５－３,35.488384,139.609253
横浜東戸塚雲母保育園,神奈川県横浜市戸塚区品濃町１３０番地の１０,35.423878,139.556396
ゆめいろこども園分園,神奈川県相模原市中央区相模原4-9-6,35.577724,139.377579
まなびの森保育園平塚,神奈川県平塚市宮の前１１番９号,35.332062,139.352722
まなびの森保育園鷺沼,神奈川県川崎市宮前区鷺沼4－２－８,35.582382,139.569839
ミントリーフ元住吉園,神奈川県川崎市中原区木月3-34-5１階,35.561825,139.650375
（分園）みつばち保育園～Flower～,神奈川県川崎市高津区久本３－１－１４,35.598061,139.613159
（本園）みつばち保育園～sunshine～,神奈川県川崎市高津区溝口１丁目２２－２,35.599564,139.61673
川崎協立幼稚園,神奈川県川崎市川崎区大島３丁目5-6,35.521378,139.716507
大楽幼稚園,神奈川県川崎市中原区木月４丁目22-32,35.558609,139.657715
百合丘めぐみ幼稚園,神奈川県川崎市麻生区百合丘１丁目１２,35.605404,139.516937
スターチャイルド≪梶ヶ谷ナーサリー≫,神奈川県川崎市高津区末長1-51-5,35.593578,139.602951
GENKIDS瀬谷保育園,神奈川県横浜市瀬谷区中央１－４スマイルストリート瀬谷３階,35.471012,139.483963
小学館アカデミーかみながや保育園,神奈川県横浜市港南区丸山台一丁目５番９号,35.401962,139.57399
かもめ保育室,神奈川県横須賀市ハイランド,35.220882,139.691467
玉成保育園分園　solana,神奈川県横須賀市三春町3-38,35.26432,139.686707
Thank youキッズ保育園,神奈川県茅ヶ崎市円蔵2512-7コンフォール・タツミ201号,35.345699,139.396912
朝日ルート1保育園,神奈川県茅ヶ崎市茅ヶ崎1-2-66,35.33239,139.402817
はなえみ保育園南林間,神奈川県大和市林間1-20-13シーザースパレス103,35.498169,139.451492
鶴嶺くじら保育園,神奈川県茅ヶ崎市下町屋3丁目4番29号,35.334618,139.390457
ニューライフ幼稚園,神奈川県横浜市神奈川区白楽109番地の４,35.485043,139.631287
育美幼稚園,神奈川県横浜市磯子区岡村四丁目26番７号,35.416653,139.610657
みほ幼稚園,神奈川県横浜市緑区三保町2384番地,35.516094,139.529556
横浜りとるぱんぷきんず,神奈川県横浜市港北区日吉本町四丁目10番49号,35.546082,139.634018
瀬谷すくすく保育園,神奈川県横浜市瀬谷区瀬谷三丁目１９番地２,35.466366,139.486069
グローバルキッズ藤が丘一丁目園,神奈川県横浜市青葉区藤が丘一丁目３１番地１９,35.544945,139.530746
リトルスカラー綱島保育園,神奈川県横浜市港北区綱島西１－２－７細野ビル２階,35.537632,139.635239
Ｍａｐｌｅ　Ｎｕｒｓｅｒｙ　横浜,神奈川県横浜市西区平沼２丁目４－１４ｓｏ２ｆｒｏｎｔ１、２階,35.459305,139.61644
しんざわあゆみ保育室,神奈川県横浜市戸塚区戸塚町３６８０－２ライオンズマンション戸塚第６－１０８,35.395607,139.52829
まなびの森　元住吉わんぱく園,神奈川県川崎市中原区木月2-2-1ｼｬﾝﾌﾞﾚ元住吉2F,35.56535,139.655548
すきっぷドレミ園,神奈川県川崎市宮前区宮崎175-62,35.590809,139.597214
登戸ルミナス保育園,神奈川県川崎市多摩区登戸新町435-1,35.622444,139.568726
野毛山幼稚園,神奈川県横浜市西区老松町３０番地,35.448879,139.625641
ちゅうりっぷ保育園,神奈川県相模原市南区相模大野８－２－７ＬＧ　ＢＬＤＧ　２・３階,35.530918,139.438171
杉田幼児園,神奈川県横浜市磯子区杉田４－６－３１,35.3825,139.620056
みらいみなみりんかん保育園,神奈川県大和市南林間2-3-14,35.497448,139.446594
津久井幼稚園,神奈川県横須賀市津久井1-12-28,35.195705,139.664597
NPO法人ちびっこハウス,神奈川県横浜市瀬谷区三ツ境２４番地８,35.465881,139.503723
GENKIDSいずみ中央保育園,神奈川県横浜市泉区和泉中央南5-13-1エスボックス内,35.413204,139.48732
銀嶺幼稚園,神奈川県横浜市神奈川区松見町２丁目376番地,35.49826,139.637848
池辺白ゆり幼稚園,神奈川県横浜市都筑区池辺町2355番地,35.523838,139.565445
大和つきみ野雲母保育園,神奈川県大和市つきみ野３－１４－１,35.505642,139.456772
優祥会かしまだえきまえ保育園,神奈川県川崎市幸区鹿島田1-10-42階,35.551304,139.674713
有馬白百合幼稚園,神奈川県川崎市宮前区東有馬２丁目３５‐３０,35.573654,139.591888
こうりんじ幼稚園,神奈川県川崎市麻生区細山３丁目2-1,35.616276,139.514496
ちよがおか幼稚園,神奈川県川崎市麻生区金程４丁目25-1,35.614918,139.501373
東林間ちとせ保育園,神奈川県相模原市南区東林間７ー３５ー３,35.514042,139.439041
上鶴間ちとせ保育園,神奈川県相模原市南区上鶴間４ー２６ー４,35.517895,139.448212
エンジェルキッズ鴨宮園,神奈川県小田原市南鴨宮三丁目22番９号,35.270763,139.181305
スターチャイルド《鶴ヶ峰ナーサリー》,神奈川県横浜市旭区鶴ケ峰二丁目１番地１１、１９,35.475758,139.544739
スターチャイルド《片倉町ナーサリー》,神奈川県横浜市神奈川区片倉五丁目３８番１号,35.492203,139.609146
スターチャイルド≪日吉本町ナーサリー≫,神奈川県横浜市港北区日吉本町四丁目１番５４号,35.546989,139.639389
白山幼稚園,神奈川県川崎市幸区北加瀬2-13-2,35.550659,139.661499
平間幼稚園,神奈川県川崎市中原区上平間550,35.560505,139.679626
太陽第一幼稚園,神奈川県川崎市中原区新城４丁目５－１,35.583317,139.629654
太陽第二幼稚園,神奈川県川崎市中原区上小田中6-29-21,35.582775,139.646652
諏訪幼稚園,神奈川県川崎市高津区諏訪２丁目16-18,35.603729,139.629745
若竹幼稚園,神奈川県川崎市高津区子母口406,35.575485,139.628998
川崎たまがわ幼稚園,神奈川県川崎市高津区末長４丁目4-1,35.591892,139.623047
さぎぬま幼稚園,神奈川県川崎市宮前区小台１丁目12-16,35.580185,139.577728
三春台保育園,神奈川県横浜市南区三春台１０７番地,35.442642,139.615692
ひばりっ子保育園,神奈川県座間市ひばりが丘２－４４－３０,35.486069,139.435654
ちぐさ保育園,神奈川県座間市四ツ谷７番地,35.475857,139.390289
ミアヘルサ保育園ひびき羽沢横浜国大,神奈川県横浜市神奈川区羽沢南二丁目44番7号HAZAAR 2階,35.480419,139.585434
白楽あいいく保育園,神奈川県横浜市神奈川区,35.476944,139.62944
伊勢原愛児園　分園わかば,神奈川県伊勢原市沼目1－98－1,35.39444,139.321548
サフォークキッズランド横浜園,神奈川県横浜市旭区二俣川１丁目10番地6,35.462166,139.529404
みらいひまわり保育園,神奈川県座間市入谷東３－８－１３,35.483387,139.404251
フローラル保育園えびな,神奈川県海老名市中央三丁目1番5号スカイビル・エビナ　2階,35.450684,139.391983
チームナーサリーBigHug本郷台,神奈川県横浜市栄区柏陽２番１８号,35.365162,139.555252
みんくいナーサリー,神奈川県三浦郡葉山町堀内718-2,35.276653,139.578644
認定こども園横須賀幼稚園,神奈川県横須賀市本町2-11,35.281406,139.664413
まぼり幼稚園,神奈川県横須賀市馬堀海岸3-11-1,35.260174,139.708603
日吉さくら幼稚園,神奈川県横浜市港北区下田町二丁目１０番７２号,35.559151,139.638733
こうのとり橋本保育園分園,神奈川県相模原市緑区橋本６ー２８ー１７,35.598606,139.342468
綾瀬幼稚園,神奈川県綾瀬市寺尾西2-9-50,35.451374,139.421005
綾瀬こばと幼稚園,神奈川県綾瀬市大上9-15-20,35.466461,139.433838
りょうせい幼稚園,神奈川県綾瀬市吉岡1526,35.42609,139.418701
清川村立清川幼稚園,神奈川県愛甲郡清川村煤ヶ谷2130,35.484276,139.262299
瀬谷駅前保育園,神奈川県横浜市瀬谷区中央３番地６瀬谷駅北口共同ビル１階,35.471313,139.483109
聖ケ丘教育福祉専門学校附属育和幼稚園,神奈川県横浜市保土ケ谷区常盤台７７番３７号,35.477695,139.591324
かぜのね保育園,神奈川県横浜市金沢区並木一丁目２３番６号,35.368172,139.639877
よこはま風の遊育園,神奈川県横浜市南区六ツ川二丁目６８番地１８,35.421337,139.580734
野庭幼稚園,神奈川県横浜市港南区野庭町６３３番地,35.389343,139.572403
楽友庵,神奈川県中郡大磯町大磯1021,35.313828,139.316559
すくすくキッズとらまる保育園,神奈川県横浜市金沢区谷津町３３７番地第１５臼井ビル２階,35.34523,139.623383
木下の保育園中央林間,神奈川県大和市中央林間4-4-3小田急マルシェ中央林間４階,35.508598,139.444412
中央林間ハート保育園,神奈川県大和市中央林間９－１５１３の一部,35.513008,139.449554
かもめと風保育園,神奈川県三浦郡葉山町長柄62番地4,35.283695,139.591141
すきっぷドレミ園分園,神奈川県川崎市宮前区宮崎３－１－１３アズマビル1階,35.590721,139.593689
Thank　youキッズ分園舎,神奈川県茅ヶ崎市松林1丁目１６－３３－３こどもたちのみらい館,35.337635,139.426483
浅田幼稚園,神奈川県川崎市川崎区浅田2-15-5,35.506577,139.702621
第一ひかり幼稚園,神奈川県川崎市川崎区貝塚1-12-12,35.52562,139.703125
川崎ふたば幼稚園,神奈川県川崎市川崎区大師河原2-3-20,35.53577,139.740982
中野島幼稚園,神奈川県川崎市多摩区中野島3-19-2,35.628284,139.550949
東三輪幼稚園,神奈川県川崎市川崎区浜町1-4-15,35.516865,139.716476
三輪幼稚園,神奈川県川崎市川崎区渡田向町4－5,35.522041,139.701797
小峰幼稚園,神奈川県川崎市幸区小倉5-11-5,35.537498,139.667679
第二ひかり幼稚園,神奈川県川崎市幸区古川町16,35.547691,139.681076
元住吉こばと幼稚園,神奈川県川崎市中原区木月3-59-20,35.562553,139.647934
大西学園幼稚園,神奈川県川崎市中原区小杉町2-284,35.578575,139.656799
すみのえ幼稚園,神奈川県川崎市中原区下小田中2-32-20,35.576675,139.641159
宮崎台幼稚園,神奈川県川崎市宮前区宮崎2-3-3,35.589001,139.592361
カリタス幼稚園,神奈川県川崎市多摩区中野島4-6-1,35.629478,139.558594
メロディ宮崎台,神奈川県川崎市宮前区宮崎2-11-14,35.587143,139.593567
認定こども園　相模栄光幼稚園,神奈川県相模原市中央区矢部3-11-13,35.569389,139.384125
hareirokids松が丘保育園,神奈川県茅ヶ崎市松が丘2丁目１３－５アマポーラ湘南1階,35.324669,139.425552
ゆめの木ほいくえん,神奈川県茅ヶ崎市東海岸南5丁目４－２２,35.322357,139.41748
横浜隼人幼稚園,神奈川県横浜市瀬谷区阿久和南一丁目３番地２,35.447624,139.50882
さくらんぼ保育園,神奈川県横浜市港北区日吉本町一丁目２番９号浜大ビル４F,35.554111,139.645935
あーす保育園鶴見中央,神奈川県横浜市鶴見区鶴見中央三丁目３番14号,35.510372,139.682281
チャイルドタイム鹿島田エンゼルホーム,神奈川県川崎市幸区新塚越１－２サウザンドシティ２番館２階,35.549274,139.676758
ひろはたこども園,神奈川県秦野市下大槻138,35.361271,139.258835
大船わかば保育園,神奈川県横浜市栄区笠間一丁目１番１号ルリエ大船１０５,35.355637,139.532043
根岸第二サンフラワー保育園,神奈川県横浜市磯子区西町10番3号ティーリーフ横浜ベイステージ１階,35.416126,139.631943
どんぐり保育室,神奈川県横浜市都筑区牛久保西４－１７－５,35.565216,139.571655
夢見ヶ崎えほんの森保育園,神奈川県川崎市幸区南加瀬３－３－４０,35.544777,139.66626
みらいな保育園,神奈川県川崎市中原区下新城１－１０－８ケイハウス東館１階,35.578747,139.634781
登戸はないろ保育園,神奈川県川崎市多摩区登戸2684-2丸栄向ヶ丘ビル１階,35.616142,139.566269
洋光台保育園,神奈川県横浜市磯子区洋光台３－１８－２６,35.380909,139.596298
ララランド戸塚第３,神奈川県横浜市戸塚区矢部町１７番地１,35.402988,139.536804
ミアヘルサ保育園ひびき綱島,神奈川県横浜市港北区綱島東三丁目５番５号,35.540165,139.64209
反町ひかり保育園,神奈川県横浜市神奈川区神奈川区広台太田町４番１０,35.471306,139.635071
保育室テック・テックROOM,神奈川県横浜市港北区綱島台14番13号,35.54007,139.62851
みんなのほいくえんatとつか,神奈川県横浜市戸塚区戸塚町字二十ノ区4247-21の一部、4247-23の一部,35.401779,139.532898
保育室プリンプリンROOM　本園,神奈川県横浜市港北区綱島西三丁目９番12号,35.538136,139.628983
にじいろ保育園平沼,神奈川県横浜市西区平沼１丁目７番１４号,35.459915,139.619995
保育室プリンプリンROOM 　分園,神奈川県横浜市港北区綱島西三丁目９番14号,35.53801,139.629135
希望ヶ丘プラス保育園,神奈川県横浜市旭区中希望が丘107番地31,35.458828,139.514435
ポートサイド野ばな保育園,神奈川県横浜市神奈川区栄町6番地の1ポートサイドロア参番館103,35.468666,139.629684
にじいろ保育園綱島東,神奈川県横浜市港北区綱島東一丁目１１番２号,35.534962,139.635712
にじいろ保育園箕輪町,神奈川県横浜市港北区箕輪町二丁目５番８号,35.543892,139.64212
トモキッズナーサリーかさま園,神奈川県横浜市栄区笠間五丁目２３番５号,35.360165,139.54155
森幼児園,神奈川県横浜市磯子区森２－１５－４６,35.396633,139.611984
港南中央サンフラワー保育園,神奈川県横浜市港南区港南中央通１２番３１号,35.401524,139.592209
星川ルーナ保育園,神奈川県横浜市保土ケ谷区星川二丁目１８番１号,35.460693,139.59346
森のルーナ保育園,神奈川県横浜市保土ケ谷区常盤台７９番１号,35.476898,139.591476
りとるルーナ保育園,神奈川県横浜市保土ケ谷区星川二丁目１８番２号,35.460735,139.593353
新横浜めぶき保育園,神奈川県横浜市港北区篠原町２５８９番地１ＦＫコート新横浜１０２,35.507874,139.621094
グロウアップモンテッソーリ子どもの家（戸塚園）,神奈川県横浜市戸塚区戸塚町戸塚町４８１２クレール矢沢１階,35.391075,139.527344
preschool COCO ALICE,神奈川県横浜市瀬谷区瀬谷四丁目４番地10ライブゲート瀬谷　A5-2,35.469852,139.482254
弘明寺なぎさ保育園,神奈川県横浜市南区中島町4丁目85番地８織田ビル101、202,35.423782,139.601227
新杉田りあん保育園,神奈川県横浜市磯子区杉田４丁目１番８号ジェイシティ新杉田１０２,35.384388,139.620514
美しの森幼稚園,神奈川県横浜市青葉区新石川２丁目１６番地１７,35.571705,139.55661
あーす保育園保土ケ谷,神奈川県横浜市保土ケ谷区岩井町１３５－６,35.445332,139.600632
あーす保育園横濱戸塚,神奈川県横浜市戸塚区矢部町14-5,35.402988,139.536804
あーす保育園戸塚,神奈川県横浜市戸塚区矢部町３００７－４アンベルジュ１０１,35.407345,139.52832
あーす保育園戸塚Ａｎｎｅｘ,神奈川県横浜市戸塚区矢部町１４－２,35.402988,139.536804
オハナ上永谷保育園,神奈川県横浜市港南区上永谷１－３８－１８,35.405602,139.577942
オハナ鶴ヶ峰保育園,神奈川県横浜市旭区鶴ケ峰２－３０－１,35.475224,139.549194
オハナ鶴見保育園,神奈川県横浜市鶴見区市場下町８－３,35.516212,139.681488
オハナ新羽保育園　分園,神奈川県横浜市港北区新羽町１２８５－１,35.527622,139.609344
オハナ新羽保育園,神奈川県横浜市港北区新羽町１６８５　２階・５階,35.527622,139.609344
きらり保育園吉野町,神奈川県横浜市南区吉野町１－１－５,35.436722,139.622177
ぱぷりか保育園　鶴ヶ峰,神奈川県横浜市旭区鶴ケ峰１丁目２番地８,35.474957,139.546005
スマイルビー保育園,神奈川県横浜市旭区中希望が丘228－19,35.462032,139.506744
もしもしのほし日吉保育園,神奈川県横浜市港北区日吉２丁目３番８号柏屋ビルB1・1階,35.554676,139.646439
コアの木保育園,神奈川県横浜市戸塚区戸塚町10番地ラピス戸塚１　206号,35.400505,139.534561
ポピンズナーサリースクール平沼橋,神奈川県横浜市西区西平沼町２番１９号シティテラス横浜サウス棟１階,35.460526,139.61673
日吉ちとせ保育園,神奈川県横浜市港北区日吉二丁目１０番２３号,35.555878,139.645401
認定こども園　上飯田幼稚園,神奈川県横浜市泉区上飯田町２１０６,35.425987,139.483276
認定こども園しのはら幼稚園,神奈川県横浜市港北区篠原町１１６３,35.499443,139.617691
野庭保育園,神奈川県横浜市港南区野庭町６３５,35.386471,139.571686
キッズフォレ綱島,神奈川県横浜市港北区綱島西１丁目４７３－４,35.537952,139.633224
すまいる十日市場保育園,神奈川県横浜市緑区十日市場町字馬場坂１４８１番地の２０,35.523216,139.516495
アップルミントおおふな保育園,神奈川県横浜市栄区笠間２丁目２０－４１,35.359863,139.536942
幼保連携型認定こども園　ＹＭＣＡ東とつか保育園,神奈川県横浜市戸塚区上品濃１番１５号,35.433834,139.553085
認定こども園　上の原幼稚園,神奈川県横浜市旭区小高町５６番地２,35.462559,139.555099
瀬谷みらい保育園,神奈川県横浜市瀬谷区瀬谷区橋戸二丁目４番地７ヴェルブィル 興英１・３Ｆ,35.468506,139.492432
サクラフェリーチェ保育園　二俣川,神奈川県横浜市旭区旭区二俣川一丁目４１－３二俣川第５ビル　２階,35.474724,139.544724
日吉箕輪えほんの森保育園,神奈川県横浜市港北区箕輪町二丁目13番15号,35.543068,139.645676
SEASON　KID保育園,神奈川県横浜市旭区鶴ヶ峰二丁目21番地５エンドウビル１Ｆ,35.475071,139.548233
キューピールームP-kaboo園,神奈川県横浜市南区白妙町4-42-3藤和阪東橋ハイタウン110,35.435268,139.624649
上郷いちい保育園,神奈川県横浜市栄区野七里１丁目２番３２号,35.350281,139.575378
舞岡保育園,神奈川県横浜市戸塚区舞岡町１９５６,35.388481,139.551941
小学館アカデミーかみおおおか保育園,神奈川県横浜市港南区上大岡東一丁目３番18号,35.41037,139.59726
小学館アカデミーなかやま保育園,神奈川県横浜市緑区台村町３９９,35.509933,139.529739
幼保連携型認定こども園あかいとりこども園,神奈川県横浜市保土ケ谷区権太坂三丁目１番34号,35.438038,139.573456
Ｙｏｋｏｈａｍａ　Ｆｒｏｎｔ　Ｍｕｔｓｕｍｉ　Ｎｕｒｓｅｒｙ,神奈川県横浜市神奈川区鶴屋町１丁目４１番地YOKOHAMA　FRONT　ＴＯＷＥＲ　３階,35.468845,139.624023
サイド・サン保育園,神奈川県横浜市港南区最戸,35.41423,139.595825
幼保連携型認定こども園　和田愛児園,神奈川県横浜市保土ケ谷区和田二丁目16番13号,35.466286,139.585846
かまりや保育園,神奈川県横浜市金沢区釜利谷東一丁目１番３号,35.340996,139.618317
アスノスひらと保育園東戸塚,神奈川県横浜市戸塚区品濃町５１６番地８東戸塚駅東口プラザビル２階,35.430347,139.557571
こもれび保育園根岸園,神奈川県横浜市中区根岸町１-２７-７鈴音根岸ﾊｲﾂ1階,35.419048,139.646164
横浜三輪幼稚園,神奈川県横浜市旭区善部町１０１,35.454594,139.521912
スターチャイルド≪鴨居駅前ナーサリー≫,神奈川県横浜市緑区鴨居一丁目１４番２号,35.510857,139.565689
アップルミントとつか保育園,神奈川県横浜市戸塚区吉田町８９５番地１オリブマンション１階,35.407703,139.537949
スターチャイルド≪日吉本町駅前ナーサリー≫,神奈川県横浜市港北区日吉本町六丁目２番１４号,35.552265,139.632996
クルミ保育園,神奈川県横浜市神奈川区高島台１８番地２,35.472515,139.621643
横浜大谷保育園,神奈川県横浜市港南区上永谷２－１９－９,35.405079,139.570892
ベネッセ 上大岡保育園,神奈川県横浜市港南区上大岡東１－７－４４,35.410618,139.597763
あゆみ保育園 藤が丘,神奈川県横浜市青葉区藤が丘２丁目３０番３号,35.539314,139.525879
あおぞらっこ保育園,神奈川県川崎市中原区下小田中２－４－２７,35.579628,139.640808
カスタッチこどもclub,神奈川県川崎市麻生区はるひ野５－３－７,35.618225,139.466751
hareirokids松浪保育園,神奈川県茅ヶ崎市松浪1丁目５－１,35.330364,139.43428
おかのうえ保育室,神奈川県秦野市南が丘３丁目１－４,35.354507,139.227112
保育園みんなのおうち,神奈川県横浜市都筑区中川中央１－２８－１２フォレストフジ２０１,35.554684,139.580704
白百合光の子幼稚園,神奈川県横浜市南区南太田一丁目３７番１０号,35.437889,139.613922
上川井幼稚園,神奈川県横浜市旭区上川井町１２１２番地６,35.493248,139.503693
くるみ幼稚園,神奈川県横浜市南区中里一丁目２０番２,35.418995,139.595932
三星幼稚園,神奈川県横浜市南区堀ノ内町二丁目２１１番地,35.426979,139.614273
汐見台西幼稚園,神奈川県横浜市磯子区汐見台三丁目３番地,35.402615,139.60408
杉之子幼稚園,神奈川県横浜市西区中央一丁目16番２号,35.453751,139.616577
横浜れんげ幼稚園,神奈川県横浜市南区三春台19,35.440258,139.617493
南白ゆり幼稚園,神奈川県横浜市南区六ツ川三丁目４番地23,35.428539,139.583527
あゆみ幼稚園,神奈川県横浜市港南区港南五丁目１番８号,35.399799,139.592209
保土ケ谷幼稚園,神奈川県横浜市保土ケ谷区桜ケ丘二丁目３番24号,35.449978,139.588104
伸びる会幼稚園,神奈川県横浜市港北区富士塚二丁目13番23号,35.504436,139.633469
寺尾幼稚園,神奈川県横浜市鶴見区北寺尾６丁目１１番９号,35.513027,139.647736
三ツ池幼稚園,神奈川県横浜市鶴見区梶山１丁目１１番６号,35.529556,139.663483
上星川幼稚園,神奈川県横浜市保土ケ谷区上星川１丁目１２番１号,35.469879,139.580582
立正桜ヶ丘幼稚園,神奈川県横浜市保土ケ谷区新桜ケ丘１丁目２２番２号,35.451324,139.563187
かちだ幼稚園,神奈川県横浜市都筑区勝田町２３３番地の２,35.543022,139.590347
善隣館幼稚園,神奈川県横浜市泉区,35.417847,139.488785
向原幼稚園,神奈川県横浜市保土ケ谷区仏向町945番地,35.458366,139.584045
若草幼稚園,神奈川県横浜市保土ケ谷区鎌谷町26番地,35.463223,139.603897
根岸幼稚園,神奈川県横浜市磯子区西町１番地１号,35.418568,139.632492
やまゆり幼稚園,神奈川県横浜市栄区鍛冶ケ谷町４３４番地,35.372143,139.559113
名瀬幼稚園,神奈川県横浜市戸塚区名瀬町７９３番地１,35.434174,139.539948
鶴見大学短期大学部附属三松幼稚園,神奈川県横浜市鶴見区鶴見２丁目１番３号,35.506329,139.6707
スカイハイツ幼稚園,神奈川県横浜市保土ケ谷区天王町２丁目５０番地１,35.455315,139.599426
初音丘幼稚園,神奈川県横浜市保土ケ谷区初音ヶ丘４２番２号,35.448154,139.578064
荏田南幼稚園,神奈川県横浜市都筑区荏田南2丁目5番3号,35.545307,139.55661
こどものまち綱島西保育園,神奈川県横浜市港北区綱島西三丁目21番26号,35.539413,139.628876
冨士見幼稚園,神奈川県横浜市港北区綱島西一丁目12番19号,35.537426,139.634125
風の丘・上大岡東保育園,神奈川県横浜市港南区上大岡東１８番地１８号,35.40958,139.599762
キッズプレイス辻堂,神奈川県茅ヶ崎市赤松町１３－２３シエリア湘南辻堂ゲートハウス1階,35.338383,139.441422
スターチャイルド≪洋光台六丁目ナーサリー≫,神奈川県横浜市磯子区洋光台六丁目３３番２２号,35.371876,139.599304
にじいろ保育園上大岡,神奈川県横浜市港南区最戸一丁目２１番７号,35.414566,139.595078
ニチイキッズ海老名保育園,神奈川県海老名市国分南三丁目４番１４号,35.447811,139.395752
スマイスセレソンスポーツ保育園溝の口,神奈川県川崎市高津区溝口１－１９－１１,35.600777,139.615295
さきがけほいくえん,神奈川県海老名市扇町５－４見世ビル　２階,35.455517,139.387726
りとせ相模大野保育園,神奈川県相模原市南区相模大野3ー14ー2神奈中相模大野ビル4F,35.532875,139.436554
?おれんじハウスおうちde保育園,神奈川県横浜市神奈川区,35.476944,139.62944
育ちあいの家おなり　第二保育室,神奈川県鎌倉市御成町6-12,35.31641,139.547974
アトリエし～はうす保育園,神奈川県鎌倉市常盤64-5,35.331497,139.51799
キディ腰越保育園,神奈川県鎌倉市腰越5-11-17,35.31139,139.493393
きのこ保育園,神奈川県藤沢市羽鳥１－３－１２,35.343536,139.449417
森のエルマー保育園,神奈川県横浜市港北区新吉田東３－６－３３,35.546242,139.617691
どんぐりこども園分園,神奈川県相模原市中央区上溝２４５５,35.552624,139.354355
こひつじこども園,神奈川県相模原市中央区陽光台2-5-11,35.557358,139.374512
こひつじこども園分園,神奈川県相模原市中央区陽光台2-8-21,35.556713,139.371368
認定こども園まあむキッズ相模大野北口,神奈川県相模原市南区相模大野4ー5ー17P101,35.532913,139.431747
ペコちゃんこども園ほりかわ,神奈川県秦野市堀川109-2,35.381008,139.186279
ミルキーホーム平塚園,神奈川県平塚市天沼５－２６,35.334072,139.358047
ぱぷりか保育園平塚,神奈川県平塚市明石町１－１１ａｃｃｅｓｓ湘南平塚１階,35.330837,139.349487
さとの森ヴィラ,神奈川県鎌倉市山ノ内521-4,35.338627,139.54335
みつる保育園,神奈川県横浜市鶴見区本町通４－１７５－３,35.499477,139.685593
松田さくら保育園,神奈川県足柄上郡松田町松田庶子162-1,35.347828,139.133789
認定こども園　まあむキッズ相模大野北口分園,神奈川県相模原市南区相模大野4-5-17相模大野ロビーファイブ2階,35.532913,139.431747
フローラル保育園アネックス,神奈川県海老名市中央３－１－３１階,35.451046,139.39119
公私連携型保育所　キンダーガーデンぷらす,神奈川県海老名市勝瀬175番地の３,35.44656,139.390854
ＹＭＣＡ東かながわ保育園,神奈川県横浜市神奈川区橋本町２－５－３,35.469982,139.63855
お三の宮日枝幼稚園,神奈川県横浜市南区山王町5－37,35.435299,139.615646
しんよしだ幼稚園,神奈川県横浜市港北区新吉田東5丁目51－28,35.539154,139.619614
岩崎学園附属幼稚園,神奈川県横浜市保土ケ谷区仏向西30－17,35.46246,139.574066
岩崎学園附属磯子幼稚園,神奈川県横浜市磯子区田中１丁目１１－５,35.38596,139.606934
横浜女子短期大学附属幼稚園,神奈川県横浜市磯子区洋光台３－３－30,35.378998,139.59404
小規模保育事業　のぞみせや保育園,神奈川県横浜市瀬谷区,35.46603,139.498779
まなびの森　鴨居北こども園,神奈川県横浜市都筑区,35.544842,139.57077
すくすくの杜綱島ＳＳＴ保育園,神奈川県横浜市港北区綱島東四丁目３番42-107号,35.54195,139.641434
冨士見ヶ丘幼稚園,神奈川県横浜市戸塚区原宿四丁目19番2号,35.378887,139.502304
木下の保育園　いずみ,神奈川県海老名市泉２－６－２,35.459862,139.391052
東住吉幼稚園,神奈川県川崎市中原区今井南町10-58,35.572914,139.654343
川崎青い鳥幼稚園,神奈川県川崎市川崎区小田２丁目17-29,35.513561,139.701508
諏訪幼稚園,神奈川県川崎市高津区諏訪,35.60564,139.624542
潮見台みどり幼稚園,神奈川県川崎市宮前区潮見台6-1,35.594418,139.531021
川崎たまがわ幼稚園,神奈川県川崎市高津区末長４丁目4-1,35.591892,139.623047
宮崎台幼稚園,神奈川県川崎市宮前区宮崎2-3-3,35.589001,139.592361
聖クララ幼稚園,神奈川県川崎市川崎区貝塚２丁目8-16,35.523731,139.701859
湘南辻堂はないろ保育園分園,神奈川県茅ヶ崎市赤松町13-41,35.33942,139.440781
桜ヶ丘ゆめいろ保育園,神奈川県大和市福田5506-2ドルチェ桜ヶ丘A棟1F,35.449989,139.466034
たんぽぽ保育園中央林間,神奈川県大和市中央林間2-10-9,35.504749,139.446426
たちばなこども園,神奈川県小田原市小船１７４番地の１,35.302353,139.225555
にじいろ保育園吉田町,神奈川県横浜市戸塚区吉田町1482番地1ガーデングランデ横浜戸塚 1階,35.403496,139.54393
障害児訪問保育アニー,東京都千代田区神田神保町,35.696491,139.759079
ちがさきアカシア保育園,神奈川県茅ヶ崎市本村5-3-34,35.339458,139.411255
みらいしょうなん保育園,神奈川県茅ヶ崎市円蔵262-7,35.344517,139.404343
babyhome,神奈川県川崎市中原区新丸子東1-781-2,35.580547,139.662857
青い鳥こども園,神奈川県横須賀市三春町２－６,35.267525,139.684525
ミアヘルサ保育園ひびき登戸,神奈川県川崎市多摩区登戸3128-2,35.617504,139.571426
天才キッズクラブ楽学館新百合ヶ丘駅園,神奈川県川崎市麻生区上麻生１－３－９,35.602848,139.510025
天才キッズクラブ楽学館登戸園,神奈川県川崎市多摩区登戸２１８４－１トミタヤＢＬＤ　１Ｆ・２Ｆ・３Ｆ,35.619965,139.564957
土橋郁翠保育園,神奈川県川崎市宮前区土橋１丁目６ー３４,35.586643,139.578629
nan,神奈川県横浜市旭区二俣川２－５７－５二俣川メディカルビル　２Ｆ,35.460583,139.532974
nan,神奈川県横浜市中区住吉町６－７２シャンローゼ関内　８０１,35.447948,139.634537
nan,神奈川県横浜市青葉区青葉台１－１３－１３,35.545071,139.517273
nan,神奈川県横浜市西区みなとみらい４－６－５リーフみなとみらい　３Ｆ,35.459534,139.629303
nan,神奈川県横浜市都筑区すみれが丘４２－１０,35.565102,139.580505
nan,神奈川県横浜市中区根岸旭台３７－１４,35.419476,139.634979
nan,神奈川県横浜市中区山下町５０－１ザコンチネンタル横浜　５Ｆ,35.446236,139.644379
nan,神奈川県横浜市緑区霧が丘３－２－１２マノワ－ル　２１２,35.518192,139.50412
nan,神奈川県横浜市港北区小机町３２１１職員宿舎Ａ棟　１Ｆ,35.510883,139.611008
nan,神奈川県横浜市戸塚区原宿３－６０－２,35.380184,139.504578
nan,神奈川県横浜市南区通町２－３９－１２ライオンズマンション通町　１Ｆ,35.426872,139.604553
nan,神奈川県横浜市金沢区六浦東１－３１－１,35.320663,139.623978
nan,神奈川県横浜市中区新山下３－２－４１,35.437172,139.662857
nan,神奈川県横浜市南区浦舟町４－５７,35.433781,139.624664
nan,神奈川県横浜市神奈川区三ツ沢西町１－１,35.469101,139.605103
nan,神奈川県横浜市磯子区丸山１－２６－２７職員宿舎　１Ｆ,35.423389,139.618134
nan,神奈川県横浜市緑区緑区十日市場町１７２６－４,35.512321,139.537964
nan,神奈川県横浜市青葉区荏田町４２３－２プラネット青木　２Ｆ,35.560001,139.557465
nan,神奈川県横浜市緑区霧が丘６－１０－２美喜ハイツ　１０１,35.511265,139.498413
nan,神奈川県横浜市栄区桂町１３２,35.363491,139.549988
nan,神奈川県横浜市港北区日吉本町１－５－４１坂口屋日吉ビル２Ｆ,35.553978,139.644867
nan,神奈川県横浜市港北区綱島西２－１３－１２階,35.536095,139.63063
nan,神奈川県横浜市緑区長津田４－５－３,35.532669,139.494308
nan,神奈川県横浜市緑区寺山町１３８－３,35.511959,139.537979
nan,神奈川県横浜市青葉区あざみ野１－７－１ゴールドワンあざみ野２Ｆ,35.570915,139.553497
nan,神奈川県横浜市青葉区美しが丘１－６－５コメールビル２Ｆ,35.578476,139.556152
nan,神奈川県横浜市都筑区茅ケ崎中央17-12ヒロガーデンセンター南１Ｆ,35.541965,139.571671
nan,神奈川県横浜市都筑区中川中央１－３８－１プレヤデス２０００　２Ｆ,35.555149,139.580261
nan,神奈川県横浜市青葉区美しが丘５－２４－４８,35.57513,139.550308
nan,神奈川県横浜市中区弁天通３－４３－１サングレイス関内　２Ｆ,35.447952,139.638245
nan,神奈川県横浜市西区みなとみらい５－３－３パシフィックロイヤルコートみなとみらいアーバンタワー　１Ｆ,35.462017,139.631989
nan,神奈川県横浜市都筑区中川中央１－３４－１５N-SQUARE　２Ｆ,35.555981,139.578995
nan,神奈川県横浜市西区戸部本町４４－１０,35.457325,139.620667
nan,神奈川県横浜市旭区四季美台７２－１Sロークス　２Ｆ,35.471851,139.538437
nan,神奈川県横浜市鶴見区岸谷１－１６－１５,35.497448,139.662994
nan,神奈川県横浜市港北区小机町５８－１カーネルライフ２　１Ｆ,35.51022,139.585251
nan,神奈川県横浜市中区本牧間門１６－５,35.420151,139.658066
nan,神奈川県横浜市都筑区仲町台１－２４－２２,35.535057,139.587738
nan,神奈川県横浜市中区常磐町１－７,35.444897,139.638885
nan,神奈川県横浜市港北区大豆戸町５９４１Ｆ,35.513493,139.625656
nan,神奈川県横浜市青葉区桜台１０－３,35.552364,139.518066
nan,神奈川県横浜市西区みなとみらい４－４－２横浜ブルーアベニュー　１Ｆ,35.459976,139.626724
nan,神奈川県横浜市中区翁町１－５－５関内スクエァービル　２Ｆ,35.441391,139.637482
nan,神奈川県横浜市都筑区茅ケ崎中央６－１９おとめクリニック　４Ｆ,35.543091,139.574234
nan,神奈川県横浜市神奈川区広台太田町１－１横浜銀行アイスアリーナ　１Ｆ,35.475845,139.630051
nan,神奈川県横浜市西区高島２－６－３８岩井ビル　２０５,35.461193,139.623596
nan,神奈川県横浜市保土ケ谷区上星川３－７－２０,35.467972,139.578033
nan,神奈川県横浜市港北区下田町５－２９－２３下田ビル　１Ｆ,35.557907,139.626923
nan,神奈川県横浜市鶴見区下野谷町３－８８－１,35.498268,139.681458
nan,神奈川県横浜市神奈川区松本町１－５－３ライオンズマンション横浜反町　１０１,35.475842,139.624557
nan,神奈川県横浜市西区みなとみらい３－７－３　６Ｆ,35.459087,139.632996
nan,神奈川県横浜市青葉区市ケ尾町１０５２－２オークハーモニー市ヶ尾　２Ｆ,35.548798,139.540115
nan,神奈川県横浜市神奈川区三ツ沢上町２６－２５,35.48119,139.606598
nan,神奈川県横浜市南区榎町２－６０－４,35.42955,139.613388
nan,神奈川県横浜市青葉区たちばな台２－１４－３－１０１,35.557384,139.512939
nan,神奈川県横浜市都筑区仲町台１－１５－１５磯部ビル　２Ｆ,35.534611,139.590515
nan,神奈川県横浜市戸塚区戸塚町３９３５桜ハウス２０１,35.396442,139.530731
nan,神奈川県横浜市泉区新橋町１１９７－７,35.433979,139.513596
nan,神奈川県横浜市都筑区池辺町４３２８２Ｆ,35.523605,139.568665
nan,神奈川県横浜市泉区西が岡３－１０－１,35.421669,139.513229
nan,神奈川県横浜市西区中央１－３１－６ナガタビル　１Ｆ,35.456047,139.618652
nan,神奈川県横浜市都筑区東山田２－１９－７,35.564075,139.600281
nan,神奈川県横浜市緑区長津田みなみ台４－３－１,35.521374,139.500671
nan,神奈川県横浜市緑区中山５－１４－２０,35.510658,139.542587
nan,神奈川県横浜市都筑区勝田南１－１－４０プレンティーヒルズ　１０２,35.539539,139.586273
nan,神奈川県横浜市西区浅間町１－１７－２－１０２,35.464851,139.611267
nan,神奈川県横浜市神奈川区反町３－２２－２柿田ビル　１Ｆ,35.475964,139.626144
nan,神奈川県横浜市磯子区杉田４－２－１５メゾンドヴァロン　１Ｆ,35.383896,139.620224
nan,神奈川県横浜市青葉区もえぎ野６－２NKSビル　１Ｆ,35.546513,139.52565
nan,神奈川県横浜市鶴見区寺谷１－７－２２アンブリン鶴見　１Ｆ,35.509926,139.66951
nan,神奈川県横浜市西区高島１－１－１,35.463299,139.625732
nan,神奈川県横浜市港北区箕輪町２－１３－１５,35.543068,139.645676
nan,神奈川県横浜市保土ケ谷区川辺町３２－５NIFTY星川　１Ｆ,35.462143,139.594116
nan,神奈川県横浜市青葉区荏田町２３６１－３林ビル　１Ｆ,35.558414,139.551727
nan,神奈川県横浜市青葉区あざみ野２－３０あざみ野三規庭　２Ｆ,35.569019,139.545197
nan,神奈川県横浜市神奈川区栄町１６－１アミティ横浜　１Ｆ,35.469318,139.633041
nan,神奈川県横浜市南区吉野町１－３,35.436985,139.622528
nan,神奈川県横浜市鶴見区鶴見区鶴見中央４－２－９横山ビル　１、２、３Ｆ,35.502499,139.671082
nan,神奈川県横浜市中区本牧和田２６－９本牧パークハウス　１０２,35.421429,139.659058
nan,神奈川県横浜市西区楠町１６－１４カンフリエ　１Ｆ,35.466648,139.612839
nan,神奈川県横浜市西区楠町１８－１エムエムワイビル　２Ｆ,35.466072,139.612427
nan,神奈川県横浜市青葉区美しが丘２－１４－４KMビル　３Ｆ,35.579254,139.560089
nan,神奈川県横浜市西区みなとみらい５－３－１－２０１,35.462017,139.631989
nan,神奈川県横浜市戸塚区矢部町７４グランデール戸塚２－Ａ,35.403709,139.536057
nan,神奈川県横浜市西区岡野２－１５－３１クレセント・TF　１Ｆ,35.462833,139.613007
nan,神奈川県横浜市都筑区中川中央１－１－５YOTSUBAKO　４Ｆ,35.553467,139.578354
nan,神奈川県横浜市旭区さちが丘１４５－２オーバーヒルズ１番館　１Ｆ,35.458862,139.530914
nan,神奈川県横浜市港北区樽町１－２－１５,35.524929,139.633957
nan,神奈川県横浜市都筑区茅ケ崎中央５２－２ライオンズマンション　３０１,35.545692,139.576584
nan,神奈川県横浜市戸塚区東俣野町９１１,35.364292,139.492889
nan,神奈川県横浜市都筑区荏田東町４２７９－３,35.554234,139.566605
nan,神奈川県横浜市神奈川区西神奈川１－２－２,35.477955,139.631378
nan,神奈川県横浜市中区日ノ出町１－２００日ノ出サクアス　２０１,35.444881,139.626968
nan,神奈川県横浜市港北区綱島東５－７－３７,35.539864,139.648788
nan,神奈川県横浜市港北区綱島西２－１２－１０サンモール綱島　２Ｆ,35.536133,139.631592
nan,神奈川県横浜市西区南幸２－２１－５ヤナガワビル　１Ｆ,35.46381,139.615219
nan,神奈川県横浜市青葉区美しが丘２－２０－６フォーレスト　１Ｆ,35.58012,139.558563
nan,神奈川県横浜市中区太田町６－７５　２Ｆ,35.449341,139.634598
nan,神奈川県横浜市都筑区茅ケ崎中央１７－３０,35.542145,139.572418
nan,神奈川県横浜市都筑区荏田東４－９－８,35.545742,139.569214
nan,神奈川県横浜市緑区長津田みなみ台４－３－１,35.521374,139.500671
nan,神奈川県横浜市神奈川区西神奈川３－１７－１０小柴ビル　１Ｆ,35.485443,139.627457
nan,神奈川県横浜市青葉区榎が丘１４－３サンクレスト青葉台　１０３、１０５,35.541733,139.512741
nan,神奈川県横浜市泉区和泉中央北１－４０－４０,35.422523,139.500916
nan,神奈川県横浜市中区相生町３－６１泰生ビル　５０７,35.446896,139.637436
nan,神奈川県横浜市都筑区北山田１－１５－１,35.560631,139.59697
nan,神奈川県横浜市青葉区藤が丘２－４－８飯田ビル　１Ｆ,35.544201,139.526993
nan,神奈川県横浜市都筑区中川中央１－２９－２４アビテノール　３Ｆ,35.55431,139.580154
nan,神奈川県横浜市都筑区仲町台１－３－７ヤマヒョウビルＢ館　１Ｆ,35.534763,139.58905
nan,神奈川県横浜市戸塚区矢部町４２５－１,35.407345,139.52832
nan,神奈川県横浜市都筑区中川中央１－８－１１グランドールセンター北　１０１,35.551903,139.576843
nan,神奈川県横浜市瀬谷区瀬谷２－４７－１７桜井貸店舗　１Ｆ,35.466702,139.489929
nan,神奈川県横浜市鶴見区豊岡町７－１８住友生命鶴見分館　２Ｆ,35.507812,139.674393
nan,神奈川県横浜市中区元町２－９５－２元町YNビル　１・２Ｆ,35.440617,139.649216
nan,神奈川県横浜市港北区師岡町７００トレッサ横浜南棟　１Ｆ,35.524197,139.645462
nan,神奈川県横浜市青葉区新石川２－１４－２サバスタマプラーザ　１０２,35.57254,139.555511
nan,神奈川県横浜市保土ケ谷区狩場町２００－７,35.43996,139.576462
nan,神奈川県横浜市港南区大久保１－１５－２０Ｋパレス大久保　１Ｆ,35.409115,139.592056
nan,神奈川県横浜市港南区港南区大久保１－１８－６メゾンひまわり　１０１,35.40472,139.589996
nan,神奈川県横浜市旭区上白根２－３８９－３,35.49287,139.539261
nan,神奈川県横浜市瀬谷区三ツ境５－５グレートヒル三ツ境,35.468998,139.501801
nan,神奈川県横浜市鶴見区鶴見中央５－１１－８,35.503868,139.677795
nan,神奈川県横浜市神奈川区菅田町１７８１－１リアンかながわ内,35.498062,139.585815
nan,神奈川県横浜市神奈川区羽沢町２－１特別養護老人ホーム太陽の家横濱羽沢,35.484226,139.596176
nan,神奈川県横浜市都筑区大丸８－４都筑岩澤ビル　３Ｆ,35.537064,139.558411
nan,神奈川県横浜市泉区上飯田町４５５２－１０,35.442467,139.479553
nan,神奈川県横浜市金沢区福浦３－９,35.344501,139.651031
nan,神奈川県横浜市泉区弥生台５５－５５,35.425915,139.503357
nan,神奈川県横浜市戸塚区戸塚町３９７０－５２Ｆ,35.397507,139.530991
nan,神奈川県横浜市戸塚区吉田町５７９－１,35.405384,139.53775
nan,神奈川県横浜市戸塚区舞岡町３４８２東子寮　１・２Ｆ,35.410053,139.552277
nan,神奈川県横浜市旭区鶴ヶ峰２－５１－１,35.475075,139.552124
nan,神奈川県横浜市保土ケ谷区狩場町２１９丸大狩場ビル　２Ｆ,35.433792,139.57634
nan,神奈川県横浜市緑区寺山町７２９,35.502277,139.541626
nan,神奈川県横浜市旭区上川井町２６９４－２０,35.502094,139.50032
nan,神奈川県横浜市緑区十日市場町８０１－８ホーメストプラザ東館　２０７－２,35.52491,139.516251
nan,神奈川県横浜市港北区大豆戸町８９－５シニアハウス＋　１Ｆ,35.51799,139.63327
nan,神奈川県横浜市港北区樽町１－１－１０,35.525803,139.633575
nan,神奈川県横浜市神奈川区大口通１２８－９,35.490494,139.645599
nan,神奈川県横浜市青葉区市ケ尾町１１６７－３メゾンラフォレ　１０５,35.554428,139.539917
nan,神奈川県横浜市都筑区中川中央１－３９－１１,35.555389,139.580994
nan,神奈川県横浜市都筑区中川中央１－３９－３７－１０１,35.554977,139.58168
nan,神奈川県横浜市西区みなとみらい４－４－１横浜野村ビル　１Ｆ,35.459259,139.626877
nan,神奈川県横浜市鶴見区末広町１－７－２２,35.487366,139.684341
nan,神奈川県横浜市都筑区見花山１２－２３,35.537392,139.555359
nan,神奈川県横浜市鶴見区鶴見中央４－２８－１９野田屋ビル　３Ｆ,35.507984,139.679138
nan,神奈川県横浜市神奈川区金港町２－１パークタワー横浜ポートサイド　１Ｆ,35.467693,139.627457
nan,神奈川県横浜市都筑区茅ケ崎東３－６－２６シズコスタⅢ　１Ｆ,35.541161,139.580322
nan,神奈川県横浜市緑区中山４－２５－９,35.511398,139.543167
nan,神奈川県横浜市西区みなとみらい２－２－１横浜ランドマークタワー　１３Ｆ,35.455093,139.631454
nan,神奈川県横浜市港北区篠原東２－１１－１６加藤東ハイツ　１０１，１０２,35.50037,139.624619
nan,神奈川県横浜市港北区篠原東３－２０－１９,35.50098,139.62355
nan,神奈川県横浜市港南区上大岡西３－１０－１,35.40329,139.597839
nan,神奈川県横浜市磯子区磯子１－４－８８,35.411629,139.62677
nan,神奈川県横浜市港南区港南５－１５－１３,35.394894,139.595383
nan,神奈川県横浜市磯子区磯子１－１－１３５,35.414276,139.626602
nan,神奈川県横浜市青葉区あざみ野南２－１－２１ベオラプレイス　１Ｃ,35.562141,139.552521
nan,神奈川県横浜市戸塚区川上町８０４－１０,35.436596,139.543518
nan,神奈川県横浜市港北区高田町２５０３－１やまびこクリニック　２Ｆ,35.558693,139.618759
nan,神奈川県横浜市南区南太田１－２７－１９MK南太田　１０２,35.437634,139.614822
nan,神奈川県横浜市旭区中希望が丘７２－２,35.459164,139.516159
nan,神奈川県横浜市港北区新吉田東５－１６－１８,35.540073,139.624329
nan,神奈川県横浜市磯子区汐見台１－６－５,35.402256,139.609131
nan,神奈川県横浜市中区山下町１３４,35.441952,139.647278
nan,神奈川県横浜市中区山下町２７３JPT元町ビル　２Ｆ,35.440315,139.644592
nan,神奈川県横浜市戸塚区戸塚町１１６まことビル　２Ｆ,35.398556,139.53183
nan,神奈川県横浜市栄区小菅ケ谷３－４５－３７,35.370331,139.556046
nan,神奈川県横浜市神奈川区菅田町２６２８－４サポートセンター　２Ｆ,35.497742,139.597504
nan,神奈川県横浜市港北区鳥山町１２７８,35.505032,139.607513
nan,神奈川県横浜市戸塚区吉田町２９２,35.404385,139.538681
nan,神奈川県横浜市青葉区市ケ尾町１０６３－１エクセル市ヶ尾　２Ｆ,35.551044,139.541061
nan,神奈川県横浜市戸塚区品濃町５４８－１２NSビル２　２０１,35.431778,139.558746
nan,神奈川県横浜市鶴見区梶山２－６－１２,35.526257,139.657074
nan,神奈川県横浜市港南区港南台１－１－１２レアシュロス港南台　１Ｆ,35.381096,139.578506
nan,神奈川県横浜市金沢区並木２－８－１なみきリハビリテーション病院,35.36293,139.638062
nan,神奈川県横浜市中区山手町６６－２,35.437088,139.650116
nan,神奈川県横浜市神奈川区松ケ丘３－１４,35.474758,139.620743
nan,神奈川県横浜市緑区十日市場町８７１－１０ウィライブ十日市場　１０３,35.526562,139.514511
nan,神奈川県横浜市都筑区中川中央１－３８－２２アルファビル　２Ｂ,35.555046,139.580399
nan,神奈川県横浜市瀬谷区阿久和南２－３－９ポーラスター阿久和　４０６,35.446564,139.502869
nan,神奈川県横浜市青葉区鉄町２２０１－５,35.569847,139.527939
nan,神奈川県横浜市神奈川区西神奈川１－１３－１０,35.480434,139.630783
nan,神奈川県横浜市港南区港南台３－２－１０,35.375286,139.579254
nan,神奈川県横浜市鶴見区下末吉６－２２－１７パークテラス三ツ池　１Ｆ,35.522408,139.667542
nan,神奈川県横浜市港北区新羽町８６８,35.523987,139.614426
nan,神奈川県横浜市港北区日吉５－２４－３３Day日吉　２Ｆ,35.54874,139.655701
nan,神奈川県横浜市港南区港南台２－７－７第二寺田ビル　１０１,35.376785,139.581177
nan,神奈川県横浜市瀬谷区瀬谷１－２３－８,35.466682,139.492157
nan,神奈川県横浜市緑区鴨居３－３１－２,35.507065,139.57016
nan,神奈川県横浜市鶴見区下野谷町４－１４５－１８,35.498684,139.684082
nan,神奈川県横浜市保土ケ谷区釜台町４３－１,35.472542,139.583527
nan,神奈川県横浜市磯子区磯子２－２０－４５,35.407162,139.621063
nan,神奈川県横浜市港南区笹下４－１２－３５,35.388451,139.596832
nan,神奈川県横浜市都筑区池辺町２１８８－２,35.527195,139.568451
nan,神奈川県横浜市保土ケ谷区岩井町２１５,35.44231,139.604874
nan,神奈川県横浜市旭区上白根町１４３７－１,35.499825,139.525879
nan,神奈川県横浜市戸塚区戸塚町３９４０,35.396442,139.530731
nan,神奈川県横浜市南区大岡５－４－８,35.414577,139.599762
nan,神奈川県横浜市港南区丸山台２－４１－３,35.398708,139.573013
nan,神奈川県横浜市港南区笹下３－４１－１３,35.387501,139.601746
nan,神奈川県横浜市栄区元大橋１－４８－１４,35.369507,139.565247
nan,神奈川県横浜市磯子区久木町１－１７,35.416584,139.623581
nan,神奈川県横浜市保土ケ谷区狩場町１４３－２,35.445789,139.578674
nan,神奈川県横浜市神奈川区六角橋４－４－１ロフティハウス六角橋,35.486298,139.617371
nan,神奈川県横浜市港北区大豆戸町１０３８－２,35.518291,139.627335
nan,神奈川県横浜市保土ケ谷区天王町２－４２－１５,35.455952,139.600082
nan,神奈川県横浜市中区本牧町２－３２７,35.430012,139.660919
nan,神奈川県横浜市旭区市沢町１１１９,35.459843,139.554672
nan,神奈川県横浜市神奈川区幸ケ谷１６－２,35.472843,139.629166
nan,神奈川県横浜市金沢区釜利谷東６－２２－１６,35.346664,139.608215
nan,神奈川県横浜市南区井土ケ谷下町３８－７,35.432514,139.604843
nan,神奈川県横浜市南区新川町１－１－１２,35.435787,139.62149
nan,神奈川県横浜市青葉区黒須田３３－１ピュアコートあざみ野,35.568722,139.534286
nan,神奈川県横浜市港北区日吉５－２３－４６リバーサイド日吉,35.546631,139.655487
nan,神奈川県横浜市港北区新吉田３２３８,35.54163,139.608063
nan,神奈川県横浜市旭区都岡町１９－７,35.486431,139.522308
nan,神奈川県横浜市都筑区池辺町４５７１－１パストラル　２０１,35.512974,139.567917
nan,神奈川県横浜市鶴見区駒岡３－２－２１パークハイツ三ツ池,35.52494,139.656418
nan,神奈川県横浜市都筑区荏田南５－８－１３みずきフード　１Ｆ,35.548286,139.560959
nan,神奈川県横浜市青葉区美しが丘２－２０－１GRANDたまプラーザ　２０３,35.58012,139.558563
nan,神奈川県横浜市都筑区荏田南２－７－６Ａ１０１,35.54567,139.556686
nan,神奈川県横浜市鶴見区豊岡町２１－１８STマンション　１Ｆ,35.51088,139.675232
nan,神奈川県横浜市港北区菊名４－５－２４,35.508865,139.63501
nan,神奈川県横浜市港北区篠原西町１８－１７T.Hビル　１階Ｂ号室,35.493073,139.620407
nan,神奈川県横浜市泉区中田南１－１９－１３ビューバレー踊場　１０２,35.407314,139.515488
nan,神奈川県横浜市都筑区茅ケ崎中央７－１０アートヒルズセンター南　１Ｆ,35.543175,139.574997
nan,神奈川県横浜市都筑区佐江戸町２２６６－４,35.516506,139.557297
nan,神奈川県横浜市金沢区富岡東２－５－２１,35.37635,139.6362
nan,神奈川県横浜市金沢区釜利谷東２－６－２２,35.344265,139.613876
nan,神奈川県横浜市金沢区泥亀２－８－９岩瀬ビル　２Ｆ,35.337406,139.624969
nan,神奈川県横浜市港南区丸山台１－１６－１３,35.402061,139.569824
nan,神奈川県横浜市青葉区元石川町４３００３Ｆ,35.580078,139.546188
nan,神奈川県横浜市泉区和泉町６２１４－１相鉄ライフいずみ野　２Ｆ,35.426022,139.495132
nan,神奈川県横浜市鶴見区栄町通１－９－６,35.507927,139.691162
nan,神奈川県横浜市都筑区茅ケ崎中央３９－３グランシェル　２Ｆ,35.54707,139.571396
nan,神奈川県横浜市金沢区釜利谷東２－１７－７,35.343594,139.619354
nan,神奈川県横浜市都筑区中川１－５－１７ヒルズオカモト　２０２,35.562653,139.56897
nan,神奈川県横浜市鶴見区豊岡町１８－１ミナールビル　４Ｆ,35.508888,139.675858
nan,神奈川県横浜市栄区小菅ケ谷１－２２－２ブランズシティ本郷台リバーサイドテラス　１Ｆ,35.365425,139.543625
nan,神奈川県横浜市栄区金井町２０,35.37215,139.524811
nan,神奈川県横浜市都筑区中川１－１６－１４２Ｆ,35.562565,139.572357
nan,神奈川県横浜市旭区中尾２－３－２,35.468315,139.524734
nan,神奈川県横浜市金沢区富岡東６－１６－１,35.361031,139.631622
nan,神奈川県横浜市港南区芹が谷２－５－１,35.420456,139.573257
nan,神奈川県横浜市緑区竹山３－１－１１,35.49707,139.561279
nan,神奈川県横浜市緑区十日市場町８４０－３,35.523003,139.514755
nan,神奈川県横浜市旭区矢指町１１９７－１,35.476376,139.502441
nan,神奈川県横浜市港南区日野南３－７－１０,35.375416,139.570419
nan,神奈川県横浜市神奈川区羽沢町８８８,35.485615,139.588242
nan,神奈川県横浜市神奈川区鶴屋町１－６６－９JR横浜鶴屋町ビル　３Ｆ,35.468845,139.624023
nan,神奈川県横浜市神奈川区大口通８０NSKハイツ大口　１－Ａ,35.494499,139.645035
nan,神奈川県横浜市中区本町６－５０－１０　２Ｆ,35.450195,139.634903
nan,神奈川県横浜市港北区綱島西２－１３－１６第１吉田ビル　１Ｆ,35.536255,139.630295
nan,神奈川県横浜市中区北仲通５－５７－２北仲ブリック＆ホワイト　２Ｆ,35.450916,139.636551
nan,神奈川県横浜市港北区綱島西２－１１－６ベルク港北綱島　１Ｆ,35.535473,139.6315
nan,神奈川県横浜市港北区樽町３－１０－５マンションアムール　１０３,35.532837,139.642212
nan,神奈川県横浜市泉区上飯田町２０７９－１,35.423927,139.484116
nan,神奈川県横浜市戸塚区戸塚町６００５－８フローリッシュヒルズ　１階Ａ号室,35.391075,139.527344
nan,神奈川県横浜市港南区上大岡西２－１５－１７,35.40448,139.593964
nan,神奈川県横浜市都筑区中川中央１－３８－１０,35.555271,139.580994
nan,神奈川県横浜市旭区笹野台１－１－４３第２廣島ビル　アーバンスクウェア　３Ｆ,35.468945,139.503036
nan,神奈川県横浜市都筑区茅ケ崎中央１７－２２プルミエールセンター南　１Ｆ,35.542419,139.571609
nan,神奈川県横浜市西区みなとみらい５－１－１横浜グランゲート　１Ｆ,35.461781,139.628113
nan,神奈川県横浜市青葉区新石川２－３１－２１,35.571003,139.560715
nan,神奈川県横浜市青葉区寺家町１１２,35.569695,139.50972
nan,神奈川県横浜市中区末吉町２－２８THE RESIDENCE HARU　１Ｆ,35.441505,139.626617
nan,神奈川県横浜市南区中島町４－８６矢野ビル　１Ｆ,35.423656,139.601578
nan,神奈川県横浜市港南区上大岡西３－１１－２グレイス上大岡　１Ｆ,35.401917,139.598221
nan,神奈川県横浜市旭区二俣川１－４５－４１関本ビル　１Ｆ,35.465797,139.530426
nan,神奈川県横浜市金沢区能見台通８－７柴田ビル　１Ｆ,35.360748,139.627899
nan,神奈川県横浜市泉区和泉中央南５－３－２９１Ｆ,35.416279,139.486786
nan,神奈川県横浜市戸塚区吉田町６３１－１元町清水ビル　１Ｆ,35.406246,139.537949
nan,神奈川県横浜市泉区和泉中央南５－４－１１,35.415619,139.487167
nan,神奈川県横浜市青葉区荏田北２－５－３７,35.555336,139.544159
nan,神奈川県横浜市保土ケ谷区和田１－１８－３３山中ビル　１Ｆ,35.465302,139.588211
nan,神奈川県横浜市鶴見区寺谷２－１－１３,35.510757,139.672897
nan,神奈川県横浜市南区共進町３－６３NLレジデンス　２０１,35.429691,139.611404
nan,神奈川県横浜市南区吉野町２－５サウスライン横浜　１Ｆ,35.435867,139.620819
nan,神奈川県横浜市港北区菊名１－５－１５妙蓮寺第４橘ビル　１Ｆ,35.498135,139.63237
nan,神奈川県横浜市神奈川区西神奈川1-6-15サクラビル405,35.478397,139.632355
nan,神奈川県横浜市神奈川区鶴屋町2-21-1サントーコーダイヤビル　5F,35.469406,139.621307
nan,神奈川県横浜市西区高島2-11-2スカイメナー横浜519,35.463028,139.622208
nan,神奈川県横浜市西区岡野１－１０－３ストーク横浜参番館　１０１,35.462296,139.616547
nan,神奈川県横浜市戸塚区前田町５０３－２コーエービル　２Ｆ,35.427097,139.554199
nan,神奈川県横浜市保土ケ谷区坂本町６８－１LIEN横濱上星川　１０１,35.465866,139.579773
nan,神奈川県横浜市西区北幸1-11-1水信ビル７F,35.468071,139.618851
nan,神奈川県横浜市鶴見区北寺尾６－３０－１２,35.514721,139.649292
nan,神奈川県横浜市神奈川区新子安１－３７－１日産ウェルフェア横浜　２Ｆ,35.490883,139.65564
nan,神奈川県横浜市西区平沼１－４０－１７モンテベルデ横浜　２Ｆ,35.461876,139.619858
nan,神奈川県横浜市中区小港町１－４－１６石井ビル　２Ｆ,35.434216,139.662674
nan,神奈川県横浜市南区南太田１－３４－７南太田越石ビル　１Ｆ,35.438534,139.615372
nan,神奈川県横浜市南区睦町１－１７－４,35.431782,139.617508
nan,神奈川県横浜市南区永田北３－３－７ソレイユ　２０１,35.4384,139.588013
nan,神奈川県横浜市西区みなとみらい２－３－６,35.456661,139.634018
nan,神奈川県横浜市旭区二俣川１－２－１ライオンズステーションプラザ　２０４,35.464661,139.533386
nan,神奈川県横浜市旭区柏町１２７相鉄南万騎が原第４ビル,35.451874,139.52533
nan,神奈川県横浜市旭区上川井町１４３７－４,35.491932,139.499832
nan,神奈川県横浜市戸塚区戸塚町１０ラピス戸塚１－２Ｆ,35.400505,139.534561
nan,神奈川県横浜市都筑区荏田南４－２２－８,35.550594,139.556335
nan,神奈川県横浜市青葉区奈良町１５６６－２４,35.564983,139.476746
nan,神奈川県横浜市戸塚区上倉田町７９－１中外製薬株式会社　中外ライフサイエンスパーク横浜内,35.393764,139.540131
nan,神奈川県横浜市戸塚区平戸３－２１－２７横浜平成学園子育て支援棟　３Ｆ,35.432972,139.569565
nan,神奈川県横浜市港南区港南台５－１９－１５サウスポートベース小原　２０３,35.370193,139.582855
nan,神奈川県横浜市港北区綱島東２－２－１４－２Ｆ,35.538048,139.636902
nan,神奈川県横浜市緑区東本郷６－８－７１Ｆ,35.512726,139.580719
nan,神奈川県横浜市中区南仲通２－２５－２,35.44767,139.639481
nan,神奈川県横浜市青葉区奈良２－８－５,35.55183,139.489395
nan,神奈川県横浜市戸塚区吉田町９４２,35.409088,139.539688
nan,神奈川県横浜市金沢区幸浦１－８－１Ａ１棟　１Ｆ,35.371334,139.652267
nan,神奈川県横浜市都筑区川向町４１２DPL新横浜Ⅰ　１Ｆ,35.516514,139.589035
nan,神奈川県横浜市神奈川区三ツ沢下町６－１６みつざわハイツ　１Ｆ,35.476391,139.613068
nan,神奈川県横浜市緑区中山１－２３－１１レインボウ中山　１０１,35.515686,139.539536
nan,神奈川県横浜市青葉区千草台３４－２０,35.538719,139.532852
nan,神奈川県横浜市都筑区東山田町３５１－１,35.555988,139.604553
nan,神奈川県横浜市都筑区川向町２００５－２DPL新横浜Ⅱ　１Ｆ,35.516514,139.589035
nan,神奈川県横浜市緑区長津田町４２５９Ｓ３棟　１０１,35.513687,139.483978
nan,神奈川県横浜市中区本牧宮原７－４１Ｆ,35.429146,139.663132
nan,神奈川県横浜市緑区寺山町１０７－７ハルオ中山ビル　２０３,35.511738,139.539185
nan,神奈川県横浜市青葉区新石川３－２－１こどもでぱーとたまプラーザ　２Ｆ,35.576935,139.560089
nan,神奈川県横浜市都筑区中川中央１－１－３ショッピングタウン　あいたい　１Ｆ,35.553467,139.578354
nan,神奈川県横浜市青葉区榎が丘４－１１,35.54113,139.515198
nan,神奈川県横浜市戸塚区川上町８４－１,35.429935,139.553406
nan,神奈川県横浜市中区山下町１５７－３シダーハウス　２Ｆ,35.44397,139.645264
nan,神奈川県横浜市中区本牧町２－５３１,35.426952,139.659424
nan,神奈川県横浜市都筑区中川１－９－１０ミオカステーロ港北中川Ⅲ　１Ｆ,35.564014,139.568954
nan,神奈川県横浜市神奈川区鶴屋町３－３５－１１西東ビル３Ｆ　３０１,35.468769,139.616943
nan,神奈川県横浜市保土ケ谷区岩井町１５－３,35.446247,139.598434
nan,神奈川県横浜市西区岡野１－１３－１３平野ビル　１Ｆ,35.463505,139.615234
nan,神奈川県横浜市南区前里町２－４２矢沢ビル　２Ｆ,35.439789,139.621902
nan,神奈川県横浜市保土ケ谷区岩間町１－９－１UKビル　１Ｆ,35.452206,139.601746
nan,神奈川県横浜市磯子区中原４－２６－２７ライオンズステーションプラザ杉田　１０５,35.384018,139.615372
nan,神奈川県横浜市港北区大倉山３－４３－２８,35.522892,139.626404
nan,神奈川県横浜市港北区箕輪町２－１３－１５,35.543068,139.645676
nan,神奈川県横浜市緑区霧が丘３－２３「霧の里」３Ｆ,35.516033,139.504929
nan,神奈川県横浜市中区山田町３－７テラキビル　１Ｆ,35.438931,139.633514
nan,神奈川県横浜市南区六ツ川４－１１２４－２,35.422409,139.574097
nan,神奈川県横浜市青葉区藤が丘２－３７－３メゾン藤が丘　１０６,35.541939,139.528946
nan,神奈川県横浜市戸塚区小雀町２２４８－１,35.371849,139.50563
nan,神奈川県横浜市都筑区牛久保西３－２－７,35.561535,139.573135
nan,神奈川県横浜市戸塚区舞岡町２９３３－１,35.402454,139.551361
nan,神奈川県横浜市旭区柏町１０１－８,35.452229,139.522217
nan,神奈川県横浜市西区浜松町７－２１,35.453133,139.612701
nan,神奈川県横浜市金沢区富岡東２－１－１６,35.379944,139.634094
nan,神奈川県横浜市南区六ツ川３－６７－２,35.429302,139.580902
nan,神奈川県横浜市旭区南本宿町９８－６２,35.456982,139.541168
nan,神奈川県横浜市西区老松町５４,35.448971,139.62355
nan,神奈川県横浜市鶴見区下末吉３－６－１,35.523926,139.674911
nan,神奈川県横浜市緑区長津田４－１－６,35.532272,139.49408
nan,神奈川県横浜市港南区港南１－５－８,35.403931,139.591156
nan,神奈川県横浜市都筑区北山田４－２５－１,35.559517,139.583862
nan,神奈川県横浜市都筑区早渕２－１３－１４,35.546772,139.597229
nan,神奈川県横浜市青葉区新石川２－１３－１１岫雲台　Ｅ号室,35.573734,139.555817
nan,神奈川県横浜市西区西戸部町１－８１－６,35.445866,139.621048
nan,神奈川県横浜市神奈川区栄町1-19グレイス横浜ポートシティ101,35.469189,139.627426
nan,神奈川県横浜市港南区日野2-2-1広地ハイツ203,35.398281,139.586884
nan,神奈川県横浜市港北区新羽町868,35.523987,139.614426
nan,神奈川県横浜市緑区十日市場町840-3,35.523003,139.514755
nan,神奈川県横浜市戸塚区深谷町556-2,35.385208,139.506027
nan,神奈川県横浜市青葉区青葉台1-5-2ライオンズマンション第5-314,35.541256,139.516968
nan,神奈川県横浜市神奈川区菅田町1781-1リアンかながわ２階,35.498062,139.585815
nan,神奈川県横浜市港北区大豆戸町200-305,35.513493,139.625656
nan,神奈川県横浜市港北区日吉5-24-33Day日吉,35.54874,139.655701
nan,神奈川県横浜市都筑区茅ケ崎中央8-19-201,35.543262,139.575714
nan,神奈川県横浜市栄区中野町15-1,35.363598,139.560806
nan,神奈川県横浜市保土ケ谷区新井町３５６　２－２１４,35.49255,139.551651
nan,神奈川県横浜市保土ケ谷区岩崎町14-16-1,35.447605,139.587341
nan,神奈川県横浜市西区西区みなとみらい2-2-1横浜ランドマークタワー38F,35.447552,139.620041
nan,神奈川県横浜市青葉区青葉区美しが丘西３－２－１８,35.545494,139.518219
nan,神奈川県横浜市神奈川区松見町４－１０２０－４０１,35.503632,139.641342
nan,神奈川県横浜市鶴見区,35.508492,139.682388
nan,神奈川県横浜市神奈川区,35.476944,139.62944
nan,神奈川県横浜市神奈川区,35.476944,139.62944
nan,神奈川県横浜市神奈川区,35.476944,139.62944
nan,神奈川県横浜市西区,35.453609,139.616943
nan,神奈川県横浜市西区,35.453609,139.616943
nan,神奈川県横浜市南区,35.434429,139.627533
nan,神奈川県横浜市南区,35.434429,139.627533
nan,神奈川県横浜市南区,35.434429,139.627533
nan,神奈川県横浜市鶴見区,35.508492,139.682388
nan,神奈川県横浜市保土ケ谷区,35.4599,139.595978
nan,神奈川県横浜市旭区,35.474724,139.544724
nan,神奈川県横浜市旭区,35.474724,139.544724
nan,神奈川県横浜市金沢区,35.338116,139.624496
nan,神奈川県横浜市緑区,35.512321,139.537964
nan,神奈川県横浜市青葉区,35.552822,139.536987
nan,神奈川県横浜市港北区,35.518982,139.633011
nan,神奈川県横浜市緑区,35.512321,139.537964
nan,神奈川県横浜市青葉区,35.552822,139.536987
nan,神奈川県横浜市都筑区,35.544842,139.57077
nan,神奈川県横浜市都筑区,35.544842,139.57077
nan,神奈川県横浜市都筑区,35.544842,139.57077
nan,神奈川県横浜市戸塚区,35.400017,139.533493
nan,神奈川県横浜市栄区,35.364384,139.554092
nan,神奈川県横浜市瀬谷区,35.46603,139.498779
nan,神奈川県横浜市西区,35.453609,139.616943
nan,神奈川県横浜市港南区,35.400887,139.59256
nan,神奈川県横浜市鶴見区,35.508492,139.682388
nan,神奈川県横浜市鶴見区,35.508492,139.682388
nan,神奈川県横浜市鶴見区,35.508492,139.682388
nan,神奈川県横浜市神奈川区,35.476944,139.62944
nan,神奈川県横浜市神奈川区,35.476944,139.62944
nan,神奈川県横浜市神奈川区,35.476944,139.62944
nan,神奈川県横浜市神奈川区,35.476944,139.62944
nan,神奈川県横浜市西区,35.453609,139.616943
nan,神奈川県横浜市中区,35.444721,139.642227
nan,神奈川県横浜市南区,35.434429,139.627533
nan,神奈川県横浜市西区,35.453609,139.616943
nan,神奈川県横浜市南区,35.434429,139.627533
nan,神奈川県横浜市港南区,35.400887,139.59256
nan,神奈川県横浜市港南区,35.400887,139.59256
nan,神奈川県横浜市港南区,35.400887,139.59256
nan,神奈川県横浜市西区,35.453609,139.616943
nan,神奈川県横浜市保土ケ谷区,35.4599,139.595978
nan,神奈川県横浜市保土ケ谷区,35.4599,139.595978
nan,神奈川県横浜市保土ケ谷区,35.4599,139.595978
nan,神奈川県横浜市保土ケ谷区,35.4599,139.595978
nan,神奈川県横浜市磯子区,35.402424,139.618484
nan,神奈川県横浜市磯子区,35.402424,139.618484
nan,神奈川県横浜市港北区,35.518982,139.633011
nan,神奈川県横浜市港北区,35.518982,139.633011
nan,神奈川県横浜市旭区,35.474724,139.544724
nan,神奈川県横浜市港北区,35.518982,139.633011
nan,神奈川県横浜市港北区,35.518982,139.633011
nan,神奈川県横浜市港北区,35.518982,139.633011
nan,神奈川県横浜市港北区,35.518982,139.633011
nan,神奈川県横浜市青葉区,35.552822,139.536987
nan,神奈川県横浜市青葉区,35.552822,139.536987
nan,神奈川県横浜市青葉区,35.552822,139.536987
nan,神奈川県横浜市青葉区,35.552822,139.536987
nan,神奈川県横浜市都筑区,35.544842,139.57077
nan,神奈川県横浜市都筑区,35.544842,139.57077
nan,神奈川県横浜市都筑区,35.544842,139.57077
nan,神奈川県横浜市都筑区,35.544842,139.57077
nan,神奈川県横浜市都筑区,35.544842,139.57077
nan,神奈川県横浜市都筑区,35.544842,139.57077
nan,神奈川県横浜市都筑区,35.544842,139.57077
nan,神奈川県横浜市泉区,35.417847,139.488785
nan,神奈川県横浜市戸塚区,35.400017,139.533493
nan,神奈川県横浜市神奈川区,35.476944,139.62944
nan,神奈川県横浜市戸塚区,35.400017,139.533493
nan,神奈川県横浜市磯子区,35.402424,139.618484
nan,神奈川県横浜市瀬谷区,35.46603,139.498779
nan,神奈川県横浜市瀬谷区,35.46603,139.498779
nan,神奈川県横浜市青葉区,35.552822,139.536987
nan,神奈川県横浜市青葉区,35.552822,139.536987
nan,神奈川県横浜市緑区,35.512321,139.537964
nan,神奈川県横浜市緑区,35.512321,139.537964
nan,神奈川県横浜市緑区,35.512321,139.537964
nan,神奈川県横浜市神奈川区,35.476944,139.62944
nan,神奈川県横浜市港南区,35.400887,139.59256
nan,神奈川県横浜市磯子区,35.402424,139.618484
nan,神奈川県横浜市港北区,35.518982,139.633011
nan,神奈川県横浜市鶴見区,35.508492,139.682388
nan,神奈川県横浜市神奈川区,35.476944,139.62944
nan,神奈川県横浜市都筑区,35.544842,139.57077
nan,神奈川県横浜市西区,35.453609,139.616943
nan,神奈川県横浜市緑区,35.512321,139.537964
nan,神奈川県横浜市旭区,35.474724,139.544724
nan,神奈川県横浜市緑区,35.512321,139.537964
nan,神奈川県横浜市都筑区,35.544842,139.57077
nan,神奈川県横浜市西区,35.453609,139.616943
nan,神奈川県横浜市旭区,35.474724,139.544724
nan,神奈川県横浜市戸塚区,35.400017,139.533493
nan,神奈川県横浜市栄区,35.364384,139.554092
nan,神奈川県横浜市南区,35.434429,139.627533
nan,神奈川県横浜市旭区,35.474724,139.544724
nan,神奈川県横浜市旭区,35.474724,139.544724
nan,神奈川県横浜市青葉区,35.552822,139.536987
nan,神奈川県横浜市保土ケ谷区,35.4599,139.595978
nan,神奈川県横浜市旭区,35.474724,139.544724
nan,神奈川県横浜市旭区,35.474724,139.544724
nan,神奈川県横浜市鶴見区,35.508492,139.682388
nan,神奈川県横浜市港北区,35.518982,139.633011
nan,神奈川県横浜市栄区,35.364384,139.554092
nan,神奈川県横浜市戸塚区,35.400017,139.533493
nan,神奈川県横浜市中区,35.444721,139.642227
nan,神奈川県横浜市保土ケ谷区,35.4599,139.595978
nan,神奈川県横浜市磯子区,35.402424,139.618484
nan,神奈川県横浜市中区,35.444721,139.642227
nan,神奈川県横浜市中区,35.444721,139.642227
nan,神奈川県横浜市中区,35.444721,139.642227
nan,神奈川県横浜市金沢区,35.338116,139.624496
nan,神奈川県横浜市保土ケ谷区,35.4599,139.595978
nan,神奈川県横浜市青葉区,35.552822,139.536987
nan,神奈川県横浜市磯子区,35.402424,139.618484
nan,神奈川県横浜市都筑区,35.544842,139.57077
nan,神奈川県横浜市西区,35.453609,139.616943
nan,神奈川県横浜市保土ケ谷区,35.4599,139.595978
nan,神奈川県横浜市戸塚区,35.400017,139.533493
nan,神奈川県横浜市鶴見区,35.508492,139.682388
nan,神奈川県横浜市鶴見区,35.508492,139.682388
nan,神奈川県横浜市神奈川区,35.476944,139.62944
nan,神奈川県横浜市神奈川区,35.476944,139.62944
nan,神奈川県横浜市西区,35.453609,139.616943
nan,神奈川県横浜市西区,35.453609,139.616943
nan,神奈川県横浜市西区,35.453609,139.616943
nan,神奈川県横浜市港南区,35.400887,139.59256
nan,神奈川県横浜市港南区,35.400887,139.59256
nan,神奈川県横浜市港南区,35.400887,139.59256
nan,神奈川県横浜市金沢区,35.338116,139.624496
nan,神奈川県横浜市港北区,35.518982,139.633011
nan,神奈川県横浜市青葉区,35.552822,139.536987
nan,神奈川県横浜市青葉区,35.552822,139.536987
nan,神奈川県横浜市戸塚区,35.400017,139.533493
nan,神奈川県横浜市戸塚区,35.400017,139.533493
nan,神奈川県横浜市鶴見区,35.508492,139.682388
nan,神奈川県横浜市鶴見区,35.508492,139.682388
nan,神奈川県横浜市神奈川区,35.476944,139.62944
nan,神奈川県横浜市神奈川区,35.476944,139.62944
nan,神奈川県横浜市神奈川区,35.476944,139.62944
nan,神奈川県横浜市西区,35.453609,139.616943
nan,神奈川県横浜市西区,35.453609,139.616943
nan,神奈川県横浜市中区,35.444721,139.642227
nan,神奈川県横浜市中区,35.444721,139.642227
nan,神奈川県横浜市中区,35.444721,139.642227
nan,神奈川県横浜市中区,35.444721,139.642227
nan,神奈川県横浜市中区,35.444721,139.642227
nan,神奈川県横浜市南区,35.434429,139.627533
nan,神奈川県横浜市港南区,35.400887,139.59256
nan,神奈川県横浜市保土ケ谷区,35.4599,139.595978
nan,神奈川県横浜市旭区,35.474724,139.544724
nan,神奈川県横浜市磯子区,35.402424,139.618484
nan,神奈川県横浜市西区,35.453609,139.616943
nan,神奈川県横浜市磯子区,35.402424,139.618484
nan,神奈川県横浜市港南区,35.400887,139.59256
nan,神奈川県横浜市港北区,35.518982,139.633011
nan,神奈川県横浜市港北区,35.518982,139.633011
nan,神奈川県横浜市港北区,35.518982,139.633011
nan,神奈川県横浜市緑区,35.512321,139.537964
nan,神奈川県横浜市青葉区,35.552822,139.536987
nan,神奈川県横浜市都筑区,35.544842,139.57077
nan,神奈川県横浜市泉区,35.417847,139.488785
nan,神奈川県横浜市戸塚区,35.400017,139.533493
nan,神奈川県横浜市戸塚区,35.400017,139.533493
nan,神奈川県横浜市戸塚区,35.400017,139.533493
nan,神奈川県横浜市戸塚区,35.400017,139.533493
nan,神奈川県横浜市戸塚区,35.400017,139.533493
nan,神奈川県横浜市緑区,35.512321,139.537964
nan,神奈川県横浜市青葉区,35.552822,139.536987
nan,神奈川県横浜市都筑区,35.544842,139.57077
nan,神奈川県横浜市港北区,35.518982,139.633011
nan,神奈川県横浜市緑区,35.512321,139.537964
nan,神奈川県横浜市青葉区,35.552822,139.536987
nan,神奈川県横浜市都筑区,35.544842,139.57077
nan,神奈川県横浜市鶴見区,35.508492,139.682388
nan,神奈川県横浜市鶴見区,35.508492,139.682388
nan,神奈川県横浜市港北区,35.518982,139.633011
nan,神奈川県横浜市鶴見区,35.508492,139.682388
nan,神奈川県横浜市青葉区,35.552822,139.536987
nan,神奈川県横浜市磯子区,35.402424,139.618484
nan,神奈川県横浜市栄区,35.364384,139.554092
nan,神奈川県横浜市都筑区,35.544842,139.57077
nan,神奈川県横浜市磯子区,35.402424,139.618484
nan,神奈川県横浜市港北区,35.518982,139.633011
nan,神奈川県横浜市青葉区,35.552822,139.536987
nan,神奈川県横浜市青葉区,35.552822,139.536987
nan,神奈川県横浜市都筑区,35.544842,139.57077
nan,神奈川県横浜市青葉区,35.552822,139.536987
nan,神奈川県横浜市鶴見区,35.508492,139.682388
nan,神奈川県横浜市鶴見区,35.508492,139.682388
nan,神奈川県横浜市鶴見区,35.508492,139.682388
nan,神奈川県横浜市鶴見区,35.508492,139.682388
nan,神奈川県横浜市神奈川区,35.476944,139.62944
nan,神奈川県横浜市神奈川区,35.476944,139.62944
nan,神奈川県横浜市神奈川区,35.476944,139.62944
nan,神奈川県横浜市神奈川区,35.476944,139.62944
nan,神奈川県横浜市神奈川区,35.476944,139.62944
nan,神奈川県横浜市神奈川区,35.476944,139.62944
nan,神奈川県横浜市西区,35.453609,139.616943
nan,神奈川県横浜市西区,35.453609,139.616943
nan,神奈川県横浜市西区,35.453609,139.616943
nan,神奈川県横浜市中区,35.444721,139.642227
nan,神奈川県横浜市中区,35.444721,139.642227
nan,神奈川県横浜市中区,35.444721,139.642227
nan,神奈川県横浜市南区,35.434429,139.627533
nan,神奈川県横浜市南区,35.434429,139.627533
nan,神奈川県横浜市南区,35.434429,139.627533
nan,神奈川県横浜市南区,35.434429,139.627533
nan,神奈川県横浜市南区,35.434429,139.627533
nan,神奈川県横浜市南区,35.434429,139.627533
nan,神奈川県横浜市港南区,35.400887,139.59256
nan,神奈川県横浜市保土ケ谷区,35.4599,139.595978
nan,神奈川県横浜市保土ケ谷区,35.4599,139.595978
nan,神奈川県横浜市保土ケ谷区,35.4599,139.595978
nan,神奈川県横浜市磯子区,35.402424,139.618484
nan,神奈川県横浜市磯子区,35.402424,139.618484
nan,神奈川県横浜市金沢区,35.338116,139.624496
nan,神奈川県横浜市港北区,35.518982,139.633011
nan,神奈川県横浜市港北区,35.518982,139.633011
nan,神奈川県横浜市港北区,35.518982,139.633011
nan,神奈川県横浜市港北区,35.518982,139.633011
nan,神奈川県横浜市港北区,35.518982,139.633011
nan,神奈川県横浜市港北区,35.518982,139.633011
nan,神奈川県横浜市港北区,35.518982,139.633011
nan,神奈川県横浜市港北区,35.518982,139.633011
nan,神奈川県横浜市港北区,35.518982,139.633011
nan,神奈川県横浜市緑区,35.512321,139.537964
nan,神奈川県横浜市青葉区,35.552822,139.536987
nan,神奈川県横浜市青葉区,35.552822,139.536987
nan,神奈川県横浜市青葉区,35.552822,139.536987
nan,神奈川県横浜市青葉区,35.552822,139.536987
nan,神奈川県横浜市青葉区,35.552822,139.536987
nan,神奈川県横浜市青葉区,35.552822,139.536987
nan,神奈川県横浜市青葉区,35.552822,139.536987
nan,神奈川県横浜市都筑区,35.544842,139.57077
nan,神奈川県横浜市都筑区,35.544842,139.57077
nan,神奈川県横浜市都筑区,35.544842,139.57077
nan,神奈川県横浜市都筑区,35.544842,139.57077
nan,神奈川県横浜市泉区,35.417847,139.488785
nan,神奈川県横浜市栄区,35.364384,139.554092
nan,神奈川県横浜市栄区,35.364384,139.554092
nan,神奈川県横浜市戸塚区,35.400017,139.533493
nan,神奈川県横浜市戸塚区,35.400017,139.533493
nan,神奈川県横浜市戸塚区,35.400017,139.533493
nan,神奈川県横浜市神奈川区,35.476944,139.62944
nan,神奈川県横浜市神奈川区,35.476944,139.62944
nan,神奈川県横浜市中区,35.444721,139.642227
nan,神奈川県横浜市保土ケ谷区,35.4599,139.595978
nan,神奈川県横浜市金沢区,35.338116,139.624496
nan,神奈川県横浜市港北区,35.518982,139.633011
nan,神奈川県横浜市港北区,35.518982,139.633011
nan,神奈川県横浜市都筑区,35.544842,139.57077
nan,神奈川県横浜市南区,35.434429,139.627533
nan,神奈川県横浜市保土ケ谷区,35.4599,139.595978
nan,神奈川県横浜市港北区,35.518982,139.633011
nan,神奈川県横浜市青葉区,35.552822,139.536987
nan,神奈川県横浜市都筑区,35.544842,139.57077
nan,神奈川県横浜市磯子区,35.402424,139.618484
nan,神奈川県横浜市港北区,35.518982,139.633011
nan,神奈川県横浜市港北区,35.518982,139.633011
nan,神奈川県横浜市港北区,35.518982,139.633011
nan,神奈川県横浜市神奈川区,35.476944,139.62944
nan,神奈川県横浜市神奈川区,35.476944,139.62944
nan,神奈川県横浜市神奈川区,35.476944,139.62944
nan,神奈川県横浜市西区,35.453609,139.616943
nan,神奈川県横浜市中区,35.444721,139.642227
nan,神奈川県横浜市中区,35.444721,139.642227
nan,神奈川県横浜市港南区,35.400887,139.59256
nan,神奈川県横浜市保土ケ谷区,35.4599,139.595978
nan,神奈川県横浜市磯子区,35.402424,139.618484
nan,神奈川県横浜市磯子区,35.402424,139.618484
nan,神奈川県横浜市港北区,35.518982,139.633011
nan,神奈川県横浜市港北区,35.518982,139.633011
nan,神奈川県横浜市港北区,35.518982,139.633011
nan,神奈川県横浜市港北区,35.518982,139.633011
nan,神奈川県横浜市港北区,35.518982,139.633011
nan,神奈川県横浜市港北区,35.518982,139.633011
nan,神奈川県横浜市青葉区,35.552822,139.536987
nan,神奈川県横浜市青葉区,35.552822,139.536987
nan,神奈川県横浜市青葉区,35.552822,139.536987
nan,神奈川県横浜市青葉区,35.552822,139.536987
nan,神奈川県横浜市青葉区,35.552822,139.536987
nan,神奈川県横浜市青葉区,35.552822,139.536987
nan,神奈川県横浜市青葉区,35.552822,139.536987
nan,神奈川県横浜市都筑区,35.544842,139.57077
nan,神奈川県横浜市栄区,35.364384,139.554092
nan,神奈川県横浜市栄区,35.364384,139.554092
nan,神奈川県横浜市戸塚区,35.400017,139.533493
nan,神奈川県横浜市戸塚区,35.400017,139.533493
nan,神奈川県横浜市戸塚区,35.400017,139.533493
nan,神奈川県横浜市栄区,35.364384,139.554092
