年度,区,園名,年齢,難易度スコア,通過率
令和6,中区,あいりす　新山下保育室,0歳,3.333333333333333,0.3333333333333333
令和6,中区,あいりす　新山下保育室,1歳,2.673160173160173,0.4653679653679653
令和6,中区,あいりす　新山下保育室,2歳,1.298701298701299,0.7402597402597402
令和6,中区,あいりす　新山下保育室,3歳,5.0,0.0
令和6,中区,あいりす　新山下保育室,4歳,5.0,0.0
令和6,中区,あいりす　新山下保育室,5歳,5.0,0.0
令和6,中区,あいりす　本牧保育室,0歳,4.545454545454546,0.09090909090909091
令和6,中区,あいりす　本牧保育室,1歳,3.6363636363636362,0.2727272727272727
令和6,中区,あいりす　本牧保育室,2歳,2.0752740167633785,0.5849451966473244
令和6,中区,あいりす　本牧保育室,3歳,5.0,0.0
令和6,中区,あいりす　本牧保育室,4歳,5.0,0.0
令和6,中区,あいりす　本牧保育室,5歳,5.0,0.0
令和6,中区,うちゅうこども園やまて,0歳,5.0,0.0
令和6,中区,うちゅうこども園やまて,1歳,5.0,0.0
令和6,中区,うちゅうこども園やまて,2歳,5.0,0.0
令和6,中区,うちゅうこども園やまて,3歳,5.0,0.0
令和6,中区,うちゅうこども園やまて,4歳,5.0,0.0
令和6,中区,うちゅうこども園やまて,5歳,5.0,0.0
令和6,中区,うちゅう保育園やました,0歳,4.7727272727272725,0.045454545454545456
令和6,中区,うちゅう保育園やました,1歳,5.0,0.0
令和6,中区,うちゅう保育園やました,2歳,5.0,0.0
令和6,中区,うちゅう保育園やました,3歳,4.318181818181818,0.13636363636363635
令和6,中区,うちゅう保育園やました,4歳,5.0,0.0
令和6,中区,うちゅう保育園やました,5歳,5.0,0.0
令和6,中区,うみの風保育園,0歳,5.0,0.0
令和6,中区,うみの風保育園,1歳,4.7727272727272725,0.045454545454545456
令和6,中区,うみの風保育園,2歳,5.0,0.0
令和6,中区,うみの風保育園,3歳,2.5,0.5
令和6,中区,うみの風保育園,4歳,5.0,0.0
令和6,中区,うみの風保育園,5歳,2.575757575757576,0.4848484848484848
令和6,中区,ことぶき保育園,0歳,5.0,0.0
令和6,中区,ことぶき保育園,1歳,0.8787878787878786,0.8242424242424242
令和6,中区,ことぶき保育園,2歳,4.7727272727272725,0.045454545454545456
令和6,中区,ことぶき保育園,3歳,1.356060606060606,0.7287878787878789
令和6,中区,ことぶき保育園,4歳,5.0,0.0
令和6,中区,ことぶき保育園,5歳,2.878787878787879,0.42424242424242425
令和6,中区,こもれび保育園根岸園,0歳,4.545454545454546,0.09090909090909091
令和6,中区,こもれび保育園根岸園,1歳,4.545454545454546,0.09090909090909091
令和6,中区,こもれび保育園根岸園,2歳,4.7727272727272725,0.045454545454545456
令和6,中区,こもれび保育園根岸園,3歳,5.0,0.0
令和6,中区,こもれび保育園根岸園,4歳,5.0,0.0
令和6,中区,こもれび保育園根岸園,5歳,5.0,0.0
令和6,中区,すいとぴー保育園,0歳,5.0,0.0
令和6,中区,すいとぴー保育園,1歳,5.0,0.0
令和6,中区,すいとぴー保育園,2歳,5.0,0.0
令和6,中区,すいとぴー保育園,3歳,2.727272727272727,0.45454545454545453
令和6,中区,すいとぴー保育園,4歳,1.931818181818182,0.6136363636363636
令和6,中区,すいとぴー保育園,5歳,1.9696969696969702,0.606060606060606
令和6,中区,にじいろ保育園関内,0歳,5.0,0.0
令和6,中区,にじいろ保育園関内,1歳,5.0,0.0
令和6,中区,にじいろ保育園関内,2歳,5.0,0.0
令和6,中区,にじいろ保育園関内,3歳,5.0,0.0
令和6,中区,にじいろ保育園関内,4歳,5.0,0.0
令和6,中区,にじいろ保育園関内,5歳,5.0,0.0
令和6,中区,のぞみ山手駅前保育園,0歳,4.7727272727272725,0.045454545454545456
令和6,中区,のぞみ山手駅前保育園,1歳,5.0,0.0
令和6,中区,のぞみ山手駅前保育園,2歳,5.0,0.0
令和6,中区,のぞみ山手駅前保育園,3歳,5.0,0.0
令和6,中区,のぞみ山手駅前保育園,4歳,5.0,0.0
令和6,中区,のぞみ山手駅前保育園,5歳,5.0,0.0
令和6,中区,ほんもくはら保育園,0歳,5.0,0.0
令和6,中区,ほんもくはら保育園,1歳,4.545454545454546,0.09090909090909091
令和6,中区,ほんもくはら保育園,2歳,4.545454545454546,0.09090909090909091
令和6,中区,ほんもくはら保育園,3歳,5.0,0.0
令和6,中区,ほんもくはら保育園,4歳,5.0,0.0
令和6,中区,ほんもくはら保育園,5歳,5.0,0.0
令和6,中区,アスク山下町保育園,0歳,3.022727272727273,0.39545454545454545
令和6,中区,アスク山下町保育園,1歳,5.0,0.0
令和6,中区,アスク山下町保育園,2歳,5.0,0.0
令和6,中区,アスク山下町保育園,3歳,1.0681818181818181,0.7863636363636364
令和6,中区,アスク山下町保育園,4歳,3.106060606060606,0.37878787878787884
令和6,中区,アスク山下町保育園,5歳,1.1406926406926408,0.7718614718614719
令和6,中区,アスク本牧保育園,0歳,4.940191387559809,0.011961722488038277
令和6,中区,アスク本牧保育園,1歳,5.0,0.0
令和6,中区,アスク本牧保育園,2歳,4.7727272727272725,0.045454545454545456
令和6,中区,アスク本牧保育園,3歳,5.0,0.0
令和6,中区,アスク本牧保育園,4歳,1.325757575757576,0.7348484848484849
令和6,中区,アスク本牧保育園,5歳,5.0,0.0
令和6,中区,アスク馬車道保育園,0歳,4.491042421738559,0.10179151565228822
令和6,中区,アスク馬車道保育園,1歳,4.866310160427807,0.026737967914438502
令和6,中区,アスク馬車道保育園,2歳,5.0,0.0
令和6,中区,アスク馬車道保育園,3歳,5.0,0.0
令和6,中区,アスク馬車道保育園,4歳,4.046811397557667,0.19063772048846675
令和6,中区,アスク馬車道保育園,5歳,0.9632034632034632,0.8073593073593074
令和6,中区,アミー保育室　本牧原,0歳,5.0,0.0
令和6,中区,アミー保育室　本牧原,1歳,5.0,0.0
令和6,中区,アミー保育室　本牧原,2歳,0.6340187590187593,0.8731962481962481
令和6,中区,アミー保育室　本牧原,3歳,5.0,0.0
令和6,中区,アミー保育室　本牧原,4歳,5.0,0.0
令和6,中区,アミー保育室　本牧原,5歳,5.0,0.0
令和6,中区,アメリカ山徳育こども園,0歳,4.3939393939393945,0.1212121212121212
令和6,中区,アメリカ山徳育こども園,1歳,4.477158629083085,0.10456827418338296
令和6,中区,アメリカ山徳育こども園,2歳,5.0,0.0
令和6,中区,アメリカ山徳育こども園,3歳,1.8181818181818186,0.6363636363636364
令和6,中区,アメリカ山徳育こども園,4歳,2.786927431806485,0.442614513638703
令和6,中区,アメリカ山徳育こども園,5歳,5.0,0.0
令和6,中区,キッズパートナー横浜市役所,0歳,4.318181818181818,0.13636363636363635
令和6,中区,キッズパートナー横浜市役所,1歳,5.0,0.0
令和6,中区,キッズパートナー横浜市役所,2歳,5.0,0.0
令和6,中区,キッズパートナー横浜市役所,3歳,5.0,0.0
令和6,中区,キッズパートナー横浜市役所,4歳,5.0,0.0
令和6,中区,キッズパートナー横浜市役所,5歳,5.0,0.0
令和6,中区,キディ石川町・横浜,0歳,4.242424242424242,0.1515151515151515
令和6,中区,キディ石川町・横浜,1歳,5.0,0.0
令和6,中区,キディ石川町・横浜,2歳,5.0,0.0
令和6,中区,キディ石川町・横浜,3歳,5.0,0.0
令和6,中区,キディ石川町・横浜,4歳,4.090909090909091,0.18181818181818182
令和6,中区,キディ石川町・横浜,5歳,5.0,0.0
令和6,中区,クラウン保育園,0歳,5.0,0.0
令和6,中区,クラウン保育園,1歳,4.7727272727272725,0.045454545454545456
令和6,中区,クラウン保育園,2歳,5.0,0.0
令和6,中区,クラウン保育園,3歳,4.696969696969696,0.0606060606060606
令和6,中区,クラウン保育園,4歳,2.1969696969696972,0.5606060606060606
令和6,中区,クラウン保育園,5歳,5.0,0.0
令和6,中区,シュハリィ本牧保育園,0歳,5.0,0.0
令和6,中区,シュハリィ本牧保育園,1歳,3.674242424242424,0.26515151515151514
令和6,中区,シュハリィ本牧保育園,2歳,3.8636363636363638,0.22727272727272727
令和6,中区,シュハリィ本牧保育園,3歳,5.0,0.0
令和6,中区,シュハリィ本牧保育園,4歳,5.0,0.0
令和6,中区,シュハリィ本牧保育園,5歳,5.0,0.0
令和6,中区,スターチャイルド《桜木町ステーションナーサリー》,0歳,5.0,0.0
令和6,中区,スターチャイルド《桜木町ステーションナーサリー》,1歳,4.972781709308655,0.005443658138268917
令和6,中区,スターチャイルド《桜木町ステーションナーサリー》,2歳,5.0,0.0
令和6,中区,スターチャイルド《桜木町ステーションナーサリー》,3歳,5.0,0.0
令和6,中区,スターチャイルド《桜木町ステーションナーサリー》,4歳,5.0,0.0
令和6,中区,スターチャイルド《桜木町ステーションナーサリー》,5歳,5.0,0.0
令和6,中区,ニチイキッズ桜木町保育園,0歳,5.0,0.0
令和6,中区,ニチイキッズ桜木町保育園,1歳,4.7727272727272725,0.045454545454545456
令和6,中区,ニチイキッズ桜木町保育園,2歳,5.0,0.0
令和6,中区,ニチイキッズ桜木町保育園,3歳,5.0,0.0
令和6,中区,ニチイキッズ桜木町保育園,4歳,5.0,0.0
令和6,中区,ニチイキッズ桜木町保育園,5歳,5.0,0.0
令和6,中区,ポピンズナーサリースクール馬車道,0歳,5.0,0.0
令和6,中区,ポピンズナーサリースクール馬車道,1歳,5.0,0.0
令和6,中区,ポピンズナーサリースクール馬車道,2歳,5.0,0.0
令和6,中区,ポピンズナーサリースクール馬車道,3歳,5.0,0.0
令和6,中区,ポピンズナーサリースクール馬車道,4歳,4.3939393939393945,0.1212121212121212
令和6,中区,ポピンズナーサリースクール馬車道,5歳,4.318181818181818,0.13636363636363635
令和6,中区,ヨコハマきぼう保育園,0歳,3.6363636363636362,0.2727272727272727
令和6,中区,ヨコハマきぼう保育園,1歳,5.0,0.0
令和6,中区,ヨコハマきぼう保育園,2歳,4.545454545454546,0.09090909090909091
令和6,中区,ヨコハマきぼう保育園,3歳,3.5606060606060606,0.28787878787878785
令和6,中区,ヨコハマきぼう保育園,4歳,5.0,0.0
令和6,中区,ヨコハマきぼう保育園,5歳,3.409090909090909,0.3181818181818182
令和6,中区,ラフ・クルー元町保育園,0歳,3.196969696969697,0.3606060606060606
令和6,中区,ラフ・クルー元町保育園,1歳,4.090909090909091,0.18181818181818182
令和6,中区,ラフ・クルー元町保育園,2歳,5.0,0.0
令和6,中区,ラフ・クルー元町保育園,3歳,4.090909090909091,0.18181818181818182
令和6,中区,ラフ・クルー元町保育園,4歳,5.0,0.0
令和6,中区,ラフ・クルー元町保育園,5歳,5.0,0.0
令和6,中区,ララランド横浜伊勢佐木,0歳,5.0,0.0
令和6,中区,ララランド横浜伊勢佐木,1歳,5.0,0.0
令和6,中区,ララランド横浜伊勢佐木,2歳,5.0,0.0
令和6,中区,ララランド横浜伊勢佐木,3歳,5.0,0.0
令和6,中区,ララランド横浜伊勢佐木,4歳,4.806576402321084,0.03868471953578337
令和6,中区,ララランド横浜伊勢佐木,5歳,3.5606060606060606,0.28787878787878785
令和6,中区,ル・ボワ保育園,0歳,4.696969696969696,0.0606060606060606
令和6,中区,ル・ボワ保育園,1歳,2.3106060606060606,0.5378787878787878
令和6,中区,ル・ボワ保育園,2歳,4.318181818181818,0.13636363636363635
令和6,中区,ル・ボワ保育園,3歳,5.0,0.0
令和6,中区,ル・ボワ保育園,4歳,5.0,0.0
令和6,中区,ル・ボワ保育園,5歳,5.0,0.0
令和6,中区,伊勢佐木町保育園,0歳,4.7727272727272725,0.045454545454545456
令和6,中区,伊勢佐木町保育園,1歳,2.537878787878788,0.49242424242424243
令和6,中区,伊勢佐木町保育園,2歳,4.21752990901927,0.15649401819614586
令和6,中区,伊勢佐木町保育園,3歳,5.0,0.0
令和6,中区,伊勢佐木町保育園,4歳,5.0,0.0
令和6,中区,伊勢佐木町保育園,5歳,5.0,0.0
令和6,中区,保育ルーム山下公園,0歳,5.0,0.0
令和6,中区,保育ルーム山下公園,1歳,5.0,0.0
令和6,中区,保育ルーム山下公園,2歳,5.0,0.0
令和6,中区,保育ルーム山下公園,3歳,5.0,0.0
令和6,中区,保育ルーム山下公園,4歳,5.0,0.0
令和6,中区,保育ルーム山下公園,5歳,5.0,0.0
令和6,中区,保育園ころころキッズガーデン,0歳,3.560606060606061,0.28787878787878785
令和6,中区,保育園ころころキッズガーデン,1歳,4.545454545454546,0.09090909090909091
令和6,中区,保育園ころころキッズガーデン,2歳,4.7727272727272725,0.045454545454545456
令和6,中区,保育園ころころキッズガーデン,3歳,5.0,0.0
令和6,中区,保育園ころころキッズガーデン,4歳,5.0,0.0
令和6,中区,保育園ころころキッズガーデン,5歳,5.0,0.0
令和6,中区,保育園ばんびーな,0歳,5.0,0.0
令和6,中区,保育園ばんびーな,1歳,1.395021645021645,0.720995670995671
令和6,中区,保育園ばんびーな,2歳,5.0,0.0
令和6,中区,保育園ばんびーな,3歳,2.1969696969696972,0.5606060606060606
令和6,中区,保育園ばんびーな,4歳,4.090909090909091,0.18181818181818182
令和6,中区,保育園ばんびーな,5歳,2.5,0.5
令和6,中区,保育園小紅,0歳,4.318181818181818,0.13636363636363635
令和6,中区,保育園小紅,1歳,2.6893939393939394,0.4621212121212121
令和6,中区,保育園小紅,2歳,4.831649831649832,0.03367003367003367
令和6,中区,保育園小紅,3歳,5.0,0.0
令和6,中区,保育園小紅,4歳,5.0,0.0
令和6,中区,保育園小紅,5歳,5.0,0.0
令和6,中区,太陽の子　不動下保育園,0歳,5.0,0.0
令和6,中区,太陽の子　不動下保育園,1歳,5.0,0.0
令和6,中区,太陽の子　不動下保育園,2歳,5.0,0.0
令和6,中区,太陽の子　不動下保育園,3歳,5.0,0.0
令和6,中区,太陽の子　不動下保育園,4歳,5.0,0.0
令和6,中区,太陽の子　不動下保育園,5歳,2.727272727272727,0.45454545454545453
令和6,中区,寿福祉センター保育所,0歳,4.318181818181818,0.13636363636363635
令和6,中区,寿福祉センター保育所,1歳,1.053030303030303,0.7893939393939394
令和6,中区,寿福祉センター保育所,2歳,4.7727272727272725,0.045454545454545456
令和6,中区,寿福祉センター保育所,3歳,4.090909090909091,0.18181818181818182
令和6,中区,寿福祉センター保育所,4歳,3.8636363636363638,0.22727272727272727
令和6,中区,寿福祉センター保育所,5歳,5.0,0.0
令和6,中区,山元町保育園,0歳,5.0,0.0
令和6,中区,山元町保育園,1歳,2.6893939393939394,0.4621212121212121
令和6,中区,山元町保育園,2歳,4.545454545454546,0.09090909090909091
令和6,中区,山元町保育園,3歳,0.9469696969696968,0.8106060606060607
令和6,中区,山元町保育園,4歳,5.0,0.0
令和6,中区,山元町保育園,5歳,5.0,0.0
令和6,中区,徳育ナーサリー山下公園,0歳,3.446969696969697,0.3106060606060606
令和6,中区,徳育ナーサリー山下公園,1歳,3.3712121212121215,0.32575757575757575
令和6,中区,徳育ナーサリー山下公園,2歳,4.831649831649832,0.03367003367003367
令和6,中区,徳育ナーサリー山下公園,3歳,5.0,0.0
令和6,中区,徳育ナーサリー山下公園,4歳,5.0,0.0
令和6,中区,徳育ナーサリー山下公園,5歳,5.0,0.0
令和6,中区,打越保育園,0歳,5.0,0.0
令和6,中区,打越保育園,1歳,2.3484848484848486,0.5303030303030303
令和6,中区,打越保育園,2歳,4.7727272727272725,0.045454545454545456
令和6,中区,打越保育園,3歳,0.827922077922078,0.8344155844155844
令和6,中区,打越保育園,4歳,4.7727272727272725,0.045454545454545456
令和6,中区,打越保育園,5歳,1.3636363636363635,0.7272727272727273
令和6,中区,新山下二丁目保育所,0歳,4.604377104377105,0.07912457912457913
令和6,中区,新山下二丁目保育所,1歳,4.806576402321084,0.03868471953578337
令和6,中区,新山下二丁目保育所,2歳,4.717278863855527,0.05654422722889454
令和6,中区,新山下二丁目保育所,3歳,5.0,0.0
令和6,中区,新山下二丁目保育所,4歳,5.0,0.0
令和6,中区,新山下二丁目保育所,5歳,4.545454545454546,0.09090909090909091
令和6,中区,木下の保育園　山下町,0歳,3.5670134177596866,0.2865973164480627
令和6,中区,木下の保育園　山下町,1歳,3.7878787878787885,0.2424242424242424
令和6,中区,木下の保育園　山下町,2歳,5.0,0.0
令和6,中区,木下の保育園　山下町,3歳,1.2045454545454546,0.759090909090909
令和6,中区,木下の保育園　山下町,4歳,2.1212121212121215,0.5757575757575757
令和6,中区,木下の保育園　山下町,5歳,1.8181818181818181,0.6363636363636364
令和6,中区,木下の保育園　本牧,0歳,5.0,0.0
令和6,中区,木下の保育園　本牧,1歳,4.638226233970915,0.07235475320581704
令和6,中区,木下の保育園　本牧,2歳,5.0,0.0
令和6,中区,木下の保育園　本牧,3歳,1.2803030303030303,0.743939393939394
令和6,中区,木下の保育園　本牧,4歳,5.0,0.0
令和6,中区,木下の保育園　本牧,5歳,5.0,0.0
令和6,中区,横浜市山手保育園,0歳,5.0,0.0
令和6,中区,横浜市山手保育園,1歳,5.0,0.0
令和6,中区,横浜市山手保育園,2歳,4.46969696969697,0.10606060606060605
令和6,中区,横浜市山手保育園,3歳,2.946969696969697,0.4106060606060606
令和6,中区,横浜市山手保育園,4歳,5.0,0.0
令和6,中区,横浜市山手保育園,5歳,5.0,0.0
令和6,中区,横浜市竹之丸保育園,0歳,3.3712121212121215,0.32575757575757575
令和6,中区,横浜市竹之丸保育園,1歳,5.0,0.0
令和6,中区,横浜市竹之丸保育園,2歳,5.0,0.0
令和6,中区,横浜市竹之丸保育園,3歳,2.4393939393939394,0.5121212121212121
令和6,中区,横浜市竹之丸保育園,4歳,1.1590909090909092,0.7681818181818181
令和6,中区,横浜市竹之丸保育園,5歳,0.8506493506493505,0.8298701298701299
令和6,中区,横浜市錦保育園,0歳,5.0,0.0
令和6,中区,横浜市錦保育園,1歳,2.1287878787878785,0.5742424242424242
令和6,中区,横浜市錦保育園,2歳,4.166666666666667,0.16666666666666666
令和6,中区,横浜市錦保育園,3歳,1.212121212121212,0.7575757575757577
令和6,中区,横浜市錦保育園,4歳,1.9696969696969697,0.606060606060606
令和6,中区,横浜市錦保育園,5歳,1.2803030303030303,0.743939393939394
令和6,中区,横濱中華幼保園,0歳,4.7727272727272725,0.045454545454545456
令和6,中区,横濱中華幼保園,1歳,5.0,0.0
令和6,中区,横濱中華幼保園,2歳,5.0,0.0
令和6,中区,横濱中華幼保園,3歳,1.6287878787878791,0.6742424242424242
令和6,中区,横濱中華幼保園,4歳,5.0,0.0
令和6,中区,横濱中華幼保園,5歳,5.0,0.0
令和6,中区,高風保育園,0歳,5.0,0.0
令和6,中区,高風保育園,1歳,4.46969696969697,0.10606060606060605
令和6,中区,高風保育園,2歳,1.6059007470484568,0.6788198505903087
令和6,中区,高風保育園,3歳,0.909090909090909,0.8181818181818182
令和6,中区,高風保育園,4歳,0.9848484848484848,0.8030303030303031
令和6,中区,高風保育園,5歳,1.4772727272727273,0.7045454545454546
令和6,保土ケ谷区,あーす保育園保土ケ谷,0歳,5.0,0.0
令和6,保土ケ谷区,あーす保育園保土ケ谷,1歳,3.21969696969697,0.356060606060606
令和6,保土ケ谷区,あーす保育園保土ケ谷,2歳,0.8160173160173159,0.8367965367965369
令和6,保土ケ谷区,あーす保育園保土ケ谷,3歳,0.7142857142857145,0.8571428571428572
令和6,保土ケ谷区,あーす保育園保土ケ谷,4歳,0.7061688311688313,0.8587662337662337
令和6,保土ケ谷区,あーす保育園保土ケ谷,5歳,0.5555555555555558,0.8888888888888888
令和6,保土ケ谷区,えぶちにしや園（分園含む）,0歳,4.318181818181818,0.13636363636363635
令和6,保土ケ谷区,えぶちにしや園（分園含む）,1歳,4.897854954034729,0.02042900919305414
令和6,保土ケ谷区,えぶちにしや園（分園含む）,2歳,3.446969696969697,0.3106060606060606
令和6,保土ケ谷区,えぶちにしや園（分園含む）,3歳,3.8636363636363638,0.22727272727272727
令和6,保土ケ谷区,えぶちにしや園（分園含む）,4歳,2.0,0.6
令和6,保土ケ谷区,えぶちにしや園（分園含む）,5歳,3.6363636363636362,0.2727272727272727
令和6,保土ケ谷区,えぶち保育園（分園含む）,0歳,3.522727272727273,0.29545454545454547
令和6,保土ケ谷区,えぶち保育園（分園含む）,1歳,5.0,0.0
令和6,保土ケ谷区,えぶち保育園（分園含む）,2歳,4.545454545454546,0.09090909090909091
令和6,保土ケ谷区,えぶち保育園（分園含む）,3歳,5.0,0.0
令和6,保土ケ谷区,えぶち保育園（分園含む）,4歳,1.9696969696969697,0.6060606060606061
令和6,保土ケ谷区,えぶち保育園（分園含む）,5歳,2.537878787878788,0.4924242424242424
令和6,保土ケ谷区,おおきくなぁ～れ　プチベベ保育室,0歳,3.7121212121212124,0.25757575757575757
令和6,保土ケ谷区,おおきくなぁ～れ　プチベベ保育室,1歳,4.090909090909091,0.18181818181818182
令和6,保土ケ谷区,おおきくなぁ～れ　プチベベ保育室,2歳,4.545454545454546,0.09090909090909091
令和6,保土ケ谷区,おおきくなぁ～れ　プチベベ保育室,3歳,5.0,0.0
令和6,保土ケ谷区,おおきくなぁ～れ　プチベベ保育室,4歳,5.0,0.0
令和6,保土ケ谷区,おおきくなぁ～れ　プチベベ保育室,5歳,5.0,0.0
令和6,保土ケ谷区,おれんじハウス星川保育園,0歳,4.3939393939393945,0.1212121212121212
令和6,保土ケ谷区,おれんじハウス星川保育園,1歳,4.7727272727272725,0.045454545454545456
令和6,保土ケ谷区,おれんじハウス星川保育園,2歳,5.0,0.0
令和6,保土ケ谷区,おれんじハウス星川保育園,3歳,5.0,0.0
令和6,保土ケ谷区,おれんじハウス星川保育園,4歳,5.0,0.0
令和6,保土ケ谷区,おれんじハウス星川保育園,5歳,5.0,0.0
令和6,保土ケ谷区,たしろ保育室,0歳,4.545454545454546,0.09090909090909091
令和6,保土ケ谷区,たしろ保育室,1歳,5.0,0.0
令和6,保土ケ谷区,たしろ保育室,2歳,5.0,0.0
令和6,保土ケ谷区,たしろ保育室,3歳,5.0,0.0
令和6,保土ケ谷区,たしろ保育室,4歳,5.0,0.0
令和6,保土ケ谷区,たしろ保育室,5歳,5.0,0.0
令和6,保土ケ谷区,にじいろ保育園上星川,0歳,5.0,0.0
令和6,保土ケ谷区,にじいろ保育園上星川,1歳,5.0,0.0
令和6,保土ケ谷区,にじいろ保育園上星川,2歳,4.85096870342772,0.02980625931445604
令和6,保土ケ谷区,にじいろ保育園上星川,3歳,5.0,0.0
令和6,保土ケ谷区,にじいろ保育園上星川,4歳,4.7727272727272725,0.045454545454545456
令和6,保土ケ谷区,にじいろ保育園上星川,5歳,2.5,0.5
令和6,保土ケ谷区,にじいろ保育園和田町,0歳,5.0,0.0
令和6,保土ケ谷区,にじいろ保育園和田町,1歳,4.878787878787879,0.024242424242424242
令和6,保土ケ谷区,にじいろ保育園和田町,2歳,5.0,0.0
令和6,保土ケ谷区,にじいろ保育園和田町,3歳,5.0,0.0
令和6,保土ケ谷区,にじいろ保育園和田町,4歳,5.0,0.0
令和6,保土ケ谷区,にじいろ保育園和田町,5歳,2.5,0.5
令和6,保土ケ谷区,にじいろ保育園天王町,0歳,5.0,0.0
令和6,保土ケ谷区,にじいろ保育園天王町,1歳,5.0,0.0
令和6,保土ケ谷区,にじいろ保育園天王町,2歳,4.015151515151515,0.19696969696969696
令和6,保土ケ谷区,にじいろ保育園天王町,3歳,2.727272727272727,0.45454545454545453
令和6,保土ケ谷区,にじいろ保育園天王町,4歳,1.1471861471861473,0.7705627705627706
令和6,保土ケ谷区,にじいろ保育園天王町,5歳,0.9999999999999999,0.8
令和6,保土ケ谷区,ばばほいくしつ星川,0歳,4.166666666666667,0.16666666666666666
令和6,保土ケ谷区,ばばほいくしつ星川,1歳,5.0,0.0
令和6,保土ケ谷区,ばばほいくしつ星川,2歳,3.9393939393939394,0.2121212121212121
令和6,保土ケ谷区,ばばほいくしつ星川,3歳,5.0,0.0
令和6,保土ケ谷区,ばばほいくしつ星川,4歳,5.0,0.0
令和6,保土ケ谷区,ばばほいくしつ星川,5歳,5.0,0.0
令和6,保土ケ谷区,ひかりの風保育園,0歳,5.0,0.0
令和6,保土ケ谷区,ひかりの風保育園,1歳,5.0,0.0
令和6,保土ケ谷区,ひかりの風保育園,2歳,5.0,0.0
令和6,保土ケ谷区,ひかりの風保育園,3歳,4.318181818181818,0.13636363636363635
令和6,保土ケ谷区,ひかりの風保育園,4歳,1.9696969696969702,0.606060606060606
令和6,保土ケ谷区,ひかりの風保育園,5歳,5.0,0.0
令和6,保土ケ谷区,ゆめの樹保育園ほどがや,0歳,4.166666666666667,0.16666666666666666
令和6,保土ケ谷区,ゆめの樹保育園ほどがや,1歳,5.0,0.0
令和6,保土ケ谷区,ゆめの樹保育園ほどがや,2歳,4.545454545454546,0.09090909090909091
令和6,保土ケ谷区,ゆめの樹保育園ほどがや,3歳,1.4318181818181817,0.7136363636363637
令和6,保土ケ谷区,ゆめの樹保育園ほどがや,4歳,1.4318181818181817,0.7136363636363637
令和6,保土ケ谷区,ゆめの樹保育園ほどがや,5歳,5.0,0.0
令和6,保土ケ谷区,りとる・ルーナ保育園,0歳,5.0,0.0
令和6,保土ケ谷区,りとる・ルーナ保育園,1歳,4.866310160427807,0.026737967914438502
令和6,保土ケ谷区,りとる・ルーナ保育園,2歳,4.911738746690204,0.0176522506619594
令和6,保土ケ谷区,りとる・ルーナ保育園,3歳,5.0,0.0
令和6,保土ケ谷区,りとる・ルーナ保育園,4歳,5.0,0.0
令和6,保土ケ谷区,りとる・ルーナ保育園,5歳,4.090909090909091,0.18181818181818182
令和6,保土ケ谷区,アスク和田町保育園,0歳,5.0,0.0
令和6,保土ケ谷区,アスク和田町保育園,1歳,5.0,0.0
令和6,保土ケ谷区,アスク和田町保育園,2歳,4.638226233970915,0.07235475320581704
令和6,保土ケ谷区,アスク和田町保育園,3歳,5.0,0.0
令和6,保土ケ谷区,アスク和田町保育園,4歳,5.0,0.0
令和6,保土ケ谷区,アスク和田町保育園,5歳,4.318181818181818,0.13636363636363635
令和6,保土ケ谷区,アミー保育園　三ツ沢園,0歳,5.0,0.0
令和6,保土ケ谷区,アミー保育園　三ツ沢園,1歳,5.0,0.0
令和6,保土ケ谷区,アミー保育園　三ツ沢園,2歳,5.0,0.0
令和6,保土ケ谷区,アミー保育園　三ツ沢園,3歳,1.286833855799373,0.7426332288401253
令和6,保土ケ谷区,アミー保育園　三ツ沢園,4歳,1.25,0.75
令和6,保土ケ谷区,アミー保育園　三ツ沢園,5歳,5.0,0.0
令和6,保土ケ谷区,エルアンジュ保育園（分園含む）,0歳,4.7727272727272725,0.045454545454545456
令和6,保土ケ谷区,エルアンジュ保育園（分園含む）,1歳,5.0,0.0
令和6,保土ケ谷区,エルアンジュ保育園（分園含む）,2歳,5.0,0.0
令和6,保土ケ谷区,エルアンジュ保育園（分園含む）,3歳,3.6363636363636362,0.2727272727272727
令和6,保土ケ谷区,エルアンジュ保育園（分園含む）,4歳,3.409090909090909,0.3181818181818182
令和6,保土ケ谷区,エルアンジュ保育園（分園含む）,5歳,5.0,0.0
令和6,保土ケ谷区,キッズハーモニー・ほどがや,0歳,4.732620320855616,0.053475935828877004
令和6,保土ケ谷区,キッズハーモニー・ほどがや,1歳,5.0,0.0
令和6,保土ケ谷区,キッズハーモニー・ほどがや,2歳,5.0,0.0
令和6,保土ケ谷区,キッズハーモニー・ほどがや,3歳,4.7727272727272725,0.045454545454545456
令和6,保土ケ谷区,キッズハーモニー・ほどがや,4歳,0.8484848484848484,0.8303030303030302
令和6,保土ケ谷区,キッズハーモニー・ほどがや,5歳,0.9848484848484845,0.8030303030303031
令和6,保土ケ谷区,スターチャイルド≪和田町ナーサリー≫,0歳,4.806576402321084,0.03868471953578337
令和6,保土ケ谷区,スターチャイルド≪和田町ナーサリー≫,1歳,5.0,0.0
令和6,保土ケ谷区,スターチャイルド≪和田町ナーサリー≫,2歳,5.0,0.0
令和6,保土ケ谷区,スターチャイルド≪和田町ナーサリー≫,3歳,5.0,0.0
令和6,保土ケ谷区,スターチャイルド≪和田町ナーサリー≫,4歳,5.0,0.0
令和6,保土ケ谷区,スターチャイルド≪和田町ナーサリー≫,5歳,5.0,0.0
令和6,保土ケ谷区,ダイアナ保育園,0歳,4.85096870342772,0.02980625931445604
令和6,保土ケ谷区,ダイアナ保育園,1歳,5.0,0.0
令和6,保土ケ谷区,ダイアナ保育園,2歳,5.0,0.0
令和6,保土ケ谷区,ダイアナ保育園,3歳,4.318181818181818,0.13636363636363635
令和6,保土ケ谷区,ダイアナ保育園,4歳,1.842265943012212,0.6315468113975576
令和6,保土ケ谷区,ダイアナ保育園,5歳,0.51010101010101,0.897979797979798
令和6,保土ケ谷区,プチアンジュ保育園,0歳,3.242424242424242,0.3515151515151515
令和6,保土ケ谷区,プチアンジュ保育園,1歳,4.7727272727272725,0.045454545454545456
令和6,保土ケ谷区,プチアンジュ保育園,2歳,5.0,0.0
令和6,保土ケ谷区,プチアンジュ保育園,3歳,2.651515151515152,0.46969696969696967
令和6,保土ケ谷区,プチアンジュ保育園,4歳,2.727272727272727,0.45454545454545453
令和6,保土ケ谷区,プチアンジュ保育園,5歳,2.5,0.5
令和6,保土ケ谷区,ベイキッズ　おりーぶ保育園,0歳,4.7727272727272725,0.045454545454545456
令和6,保土ケ谷区,ベイキッズ　おりーぶ保育園,1歳,5.0,0.0
令和6,保土ケ谷区,ベイキッズ　おりーぶ保育園,2歳,5.0,0.0
令和6,保土ケ谷区,ベイキッズ　おりーぶ保育園,3歳,5.0,0.0
令和6,保土ケ谷区,ベイキッズ　おりーぶ保育園,4歳,5.0,0.0
令和6,保土ケ谷区,ベイキッズ　おりーぶ保育園,5歳,5.0,0.0
令和6,保土ケ谷区,ベネッセ　保土ケ谷保育園,0歳,5.0,0.0
令和6,保土ケ谷区,ベネッセ　保土ケ谷保育園,1歳,5.0,0.0
令和6,保土ケ谷区,ベネッセ　保土ケ谷保育園,2歳,4.806576402321084,0.03868471953578337
令和6,保土ケ谷区,ベネッセ　保土ケ谷保育園,3歳,4.7727272727272725,0.045454545454545456
令和6,保土ケ谷区,ベネッセ　保土ケ谷保育園,4歳,3.6363636363636362,0.2727272727272727
令和6,保土ケ谷区,ベネッセ　保土ケ谷保育園,5歳,1.666666666666667,0.6666666666666666
令和6,保土ケ谷区,ポポラー横浜和田町園,0歳,3.674242424242424,0.26515151515151514
令和6,保土ケ谷区,ポポラー横浜和田町園,1歳,5.0,0.0
令和6,保土ケ谷区,ポポラー横浜和田町園,2歳,4.831649831649832,0.03367003367003367
令和6,保土ケ谷区,ポポラー横浜和田町園,3歳,3.5606060606060606,0.28787878787878785
令和6,保土ケ谷区,ポポラー横浜和田町園,4歳,1.7575757575757578,0.6484848484848484
令和6,保土ケ谷区,ポポラー横浜和田町園,5歳,0.9999999999999999,0.8
令和6,保土ケ谷区,ラフ・クルー星川保育園,0歳,5.0,0.0
令和6,保土ケ谷区,ラフ・クルー星川保育園,1歳,4.878787878787879,0.024242424242424242
令和6,保土ケ谷区,ラフ・クルー星川保育園,2歳,4.545454545454546,0.09090909090909091
令和6,保土ケ谷区,ラフ・クルー星川保育園,3歳,1.9090909090909094,0.6181818181818182
令和6,保土ケ谷区,ラフ・クルー星川保育園,4歳,3.484848484848485,0.303030303030303
令和6,保土ケ谷区,ラフ・クルー星川保育園,5歳,4.696969696969696,0.0606060606060606
令和6,保土ケ谷区,三丁目こども園,0歳,5.0,0.0
令和6,保土ケ谷区,三丁目こども園,1歳,5.0,0.0
令和6,保土ケ谷区,三丁目こども園,2歳,5.0,0.0
令和6,保土ケ谷区,三丁目こども園,3歳,5.0,0.0
令和6,保土ケ谷区,三丁目こども園,4歳,5.0,0.0
令和6,保土ケ谷区,三丁目こども園,5歳,5.0,0.0
令和6,保土ケ谷区,保土ケ谷保育園,0歳,3.8636363636363638,0.22727272727272727
令和6,保土ケ谷区,保土ケ谷保育園,1歳,5.0,0.0
令和6,保土ケ谷区,保土ケ谷保育園,2歳,5.0,0.0
令和6,保土ケ谷区,保土ケ谷保育園,3歳,5.0,0.0
令和6,保土ケ谷区,保土ケ谷保育園,4歳,2.651515151515152,0.4696969696969697
令和6,保土ケ谷区,保土ケ谷保育園,5歳,1.25,0.75
令和6,保土ケ谷区,保育室ピア・ピア,0歳,3.409090909090909,0.3181818181818182
令和6,保土ケ谷区,保育室ピア・ピア,1歳,5.0,0.0
令和6,保土ケ谷区,保育室ピア・ピア,2歳,4.090909090909091,0.18181818181818182
令和6,保土ケ谷区,保育室ピア・ピア,3歳,5.0,0.0
令和6,保土ケ谷区,保育室ピア・ピア,4歳,5.0,0.0
令和6,保土ケ谷区,保育室ピア・ピア,5歳,5.0,0.0
令和6,保土ケ谷区,千丸台保育園,0歳,3.424242424242424,0.3151515151515152
令和6,保土ケ谷区,千丸台保育園,1歳,5.0,0.0
令和6,保土ケ谷区,千丸台保育園,2歳,3.8636363636363638,0.22727272727272727
令和6,保土ケ谷区,千丸台保育園,3歳,5.0,0.0
令和6,保土ケ谷区,千丸台保育園,4歳,4.659090909090909,0.06818181818181818
令和6,保土ケ谷区,千丸台保育園,5歳,4.7727272727272725,0.045454545454545456
令和6,保土ケ谷区,合歓の木保育園,0歳,5.0,0.0
令和6,保土ケ谷区,合歓の木保育園,1歳,4.623695976154992,0.07526080476900149
令和6,保土ケ谷区,合歓の木保育園,2歳,4.806576402321084,0.03868471953578337
令和6,保土ケ谷区,合歓の木保育園,3歳,4.545454545454546,0.09090909090909091
令和6,保土ケ谷区,合歓の木保育園,4歳,5.0,0.0
令和6,保土ケ谷区,合歓の木保育園,5歳,0.9848484848484845,0.8030303030303031
令和6,保土ケ谷区,向台保育園,0歳,5.0,0.0
令和6,保土ケ谷区,向台保育園,1歳,5.0,0.0
令和6,保土ケ谷区,向台保育園,2歳,5.0,0.0
令和6,保土ケ谷区,向台保育園,3歳,1.4556277056277056,0.7088744588744589
令和6,保土ケ谷区,向台保育園,4歳,2.803030303030303,0.4393939393939394
令和6,保土ケ谷区,向台保育園,5歳,5.0,0.0
令和6,保土ケ谷区,境木保育園,0歳,4.226305609284332,0.15473887814313347
令和6,保土ケ谷区,境木保育園,1歳,4.46969696969697,0.10606060606060605
令和6,保土ケ谷区,境木保育園,2歳,5.0,0.0
令和6,保土ケ谷区,境木保育園,3歳,4.806576402321084,0.03868471953578337
令和6,保土ケ谷区,境木保育園,4歳,3.8511985526910903,0.22976028946178195
令和6,保土ケ谷区,境木保育園,5歳,5.0,0.0
令和6,保土ケ谷区,天王町駅前もえぎ保育園,0歳,3.977272727272727,0.20454545454545456
令和6,保土ケ谷区,天王町駅前もえぎ保育園,1歳,3.590909090909091,0.2818181818181818
令和6,保土ケ谷区,天王町駅前もえぎ保育園,2歳,5.0,0.0
令和6,保土ケ谷区,天王町駅前もえぎ保育園,3歳,5.0,0.0
令和6,保土ケ谷区,天王町駅前もえぎ保育園,4歳,5.0,0.0
令和6,保土ケ谷区,天王町駅前もえぎ保育園,5歳,5.0,0.0
令和6,保土ケ谷区,学校法人初音丘学園ＰＩＣＣＯＬＩＮＯ,0歳,3.5,0.3
令和6,保土ケ谷区,学校法人初音丘学園ＰＩＣＣＯＬＩＮＯ,1歳,5.0,0.0
令和6,保土ケ谷区,学校法人初音丘学園ＰＩＣＣＯＬＩＮＯ,2歳,5.0,0.0
令和6,保土ケ谷区,学校法人初音丘学園ＰＩＣＣＯＬＩＮＯ,3歳,5.0,0.0
令和6,保土ケ谷区,学校法人初音丘学園ＰＩＣＣＯＬＩＮＯ,4歳,5.0,0.0
令和6,保土ケ谷区,学校法人初音丘学園ＰＩＣＣＯＬＩＮＯ,5歳,5.0,0.0
令和6,保土ケ谷区,岩間保育園,0歳,3.8636363636363638,0.22727272727272727
令和6,保土ケ谷区,岩間保育園,1歳,5.0,0.0
令和6,保土ケ谷区,岩間保育園,2歳,5.0,0.0
令和6,保土ケ谷区,岩間保育園,3歳,4.545454545454546,0.09090909090909091
令和6,保土ケ谷区,岩間保育園,4歳,1.5909090909090908,0.6818181818181818
令和6,保土ケ谷区,岩間保育園,5歳,1.666666666666667,0.6666666666666666
令和6,保土ケ谷区,川島保育園,0歳,5.0,0.0
令和6,保土ケ谷区,川島保育園,1歳,4.766899766899767,0.046620046620046623
令和6,保土ケ谷区,川島保育園,2歳,4.579303675048356,0.08413926499032881
令和6,保土ケ谷区,川島保育園,3歳,3.594455190199871,0.28110896196002577
令和6,保土ケ谷区,川島保育園,4歳,3.560606060606061,0.28787878787878785
令和6,保土ケ谷区,川島保育園,5歳,5.0,0.0
令和6,保土ケ谷区,新桜ケ丘保育園,0歳,5.0,0.0
令和6,保土ケ谷区,新桜ケ丘保育園,1歳,4.806576402321084,0.03868471953578337
令和6,保土ケ谷区,新桜ケ丘保育園,2歳,4.352030947775629,0.12959381044487428
令和6,保土ケ谷区,新桜ケ丘保育園,3歳,5.0,0.0
令和6,保土ケ谷区,新桜ケ丘保育園,4歳,5.0,0.0
令和6,保土ケ谷区,新桜ケ丘保育園,5歳,4.090909090909091,0.18181818181818182
令和6,保土ケ谷区,明神台保育園,0歳,4.575757575757576,0.08484848484848485
令和6,保土ケ谷区,明神台保育園,1歳,5.0,0.0
令和6,保土ケ谷区,明神台保育園,2歳,5.0,0.0
令和6,保土ケ谷区,明神台保育園,3歳,4.696969696969696,0.0606060606060606
令和6,保土ケ谷区,明神台保育園,4歳,5.0,0.0
令和6,保土ケ谷区,明神台保育園,5歳,0.7142857142857145,0.8571428571428572
令和6,保土ケ谷区,星川こども園,0歳,4.806576402321084,0.03868471953578337
令和6,保土ケ谷区,星川こども園,1歳,5.0,0.0
令和6,保土ケ谷区,星川こども園,2歳,4.545454545454546,0.09090909090909091
令和6,保土ケ谷区,星川こども園,3歳,4.545454545454546,0.09090909090909091
令和6,保土ケ谷区,星川こども園,4歳,4.7727272727272725,0.045454545454545456
令和6,保土ケ谷区,星川こども園,5歳,4.7727272727272725,0.045454545454545456
令和6,保土ケ谷区,星川もえぎ保育園,0歳,5.0,0.0
令和6,保土ケ谷区,星川もえぎ保育園,1歳,4.7727272727272725,0.045454545454545456
令和6,保土ケ谷区,星川もえぎ保育園,2歳,4.7727272727272725,0.045454545454545456
令和6,保土ケ谷区,星川もえぎ保育園,3歳,3.8636363636363638,0.22727272727272727
令和6,保土ケ谷区,星川もえぎ保育園,4歳,5.0,0.0
令和6,保土ケ谷区,星川もえぎ保育園,5歳,4.7727272727272725,0.045454545454545456
令和6,保土ケ谷区,星川ルーナ保育園,0歳,5.0,0.0
令和6,保土ケ谷区,星川ルーナ保育園,1歳,5.0,0.0
令和6,保土ケ谷区,星川ルーナ保育園,2歳,5.0,0.0
令和6,保土ケ谷区,星川ルーナ保育園,3歳,5.0,0.0
令和6,保土ケ谷区,星川ルーナ保育園,4歳,5.0,0.0
令和6,保土ケ谷区,星川ルーナ保育園,5歳,5.0,0.0
令和6,保土ケ谷区,昴保育園,0歳,3.9393939393939394,0.21212121212121213
令和6,保土ケ谷区,昴保育園,1歳,4.93060374739764,0.013879250520471896
令和6,保土ケ谷区,昴保育園,2歳,5.0,0.0
令和6,保土ケ谷区,昴保育園,3歳,2.045454545454546,0.5909090909090909
令和6,保土ケ谷区,昴保育園,4歳,5.0,0.0
令和6,保土ケ谷区,昴保育園,5歳,1.0681818181818181,0.7863636363636364
令和6,保土ケ谷区,東戸塚もえぎ保育室,0歳,3.257575757575758,0.34848484848484845
令和6,保土ケ谷区,東戸塚もえぎ保育室,1歳,4.831649831649832,0.03367003367003367
令和6,保土ケ谷区,東戸塚もえぎ保育室,2歳,5.0,0.0
令和6,保土ケ谷区,東戸塚もえぎ保育室,3歳,5.0,0.0
令和6,保土ケ谷区,東戸塚もえぎ保育室,4歳,5.0,0.0
令和6,保土ケ谷区,東戸塚もえぎ保育室,5歳,5.0,0.0
令和6,保土ケ谷区,桜ケ丘保育園,0歳,2.7283347493627867,0.4543330501274427
令和6,保土ケ谷区,桜ケ丘保育園,1歳,5.0,0.0
令和6,保土ケ谷区,桜ケ丘保育園,2歳,5.0,0.0
令和6,保土ケ谷区,桜ケ丘保育園,3歳,4.806576402321084,0.03868471953578337
令和6,保土ケ谷区,桜ケ丘保育園,4歳,1.5227272727272727,0.6954545454545454
令和6,保土ケ谷区,桜ケ丘保育園,5歳,5.0,0.0
令和6,保土ケ谷区,梅の木保育園,0歳,5.0,0.0
令和6,保土ケ谷区,梅の木保育園,1歳,5.0,0.0
令和6,保土ケ谷区,梅の木保育園,2歳,5.0,0.0
令和6,保土ケ谷区,梅の木保育園,3歳,5.0,0.0
令和6,保土ケ谷区,梅の木保育園,4歳,3.1818181818181817,0.36363636363636365
令和6,保土ケ谷区,梅の木保育園,5歳,3.1818181818181817,0.36363636363636365
令和6,保土ケ谷区,森のルーナ保育園,0歳,5.0,0.0
令和6,保土ケ谷区,森のルーナ保育園,1歳,4.940191387559809,0.011961722488038277
令和6,保土ケ谷区,森のルーナ保育園,2歳,4.878787878787879,0.024242424242424242
令和6,保土ケ谷区,森のルーナ保育園,3歳,3.674242424242424,0.26515151515151514
令和6,保土ケ谷区,森のルーナ保育園,4歳,3.7878787878787885,0.2424242424242424
令和6,保土ケ谷区,森のルーナ保育園,5歳,4.7727272727272725,0.045454545454545456
令和6,保土ケ谷区,横浜市天王町保育園,0歳,3.083333333333333,0.38333333333333336
令和6,保土ケ谷区,横浜市天王町保育園,1歳,5.0,0.0
令和6,保土ケ谷区,横浜市天王町保育園,2歳,4.128787878787879,0.17424242424242423
令和6,保土ケ谷区,横浜市天王町保育園,3歳,2.91044776119403,0.417910447761194
令和6,保土ケ谷区,横浜市天王町保育園,4歳,1.3257575757575757,0.7348484848484849
令和6,保土ケ谷区,横浜市天王町保育園,5歳,0.4903581267217632,0.9019283746556475
令和6,保土ケ谷区,横浜市岩井保育園,0歳,3.0,0.4
令和6,保土ケ谷区,横浜市岩井保育園,1歳,4.696969696969696,0.0606060606060606
令和6,保土ケ谷区,横浜市岩井保育園,2歳,2.1212121212121215,0.5757575757575757
令和6,保土ケ谷区,横浜市岩井保育園,3歳,2.272727272727273,0.5454545454545454
令和6,保土ケ谷区,横浜市岩井保育園,4歳,2.7861952861952863,0.44276094276094274
令和6,保土ケ谷区,横浜市岩井保育園,5歳,1.25,0.75
令和6,保土ケ谷区,横浜市神戸保育園,0歳,4.128787878787879,0.17424242424242423
令和6,保土ケ谷区,横浜市神戸保育園,1歳,4.204545454545454,0.1590909090909091
令和6,保土ケ谷区,横浜市神戸保育園,2歳,4.46969696969697,0.10606060606060605
令和6,保土ケ谷区,横浜市神戸保育園,3歳,5.0,0.0
令和6,保土ケ谷区,横浜市神戸保育園,4歳,5.0,0.0
令和6,保土ケ谷区,横浜市神戸保育園,5歳,0.357142857142857,0.9285714285714287
令和6,保土ケ谷区,笹山保育園,0歳,4.166666666666667,0.16666666666666666
令和6,保土ケ谷区,笹山保育園,1歳,5.0,0.0
令和6,保土ケ谷区,笹山保育園,2歳,5.0,0.0
令和6,保土ケ谷区,笹山保育園,3歳,1.9696969696969702,0.606060606060606
令和6,保土ケ谷区,笹山保育園,4歳,3.484848484848485,0.303030303030303
令和6,保土ケ谷区,笹山保育園,5歳,5.0,0.0
令和6,保土ケ谷区,若葉保育園（分園含む）,0歳,4.385880077369439,0.12282398452611218
令和6,保土ケ谷区,若葉保育園（分園含む）,1歳,5.0,0.0
令和6,保土ケ谷区,若葉保育園（分園含む）,2歳,5.0,0.0
令和6,保土ケ谷区,若葉保育園（分園含む）,3歳,4.7727272727272725,0.045454545454545456
令和6,保土ケ谷区,若葉保育園（分園含む）,4歳,4.7727272727272725,0.045454545454545456
令和6,保土ケ谷区,若葉保育園（分園含む）,5歳,5.0,0.0
令和6,保土ケ谷区,西谷保育園,0歳,4.090909090909091,0.18181818181818182
令和6,保土ケ谷区,西谷保育園,1歳,5.0,0.0
令和6,保土ケ谷区,西谷保育園,2歳,5.0,0.0
令和6,保土ケ谷区,西谷保育園,3歳,5.0,0.0
令和6,保土ケ谷区,西谷保育園,4歳,4.2727272727272725,0.14545454545454548
令和6,保土ケ谷区,西谷保育園,5歳,1.666666666666667,0.6666666666666666
令和6,保土ケ谷区,西谷保育園分園　きらり保育園,0歳,3.992424242424242,0.20151515151515154
令和6,保土ケ谷区,西谷保育園分園　きらり保育園,1歳,5.0,0.0
令和6,保土ケ谷区,西谷保育園分園　きらり保育園,2歳,4.7727272727272725,0.045454545454545456
令和6,保土ケ谷区,西谷保育園分園　きらり保育園,3歳,5.0,0.0
令和6,保土ケ谷区,西谷保育園分園　きらり保育園,4歳,5.0,0.0
令和6,保土ケ谷区,西谷保育園分園　きらり保育園,5歳,5.0,0.0
令和6,保土ケ谷区,認定こども園あかいとりこども園,0歳,4.90530303030303,0.01893939393939394
令和6,保土ケ谷区,認定こども園あかいとりこども園,1歳,4.604377104377105,0.07912457912457913
令和6,保土ケ谷区,認定こども園あかいとりこども園,2歳,4.449529395571499,0.11009412088570025
令和6,保土ケ谷区,認定こども園あかいとりこども園,3歳,2.041424887169568,0.5917150225660864
令和6,保土ケ谷区,認定こども園あかいとりこども園,4歳,1.075036075036075,0.7849927849927849
令和6,保土ケ谷区,認定こども園あかいとりこども園,5歳,2.3484848484848486,0.5303030303030303
令和6,保土ケ谷区,認定こども園和田愛児園,0歳,4.623695976154992,0.07526080476900149
令和6,保土ケ谷区,認定こども園和田愛児園,1歳,5.0,0.0
令和6,保土ケ谷区,認定こども園和田愛児園,2歳,5.0,0.0
令和6,保土ケ谷区,認定こども園和田愛児園,3歳,5.0,0.0
令和6,保土ケ谷区,認定こども園和田愛児園,4歳,5.0,0.0
令和6,保土ケ谷区,認定こども園和田愛児園,5歳,5.0,0.0
令和6,保土ケ谷区,認定こども園峯岡幼稚園,0歳,5.0,0.0
令和6,保土ケ谷区,認定こども園峯岡幼稚園,1歳,5.0,0.0
令和6,保土ケ谷区,認定こども園峯岡幼稚園,2歳,5.0,0.0
令和6,保土ケ谷区,認定こども園峯岡幼稚園,3歳,4.318181818181818,0.13636363636363635
令和6,保土ケ谷区,認定こども園峯岡幼稚園,4歳,2.9545454545454546,0.4090909090909091
令和6,保土ケ谷区,認定こども園峯岡幼稚園,5歳,5.0,0.0
令和6,保土ケ谷区,霞台保育園（分園含む）,0歳,4.015151515151515,0.19696969696969696
令和6,保土ケ谷区,霞台保育園（分園含む）,1歳,5.0,0.0
令和6,保土ケ谷区,霞台保育園（分園含む）,2歳,5.0,0.0
令和6,保土ケ谷区,霞台保育園（分園含む）,3歳,5.0,0.0
令和6,保土ケ谷区,霞台保育園（分園含む）,4歳,5.0,0.0
令和6,保土ケ谷区,霞台保育園（分園含む）,5歳,3.8636363636363638,0.22727272727272727
令和6,保土ケ谷区,ＧＥＮＫＩＤＳ星川保育園,0歳,5.0,0.0
令和6,保土ケ谷区,ＧＥＮＫＩＤＳ星川保育園,1歳,4.90530303030303,0.01893939393939394
令和6,保土ケ谷区,ＧＥＮＫＩＤＳ星川保育園,2歳,5.0,0.0
令和6,保土ケ谷区,ＧＥＮＫＩＤＳ星川保育園,3歳,5.0,0.0
令和6,保土ケ谷区,ＧＥＮＫＩＤＳ星川保育園,4歳,4.545454545454546,0.09090909090909091
令和6,保土ケ谷区,ＧＥＮＫＩＤＳ星川保育園,5歳,3.8636363636363638,0.22727272727272727
令和6,南区,きらり保育園吉野町,0歳,4.226305609284332,0.15473887814313347
令和6,南区,きらり保育園吉野町,1歳,5.0,0.0
令和6,南区,きらり保育園吉野町,2歳,5.0,0.0
令和6,南区,きらり保育園吉野町,3歳,4.46969696969697,0.10606060606060605
令和6,南区,きらり保育園吉野町,4歳,5.0,0.0
令和6,南区,きらり保育園吉野町,5歳,4.318181818181818,0.13636363636363635
令和6,南区,くらき永田保育園,0歳,4.275427542754276,0.14491449144914492
令和6,南区,くらき永田保育園,1歳,5.0,0.0
令和6,南区,くらき永田保育園,2歳,5.0,0.0
令和6,南区,くらき永田保育園,3歳,5.0,0.0
令和6,南区,くらき永田保育園,4歳,4.806576402321084,0.03868471953578337
令和6,南区,くらき永田保育園,5歳,4.318181818181818,0.13636363636363635
令和6,南区,たけのこ永田東保育園,0歳,5.0,0.0
令和6,南区,たけのこ永田東保育園,1歳,5.0,0.0
令和6,南区,たけのこ永田東保育園,2歳,5.0,0.0
令和6,南区,たけのこ永田東保育園,3歳,5.0,0.0
令和6,南区,たけのこ永田東保育園,4歳,5.0,0.0
令和6,南区,たけのこ永田東保育園,5歳,5.0,0.0
令和6,南区,つぼみの森保育室,0歳,5.0,0.0
令和6,南区,つぼみの森保育室,1歳,4.545454545454546,0.09090909090909091
令和6,南区,つぼみの森保育室,2歳,2.4242424242424243,0.5151515151515151
令和6,南区,つぼみの森保育室,3歳,5.0,0.0
令和6,南区,つぼみの森保育室,4歳,5.0,0.0
令和6,南区,つぼみの森保育室,5歳,5.0,0.0
令和6,南区,ばばほいくしつ黄金町,0歳,4.318181818181818,0.13636363636363635
令和6,南区,ばばほいくしつ黄金町,1歳,4.015151515151515,0.19696969696969696
令和6,南区,ばばほいくしつ黄金町,2歳,4.545454545454546,0.09090909090909091
令和6,南区,ばばほいくしつ黄金町,3歳,5.0,0.0
令和6,南区,ばばほいくしつ黄金町,4歳,5.0,0.0
令和6,南区,ばばほいくしつ黄金町,5歳,5.0,0.0
令和6,南区,ひびき井土ヶ谷保育園,0歳,4.579303675048356,0.08413926499032881
令和6,南区,ひびき井土ヶ谷保育園,1歳,5.0,0.0
令和6,南区,ひびき井土ヶ谷保育園,2歳,5.0,0.0
令和6,南区,ひびき井土ヶ谷保育園,3歳,5.0,0.0
令和6,南区,ひびき井土ヶ谷保育園,4歳,5.0,0.0
令和6,南区,ひびき井土ヶ谷保育園,5歳,5.0,0.0
令和6,南区,ぽかぽか保育園,0歳,4.7727272727272725,0.045454545454545456
令和6,南区,ぽかぽか保育園,1歳,5.0,0.0
令和6,南区,ぽかぽか保育園,2歳,5.0,0.0
令和6,南区,ぽかぽか保育園,3歳,5.0,0.0
令和6,南区,ぽかぽか保育園,4歳,5.0,0.0
令和6,南区,ぽかぽか保育園,5歳,5.0,0.0
令和6,南区,みなみマーノ保育園,0歳,5.0,0.0
令和6,南区,みなみマーノ保育園,1歳,4.93060374739764,0.013879250520471896
令和6,南区,みなみマーノ保育園,2歳,5.0,0.0
令和6,南区,みなみマーノ保育園,3歳,5.0,0.0
令和6,南区,みなみマーノ保育園,4歳,5.0,0.0
令和6,南区,みなみマーノ保育園,5歳,5.0,0.0
令和6,南区,めいとく保育園,0歳,2.7954545454545454,0.440909090909091
令和6,南区,めいとく保育園,1歳,4.7727272727272725,0.045454545454545456
令和6,南区,めいとく保育園,2歳,5.0,0.0
令和6,南区,めいとく保育園,3歳,5.0,0.0
令和6,南区,めいとく保育園,4歳,5.0,0.0
令和6,南区,めいとく保育園,5歳,5.0,0.0
令和6,南区,もりた保育室,0歳,5.0,0.0
令和6,南区,もりた保育室,1歳,5.0,0.0
令和6,南区,もりた保育室,2歳,5.0,0.0
令和6,南区,もりた保育室,3歳,5.0,0.0
令和6,南区,もりた保育室,4歳,5.0,0.0
令和6,南区,もりた保育室,5歳,5.0,0.0
令和6,南区,やすらぎ保育園,0歳,5.0,0.0
令和6,南区,やすらぎ保育園,1歳,4.46969696969697,0.10606060606060605
令和6,南区,やすらぎ保育園,2歳,4.352030947775629,0.12959381044487428
令和6,南区,やすらぎ保育園,3歳,5.0,0.0
令和6,南区,やすらぎ保育園,4歳,4.545454545454546,0.09090909090909091
令和6,南区,やすらぎ保育園,5歳,5.0,0.0
令和6,南区,よこはま風の遊育園,0歳,4.934123847167325,0.013175230566534914
令和6,南区,よこはま風の遊育園,1歳,5.0,0.0
令和6,南区,よこはま風の遊育園,2歳,5.0,0.0
令和6,南区,よこはま風の遊育園,3歳,5.0,0.0
令和6,南区,よこはま風の遊育園,4歳,5.0,0.0
令和6,南区,よこはま風の遊育園,5歳,5.0,0.0
令和6,南区,アイン弘明寺保育園,0歳,5.0,0.0
令和6,南区,アイン弘明寺保育園,1歳,5.0,0.0
令和6,南区,アイン弘明寺保育園,2歳,5.0,0.0
令和6,南区,アイン弘明寺保育園,3歳,5.0,0.0
令和6,南区,アイン弘明寺保育園,4歳,5.0,0.0
令和6,南区,アイン弘明寺保育園,5歳,5.0,0.0
令和6,南区,アスクいどがや保育園,0歳,4.806576402321084,0.03868471953578337
令和6,南区,アスクいどがや保育園,1歳,5.0,0.0
令和6,南区,アスクいどがや保育園,2歳,5.0,0.0
令和6,南区,アスクいどがや保育園,3歳,5.0,0.0
令和6,南区,アスクいどがや保育園,4歳,4.090909090909091,0.18181818181818182
令和6,南区,アスクいどがや保育園,5歳,5.0,0.0
令和6,南区,アスク吉野町保育園,0歳,4.013974850555806,0.19720502988883878
令和6,南区,アスク吉野町保育園,1歳,5.0,0.0
令和6,南区,アスク吉野町保育園,2歳,5.0,0.0
令和6,南区,アスク吉野町保育園,3歳,5.0,0.0
令和6,南区,アスク吉野町保育園,4歳,4.806576402321084,0.03868471953578337
令和6,南区,アスク吉野町保育園,5歳,2.803030303030303,0.4393939393939394
令和6,南区,キッズパートナー井土ヶ谷,0歳,3.4115747640337806,0.3176850471932439
令和6,南区,キッズパートナー井土ヶ谷,1歳,4.866310160427807,0.026737967914438502
令和6,南区,キッズパートナー井土ヶ谷,2歳,3.8241149720984593,0.2351770055803082
令和6,南区,キッズパートナー井土ヶ谷,3歳,5.0,0.0
令和6,南区,キッズパートナー井土ヶ谷,4歳,5.0,0.0
令和6,南区,キッズパートナー井土ヶ谷,5歳,5.0,0.0
令和6,南区,キッズパートナー弘明寺,0歳,3.965183752417795,0.20696324951644102
令和6,南区,キッズパートナー弘明寺,1歳,5.0,0.0
令和6,南区,キッズパートナー弘明寺,2歳,5.0,0.0
令和6,南区,キッズパートナー弘明寺,3歳,5.0,0.0
令和6,南区,キッズパートナー弘明寺,4歳,5.0,0.0
令和6,南区,キッズパートナー弘明寺,5歳,5.0,0.0
令和6,南区,キューピールームＰ-ｋａｂｏｏ園,0歳,5.0,0.0
令和6,南区,キューピールームＰ-ｋａｂｏｏ園,1歳,3.897485493230174,0.2205029013539652
令和6,南区,キューピールームＰ-ｋａｂｏｏ園,2歳,5.0,0.0
令和6,南区,キューピールームＰ-ｋａｂｏｏ園,3歳,5.0,0.0
令和6,南区,キューピールームＰ-ｋａｂｏｏ園,4歳,5.0,0.0
令和6,南区,キューピールームＰ-ｋａｂｏｏ園,5歳,5.0,0.0
令和6,南区,チームナーサリーＢｉｇＨｕｇ南太田,0歳,5.0,0.0
令和6,南区,チームナーサリーＢｉｇＨｕｇ南太田,1歳,4.717278863855527,0.05654422722889454
令和6,南区,チームナーサリーＢｉｇＨｕｇ南太田,2歳,5.0,0.0
令和6,南区,チームナーサリーＢｉｇＨｕｇ南太田,3歳,5.0,0.0
令和6,南区,チームナーサリーＢｉｇＨｕｇ南太田,4歳,5.0,0.0
令和6,南区,チームナーサリーＢｉｇＨｕｇ南太田,5歳,5.0,0.0
令和6,南区,パナマリア保育園弘明寺園,0歳,5.0,0.0
令和6,南区,パナマリア保育園弘明寺園,1歳,5.0,0.0
令和6,南区,パナマリア保育園弘明寺園,2歳,4.604377104377105,0.07912457912457913
令和6,南区,パナマリア保育園弘明寺園,3歳,5.0,0.0
令和6,南区,パナマリア保育園弘明寺園,4歳,5.0,0.0
令和6,南区,パナマリア保育園弘明寺園,5歳,5.0,0.0
令和6,南区,プチ・ナーサリー弘明寺,0歳,5.0,0.0
令和6,南区,プチ・ナーサリー弘明寺,1歳,5.0,0.0
令和6,南区,プチ・ナーサリー弘明寺,2歳,5.0,0.0
令和6,南区,プチ・ナーサリー弘明寺,3歳,5.0,0.0
令和6,南区,プチ・ナーサリー弘明寺,4歳,5.0,0.0
令和6,南区,プチ・ナーサリー弘明寺,5歳,5.0,0.0
令和6,南区,ペパンルーム,0歳,5.0,0.0
令和6,南区,ペパンルーム,1歳,5.0,0.0
令和6,南区,ペパンルーム,2歳,5.0,0.0
令和6,南区,ペパンルーム,3歳,5.0,0.0
令和6,南区,ペパンルーム,4歳,5.0,0.0
令和6,南区,ペパンルーム,5歳,5.0,0.0
令和6,南区,ララランド井土ヶ谷,0歳,4.1498316498316505,0.17003367003367
令和6,南区,ララランド井土ヶ谷,1歳,5.0,0.0
令和6,南区,ララランド井土ヶ谷,2歳,4.90530303030303,0.01893939393939394
令和6,南区,ララランド井土ヶ谷,3歳,5.0,0.0
令和6,南区,ララランド井土ヶ谷,4歳,4.124758220502901,0.17504835589941972
令和6,南区,ララランド井土ヶ谷,5歳,5.0,0.0
令和6,南区,三春台保育園,0歳,5.0,0.0
令和6,南区,三春台保育園,1歳,5.0,0.0
令和6,南区,三春台保育園,2歳,5.0,0.0
令和6,南区,三春台保育園,3歳,5.0,0.0
令和6,南区,三春台保育園,4歳,2.6136363636363638,0.4772727272727273
令和6,南区,三春台保育園,5歳,5.0,0.0
令和6,南区,上大岡ラビット保育園,0歳,5.0,0.0
令和6,南区,上大岡ラビット保育園,1歳,5.0,0.0
令和6,南区,上大岡ラビット保育園,2歳,5.0,0.0
令和6,南区,上大岡ラビット保育園,3歳,5.0,0.0
令和6,南区,上大岡ラビット保育園,4歳,5.0,0.0
令和6,南区,上大岡ラビット保育園,5歳,3.7121212121212124,0.25757575757575757
令和6,南区,中村愛児園,0歳,4.7727272727272725,0.045454545454545456
令和6,南区,中村愛児園,1歳,3.5606060606060606,0.28787878787878785
令和6,南区,中村愛児園,2歳,5.0,0.0
令和6,南区,中村愛児園,3歳,4.431818181818182,0.11363636363636363
令和6,南区,中村愛児園,4歳,4.7727272727272725,0.045454545454545456
令和6,南区,中村愛児園,5歳,4.7727272727272725,0.045454545454545456
令和6,南区,久良岐保育園,0歳,5.0,0.0
令和6,南区,久良岐保育園,1歳,5.0,0.0
令和6,南区,久良岐保育園,2歳,5.0,0.0
令和6,南区,久良岐保育園,3歳,5.0,0.0
令和6,南区,久良岐保育園,4歳,5.0,0.0
令和6,南区,久良岐保育園,5歳,5.0,0.0
令和6,南区,京急キッズランド井土ケ谷駅保育園,0歳,5.0,0.0
令和6,南区,京急キッズランド井土ケ谷駅保育園,1歳,5.0,0.0
令和6,南区,京急キッズランド井土ケ谷駅保育園,2歳,4.90530303030303,0.01893939393939394
令和6,南区,京急キッズランド井土ケ谷駅保育園,3歳,4.831649831649832,0.03367003367003367
令和6,南区,京急キッズランド井土ケ谷駅保育園,4歳,5.0,0.0
令和6,南区,京急キッズランド井土ケ谷駅保育園,5歳,5.0,0.0
令和6,南区,京急キッズランド黄金町保育園,0歳,5.0,0.0
令和6,南区,京急キッズランド黄金町保育園,1歳,5.0,0.0
令和6,南区,京急キッズランド黄金町保育園,2歳,5.0,0.0
令和6,南区,京急キッズランド黄金町保育園,3歳,4.545454545454546,0.09090909090909091
令和6,南区,京急キッズランド黄金町保育園,4歳,4.7727272727272725,0.045454545454545456
令和6,南区,京急キッズランド黄金町保育園,5歳,4.7727272727272725,0.045454545454545456
令和6,南区,六ツ川みどり保育園,0歳,3.9598261119986833,0.20803477760026332
令和6,南区,六ツ川みどり保育園,1歳,5.0,0.0
令和6,南区,六ツ川みどり保育園,2歳,5.0,0.0
令和6,南区,六ツ川みどり保育園,3歳,5.0,0.0
令和6,南区,六ツ川みどり保育園,4歳,5.0,0.0
令和6,南区,六ツ川みどり保育園,5歳,5.0,0.0
令和6,南区,六ツ川台保育園,0歳,5.0,0.0
令和6,南区,六ツ川台保育園,1歳,4.889135254988914,0.022172949002217297
令和6,南区,六ツ川台保育園,2歳,5.0,0.0
令和6,南区,六ツ川台保育園,3歳,5.0,0.0
令和6,南区,六ツ川台保育園,4歳,5.0,0.0
令和6,南区,六ツ川台保育園,5歳,5.0,0.0
令和6,南区,六ツ川西保育園,0歳,4.3939393939393945,0.1212121212121212
令和6,南区,六ツ川西保育園,1歳,4.897854954034729,0.02042900919305414
令和6,南区,六ツ川西保育園,2歳,5.0,0.0
令和6,南区,六ツ川西保育園,3歳,4.806576402321084,0.03868471953578337
令和6,南区,六ツ川西保育園,4歳,5.0,0.0
令和6,南区,六ツ川西保育園,5歳,3.8636363636363638,0.22727272727272727
令和6,南区,別所保育園,0歳,5.0,0.0
令和6,南区,別所保育園,1歳,5.0,0.0
令和6,南区,別所保育園,2歳,5.0,0.0
令和6,南区,別所保育園,3歳,4.7727272727272725,0.045454545454545456
令和6,南区,別所保育園,4歳,5.0,0.0
令和6,南区,別所保育園,5歳,5.0,0.0
令和6,南区,南愛児園,0歳,5.0,0.0
令和6,南区,南愛児園,1歳,5.0,0.0
令和6,南区,南愛児園,2歳,5.0,0.0
令和6,南区,南愛児園,3歳,4.7727272727272725,0.045454545454545456
令和6,南区,南愛児園,4歳,4.696969696969696,0.0606060606060606
令和6,南区,南愛児園,5歳,4.636363636363637,0.07272727272727274
令和6,南区,大岡おひさま保育園,0歳,5.0,0.0
令和6,南区,大岡おひさま保育園,1歳,5.0,0.0
令和6,南区,大岡おひさま保育園,2歳,5.0,0.0
令和6,南区,大岡おひさま保育園,3歳,5.0,0.0
令和6,南区,大岡おひさま保育園,4歳,3.1818181818181817,0.36363636363636365
令和6,南区,大岡おひさま保育園,5歳,5.0,0.0
令和6,南区,大岡はるかぜ保育園,0歳,5.0,0.0
令和6,南区,大岡はるかぜ保育園,1歳,4.875839234801803,0.02483215303963947
令和6,南区,大岡はるかぜ保育園,2歳,5.0,0.0
令和6,南区,大岡はるかぜ保育園,3歳,4.831649831649832,0.03367003367003367
令和6,南区,大岡はるかぜ保育園,4歳,5.0,0.0
令和6,南区,大岡はるかぜ保育園,5歳,5.0,0.0
令和6,南区,小さな足あと保育園,0歳,5.0,0.0
令和6,南区,小さな足あと保育園,1歳,5.0,0.0
令和6,南区,小さな足あと保育園,2歳,5.0,0.0
令和6,南区,小さな足あと保育園,3歳,5.0,0.0
令和6,南区,小さな足あと保育園,4歳,5.0,0.0
令和6,南区,小さな足あと保育園,5歳,5.0,0.0
令和6,南区,小学館アカデミーまいた保育園,0歳,4.015151515151515,0.19696969696969696
令和6,南区,小学館アカデミーまいた保育園,1歳,5.0,0.0
令和6,南区,小学館アカデミーまいた保育園,2歳,4.7727272727272725,0.045454545454545456
令和6,南区,小学館アカデミーまいた保育園,3歳,5.0,0.0
令和6,南区,小学館アカデミーまいた保育園,4歳,5.0,0.0
令和6,南区,小学館アカデミーまいた保育園,5歳,5.0,0.0
令和6,南区,木の花保育園,0歳,3.918495297805643,0.2163009404388715
令和6,南区,木の花保育園,1歳,4.7727272727272725,0.045454545454545456
令和6,南区,木の花保育園,2歳,4.7727272727272725,0.045454545454545456
令和6,南区,木の花保育園,3歳,5.0,0.0
令和6,南区,木の花保育園,4歳,5.0,0.0
令和6,南区,木の花保育園,5歳,5.0,0.0
令和6,南区,横浜みなみ薫保育園,0歳,3.727272727272727,0.2545454545454545
令和6,南区,横浜みなみ薫保育園,1歳,5.0,0.0
令和6,南区,横浜みなみ薫保育園,2歳,5.0,0.0
令和6,南区,横浜みなみ薫保育園,3歳,3.516508367254636,0.2966983265490728
令和6,南区,横浜みなみ薫保育園,4歳,5.0,0.0
令和6,南区,横浜みなみ薫保育園,5歳,3.8636363636363638,0.22727272727272727
令和6,南区,横浜市しろばら保育園,0歳,5.0,0.0
令和6,南区,横浜市しろばら保育園,1歳,4.831649831649832,0.03367003367003367
令和6,南区,横浜市しろばら保育園,2歳,5.0,0.0
令和6,南区,横浜市しろばら保育園,3歳,4.457259158751696,0.10854816824966078
令和6,南区,横浜市しろばら保育園,4歳,4.696969696969696,0.0606060606060606
令和6,南区,横浜市しろばら保育園,5歳,3.333333333333333,0.3333333333333333
令和6,南区,横浜市井土ケ谷保育園,0歳,5.0,0.0
令和6,南区,横浜市井土ケ谷保育園,1歳,5.0,0.0
令和6,南区,横浜市井土ケ谷保育園,2歳,4.911738746690204,0.0176522506619594
令和6,南区,横浜市井土ケ谷保育園,3歳,4.7727272727272725,0.045454545454545456
令和6,南区,横浜市井土ケ谷保育園,4歳,5.0,0.0
令和6,南区,横浜市井土ケ谷保育園,5歳,5.0,0.0
令和6,南区,横浜市永田保育園,0歳,5.0,0.0
令和6,南区,横浜市永田保育園,1歳,4.574499536097876,0.08510009278042491
令和6,南区,横浜市永田保育園,2歳,5.0,0.0
令和6,南区,横浜市永田保育園,3歳,3.1818181818181817,0.36363636363636365
令和6,南区,横浜市永田保育園,4歳,5.0,0.0
令和6,南区,横浜市永田保育園,5歳,2.9545454545454546,0.4090909090909091
令和6,南区,清水ヶ丘保育園,0歳,3.1515151515151514,0.3696969696969697
令和6,南区,清水ヶ丘保育園,1歳,3.344455190199871,0.33110896196002576
令和6,南区,清水ヶ丘保育園,2歳,4.806576402321084,0.03868471953578337
令和6,南区,清水ヶ丘保育園,3歳,0.8576839826839827,0.8284632034632033
令和6,南区,清水ヶ丘保育園,4歳,1.0984848484848484,0.7803030303030304
令和6,南区,清水ヶ丘保育園,5歳,1.628787878787879,0.6742424242424242
令和6,南区,睦町保育園,0歳,5.0,0.0
令和6,南区,睦町保育園,1歳,4.754299754299755,0.04914004914004913
令和6,南区,睦町保育園,2歳,5.0,0.0
令和6,南区,睦町保育園,3歳,5.0,0.0
令和6,南区,睦町保育園,4歳,4.359568212027228,0.1280863575945543
令和6,南区,睦町保育園,5歳,2.727272727272727,0.45454545454545453
令和6,南区,竹の子共同保育園,0歳,5.0,0.0
令和6,南区,竹の子共同保育園,1歳,5.0,0.0
令和6,南区,竹の子共同保育園,2歳,5.0,0.0
令和6,南区,竹の子共同保育園,3歳,5.0,0.0
令和6,南区,竹の子共同保育園,4歳,5.0,0.0
令和6,南区,竹の子共同保育園,5歳,5.0,0.0
令和6,南区,蒔田ひまわり保育園,0歳,5.0,0.0
令和6,南区,蒔田ひまわり保育園,1歳,4.878787878787879,0.024242424242424242
令和6,南区,蒔田ひまわり保育園,2歳,5.0,0.0
令和6,南区,蒔田ひまわり保育園,3歳,4.806576402321084,0.03868471953578337
令和6,南区,蒔田ひまわり保育園,4歳,5.0,0.0
令和6,南区,蒔田ひまわり保育園,5歳,4.7727272727272725,0.045454545454545456
令和6,南区,認定こども園山王台幼稚園,0歳,5.0,0.0
令和6,南区,認定こども園山王台幼稚園,1歳,5.0,0.0
令和6,南区,認定こども園山王台幼稚園,2歳,5.0,0.0
令和6,南区,認定こども園山王台幼稚園,3歳,5.0,0.0
令和6,南区,認定こども園山王台幼稚園,4歳,5.0,0.0
令和6,南区,認定こども園山王台幼稚園,5歳,5.0,0.0
令和6,戸塚区,あおぞらみらい保育園,0歳,4.651515151515151,0.06969696969696969
令和6,戸塚区,あおぞらみらい保育園,1歳,5.0,0.0
令和6,戸塚区,あおぞらみらい保育園,2歳,4.318181818181818,0.13636363636363635
令和6,戸塚区,あおぞらみらい保育園,3歳,5.0,0.0
令和6,戸塚区,あおぞらみらい保育園,4歳,5.0,0.0
令和6,戸塚区,あおぞらみらい保育園,5歳,5.0,0.0
令和6,戸塚区,あきば幼保連携型認定こども園,0歳,5.0,0.0
令和6,戸塚区,あきば幼保連携型認定こども園,1歳,5.0,0.0
令和6,戸塚区,あきば幼保連携型認定こども園,2歳,4.878787878787879,0.024242424242424242
令和6,戸塚区,あきば幼保連携型認定こども園,3歳,5.0,0.0
令和6,戸塚区,あきば幼保連携型認定こども園,4歳,5.0,0.0
令和6,戸塚区,あきば幼保連携型認定こども園,5歳,5.0,0.0
令和6,戸塚区,あきば第２保育園,0歳,5.0,0.0
令和6,戸塚区,あきば第２保育園,1歳,5.0,0.0
令和6,戸塚区,あきば第２保育園,2歳,5.0,0.0
令和6,戸塚区,あきば第２保育園,3歳,5.0,0.0
令和6,戸塚区,あきば第２保育園,4歳,5.0,0.0
令和6,戸塚区,あきば第２保育園,5歳,5.0,0.0
令和6,戸塚区,あけぼの保育園,0歳,5.0,0.0
令和6,戸塚区,あけぼの保育園,1歳,5.0,0.0
令和6,戸塚区,あけぼの保育園,2歳,5.0,0.0
令和6,戸塚区,あけぼの保育園,3歳,4.545454545454546,0.09090909090909091
令和6,戸塚区,あけぼの保育園,4歳,5.0,0.0
令和6,戸塚区,あけぼの保育園,5歳,2.9545454545454546,0.4090909090909091
令和6,戸塚区,あーす保育園　横濱戸塚,0歳,5.0,0.0
令和6,戸塚区,あーす保育園　横濱戸塚,1歳,5.0,0.0
令和6,戸塚区,あーす保育園　横濱戸塚,2歳,5.0,0.0
令和6,戸塚区,あーす保育園　横濱戸塚,3歳,4.7727272727272725,0.045454545454545456
令和6,戸塚区,あーす保育園　横濱戸塚,4歳,5.0,0.0
令和6,戸塚区,あーす保育園　横濱戸塚,5歳,5.0,0.0
令和6,戸塚区,あーす保育園戸塚,0歳,5.0,0.0
令和6,戸塚区,あーす保育園戸塚,1歳,5.0,0.0
令和6,戸塚区,あーす保育園戸塚,2歳,4.878787878787879,0.024242424242424242
令和6,戸塚区,あーす保育園戸塚,3歳,5.0,0.0
令和6,戸塚区,あーす保育園戸塚,4歳,5.0,0.0
令和6,戸塚区,あーす保育園戸塚,5歳,5.0,0.0
令和6,戸塚区,あーす保育園戸塚Ａｎｎｅｘ,0歳,5.0,0.0
令和6,戸塚区,あーす保育園戸塚Ａｎｎｅｘ,1歳,5.0,0.0
令和6,戸塚区,あーす保育園戸塚Ａｎｎｅｘ,2歳,5.0,0.0
令和6,戸塚区,あーす保育園戸塚Ａｎｎｅｘ,3歳,5.0,0.0
令和6,戸塚区,あーす保育園戸塚Ａｎｎｅｘ,4歳,5.0,0.0
令和6,戸塚区,あーす保育園戸塚Ａｎｎｅｘ,5歳,5.0,0.0
令和6,戸塚区,うみのくに保育園とつか,0歳,3.6893939393939394,0.26212121212121214
令和6,戸塚区,うみのくに保育園とつか,1歳,5.0,0.0
令和6,戸塚区,うみのくに保育園とつか,2歳,5.0,0.0
令和6,戸塚区,うみのくに保育園とつか,3歳,5.0,0.0
令和6,戸塚区,うみのくに保育園とつか,4歳,4.46969696969697,0.10606060606060605
令和6,戸塚区,うみのくに保育園とつか,5歳,5.0,0.0
令和6,戸塚区,おおぞらどんぐり保育室,0歳,5.0,0.0
令和6,戸塚区,おおぞらどんぐり保育室,1歳,5.0,0.0
令和6,戸塚区,おおぞらどんぐり保育室,2歳,5.0,0.0
令和6,戸塚区,おおぞらどんぐり保育室,3歳,5.0,0.0
令和6,戸塚区,おおぞらどんぐり保育室,4歳,5.0,0.0
令和6,戸塚区,おおぞらどんぐり保育室,5歳,5.0,0.0
令和6,戸塚区,おおぞらひまわり保育園,0歳,4.806576402321084,0.03868471953578337
令和6,戸塚区,おおぞらひまわり保育園,1歳,4.889135254988914,0.022172949002217297
令和6,戸塚区,おおぞらひまわり保育園,2歳,5.0,0.0
令和6,戸塚区,おおぞらひまわり保育園,3歳,2.878787878787879,0.4242424242424242
令和6,戸塚区,おおぞらひまわり保育園,4歳,5.0,0.0
令和6,戸塚区,おおぞらひまわり保育園,5歳,5.0,0.0
令和6,戸塚区,おんぷ保育園,0歳,5.0,0.0
令和6,戸塚区,おんぷ保育園,1歳,5.0,0.0
令和6,戸塚区,おんぷ保育園,2歳,4.411764705882353,0.11764705882352942
令和6,戸塚区,おんぷ保育園,3歳,5.0,0.0
令和6,戸塚区,おんぷ保育園,4歳,5.0,0.0
令和6,戸塚区,おんぷ保育園,5歳,5.0,0.0
令和6,戸塚区,くすのき保育園,0歳,5.0,0.0
令和6,戸塚区,くすのき保育園,1歳,4.93730407523511,0.012539184952978056
令和6,戸塚区,くすのき保育園,2歳,5.0,0.0
令和6,戸塚区,くすのき保育園,3歳,5.0,0.0
令和6,戸塚区,くすのき保育園,4歳,5.0,0.0
令和6,戸塚区,くすのき保育園,5歳,5.0,0.0
令和6,戸塚区,くすのき第二保育園,0歳,5.0,0.0
令和6,戸塚区,くすのき第二保育園,1歳,5.0,0.0
令和6,戸塚区,くすのき第二保育園,2歳,5.0,0.0
令和6,戸塚区,くすのき第二保育園,3歳,4.579303675048356,0.08413926499032881
令和6,戸塚区,くすのき第二保育園,4歳,5.0,0.0
令和6,戸塚区,くすのき第二保育園,5歳,3.6363636363636362,0.2727272727272727
令和6,戸塚区,ことは保育園,0歳,4.257575757575758,0.14848484848484847
令和6,戸塚区,ことは保育園,1歳,4.200515796260476,0.15989684074790456
令和6,戸塚区,ことは保育園,2歳,5.0,0.0
令和6,戸塚区,ことは保育園,3歳,4.318181818181818,0.13636363636363635
令和6,戸塚区,ことは保育園,4歳,4.045454545454546,0.19090909090909092
令和6,戸塚区,ことは保育園,5歳,1.5151515151515154,0.6969696969696969
令和6,戸塚区,こんにちは・ありがとうえん,0歳,2.946780745730712,0.4106438508538577
令和6,戸塚区,こんにちは・ありがとうえん,1歳,4.7727272727272725,0.045454545454545456
令和6,戸塚区,こんにちは・ありがとうえん,2歳,4.318181818181818,0.13636363636363635
令和6,戸塚区,こんにちは・ありがとうえん,3歳,4.7727272727272725,0.045454545454545456
令和6,戸塚区,こんにちは・ありがとうえん,4歳,2.9545454545454546,0.4090909090909091
令和6,戸塚区,こんにちは・ありがとうえん,5歳,4.7727272727272725,0.045454545454545456
令和6,戸塚区,しんざわあゆみ保育室,0歳,5.0,0.0
令和6,戸塚区,しんざわあゆみ保育室,1歳,5.0,0.0
令和6,戸塚区,しんざわあゆみ保育室,2歳,5.0,0.0
令和6,戸塚区,しんざわあゆみ保育室,3歳,5.0,0.0
令和6,戸塚区,しんざわあゆみ保育室,4歳,5.0,0.0
令和6,戸塚区,しんざわあゆみ保育室,5歳,5.0,0.0
令和6,戸塚区,ちゃいれっく前田町保育園,0歳,4.318181818181818,0.13636363636363635
令和6,戸塚区,ちゃいれっく前田町保育園,1歳,5.0,0.0
令和6,戸塚区,ちゃいれっく前田町保育園,2歳,4.318181818181818,0.13636363636363635
令和6,戸塚区,ちゃいれっく前田町保育園,3歳,5.0,0.0
令和6,戸塚区,ちゃいれっく前田町保育園,4歳,4.7727272727272725,0.045454545454545456
令和6,戸塚区,ちゃいれっく前田町保育園,5歳,5.0,0.0
令和6,戸塚区,ちゃいれっく平戸町保育室,0歳,3.333333333333333,0.3333333333333333
令和6,戸塚区,ちゃいれっく平戸町保育室,1歳,5.0,0.0
令和6,戸塚区,ちゃいれっく平戸町保育室,2歳,4.352030947775629,0.12959381044487428
令和6,戸塚区,ちゃいれっく平戸町保育室,3歳,5.0,0.0
令和6,戸塚区,ちゃいれっく平戸町保育室,4歳,5.0,0.0
令和6,戸塚区,ちゃいれっく平戸町保育室,5歳,5.0,0.0
令和6,戸塚区,ちゃいれっく戸塚保育園,0歳,4.85096870342772,0.02980625931445604
令和6,戸塚区,ちゃいれっく戸塚保育園,1歳,4.957716701902748,0.008456659619450317
令和6,戸塚区,ちゃいれっく戸塚保育園,2歳,5.0,0.0
令和6,戸塚区,ちゃいれっく戸塚保育園,3歳,5.0,0.0
令和6,戸塚区,ちゃいれっく戸塚保育園,4歳,5.0,0.0
令和6,戸塚区,ちゃいれっく戸塚保育園,5歳,2.0454545454545454,0.5909090909090909
令和6,戸塚区,ちゃいれっく東戸塚駅前保育園,0歳,3.7521240441801185,0.24957519116397622
令和6,戸塚区,ちゃいれっく東戸塚駅前保育園,1歳,5.0,0.0
令和6,戸塚区,ちゃいれっく東戸塚駅前保育園,2歳,5.0,0.0
令和6,戸塚区,ちゃいれっく東戸塚駅前保育園,3歳,4.7727272727272725,0.045454545454545456
令和6,戸塚区,ちゃいれっく東戸塚駅前保育園,4歳,5.0,0.0
令和6,戸塚区,ちゃいれっく東戸塚駅前保育園,5歳,5.0,0.0
令和6,戸塚区,つくし保育園　戸塚,0歳,5.0,0.0
令和6,戸塚区,つくし保育園　戸塚,1歳,5.0,0.0
令和6,戸塚区,つくし保育園　戸塚,2歳,5.0,0.0
令和6,戸塚区,つくし保育園　戸塚,3歳,4.545454545454546,0.09090909090909091
令和6,戸塚区,つくし保育園　戸塚,4歳,4.124758220502901,0.17504835589941972
令和6,戸塚区,つくし保育園　戸塚,5歳,5.0,0.0
令和6,戸塚区,つくし保育園　東戸塚,0歳,4.545454545454546,0.09090909090909091
令和6,戸塚区,つくし保育園　東戸塚,1歳,5.0,0.0
令和6,戸塚区,つくし保育園　東戸塚,2歳,5.0,0.0
令和6,戸塚区,つくし保育園　東戸塚,3歳,5.0,0.0
令和6,戸塚区,つくし保育園　東戸塚,4歳,3.409090909090909,0.3181818181818182
令和6,戸塚区,つくし保育園　東戸塚,5歳,3.409090909090909,0.3181818181818182
令和6,戸塚区,とつかルーテル保育園,0歳,4.85096870342772,0.02980625931445604
令和6,戸塚区,とつかルーテル保育園,1歳,5.0,0.0
令和6,戸塚区,とつかルーテル保育園,2歳,5.0,0.0
令和6,戸塚区,とつかルーテル保育園,3歳,5.0,0.0
令和6,戸塚区,とつかルーテル保育園,4歳,5.0,0.0
令和6,戸塚区,とつかルーテル保育園,5歳,5.0,0.0
令和6,戸塚区,にじいろ保育園品濃町,0歳,5.0,0.0
令和6,戸塚区,にじいろ保育園品濃町,1歳,4.806576402321084,0.03868471953578337
令和6,戸塚区,にじいろ保育園品濃町,2歳,5.0,0.0
令和6,戸塚区,にじいろ保育園品濃町,3歳,5.0,0.0
令和6,戸塚区,にじいろ保育園品濃町,4歳,5.0,0.0
令和6,戸塚区,にじいろ保育園品濃町,5歳,5.0,0.0
令和6,戸塚区,にじいろ保育園川上町,0歳,3.7121212121212124,0.25757575757575757
令和6,戸塚区,にじいろ保育園川上町,1歳,5.0,0.0
令和6,戸塚区,にじいろ保育園川上町,2歳,5.0,0.0
令和6,戸塚区,にじいろ保育園川上町,3歳,4.7727272727272725,0.045454545454545456
令和6,戸塚区,にじいろ保育園川上町,4歳,5.0,0.0
令和6,戸塚区,にじいろ保育園川上町,5歳,5.0,0.0
令和6,戸塚区,にじいろ保育園戸塚,0歳,4.7727272727272725,0.045454545454545456
令和6,戸塚区,にじいろ保育園戸塚,1歳,5.0,0.0
令和6,戸塚区,にじいろ保育園戸塚,2歳,5.0,0.0
令和6,戸塚区,にじいろ保育園戸塚,3歳,5.0,0.0
令和6,戸塚区,にじいろ保育園戸塚,4歳,5.0,0.0
令和6,戸塚区,にじいろ保育園戸塚,5歳,4.7727272727272725,0.045454545454545456
令和6,戸塚区,にじいろ保育園戸塚駅前,0歳,5.0,0.0
令和6,戸塚区,にじいろ保育園戸塚駅前,1歳,5.0,0.0
令和6,戸塚区,にじいろ保育園戸塚駅前,2歳,5.0,0.0
令和6,戸塚区,にじいろ保育園戸塚駅前,3歳,4.7727272727272725,0.045454545454545456
令和6,戸塚区,にじいろ保育園戸塚駅前,4歳,5.0,0.0
令和6,戸塚区,にじいろ保育園戸塚駅前,5歳,5.0,0.0
令和6,戸塚区,にじいろ保育園東戸塚,0歳,5.0,0.0
令和6,戸塚区,にじいろ保育園東戸塚,1歳,5.0,0.0
令和6,戸塚区,にじいろ保育園東戸塚,2歳,5.0,0.0
令和6,戸塚区,にじいろ保育園東戸塚,3歳,5.0,0.0
令和6,戸塚区,にじいろ保育園東戸塚,4歳,4.090909090909091,0.18181818181818182
令和6,戸塚区,にじいろ保育園東戸塚,5歳,3.409090909090909,0.3181818181818182
令和6,戸塚区,ののはな保育園,0歳,4.47250280583614,0.10549943883277217
令和6,戸塚区,ののはな保育園,1歳,5.0,0.0
令和6,戸塚区,ののはな保育園,2歳,5.0,0.0
令和6,戸塚区,ののはな保育園,3歳,3.1818181818181817,0.36363636363636365
令和6,戸塚区,ののはな保育園,4歳,4.831649831649832,0.03367003367003367
令和6,戸塚区,ののはな保育園,5歳,1.5909090909090908,0.6818181818181818
令和6,戸塚区,はまっこ乳児ルーム,0歳,5.0,0.0
令和6,戸塚区,はまっこ乳児ルーム,1歳,5.0,0.0
令和6,戸塚区,はまっこ乳児ルーム,2歳,5.0,0.0
令和6,戸塚区,はまっこ乳児ルーム,3歳,5.0,0.0
令和6,戸塚区,はまっこ乳児ルーム,4歳,5.0,0.0
令和6,戸塚区,はまっこ乳児ルーム,5歳,5.0,0.0
令和6,戸塚区,ぱぷりか保育園　戸塚,0歳,5.0,0.0
令和6,戸塚区,ぱぷりか保育園　戸塚,1歳,5.0,0.0
令和6,戸塚区,ぱぷりか保育園　戸塚,2歳,5.0,0.0
令和6,戸塚区,ぱぷりか保育園　戸塚,3歳,5.0,0.0
令和6,戸塚区,ぱぷりか保育園　戸塚,4歳,5.0,0.0
令和6,戸塚区,ぱぷりか保育園　戸塚,5歳,5.0,0.0
令和6,戸塚区,みんなのほいくえんａｔとつか,0歳,5.0,0.0
令和6,戸塚区,みんなのほいくえんａｔとつか,1歳,5.0,0.0
令和6,戸塚区,みんなのほいくえんａｔとつか,2歳,5.0,0.0
令和6,戸塚区,みんなのほいくえんａｔとつか,3歳,5.0,0.0
令和6,戸塚区,みんなのほいくえんａｔとつか,4歳,5.0,0.0
令和6,戸塚区,みんなのほいくえんａｔとつか,5歳,5.0,0.0
令和6,戸塚区,わかば保育園,0歳,4.579303675048356,0.08413926499032881
令和6,戸塚区,わかば保育園,1歳,5.0,0.0
令和6,戸塚区,わかば保育園,2歳,5.0,0.0
令和6,戸塚区,わかば保育園,3歳,5.0,0.0
令和6,戸塚区,わかば保育園,4歳,3.1818181818181817,0.36363636363636365
令和6,戸塚区,わかば保育園,5歳,2.5,0.5
令和6,戸塚区,アスク戸塚保育園,0歳,5.0,0.0
令和6,戸塚区,アスク戸塚保育園,1歳,5.0,0.0
令和6,戸塚区,アスク戸塚保育園,2歳,5.0,0.0
令和6,戸塚区,アスク戸塚保育園,3歳,4.545454545454546,0.09090909090909091
令和6,戸塚区,アスク戸塚保育園,4歳,4.638226233970915,0.07235475320581704
令和6,戸塚区,アスク戸塚保育園,5歳,4.090909090909091,0.18181818181818182
令和6,戸塚区,アスノスひらと保育園東戸塚,0歳,4.728629579375848,0.05427408412483039
令和6,戸塚区,アスノスひらと保育園東戸塚,1歳,4.7727272727272725,0.045454545454545456
令和6,戸塚区,アスノスひらと保育園東戸塚,2歳,4.545454545454546,0.09090909090909091
令和6,戸塚区,アスノスひらと保育園東戸塚,3歳,5.0,0.0
令和6,戸塚区,アスノスひらと保育園東戸塚,4歳,5.0,0.0
令和6,戸塚区,アスノスひらと保育園東戸塚,5歳,5.0,0.0
令和6,戸塚区,アネラ保育室,0歳,5.0,0.0
令和6,戸塚区,アネラ保育室,1歳,4.85096870342772,0.02980625931445604
令和6,戸塚区,アネラ保育室,2歳,1.7045454545454548,0.6590909090909091
令和6,戸塚区,アネラ保育室,3歳,5.0,0.0
令和6,戸塚区,アネラ保育室,4歳,5.0,0.0
令和6,戸塚区,アネラ保育室,5歳,5.0,0.0
令和6,戸塚区,アートチャイルドケア東戸塚,0歳,4.545454545454546,0.09090909090909091
令和6,戸塚区,アートチャイルドケア東戸塚,1歳,5.0,0.0
令和6,戸塚区,アートチャイルドケア東戸塚,2歳,4.7727272727272725,0.045454545454545456
令和6,戸塚区,アートチャイルドケア東戸塚,3歳,5.0,0.0
令和6,戸塚区,アートチャイルドケア東戸塚,4歳,2.727272727272727,0.45454545454545453
令和6,戸塚区,アートチャイルドケア東戸塚,5歳,3.75,0.25
令和6,戸塚区,エミールの森ひばり保育園,0歳,4.466925859252592,0.1066148281494816
令和6,戸塚区,エミールの森ひばり保育園,1歳,4.122568973315242,0.17548620533695158
令和6,戸塚区,エミールの森ひばり保育園,2歳,3.670212765957447,0.26595744680851063
令和6,戸塚区,エミールの森ひばり保育園,3歳,2.4118046132971505,0.5176390773405699
令和6,戸塚区,エミールの森ひばり保育園,4歳,3.670212765957447,0.26595744680851063
令和6,戸塚区,エミールの森ひばり保育園,5歳,2.9545454545454546,0.4090909090909091
令和6,戸塚区,キッズパートナー東戸塚,0歳,5.0,0.0
令和6,戸塚区,キッズパートナー東戸塚,1歳,4.545454545454546,0.09090909090909091
令和6,戸塚区,キッズパートナー東戸塚,2歳,5.0,0.0
令和6,戸塚区,キッズパートナー東戸塚,3歳,5.0,0.0
令和6,戸塚区,キッズパートナー東戸塚,4歳,1.1515151515151514,0.7696969696969697
令和6,戸塚区,キッズパートナー東戸塚,5歳,2.5,0.5
令和6,戸塚区,キッズパートナー東戸塚第２,0歳,5.0,0.0
令和6,戸塚区,キッズパートナー東戸塚第２,1歳,5.0,0.0
令和6,戸塚区,キッズパートナー東戸塚第２,2歳,5.0,0.0
令和6,戸塚区,キッズパートナー東戸塚第２,3歳,5.0,0.0
令和6,戸塚区,キッズパートナー東戸塚第２,4歳,1.666666666666667,0.6666666666666666
令和6,戸塚区,キッズパートナー東戸塚第２,5歳,1.9696969696969702,0.606060606060606
令和6,戸塚区,グローバルキッズ戸塚吉田町保育園,0歳,4.242424242424242,0.1515151515151515
令和6,戸塚区,グローバルキッズ戸塚吉田町保育園,1歳,5.0,0.0
令和6,戸塚区,グローバルキッズ戸塚吉田町保育園,2歳,5.0,0.0
令和6,戸塚区,グローバルキッズ戸塚吉田町保育園,3歳,5.0,0.0
令和6,戸塚区,グローバルキッズ戸塚吉田町保育園,4歳,4.545454545454546,0.09090909090909091
令和6,戸塚区,グローバルキッズ戸塚吉田町保育園,5歳,4.545454545454546,0.09090909090909091
令和6,戸塚区,グローバルキッズ戸塚園,0歳,4.889135254988914,0.022172949002217297
令和6,戸塚区,グローバルキッズ戸塚園,1歳,5.0,0.0
令和6,戸塚区,グローバルキッズ戸塚園,2歳,5.0,0.0
令和6,戸塚区,グローバルキッズ戸塚園,3歳,5.0,0.0
令和6,戸塚区,グローバルキッズ戸塚園,4歳,5.0,0.0
令和6,戸塚区,グローバルキッズ戸塚園,5歳,4.696969696969696,0.0606060606060606
令和6,戸塚区,グローバルキッズ戸塚第二保育園,0歳,5.0,0.0
令和6,戸塚区,グローバルキッズ戸塚第二保育園,1歳,5.0,0.0
令和6,戸塚区,グローバルキッズ戸塚第二保育園,2歳,5.0,0.0
令和6,戸塚区,グローバルキッズ戸塚第二保育園,3歳,5.0,0.0
令和6,戸塚区,グローバルキッズ戸塚第二保育園,4歳,5.0,0.0
令和6,戸塚区,グローバルキッズ戸塚第二保育園,5歳,5.0,0.0
令和6,戸塚区,コアの木保育園,0歳,5.0,0.0
令和6,戸塚区,コアの木保育園,1歳,4.954771596562641,0.009045680687471733
令和6,戸塚区,コアの木保育園,2歳,5.0,0.0
令和6,戸塚区,コアの木保育園,3歳,5.0,0.0
令和6,戸塚区,コアの木保育園,4歳,5.0,0.0
令和6,戸塚区,コアの木保育園,5歳,5.0,0.0
令和6,戸塚区,スターチャイルド≪戸塚ナーサリー≫,0歳,5.0,0.0
令和6,戸塚区,スターチャイルド≪戸塚ナーサリー≫,1歳,5.0,0.0
令和6,戸塚区,スターチャイルド≪戸塚ナーサリー≫,2歳,5.0,0.0
令和6,戸塚区,スターチャイルド≪戸塚ナーサリー≫,3歳,5.0,0.0
令和6,戸塚区,スターチャイルド≪戸塚ナーサリー≫,4歳,5.0,0.0
令和6,戸塚区,スターチャイルド≪戸塚ナーサリー≫,5歳,5.0,0.0
令和6,戸塚区,ニチイキッズ東戸塚保育園,0歳,4.3456112852664575,0.13087774294670848
令和6,戸塚区,ニチイキッズ東戸塚保育園,1歳,5.0,0.0
令和6,戸塚区,ニチイキッズ東戸塚保育園,2歳,5.0,0.0
令和6,戸塚区,ニチイキッズ東戸塚保育園,3歳,5.0,0.0
令和6,戸塚区,ニチイキッズ東戸塚保育園,4歳,5.0,0.0
令和6,戸塚区,ニチイキッズ東戸塚保育園,5歳,5.0,0.0
令和6,戸塚区,ハートの森保育園,0歳,3.4361471861471866,0.3127705627705628
令和6,戸塚区,ハートの森保育園,1歳,5.0,0.0
令和6,戸塚区,ハートの森保育園,2歳,4.545454545454546,0.09090909090909091
令和6,戸塚区,ハートの森保育園,3歳,5.0,0.0
令和6,戸塚区,ハートの森保育園,4歳,2.9545454545454546,0.4090909090909091
令和6,戸塚区,ハートの森保育園,5歳,5.0,0.0
令和6,戸塚区,ベイキッズひまわり保育園,0歳,4.7727272727272725,0.045454545454545456
令和6,戸塚区,ベイキッズひまわり保育園,1歳,5.0,0.0
令和6,戸塚区,ベイキッズひまわり保育園,2歳,5.0,0.0
令和6,戸塚区,ベイキッズひまわり保育園,3歳,5.0,0.0
令和6,戸塚区,ベイキッズひまわり保育園,4歳,5.0,0.0
令和6,戸塚区,ベイキッズひまわり保育園,5歳,5.0,0.0
令和6,戸塚区,ベネッセ　東戸塚保育園,0歳,5.0,0.0
令和6,戸塚区,ベネッセ　東戸塚保育園,1歳,5.0,0.0
令和6,戸塚区,ベネッセ　東戸塚保育園,2歳,5.0,0.0
令和6,戸塚区,ベネッセ　東戸塚保育園,3歳,4.545454545454546,0.09090909090909091
令和6,戸塚区,ベネッセ　東戸塚保育園,4歳,5.0,0.0
令和6,戸塚区,ベネッセ　東戸塚保育園,5歳,5.0,0.0
令和6,戸塚区,メモリー保育園,0歳,4.7727272727272725,0.045454545454545456
令和6,戸塚区,メモリー保育園,1歳,5.0,0.0
令和6,戸塚区,メモリー保育園,2歳,5.0,0.0
令和6,戸塚区,メモリー保育園,3歳,5.0,0.0
令和6,戸塚区,メモリー保育園,4歳,3.8636363636363638,0.22727272727272727
令和6,戸塚区,メモリー保育園,5歳,4.545454545454546,0.09090909090909091
令和6,戸塚区,ララランド戸塚,0歳,5.0,0.0
令和6,戸塚区,ララランド戸塚,1歳,5.0,0.0
令和6,戸塚区,ララランド戸塚,2歳,5.0,0.0
令和6,戸塚区,ララランド戸塚,3歳,5.0,0.0
令和6,戸塚区,ララランド戸塚,4歳,5.0,0.0
令和6,戸塚区,ララランド戸塚,5歳,5.0,0.0
令和6,戸塚区,ララランド戸塚第２,0歳,5.0,0.0
令和6,戸塚区,ララランド戸塚第２,1歳,4.956293706293706,0.008741258741258744
令和6,戸塚区,ララランド戸塚第２,2歳,5.0,0.0
令和6,戸塚区,ララランド戸塚第２,3歳,5.0,0.0
令和6,戸塚区,ララランド戸塚第２,4歳,5.0,0.0
令和6,戸塚区,ララランド戸塚第２,5歳,5.0,0.0
令和6,戸塚区,ララランド戸塚第３,0歳,5.0,0.0
令和6,戸塚区,ララランド戸塚第３,1歳,4.956293706293706,0.008741258741258744
令和6,戸塚区,ララランド戸塚第３,2歳,5.0,0.0
令和6,戸塚区,ララランド戸塚第３,3歳,5.0,0.0
令和6,戸塚区,ララランド戸塚第３,4歳,5.0,0.0
令和6,戸塚区,ララランド戸塚第３,5歳,2.4242424242424243,0.5151515151515151
令和6,戸塚区,レインボー保育園,0歳,5.0,0.0
令和6,戸塚区,レインボー保育園,1歳,4.745098039215686,0.050980392156862744
令和6,戸塚区,レインボー保育園,2歳,5.0,0.0
令和6,戸塚区,レインボー保育園,3歳,5.0,0.0
令和6,戸塚区,レインボー保育園,4歳,5.0,0.0
令和6,戸塚区,レインボー保育園,5歳,5.0,0.0
令和6,戸塚区,ヴィラ東戸塚こども園,0歳,4.90530303030303,0.01893939393939394
令和6,戸塚区,ヴィラ東戸塚こども園,1歳,5.0,0.0
令和6,戸塚区,ヴィラ東戸塚こども園,2歳,5.0,0.0
令和6,戸塚区,ヴィラ東戸塚こども園,3歳,4.831649831649832,0.03367003367003367
令和6,戸塚区,ヴィラ東戸塚こども園,4歳,5.0,0.0
令和6,戸塚区,ヴィラ東戸塚こども園,5歳,5.0,0.0
令和6,戸塚区,丘の上保育園,0歳,5.0,0.0
令和6,戸塚区,丘の上保育園,1歳,5.0,0.0
令和6,戸塚区,丘の上保育園,2歳,4.90530303030303,0.01893939393939394
令和6,戸塚区,丘の上保育園,3歳,4.806576402321084,0.03868471953578337
令和6,戸塚区,丘の上保育園,4歳,5.0,0.0
令和6,戸塚区,丘の上保育園,5歳,5.0,0.0
令和6,戸塚区,俣野保育園,0歳,4.806576402321084,0.03868471953578337
令和6,戸塚区,俣野保育園,1歳,5.0,0.0
令和6,戸塚区,俣野保育園,2歳,4.911738746690204,0.0176522506619594
令和6,戸塚区,俣野保育園,3歳,1.6477272727272732,0.6704545454545454
令和6,戸塚区,俣野保育園,4歳,2.5,0.5
令和6,戸塚区,俣野保育園,5歳,1.1287878787878787,0.7742424242424243
令和6,戸塚区,南戸塚保育園,0歳,4.85096870342772,0.02980625931445604
令和6,戸塚区,南戸塚保育園,1歳,5.0,0.0
令和6,戸塚区,南戸塚保育園,2歳,4.85096870342772,0.02980625931445604
令和6,戸塚区,南戸塚保育園,3歳,5.0,0.0
令和6,戸塚区,南戸塚保育園,4歳,4.7727272727272725,0.045454545454545456
令和6,戸塚区,南戸塚保育園,5歳,5.0,0.0
令和6,戸塚区,名瀬いちい保育園,0歳,3.5984848484848486,0.2803030303030303
令和6,戸塚区,名瀬いちい保育園,1歳,5.0,0.0
令和6,戸塚区,名瀬いちい保育園,2歳,4.7727272727272725,0.045454545454545456
令和6,戸塚区,名瀬いちい保育園,3歳,4.7727272727272725,0.045454545454545456
令和6,戸塚区,名瀬いちい保育園,4歳,3.8636363636363638,0.22727272727272727
令和6,戸塚区,名瀬いちい保育園,5歳,5.0,0.0
令和6,戸塚区,小規模保育施設はまっこ,0歳,5.0,0.0
令和6,戸塚区,小規模保育施設はまっこ,1歳,5.0,0.0
令和6,戸塚区,小規模保育施設はまっこ,2歳,5.0,0.0
令和6,戸塚区,小規模保育施設はまっこ,3歳,5.0,0.0
令和6,戸塚区,小規模保育施設はまっこ,4歳,5.0,0.0
令和6,戸塚区,小規模保育施設はまっこ,5歳,5.0,0.0
令和6,戸塚区,小雀みどり保育園,0歳,4.068181818181818,0.18636363636363634
令和6,戸塚区,小雀みどり保育園,1歳,5.0,0.0
令和6,戸塚区,小雀みどり保育園,2歳,5.0,0.0
令和6,戸塚区,小雀みどり保育園,3歳,5.0,0.0
令和6,戸塚区,小雀みどり保育園,4歳,4.242424242424242,0.1515151515151515
令和6,戸塚区,小雀みどり保育園,5歳,5.0,0.0
令和6,戸塚区,岩崎学園東戸塚保育園,0歳,4.911738746690204,0.0176522506619594
令和6,戸塚区,岩崎学園東戸塚保育園,1歳,5.0,0.0
令和6,戸塚区,岩崎学園東戸塚保育園,2歳,4.90530303030303,0.01893939393939394
令和6,戸塚区,岩崎学園東戸塚保育園,3歳,4.657545105748803,0.06849097885023941
令和6,戸塚区,岩崎学園東戸塚保育園,4歳,4.545454545454546,0.09090909090909091
令和6,戸塚区,岩崎学園東戸塚保育園,5歳,3.0681818181818183,0.38636363636363635
令和6,戸塚区,幼保連携型認定こども園　ひまわり幼稚園,0歳,5.0,0.0
令和6,戸塚区,幼保連携型認定こども園　ひまわり幼稚園,1歳,5.0,0.0
令和6,戸塚区,幼保連携型認定こども園　ひまわり幼稚園,2歳,5.0,0.0
令和6,戸塚区,幼保連携型認定こども園　ひまわり幼稚園,3歳,5.0,0.0
令和6,戸塚区,幼保連携型認定こども園　ひまわり幼稚園,4歳,5.0,0.0
令和6,戸塚区,幼保連携型認定こども園　ひまわり幼稚園,5歳,5.0,0.0
令和6,戸塚区,幼保連携型認定こども園　みどり幼稚園,0歳,5.0,0.0
令和6,戸塚区,幼保連携型認定こども園　みどり幼稚園,1歳,5.0,0.0
令和6,戸塚区,幼保連携型認定こども園　みどり幼稚園,2歳,5.0,0.0
令和6,戸塚区,幼保連携型認定こども園　みどり幼稚園,3歳,5.0,0.0
令和6,戸塚区,幼保連携型認定こども園　みどり幼稚園,4歳,4.866310160427807,0.026737967914438502
令和6,戸塚区,幼保連携型認定こども園　みどり幼稚園,5歳,5.0,0.0
令和6,戸塚区,幼保連携型認定こども園　南幼稚園,0歳,5.0,0.0
令和6,戸塚区,幼保連携型認定こども園　南幼稚園,1歳,4.806576402321084,0.03868471953578337
令和6,戸塚区,幼保連携型認定こども園　南幼稚園,2歳,5.0,0.0
令和6,戸塚区,幼保連携型認定こども園　南幼稚園,3歳,3.409090909090909,0.3181818181818182
令和6,戸塚区,幼保連携型認定こども園　南幼稚園,4歳,5.0,0.0
令和6,戸塚区,幼保連携型認定こども園　南幼稚園,5歳,5.0,0.0
令和6,戸塚区,幼保連携型認定こども園　ＹＭＣＡとつか保育園,0歳,5.0,0.0
令和6,戸塚区,幼保連携型認定こども園　ＹＭＣＡとつか保育園,1歳,5.0,0.0
令和6,戸塚区,幼保連携型認定こども園　ＹＭＣＡとつか保育園,2歳,4.897854954034729,0.02042900919305414
令和6,戸塚区,幼保連携型認定こども園　ＹＭＣＡとつか保育園,3歳,5.0,0.0
令和6,戸塚区,幼保連携型認定こども園　ＹＭＣＡとつか保育園,4歳,5.0,0.0
令和6,戸塚区,幼保連携型認定こども園　ＹＭＣＡとつか保育園,5歳,5.0,0.0
令和6,戸塚区,幼保連携型認定こども園　ＹＭＣＡ東とつか保育園,0歳,3.3831168831168834,0.3233766233766234
令和6,戸塚区,幼保連携型認定こども園　ＹＭＣＡ東とつか保育園,1歳,5.0,0.0
令和6,戸塚区,幼保連携型認定こども園　ＹＭＣＡ東とつか保育園,2歳,5.0,0.0
令和6,戸塚区,幼保連携型認定こども園　ＹＭＣＡ東とつか保育園,3歳,4.352030947775629,0.12959381044487428
令和6,戸塚区,幼保連携型認定こども園　ＹＭＣＡ東とつか保育園,4歳,5.0,0.0
令和6,戸塚区,幼保連携型認定こども園　ＹＭＣＡ東とつか保育園,5歳,5.0,0.0
令和6,戸塚区,幼稚園型認定こども園　しらかば幼稚園,0歳,5.0,0.0
令和6,戸塚区,幼稚園型認定こども園　しらかば幼稚園,1歳,5.0,0.0
令和6,戸塚区,幼稚園型認定こども園　しらかば幼稚園,2歳,5.0,0.0
令和6,戸塚区,幼稚園型認定こども園　しらかば幼稚園,3歳,3.333333333333333,0.3333333333333333
令和6,戸塚区,幼稚園型認定こども園　しらかば幼稚園,4歳,2.045454545454546,0.5909090909090909
令和6,戸塚区,幼稚園型認定こども園　しらかば幼稚園,5歳,5.0,0.0
令和6,戸塚区,戸塚せせらぎ保育園,0歳,5.0,0.0
令和6,戸塚区,戸塚せせらぎ保育園,1歳,5.0,0.0
令和6,戸塚区,戸塚せせらぎ保育園,2歳,5.0,0.0
令和6,戸塚区,戸塚せせらぎ保育園,3歳,4.717278863855527,0.05654422722889454
令和6,戸塚区,戸塚せせらぎ保育園,4歳,5.0,0.0
令和6,戸塚区,戸塚せせらぎ保育園,5歳,5.0,0.0
令和6,戸塚区,戸塚ほしの木保育園,0歳,5.0,0.0
令和6,戸塚区,戸塚ほしの木保育園,1歳,5.0,0.0
令和6,戸塚区,戸塚ほしの木保育園,2歳,5.0,0.0
令和6,戸塚区,戸塚ほしの木保育園,3歳,5.0,0.0
令和6,戸塚区,戸塚ほしの木保育園,4歳,4.7727272727272725,0.045454545454545456
令和6,戸塚区,戸塚ほしの木保育園,5歳,5.0,0.0
令和6,戸塚区,戸塚みどり保育園,0歳,5.0,0.0
令和6,戸塚区,戸塚みどり保育園,1歳,5.0,0.0
令和6,戸塚区,戸塚みどり保育園,2歳,5.0,0.0
令和6,戸塚区,戸塚みどり保育園,3歳,5.0,0.0
令和6,戸塚区,戸塚みどり保育園,4歳,4.806576402321084,0.03868471953578337
令和6,戸塚区,戸塚みどり保育園,5歳,4.318181818181818,0.13636363636363635
令和6,戸塚区,戸塚チューリップ保育園,0歳,4.166666666666667,0.16666666666666669
令和6,戸塚区,戸塚チューリップ保育園,1歳,5.0,0.0
令和6,戸塚区,戸塚チューリップ保育園,2歳,5.0,0.0
令和6,戸塚区,戸塚チューリップ保育園,3歳,5.0,0.0
令和6,戸塚区,戸塚チューリップ保育園,4歳,5.0,0.0
令和6,戸塚区,戸塚チューリップ保育園,5歳,5.0,0.0
令和6,戸塚区,戸塚愛児園,0歳,5.0,0.0
令和6,戸塚区,戸塚愛児園,1歳,5.0,0.0
令和6,戸塚区,戸塚愛児園,2歳,5.0,0.0
令和6,戸塚区,戸塚愛児園,3歳,5.0,0.0
令和6,戸塚区,戸塚愛児園,4歳,5.0,0.0
令和6,戸塚区,戸塚愛児園,5歳,4.696969696969696,0.0606060606060606
令和6,戸塚区,明日葉保育園戸塚西口園,0歳,5.0,0.0
令和6,戸塚区,明日葉保育園戸塚西口園,1歳,5.0,0.0
令和6,戸塚区,明日葉保育園戸塚西口園,2歳,4.90530303030303,0.01893939393939394
令和6,戸塚区,明日葉保育園戸塚西口園,3歳,4.545454545454546,0.09090909090909091
令和6,戸塚区,明日葉保育園戸塚西口園,4歳,5.0,0.0
令和6,戸塚区,明日葉保育園戸塚西口園,5歳,5.0,0.0
令和6,戸塚区,明日葉保育園東戸塚園,0歳,5.0,0.0
令和6,戸塚区,明日葉保育園東戸塚園,1歳,5.0,0.0
令和6,戸塚区,明日葉保育園東戸塚園,2歳,5.0,0.0
令和6,戸塚区,明日葉保育園東戸塚園,3歳,5.0,0.0
令和6,戸塚区,明日葉保育園東戸塚園,4歳,5.0,0.0
令和6,戸塚区,明日葉保育園東戸塚園,5歳,5.0,0.0
令和6,戸塚区,明日葉保育園第三戸塚園,0歳,5.0,0.0
令和6,戸塚区,明日葉保育園第三戸塚園,1歳,5.0,0.0
令和6,戸塚区,明日葉保育園第三戸塚園,2歳,5.0,0.0
令和6,戸塚区,明日葉保育園第三戸塚園,3歳,4.1586073500967125,0.16827852998065762
令和6,戸塚区,明日葉保育園第三戸塚園,4歳,5.0,0.0
令和6,戸塚区,明日葉保育園第三戸塚園,5歳,4.7727272727272725,0.045454545454545456
令和6,戸塚区,明日葉保育園第二戸塚園,0歳,4.7014462809917354,0.059710743801652894
令和6,戸塚区,明日葉保育園第二戸塚園,1歳,5.0,0.0
令和6,戸塚区,明日葉保育園第二戸塚園,2歳,5.0,0.0
令和6,戸塚区,明日葉保育園第二戸塚園,3歳,4.7727272727272725,0.045454545454545456
令和6,戸塚区,明日葉保育園第二戸塚園,4歳,5.0,0.0
令和6,戸塚区,明日葉保育園第二戸塚園,5歳,5.0,0.0
令和6,戸塚区,東戸塚かもめ保育園,0歳,5.0,0.0
令和6,戸塚区,東戸塚かもめ保育園,1歳,5.0,0.0
令和6,戸塚区,東戸塚かもめ保育園,2歳,5.0,0.0
令和6,戸塚区,東戸塚かもめ保育園,3歳,5.0,0.0
令和6,戸塚区,東戸塚かもめ保育園,4歳,5.0,0.0
令和6,戸塚区,東戸塚かもめ保育園,5歳,5.0,0.0
令和6,戸塚区,東戸塚かもめ第２保育園,0歳,5.0,0.0
令和6,戸塚区,東戸塚かもめ第２保育園,1歳,5.0,0.0
令和6,戸塚区,東戸塚かもめ第２保育園,2歳,4.7727272727272725,0.045454545454545456
令和6,戸塚区,東戸塚かもめ第２保育園,3歳,5.0,0.0
令和6,戸塚区,東戸塚かもめ第２保育園,4歳,5.0,0.0
令和6,戸塚区,東戸塚かもめ第２保育園,5歳,5.0,0.0
令和6,戸塚区,東戸塚かもめ第３保育園,0歳,5.0,0.0
令和6,戸塚区,東戸塚かもめ第３保育園,1歳,5.0,0.0
令和6,戸塚区,東戸塚かもめ第３保育園,2歳,4.318181818181818,0.13636363636363635
令和6,戸塚区,東戸塚かもめ第３保育園,3歳,5.0,0.0
令和6,戸塚区,東戸塚かもめ第３保育園,4歳,5.0,0.0
令和6,戸塚区,東戸塚かもめ第３保育園,5歳,5.0,0.0
令和6,戸塚区,東戸塚かもめ第４保育園,0歳,5.0,0.0
令和6,戸塚区,東戸塚かもめ第４保育園,1歳,4.7727272727272725,0.045454545454545456
令和6,戸塚区,東戸塚かもめ第４保育園,2歳,5.0,0.0
令和6,戸塚区,東戸塚かもめ第４保育園,3歳,5.0,0.0
令和6,戸塚区,東戸塚かもめ第４保育園,4歳,5.0,0.0
令和6,戸塚区,東戸塚かもめ第４保育園,5歳,5.0,0.0
令和6,戸塚区,東戸塚こども園,0歳,5.0,0.0
令和6,戸塚区,東戸塚こども園,1歳,5.0,0.0
令和6,戸塚区,東戸塚こども園,2歳,5.0,0.0
令和6,戸塚区,東戸塚こども園,3歳,5.0,0.0
令和6,戸塚区,東戸塚こども園,4歳,2.045454545454546,0.5909090909090909
令和6,戸塚区,東戸塚こども園,5歳,5.0,0.0
令和6,戸塚区,東戸塚みもざ保育園,0歳,4.545454545454546,0.09090909090909091
令和6,戸塚区,東戸塚みもざ保育園,1歳,5.0,0.0
令和6,戸塚区,東戸塚みもざ保育園,2歳,5.0,0.0
令和6,戸塚区,東戸塚みもざ保育園,3歳,5.0,0.0
令和6,戸塚区,東戸塚みもざ保育園,4歳,5.0,0.0
令和6,戸塚区,東戸塚みもざ保育園,5歳,5.0,0.0
令和6,戸塚区,東戸塚らびっと保育園,0歳,3.137052341597796,0.3725895316804408
令和6,戸塚区,東戸塚らびっと保育園,1歳,5.0,0.0
令和6,戸塚区,東戸塚らびっと保育園,2歳,4.318181818181818,0.13636363636363635
令和6,戸塚区,東戸塚らびっと保育園,3歳,5.0,0.0
令和6,戸塚区,東戸塚らびっと保育園,4歳,5.0,0.0
令和6,戸塚区,東戸塚らびっと保育園,5歳,5.0,0.0
令和6,戸塚区,東戸塚わかば保育園,0歳,5.0,0.0
令和6,戸塚区,東戸塚わかば保育園,1歳,5.0,0.0
令和6,戸塚区,東戸塚わかば保育園,2歳,4.7727272727272725,0.045454545454545456
令和6,戸塚区,東戸塚わかば保育園,3歳,5.0,0.0
令和6,戸塚区,東戸塚わかば保育園,4歳,5.0,0.0
令和6,戸塚区,東戸塚わかば保育園,5歳,5.0,0.0
令和6,戸塚区,東戸塚赤ちゃん保育園,0歳,4.545454545454546,0.09090909090909091
令和6,戸塚区,東戸塚赤ちゃん保育園,1歳,4.545454545454546,0.09090909090909091
令和6,戸塚区,東戸塚赤ちゃん保育園,2歳,5.0,0.0
令和6,戸塚区,東戸塚赤ちゃん保育園,3歳,5.0,0.0
令和6,戸塚区,東戸塚赤ちゃん保育園,4歳,5.0,0.0
令和6,戸塚区,東戸塚赤ちゃん保育園,5歳,5.0,0.0
令和6,戸塚区,松みどり保育所,0歳,4.116698903932947,0.17666021921341069
令和6,戸塚区,松みどり保育所,1歳,5.0,0.0
令和6,戸塚区,松みどり保育所,2歳,5.0,0.0
令和6,戸塚区,松みどり保育所,3歳,1.5909090909090908,0.6818181818181818
令和6,戸塚区,松みどり保育所,4歳,1.58008658008658,0.683982683982684
令和6,戸塚区,松みどり保育所,5歳,1.5909090909090908,0.6818181818181818
令和6,戸塚区,柏尾スマイル保育園,0歳,4.696969696969696,0.0606060606060606
令和6,戸塚区,柏尾スマイル保育園,1歳,5.0,0.0
令和6,戸塚区,柏尾スマイル保育園,2歳,5.0,0.0
令和6,戸塚区,柏尾スマイル保育園,3歳,5.0,0.0
令和6,戸塚区,柏尾スマイル保育園,4歳,3.5681818181818183,0.2863636363636364
令和6,戸塚区,柏尾スマイル保育園,5歳,5.0,0.0
令和6,戸塚区,横浜市原宿保育園,0歳,5.0,0.0
令和6,戸塚区,横浜市原宿保育園,1歳,5.0,0.0
令和6,戸塚区,横浜市原宿保育園,2歳,5.0,0.0
令和6,戸塚区,横浜市原宿保育園,3歳,1.1363636363636362,0.7727272727272727
令和6,戸塚区,横浜市原宿保育園,4歳,2.727272727272727,0.45454545454545453
令和6,戸塚区,横浜市原宿保育園,5歳,5.0,0.0
令和6,戸塚区,横浜市川上保育園,0歳,5.0,0.0
令和6,戸塚区,横浜市川上保育園,1歳,5.0,0.0
令和6,戸塚区,横浜市川上保育園,2歳,5.0,0.0
令和6,戸塚区,横浜市川上保育園,3歳,5.0,0.0
令和6,戸塚区,横浜市川上保育園,4歳,2.5,0.5
令和6,戸塚区,横浜市川上保育園,5歳,5.0,0.0
令和6,戸塚区,横浜市汲沢保育園,0歳,5.0,0.0
令和6,戸塚区,横浜市汲沢保育園,1歳,5.0,0.0
令和6,戸塚区,横浜市汲沢保育園,2歳,4.7727272727272725,0.045454545454545456
令和6,戸塚区,横浜市汲沢保育園,3歳,5.0,0.0
令和6,戸塚区,横浜市汲沢保育園,4歳,5.0,0.0
令和6,戸塚区,横浜市汲沢保育園,5歳,5.0,0.0
令和6,戸塚区,横浜東戸塚雲母保育園,0歳,4.545454545454546,0.09090909090909091
令和6,戸塚区,横浜東戸塚雲母保育園,1歳,5.0,0.0
令和6,戸塚区,横浜東戸塚雲母保育園,2歳,4.242424242424242,0.1515151515151515
令和6,戸塚区,横浜東戸塚雲母保育園,3歳,4.806576402321084,0.03868471953578337
令和6,戸塚区,横浜東戸塚雲母保育園,4歳,4.128787878787879,0.17424242424242423
令和6,戸塚区,横浜東戸塚雲母保育園,5歳,1.325757575757576,0.7348484848484849
令和6,戸塚区,正光寺保育園吉田町園,0歳,4.053030303030304,0.18939393939393936
令和6,戸塚区,正光寺保育園吉田町園,1歳,5.0,0.0
令和6,戸塚区,正光寺保育園吉田町園,2歳,4.85096870342772,0.02980625931445604
令和6,戸塚区,正光寺保育園吉田町園,3歳,5.0,0.0
令和6,戸塚区,正光寺保育園吉田町園,4歳,5.0,0.0
令和6,戸塚区,正光寺保育園吉田町園,5歳,5.0,0.0
令和6,戸塚区,聖母の園保育園,0歳,5.0,0.0
令和6,戸塚区,聖母の園保育園,1歳,4.5689215386185085,0.08621569227629834
令和6,戸塚区,聖母の園保育園,2歳,4.545454545454546,0.09090909090909091
令和6,戸塚区,聖母の園保育園,3歳,3.1818181818181817,0.36363636363636365
令和6,戸塚区,聖母の園保育園,4歳,2.522727272727273,0.4954545454545455
令和6,戸塚区,聖母の園保育園,5歳,5.0,0.0
令和6,戸塚区,舞岡保育園,0歳,5.0,0.0
令和6,戸塚区,舞岡保育園,1歳,5.0,0.0
令和6,戸塚区,舞岡保育園,2歳,4.7727272727272725,0.045454545454545456
令和6,戸塚区,舞岡保育園,3歳,2.4621212121212124,0.5075757575757576
令和6,戸塚区,舞岡保育園,4歳,3.8636363636363638,0.22727272727272727
令和6,戸塚区,舞岡保育園,5歳,3.7121212121212124,0.25757575757575757
令和6,戸塚区,芙蓉保育園,0歳,4.7727272727272725,0.045454545454545456
令和6,戸塚区,芙蓉保育園,1歳,5.0,0.0
令和6,戸塚区,芙蓉保育園,2歳,5.0,0.0
令和6,戸塚区,芙蓉保育園,3歳,5.0,0.0
令和6,戸塚区,芙蓉保育園,4歳,5.0,0.0
令和6,戸塚区,芙蓉保育園,5歳,5.0,0.0
令和6,戸塚区,銀杏保育園,0歳,4.464164357781379,0.10716712844372417
令和6,戸塚区,銀杏保育園,1歳,5.0,0.0
令和6,戸塚区,銀杏保育園,2歳,5.0,0.0
令和6,戸塚区,銀杏保育園,3歳,3.6363636363636362,0.2727272727272727
令和6,戸塚区,銀杏保育園,4歳,2.9545454545454546,0.4090909090909091
令和6,戸塚区,銀杏保育園,5歳,3.6363636363636362,0.2727272727272727
令和6,戸塚区,銀杏保育園　胡桃館,0歳,5.0,0.0
令和6,戸塚区,銀杏保育園　胡桃館,1歳,5.0,0.0
令和6,戸塚区,銀杏保育園　胡桃館,2歳,5.0,0.0
令和6,戸塚区,銀杏保育園　胡桃館,3歳,5.0,0.0
令和6,戸塚区,銀杏保育園　胡桃館,4歳,5.0,0.0
令和6,戸塚区,銀杏保育園　胡桃館,5歳,4.318181818181818,0.13636363636363635
令和6,戸塚区,風の子保育室,0歳,5.0,0.0
令和6,戸塚区,風の子保育室,1歳,5.0,0.0
令和6,戸塚区,風の子保育室,2歳,5.0,0.0
令和6,戸塚区,風の子保育室,3歳,5.0,0.0
令和6,戸塚区,風の子保育室,4歳,5.0,0.0
令和6,戸塚区,風の子保育室,5歳,5.0,0.0
令和6,戸塚区,ＹＭＣＡとつか乳児保育園,0歳,4.2727272727272725,0.14545454545454548
令和6,戸塚区,ＹＭＣＡとつか乳児保育園,1歳,5.0,0.0
令和6,戸塚区,ＹＭＣＡとつか乳児保育園,2歳,5.0,0.0
令和6,戸塚区,ＹＭＣＡとつか乳児保育園,3歳,5.0,0.0
令和6,戸塚区,ＹＭＣＡとつか乳児保育園,4歳,5.0,0.0
令和6,戸塚区,ＹＭＣＡとつか乳児保育園,5歳,5.0,0.0
令和6,旭区,あさひすまいる保育園,0歳,4.7727272727272725,0.045454545454545456
令和6,旭区,あさひすまいる保育園,1歳,5.0,0.0
令和6,旭区,あさひすまいる保育園,2歳,5.0,0.0
令和6,旭区,あさひすまいる保育園,3歳,5.0,0.0
令和6,旭区,あさひすまいる保育園,4歳,5.0,0.0
令和6,旭区,あさひすまいる保育園,5歳,5.0,0.0
令和6,旭区,あっぷる保育園鶴ヶ峰,0歳,5.0,0.0
令和6,旭区,あっぷる保育園鶴ヶ峰,1歳,5.0,0.0
令和6,旭区,あっぷる保育園鶴ヶ峰,2歳,5.0,0.0
令和6,旭区,あっぷる保育園鶴ヶ峰,3歳,4.806576402321084,0.03868471953578337
令和6,旭区,あっぷる保育園鶴ヶ峰,4歳,5.0,0.0
令和6,旭区,あっぷる保育園鶴ヶ峰,5歳,4.545454545454546,0.09090909090909091
令和6,旭区,あゆみキッズ保育園,0歳,5.0,0.0
令和6,旭区,あゆみキッズ保育園,1歳,5.0,0.0
令和6,旭区,あゆみキッズ保育園,2歳,5.0,0.0
令和6,旭区,あゆみキッズ保育園,3歳,5.0,0.0
令和6,旭区,あゆみキッズ保育園,4歳,5.0,0.0
令和6,旭区,あゆみキッズ保育園,5歳,5.0,0.0
令和6,旭区,あゆみ保育園,0歳,4.831649831649832,0.03367003367003367
令和6,旭区,あゆみ保育園,1歳,5.0,0.0
令和6,旭区,あゆみ保育園,2歳,5.0,0.0
令和6,旭区,あゆみ保育園,3歳,5.0,0.0
令和6,旭区,あゆみ保育園,4歳,4.545454545454546,0.09090909090909091
令和6,旭区,あゆみ保育園,5歳,5.0,0.0
令和6,旭区,あゆみ保育園第二,0歳,5.0,0.0
令和6,旭区,あゆみ保育園第二,1歳,5.0,0.0
令和6,旭区,あゆみ保育園第二,2歳,5.0,0.0
令和6,旭区,あゆみ保育園第二,3歳,5.0,0.0
令和6,旭区,あゆみ保育園第二,4歳,3.409090909090909,0.3181818181818182
令和6,旭区,あゆみ保育園第二,5歳,4.251379038613082,0.14972419227738376
令和6,旭区,おれんじハウス二俣川保育園,0歳,5.0,0.0
令和6,旭区,おれんじハウス二俣川保育園,1歳,5.0,0.0
令和6,旭区,おれんじハウス二俣川保育園,2歳,4.7727272727272725,0.045454545454545456
令和6,旭区,おれんじハウス二俣川保育園,3歳,5.0,0.0
令和6,旭区,おれんじハウス二俣川保育園,4歳,5.0,0.0
令和6,旭区,おれんじハウス二俣川保育園,5歳,5.0,0.0
令和6,旭区,すずらん二俣川保育園,0歳,5.0,0.0
令和6,旭区,すずらん二俣川保育園,1歳,4.806576402321084,0.03868471953578337
令和6,旭区,すずらん二俣川保育園,2歳,4.124758220502901,0.17504835589941972
令和6,旭区,すずらん二俣川保育園,3歳,5.0,0.0
令和6,旭区,すずらん二俣川保育園,4歳,5.0,0.0
令和6,旭区,すずらん二俣川保育園,5歳,5.0,0.0
令和6,旭区,ちとせ保育園,0歳,5.0,0.0
令和6,旭区,ちとせ保育園,1歳,5.0,0.0
令和6,旭区,ちとせ保育園,2歳,4.85096870342772,0.02980625931445604
令和6,旭区,ちとせ保育園,3歳,4.318181818181818,0.13636363636363635
令和6,旭区,ちとせ保育園,4歳,3.977272727272727,0.20454545454545456
令和6,旭区,ちとせ保育園,5歳,4.318181818181818,0.13636363636363635
令和6,旭区,ちゃいれっく　上白根保育室,0歳,3.2045454545454546,0.3590909090909091
令和6,旭区,ちゃいれっく　上白根保育室,1歳,5.0,0.0
令和6,旭区,ちゃいれっく　上白根保育室,2歳,4.318181818181818,0.13636363636363635
令和6,旭区,ちゃいれっく　上白根保育室,3歳,5.0,0.0
令和6,旭区,ちゃいれっく　上白根保育室,4歳,5.0,0.0
令和6,旭区,ちゃいれっく　上白根保育室,5歳,5.0,0.0
令和6,旭区,つぼみ保育園,0歳,4.806576402321084,0.03868471953578337
令和6,旭区,つぼみ保育園,1歳,5.0,0.0
令和6,旭区,つぼみ保育園,2歳,5.0,0.0
令和6,旭区,つぼみ保育園,3歳,5.0,0.0
令和6,旭区,つぼみ保育園,4歳,5.0,0.0
令和6,旭区,つぼみ保育園,5歳,5.0,0.0
令和6,旭区,とこちゃん☆みっつ保育園,0歳,5.0,0.0
令和6,旭区,とこちゃん☆みっつ保育園,1歳,5.0,0.0
令和6,旭区,とこちゃん☆みっつ保育園,2歳,5.0,0.0
令和6,旭区,とこちゃん☆みっつ保育園,3歳,5.0,0.0
令和6,旭区,とこちゃん☆みっつ保育園,4歳,5.0,0.0
令和6,旭区,とこちゃん☆みっつ保育園,5歳,5.0,0.0
令和6,旭区,のぞみ保育園,0歳,2.9015151515151514,0.41969696969696973
令和6,旭区,のぞみ保育園,1歳,5.0,0.0
令和6,旭区,のぞみ保育園,2歳,3.212430426716141,0.3575139146567718
令和6,旭区,のぞみ保育園,3歳,5.0,0.0
令和6,旭区,のぞみ保育園,4歳,5.0,0.0
令和6,旭区,のぞみ保育園,5歳,5.0,0.0
令和6,旭区,ぱぷりか保育園　鶴ヶ峰,0歳,5.0,0.0
令和6,旭区,ぱぷりか保育園　鶴ヶ峰,1歳,5.0,0.0
令和6,旭区,ぱぷりか保育園　鶴ヶ峰,2歳,4.090909090909091,0.18181818181818182
令和6,旭区,ぱぷりか保育園　鶴ヶ峰,3歳,5.0,0.0
令和6,旭区,ぱぷりか保育園　鶴ヶ峰,4歳,5.0,0.0
令和6,旭区,ぱぷりか保育園　鶴ヶ峰,5歳,5.0,0.0
令和6,旭区,ひまわり愛児園,0歳,4.318181818181818,0.13636363636363635
令和6,旭区,ひまわり愛児園,1歳,5.0,0.0
令和6,旭区,ひまわり愛児園,2歳,5.0,0.0
令和6,旭区,ひまわり愛児園,3歳,5.0,0.0
令和6,旭区,ひまわり愛児園,4歳,2.4242424242424243,0.5151515151515151
令和6,旭区,ひまわり愛児園,5歳,5.0,0.0
令和6,旭区,ひより保育室,0歳,5.0,0.0
令和6,旭区,ひより保育室,1歳,5.0,0.0
令和6,旭区,ひより保育室,2歳,5.0,0.0
令和6,旭区,ひより保育室,3歳,5.0,0.0
令和6,旭区,ひより保育室,4歳,5.0,0.0
令和6,旭区,ひより保育室,5歳,5.0,0.0
令和6,旭区,まきが原愛児園,0歳,5.0,0.0
令和6,旭区,まきが原愛児園,1歳,5.0,0.0
令和6,旭区,まきが原愛児園,2歳,3.8636363636363638,0.22727272727272727
令和6,旭区,まきが原愛児園,3歳,5.0,0.0
令和6,旭区,まきが原愛児園,4歳,5.0,0.0
令和6,旭区,まきが原愛児園,5歳,1.666666666666667,0.6666666666666666
令和6,旭区,わかばの森保育園,0歳,5.0,0.0
令和6,旭区,わかばの森保育園,1歳,5.0,0.0
令和6,旭区,わかばの森保育園,2歳,2.6136363636363638,0.4772727272727273
令和6,旭区,わかばの森保育園,3歳,3.1818181818181817,0.36363636363636365
令和6,旭区,わかばの森保育園,4歳,5.0,0.0
令和6,旭区,わかばの森保育園,5歳,5.0,0.0
令和6,旭区,オハナ鶴ヶ峰保育園,0歳,5.0,0.0
令和6,旭区,オハナ鶴ヶ峰保育園,1歳,5.0,0.0
令和6,旭区,オハナ鶴ヶ峰保育園,2歳,4.732620320855616,0.053475935828877004
令和6,旭区,オハナ鶴ヶ峰保育園,3歳,5.0,0.0
令和6,旭区,オハナ鶴ヶ峰保育園,4歳,5.0,0.0
令和6,旭区,オハナ鶴ヶ峰保育園,5歳,5.0,0.0
令和6,旭区,キッズガーデン横浜鶴ヶ峰,0歳,4.878787878787879,0.024242424242424242
令和6,旭区,キッズガーデン横浜鶴ヶ峰,1歳,5.0,0.0
令和6,旭区,キッズガーデン横浜鶴ヶ峰,2歳,4.672886562748891,0.06542268745022187
令和6,旭区,キッズガーデン横浜鶴ヶ峰,3歳,5.0,0.0
令和6,旭区,キッズガーデン横浜鶴ヶ峰,4歳,4.318181818181818,0.13636363636363635
令和6,旭区,キッズガーデン横浜鶴ヶ峰,5歳,4.545454545454546,0.09090909090909091
令和6,旭区,キッズビレッジつくし保育園,0歳,5.0,0.0
令和6,旭区,キッズビレッジつくし保育園,1歳,5.0,0.0
令和6,旭区,キッズビレッジつくし保育園,2歳,5.0,0.0
令和6,旭区,キッズビレッジつくし保育園,3歳,5.0,0.0
令和6,旭区,キッズビレッジつくし保育園,4歳,5.0,0.0
令和6,旭区,キッズビレッジつくし保育園,5歳,3.8636363636363638,0.22727272727272727
令和6,旭区,グローバルキッズ南万騎が原園,0歳,5.0,0.0
令和6,旭区,グローバルキッズ南万騎が原園,1歳,5.0,0.0
令和6,旭区,グローバルキッズ南万騎が原園,2歳,4.831649831649832,0.03367003367003367
令和6,旭区,グローバルキッズ南万騎が原園,3歳,5.0,0.0
令和6,旭区,グローバルキッズ南万騎が原園,4歳,5.0,0.0
令和6,旭区,グローバルキッズ南万騎が原園,5歳,4.318181818181818,0.13636363636363635
令和6,旭区,グローバルキッズ白根保育園,0歳,5.0,0.0
令和6,旭区,グローバルキッズ白根保育園,1歳,5.0,0.0
令和6,旭区,グローバルキッズ白根保育園,2歳,5.0,0.0
令和6,旭区,グローバルキッズ白根保育園,3歳,5.0,0.0
令和6,旭区,グローバルキッズ白根保育園,4歳,3.1818181818181817,0.36363636363636365
令和6,旭区,グローバルキッズ白根保育園,5歳,5.0,0.0
令和6,旭区,コナミスポーツ保育園　希望が丘,0歳,4.4197292069632494,0.1160541586073501
令和6,旭区,コナミスポーツ保育園　希望が丘,1歳,5.0,0.0
令和6,旭区,コナミスポーツ保育園　希望が丘,2歳,5.0,0.0
令和6,旭区,コナミスポーツ保育園　希望が丘,3歳,1.8826823250380842,0.6234635349923832
令和6,旭区,コナミスポーツ保育園　希望が丘,4歳,2.4242424242424243,0.5151515151515151
令和6,旭区,コナミスポーツ保育園　希望が丘,5歳,5.0,0.0
令和6,旭区,サクラフェリーチェ保育園　二俣川,0歳,5.0,0.0
令和6,旭区,サクラフェリーチェ保育園　二俣川,1歳,5.0,0.0
令和6,旭区,サクラフェリーチェ保育園　二俣川,2歳,3.3649932157394846,0.32700135685210313
令和6,旭区,サクラフェリーチェ保育園　二俣川,3歳,5.0,0.0
令和6,旭区,サクラフェリーチェ保育園　二俣川,4歳,5.0,0.0
令和6,旭区,サクラフェリーチェ保育園　二俣川,5歳,5.0,0.0
令和6,旭区,サフォークキッズランド横浜園,0歳,5.0,0.0
令和6,旭区,サフォークキッズランド横浜園,1歳,5.0,0.0
令和6,旭区,サフォークキッズランド横浜園,2歳,1.3531870428422152,0.7293625914315569
令和6,旭区,サフォークキッズランド横浜園,3歳,5.0,0.0
令和6,旭区,サフォークキッズランド横浜園,4歳,5.0,0.0
令和6,旭区,サフォークキッズランド横浜園,5歳,5.0,0.0
令和6,旭区,スターチャイルド《鶴ヶ峰ナーサリー》,0歳,5.0,0.0
令和6,旭区,スターチャイルド《鶴ヶ峰ナーサリー》,1歳,5.0,0.0
令和6,旭区,スターチャイルド《鶴ヶ峰ナーサリー》,2歳,5.0,0.0
令和6,旭区,スターチャイルド《鶴ヶ峰ナーサリー》,3歳,5.0,0.0
令和6,旭区,スターチャイルド《鶴ヶ峰ナーサリー》,4歳,5.0,0.0
令和6,旭区,スターチャイルド《鶴ヶ峰ナーサリー》,5歳,5.0,0.0
令和6,旭区,スマイルビー保育園,0歳,5.0,0.0
令和6,旭区,スマイルビー保育園,1歳,5.0,0.0
令和6,旭区,スマイルビー保育園,2歳,4.806576402321084,0.03868471953578337
令和6,旭区,スマイルビー保育園,3歳,5.0,0.0
令和6,旭区,スマイルビー保育園,4歳,5.0,0.0
令和6,旭区,スマイルビー保育園,5歳,5.0,0.0
令和6,旭区,タドラーキッズ,0歳,5.0,0.0
令和6,旭区,タドラーキッズ,1歳,5.0,0.0
令和6,旭区,タドラーキッズ,2歳,5.0,0.0
令和6,旭区,タドラーキッズ,3歳,5.0,0.0
令和6,旭区,タドラーキッズ,4歳,5.0,0.0
令和6,旭区,タドラーキッズ,5歳,5.0,0.0
令和6,旭区,ハニービー保育園,0歳,5.0,0.0
令和6,旭区,ハニービー保育園,1歳,5.0,0.0
令和6,旭区,ハニービー保育園,2歳,5.0,0.0
令和6,旭区,ハニービー保育園,3歳,5.0,0.0
令和6,旭区,ハニービー保育園,4歳,5.0,0.0
令和6,旭区,ハニービー保育園,5歳,5.0,0.0
令和6,旭区,ポプラ保育園,0歳,5.0,0.0
令和6,旭区,ポプラ保育園,1歳,5.0,0.0
令和6,旭区,ポプラ保育園,2歳,5.0,0.0
令和6,旭区,ポプラ保育園,3歳,4.318181818181818,0.13636363636363635
令和6,旭区,ポプラ保育園,4歳,3.897485493230174,0.2205029013539652
令和6,旭区,ポプラ保育園,5歳,5.0,0.0
令和6,旭区,ポプラ第二保育園,0歳,5.0,0.0
令和6,旭区,ポプラ第二保育園,1歳,5.0,0.0
令和6,旭区,ポプラ第二保育園,2歳,5.0,0.0
令和6,旭区,ポプラ第二保育園,3歳,5.0,0.0
令和6,旭区,ポプラ第二保育園,4歳,5.0,0.0
令和6,旭区,ポプラ第二保育園,5歳,4.613152804642167,0.07736943907156674
令和6,旭区,マミー保育園二俣川,0歳,4.090909090909091,0.18181818181818182
令和6,旭区,マミー保育園二俣川,1歳,4.7727272727272725,0.045454545454545456
令和6,旭区,マミー保育園二俣川,2歳,5.0,0.0
令和6,旭区,マミー保育園二俣川,3歳,5.0,0.0
令和6,旭区,マミー保育園二俣川,4歳,5.0,0.0
令和6,旭区,マミー保育園二俣川,5歳,5.0,0.0
令和6,旭区,マヤ保育園,0歳,5.0,0.0
令和6,旭区,マヤ保育園,1歳,5.0,0.0
令和6,旭区,マヤ保育園,2歳,5.0,0.0
令和6,旭区,マヤ保育園,3歳,5.0,0.0
令和6,旭区,マヤ保育園,4歳,2.3106060606060606,0.537878787878788
令和6,旭区,マヤ保育園,5歳,5.0,0.0
令和6,旭区,三ツ境たんぽぽ保育園,0歳,4.7727272727272725,0.045454545454545456
令和6,旭区,三ツ境たんぽぽ保育園,1歳,5.0,0.0
令和6,旭区,三ツ境たんぽぽ保育園,2歳,5.0,0.0
令和6,旭区,三ツ境たんぽぽ保育園,3歳,3.9990328820116052,0.2001934235976789
令和6,旭区,三ツ境たんぽぽ保育園,4歳,5.0,0.0
令和6,旭区,三ツ境たんぽぽ保育園,5歳,5.0,0.0
令和6,旭区,上の原保育園,0歳,5.0,0.0
令和6,旭区,上の原保育園,1歳,5.0,0.0
令和6,旭区,上の原保育園,2歳,5.0,0.0
令和6,旭区,上の原保育園,3歳,5.0,0.0
令和6,旭区,上の原保育園,4歳,5.0,0.0
令和6,旭区,上の原保育園,5歳,5.0,0.0
令和6,旭区,中尾保育園,0歳,5.0,0.0
令和6,旭区,中尾保育園,1歳,5.0,0.0
令和6,旭区,中尾保育園,2歳,5.0,0.0
令和6,旭区,中尾保育園,3歳,5.0,0.0
令和6,旭区,中尾保育園,4歳,5.0,0.0
令和6,旭区,中尾保育園,5歳,5.0,0.0
令和6,旭区,中希望が丘保育園,0歳,5.0,0.0
令和6,旭区,中希望が丘保育園,1歳,5.0,0.0
令和6,旭区,中希望が丘保育園,2歳,5.0,0.0
令和6,旭区,中希望が丘保育園,3歳,4.545454545454546,0.09090909090909091
令和6,旭区,中希望が丘保育園,4歳,5.0,0.0
令和6,旭区,中希望が丘保育園,5歳,5.0,0.0
令和6,旭区,保育園スマイルキッズ二俣川駅前,0歳,5.0,0.0
令和6,旭区,保育園スマイルキッズ二俣川駅前,1歳,5.0,0.0
令和6,旭区,保育園スマイルキッズ二俣川駅前,2歳,3.1399097356544163,0.37201805286911666
令和6,旭区,保育園スマイルキッズ二俣川駅前,3歳,5.0,0.0
令和6,旭区,保育園スマイルキッズ二俣川駅前,4歳,5.0,0.0
令和6,旭区,保育園スマイルキッズ二俣川駅前,5歳,5.0,0.0
令和6,旭区,保育園夢未来二俣川園,0歳,5.0,0.0
令和6,旭区,保育園夢未来二俣川園,1歳,5.0,0.0
令和6,旭区,保育園夢未来二俣川園,2歳,5.0,0.0
令和6,旭区,保育園夢未来二俣川園,3歳,4.806576402321084,0.03868471953578337
令和6,旭区,保育園夢未来二俣川園,4歳,3.8636363636363638,0.22727272727272727
令和6,旭区,保育園夢未来二俣川園,5歳,5.0,0.0
令和6,旭区,保育室　ひかり,0歳,3.522727272727273,0.29545454545454547
令和6,旭区,保育室　ひかり,1歳,4.090909090909091,0.18181818181818182
令和6,旭区,保育室　ひかり,2歳,1.666666666666667,0.6666666666666666
令和6,旭区,保育室　ひかり,3歳,5.0,0.0
令和6,旭区,保育室　ひかり,4歳,5.0,0.0
令和6,旭区,保育室　ひかり,5歳,5.0,0.0
令和6,旭区,前島保育園,0歳,5.0,0.0
令和6,旭区,前島保育園,1歳,5.0,0.0
令和6,旭区,前島保育園,2歳,4.124758220502901,0.17504835589941972
令和6,旭区,前島保育園,3歳,5.0,0.0
令和6,旭区,前島保育園,4歳,5.0,0.0
令和6,旭区,前島保育園,5歳,5.0,0.0
令和6,旭区,善部保育園,0歳,4.545454545454546,0.09090909090909091
令和6,旭区,善部保育園,1歳,5.0,0.0
令和6,旭区,善部保育園,2歳,5.0,0.0
令和6,旭区,善部保育園,3歳,5.0,0.0
令和6,旭区,善部保育園,4歳,5.0,0.0
令和6,旭区,善部保育園,5歳,3.8636363636363638,0.22727272727272727
令和6,旭区,土と愛　子供の家保育所,0歳,4.7727272727272725,0.045454545454545456
令和6,旭区,土と愛　子供の家保育所,1歳,5.0,0.0
令和6,旭区,土と愛　子供の家保育所,2歳,4.613152804642167,0.07736943907156674
令和6,旭区,土と愛　子供の家保育所,3歳,2.272727272727273,0.5454545454545454
令和6,旭区,土と愛　子供の家保育所,4歳,5.0,0.0
令和6,旭区,土と愛　子供の家保育所,5歳,5.0,0.0
令和6,旭区,土と愛　子供の家保育所第２,0歳,4.318181818181818,0.13636363636363635
令和6,旭区,土と愛　子供の家保育所第２,1歳,4.696969696969696,0.0606060606060606
令和6,旭区,土と愛　子供の家保育所第２,2歳,5.0,0.0
令和6,旭区,土と愛　子供の家保育所第２,3歳,4.7727272727272725,0.045454545454545456
令和6,旭区,土と愛　子供の家保育所第２,4歳,4.7727272727272725,0.045454545454545456
令和6,旭区,土と愛　子供の家保育所第２,5歳,5.0,0.0
令和6,旭区,夢のつぼみ保育園,0歳,5.0,0.0
令和6,旭区,夢のつぼみ保育園,1歳,5.0,0.0
令和6,旭区,夢のつぼみ保育園,2歳,5.0,0.0
令和6,旭区,夢のつぼみ保育園,3歳,5.0,0.0
令和6,旭区,夢のつぼみ保育園,4歳,5.0,0.0
令和6,旭区,夢のつぼみ保育園,5歳,5.0,0.0
令和6,旭区,太陽の子　さちが丘保育園,0歳,5.0,0.0
令和6,旭区,太陽の子　さちが丘保育園,1歳,5.0,0.0
令和6,旭区,太陽の子　さちが丘保育園,2歳,5.0,0.0
令和6,旭区,太陽の子　さちが丘保育園,3歳,4.806576402321084,0.03868471953578337
令和6,旭区,太陽の子　さちが丘保育園,4歳,4.545454545454546,0.09090909090909091
令和6,旭区,太陽の子　さちが丘保育園,5歳,5.0,0.0
令和6,旭区,太陽の子　二俣川駅保育園,0歳,5.0,0.0
令和6,旭区,太陽の子　二俣川駅保育園,1歳,4.973876698014629,0.005224660397074191
令和6,旭区,太陽の子　二俣川駅保育園,2歳,5.0,0.0
令和6,旭区,太陽の子　二俣川駅保育園,3歳,5.0,0.0
令和6,旭区,太陽の子　二俣川駅保育園,4歳,5.0,0.0
令和6,旭区,太陽の子　二俣川駅保育園,5歳,5.0,0.0
令和6,旭区,太陽の子　白根保育園,0歳,5.0,0.0
令和6,旭区,太陽の子　白根保育園,1歳,5.0,0.0
令和6,旭区,太陽の子　白根保育園,2歳,5.0,0.0
令和6,旭区,太陽の子　白根保育園,3歳,5.0,0.0
令和6,旭区,太陽の子　白根保育園,4歳,3.1818181818181817,0.36363636363636365
令和6,旭区,太陽の子　白根保育園,5歳,5.0,0.0
令和6,旭区,太陽の子　鶴ヶ峰保育園,0歳,5.0,0.0
令和6,旭区,太陽の子　鶴ヶ峰保育園,1歳,5.0,0.0
令和6,旭区,太陽の子　鶴ヶ峰保育園,2歳,5.0,0.0
令和6,旭区,太陽の子　鶴ヶ峰保育園,3歳,5.0,0.0
令和6,旭区,太陽の子　鶴ヶ峰保育園,4歳,5.0,0.0
令和6,旭区,太陽の子　鶴ヶ峰保育園,5歳,4.0579554409341645,0.18840891181316713
令和6,旭区,川井宿幼保連携型認定こども園,0歳,5.0,0.0
令和6,旭区,川井宿幼保連携型認定こども園,1歳,5.0,0.0
令和6,旭区,川井宿幼保連携型認定こども園,2歳,5.0,0.0
令和6,旭区,川井宿幼保連携型認定こども園,3歳,5.0,0.0
令和6,旭区,川井宿幼保連携型認定こども園,4歳,3.6363636363636362,0.2727272727272727
令和6,旭区,川井宿幼保連携型認定こども園,5歳,1.666666666666667,0.6666666666666666
令和6,旭区,希望ヶ丘プラス保育園,0歳,5.0,0.0
令和6,旭区,希望ヶ丘プラス保育園,1歳,5.0,0.0
令和6,旭区,希望ヶ丘プラス保育園,2歳,5.0,0.0
令和6,旭区,希望ヶ丘プラス保育園,3歳,4.806576402321084,0.03868471953578337
令和6,旭区,希望ヶ丘プラス保育園,4歳,5.0,0.0
令和6,旭区,希望ヶ丘プラス保育園,5歳,0.7575757575757577,0.8484848484848485
令和6,旭区,旭あじさい保育園,0歳,5.0,0.0
令和6,旭区,旭あじさい保育園,1歳,5.0,0.0
令和6,旭区,旭あじさい保育園,2歳,5.0,0.0
令和6,旭区,旭あじさい保育園,3歳,4.545454545454546,0.09090909090909091
令和6,旭区,旭あじさい保育園,4歳,3.839458413926499,0.2321083172147002
令和6,旭区,旭あじさい保育園,5歳,5.0,0.0
令和6,旭区,旭はるかぜ保育園,0歳,5.0,0.0
令和6,旭区,旭はるかぜ保育園,1歳,4.93060374739764,0.013879250520471896
令和6,旭区,旭はるかぜ保育園,2歳,4.866310160427807,0.026737967914438502
令和6,旭区,旭はるかぜ保育園,3歳,5.0,0.0
令和6,旭区,旭はるかぜ保育園,4歳,5.0,0.0
令和6,旭区,旭はるかぜ保育園,5歳,5.0,0.0
令和6,旭区,旭ローズ保育園,0歳,5.0,0.0
令和6,旭区,旭ローズ保育園,1歳,5.0,0.0
令和6,旭区,旭ローズ保育園,2歳,3.897485493230174,0.2205029013539652
令和6,旭区,旭ローズ保育園,3歳,5.0,0.0
令和6,旭区,旭ローズ保育園,4歳,5.0,0.0
令和6,旭区,旭ローズ保育園,5歳,5.0,0.0
令和6,旭区,明徳二俣川保育園,0歳,4.922299922299922,0.01554001554001554
令和6,旭区,明徳二俣川保育園,1歳,5.0,0.0
令和6,旭区,明徳二俣川保育園,2歳,4.878787878787879,0.024242424242424242
令和6,旭区,明徳二俣川保育園,3歳,5.0,0.0
令和6,旭区,明徳二俣川保育園,4歳,4.1586073500967125,0.16827852998065762
令和6,旭区,明徳二俣川保育園,5歳,4.545454545454546,0.09090909090909091
令和6,旭区,星の子白根保育園,0歳,5.0,0.0
令和6,旭区,星の子白根保育園,1歳,5.0,0.0
令和6,旭区,星の子白根保育園,2歳,5.0,0.0
令和6,旭区,星の子白根保育園,3歳,5.0,0.0
令和6,旭区,星の子白根保育園,4歳,2.272727272727273,0.5454545454545454
令和6,旭区,星の子白根保育園,5歳,5.0,0.0
令和6,旭区,横浜あさひ中央保育園,0歳,5.0,0.0
令和6,旭区,横浜あさひ中央保育園,1歳,5.0,0.0
令和6,旭区,横浜あさひ中央保育園,2歳,5.0,0.0
令和6,旭区,横浜あさひ中央保育園,3歳,5.0,0.0
令和6,旭区,横浜あさひ中央保育園,4歳,3.3849129593810443,0.3230174081237911
令和6,旭区,横浜あさひ中央保育園,5歳,5.0,0.0
令和6,旭区,横浜小谷かなりや保育園,0歳,5.0,0.0
令和6,旭区,横浜小谷かなりや保育園,1歳,4.878787878787879,0.024242424242424242
令和6,旭区,横浜小谷かなりや保育園,2歳,5.0,0.0
令和6,旭区,横浜小谷かなりや保育園,3歳,5.0,0.0
令和6,旭区,横浜小谷かなりや保育園,4歳,5.0,0.0
令和6,旭区,横浜小谷かなりや保育園,5歳,5.0,0.0
令和6,旭区,横浜市ひかりが丘保育園,0歳,3.825757575757576,0.23484848484848483
令和6,旭区,横浜市ひかりが丘保育園,1歳,5.0,0.0
令和6,旭区,横浜市ひかりが丘保育園,2歳,5.0,0.0
令和6,旭区,横浜市ひかりが丘保育園,3歳,5.0,0.0
令和6,旭区,横浜市ひかりが丘保育園,4歳,2.094965402052016,0.5810069195895967
令和6,旭区,横浜市ひかりが丘保育園,5歳,0.5618686868686871,0.8876262626262627
令和6,旭区,横浜市今宿保育園,0歳,5.0,0.0
令和6,旭区,横浜市今宿保育園,1歳,5.0,0.0
令和6,旭区,横浜市今宿保育園,2歳,4.806576402321084,0.03868471953578337
令和6,旭区,横浜市今宿保育園,3歳,4.128787878787879,0.17424242424242423
令和6,旭区,横浜市今宿保育園,4歳,4.3560606060606055,0.12878787878787878
令和6,旭区,横浜市今宿保育園,5歳,5.0,0.0
令和6,旭区,横浜市左近山保育園,0歳,5.0,0.0
令和6,旭区,横浜市左近山保育園,1歳,5.0,0.0
令和6,旭区,横浜市左近山保育園,2歳,5.0,0.0
令和6,旭区,横浜市左近山保育園,3歳,4.086879432624113,0.1826241134751773
令和6,旭区,横浜市左近山保育園,4歳,3.417207792207792,0.31655844155844154
令和6,旭区,横浜市左近山保育園,5歳,3.441558441558442,0.3116883116883117
令和6,旭区,横浜市柏保育園,0歳,5.0,0.0
令和6,旭区,横浜市柏保育園,1歳,5.0,0.0
令和6,旭区,横浜市柏保育園,2歳,5.0,0.0
令和6,旭区,横浜市柏保育園,3歳,3.771760154738878,0.24564796905222436
令和6,旭区,横浜市柏保育園,4歳,2.878787878787879,0.4242424242424242
令和6,旭区,横浜市柏保育園,5歳,4.318181818181818,0.13636363636363635
令和6,旭区,横濱あんじゅ保育園,0歳,5.0,0.0
令和6,旭区,横濱あんじゅ保育園,1歳,5.0,0.0
令和6,旭区,横濱あんじゅ保育園,2歳,4.4197292069632494,0.1160541586073501
令和6,旭区,横濱あんじゅ保育園,3歳,4.806576402321084,0.03868471953578337
令和6,旭区,横濱あんじゅ保育園,4歳,3.1818181818181817,0.36363636363636365
令和6,旭区,横濱あんじゅ保育園,5歳,5.0,0.0
令和6,旭区,横濱あんじゅ小規模保育園,0歳,4.7727272727272725,0.045454545454545456
令和6,旭区,横濱あんじゅ小規模保育園,1歳,5.0,0.0
令和6,旭区,横濱あんじゅ小規模保育園,2歳,4.090909090909091,0.18181818181818182
令和6,旭区,横濱あんじゅ小規模保育園,3歳,5.0,0.0
令和6,旭区,横濱あんじゅ小規模保育園,4歳,5.0,0.0
令和6,旭区,横濱あんじゅ小規模保育園,5歳,5.0,0.0
令和6,旭区,西川島保育園,0歳,3.7878787878787876,0.2424242424242424
令和6,旭区,西川島保育園,1歳,5.0,0.0
令和6,旭区,西川島保育園,2歳,5.0,0.0
令和6,旭区,西川島保育園,3歳,2.4242424242424243,0.5151515151515151
令和6,旭区,西川島保育園,4歳,2.4242424242424243,0.5151515151515151
令和6,旭区,西川島保育園,5歳,3.8636363636363638,0.22727272727272727
令和6,旭区,認定こども園　オーセルわかば幼稚園,0歳,5.0,0.0
令和6,旭区,認定こども園　オーセルわかば幼稚園,1歳,5.0,0.0
令和6,旭区,認定こども園　オーセルわかば幼稚園,2歳,4.318181818181818,0.13636363636363635
令和6,旭区,認定こども園　オーセルわかば幼稚園,3歳,5.0,0.0
令和6,旭区,認定こども園　オーセルわかば幼稚園,4歳,2.4621212121212124,0.5075757575757576
令和6,旭区,認定こども園　オーセルわかば幼稚園,5歳,1.25,0.75
令和6,旭区,認定こども園　上の原幼稚園,0歳,5.0,0.0
令和6,旭区,認定こども園　上の原幼稚園,1歳,5.0,0.0
令和6,旭区,認定こども園　上の原幼稚園,2歳,5.0,0.0
令和6,旭区,認定こども園　上の原幼稚園,3歳,4.318181818181818,0.13636363636363635
令和6,旭区,認定こども園　上の原幼稚園,4歳,1.7004132231404958,0.6599173553719008
令和6,旭区,認定こども園　上の原幼稚園,5歳,0.625,0.875
令和6,旭区,認定こども園　希望ヶ丘幼稚園・希望ヶ丘保育園,0歳,5.0,0.0
令和6,旭区,認定こども園　希望ヶ丘幼稚園・希望ヶ丘保育園,1歳,5.0,0.0
令和6,旭区,認定こども園　希望ヶ丘幼稚園・希望ヶ丘保育園,2歳,5.0,0.0
令和6,旭区,認定こども園　希望ヶ丘幼稚園・希望ヶ丘保育園,3歳,5.0,0.0
令和6,旭区,認定こども園　希望ヶ丘幼稚園・希望ヶ丘保育園,4歳,2.303030303030303,0.5393939393939394
令和6,旭区,認定こども園　希望ヶ丘幼稚園・希望ヶ丘保育園,5歳,4.7727272727272725,0.045454545454545456
令和6,旭区,認定こども園　若葉台こども園,0歳,4.7727272727272725,0.045454545454545456
令和6,旭区,認定こども園　若葉台こども園,1歳,5.0,0.0
令和6,旭区,認定こども園　若葉台こども園,2歳,3.409090909090909,0.3181818181818182
令和6,旭区,認定こども園　若葉台こども園,3歳,1.8181818181818181,0.6363636363636364
令和6,旭区,認定こども園　若葉台こども園,4歳,2.090909090909091,0.5818181818181819
令和6,旭区,認定こども園　若葉台こども園,5歳,0.8939393939393937,0.8212121212121212
令和6,旭区,認定こども園やつはしキッズ　八ッ橋幼稚園,0歳,5.0,0.0
令和6,旭区,認定こども園やつはしキッズ　八ッ橋幼稚園,1歳,5.0,0.0
令和6,旭区,認定こども園やつはしキッズ　八ッ橋幼稚園,2歳,5.0,0.0
令和6,旭区,認定こども園やつはしキッズ　八ッ橋幼稚園,3歳,3.931334622823985,0.2137330754352031
令和6,旭区,認定こども園やつはしキッズ　八ッ橋幼稚園,4歳,2.575757575757576,0.4848484848484848
令和6,旭区,認定こども園やつはしキッズ　八ッ橋幼稚園,5歳,2.5,0.5
令和6,旭区,認定こども園二俣川幼稚園,0歳,5.0,0.0
令和6,旭区,認定こども園二俣川幼稚園,1歳,5.0,0.0
令和6,旭区,認定こども園二俣川幼稚園,2歳,5.0,0.0
令和6,旭区,認定こども園二俣川幼稚園,3歳,5.0,0.0
令和6,旭区,認定こども園二俣川幼稚園,4歳,4.545454545454546,0.09090909090909091
令和6,旭区,認定こども園二俣川幼稚園,5歳,4.090909090909091,0.18181818181818182
令和6,旭区,鶴ヶ峰保育園,0歳,4.831649831649832,0.03367003367003367
令和6,旭区,鶴ヶ峰保育園,1歳,5.0,0.0
令和6,旭区,鶴ヶ峰保育園,2歳,5.0,0.0
令和6,旭区,鶴ヶ峰保育園,3歳,5.0,0.0
令和6,旭区,鶴ヶ峰保育園,4歳,4.7727272727272725,0.045454545454545456
令和6,旭区,鶴ヶ峰保育園,5歳,4.7727272727272725,0.045454545454545456
令和6,旭区,ＳＡＦＡＲＩ　ＫＩＤ保育園,0歳,4.090909090909091,0.18181818181818182
令和6,旭区,ＳＡＦＡＲＩ　ＫＩＤ保育園,1歳,4.579303675048356,0.08413926499032881
令和6,旭区,ＳＡＦＡＲＩ　ＫＩＤ保育園,2歳,5.0,0.0
令和6,旭区,ＳＡＦＡＲＩ　ＫＩＤ保育園,3歳,5.0,0.0
令和6,旭区,ＳＡＦＡＲＩ　ＫＩＤ保育園,4歳,5.0,0.0
令和6,旭区,ＳＡＦＡＲＩ　ＫＩＤ保育園,5歳,5.0,0.0
令和6,旭区,ＳＥＡＳＯＮ　ＫＩＤ保育園,0歳,4.613152804642167,0.07736943907156674
令和6,旭区,ＳＥＡＳＯＮ　ＫＩＤ保育園,1歳,5.0,0.0
令和6,旭区,ＳＥＡＳＯＮ　ＫＩＤ保育園,2歳,5.0,0.0
令和6,旭区,ＳＥＡＳＯＮ　ＫＩＤ保育園,3歳,5.0,0.0
令和6,旭区,ＳＥＡＳＯＮ　ＫＩＤ保育園,4歳,5.0,0.0
令和6,旭区,ＳＥＡＳＯＮ　ＫＩＤ保育園,5歳,5.0,0.0
令和6,栄区,いいじまルーテル保育園,0歳,5.0,0.0
令和6,栄区,いいじまルーテル保育園,1歳,5.0,0.0
令和6,栄区,いいじまルーテル保育園,2歳,4.831649831649832,0.03367003367003367
令和6,栄区,いいじまルーテル保育園,3歳,5.0,0.0
令和6,栄区,いいじまルーテル保育園,4歳,4.806576402321084,0.03868471953578337
令和6,栄区,いいじまルーテル保育園,5歳,5.0,0.0
令和6,栄区,かさまの杜保育園,0歳,5.0,0.0
令和6,栄区,かさまの杜保育園,1歳,5.0,0.0
令和6,栄区,かさまの杜保育園,2歳,5.0,0.0
令和6,栄区,かさまの杜保育園,3歳,4.546680360737716,0.09066392785245671
令和6,栄区,かさまの杜保育園,4歳,5.0,0.0
令和6,栄区,かさまの杜保育園,5歳,5.0,0.0
令和6,栄区,かつら愛児園,0歳,5.0,0.0
令和6,栄区,かつら愛児園,1歳,5.0,0.0
令和6,栄区,かつら愛児園,2歳,4.3103587582171565,0.13792824835656878
令和6,栄区,かつら愛児園,3歳,2.3030303030303028,0.5393939393939394
令和6,栄区,かつら愛児園,4歳,2.9545454545454546,0.4090909090909091
令和6,栄区,かつら愛児園,5歳,4.318181818181818,0.13636363636363635
令和6,栄区,すずかけ保育園,0歳,5.0,0.0
令和6,栄区,すずかけ保育園,1歳,4.940191387559809,0.011961722488038277
令和6,栄区,すずかけ保育園,2歳,4.365142219818531,0.1269715560362938
令和6,栄区,すずかけ保育園,3歳,5.0,0.0
令和6,栄区,すずかけ保育園,4歳,5.0,0.0
令和6,栄区,すずかけ保育園,5歳,5.0,0.0
令和6,栄区,すまいるおおふな保育園,0歳,5.0,0.0
令和6,栄区,すまいるおおふな保育園,1歳,5.0,0.0
令和6,栄区,すまいるおおふな保育園,2歳,4.85096870342772,0.02980625931445604
令和6,栄区,すまいるおおふな保育園,3歳,5.0,0.0
令和6,栄区,すまいるおおふな保育園,4歳,5.0,0.0
令和6,栄区,すまいるおおふな保育園,5歳,5.0,0.0
令和6,栄区,なないろ保育室　,0歳,5.0,0.0
令和6,栄区,なないろ保育室　,1歳,5.0,0.0
令和6,栄区,なないろ保育室　,2歳,5.0,0.0
令和6,栄区,なないろ保育室　,3歳,5.0,0.0
令和6,栄区,なないろ保育室　,4歳,5.0,0.0
令和6,栄区,なないろ保育室　,5歳,5.0,0.0
令和6,栄区,ふぁみりーさぽーと　のあ,0歳,5.0,0.0
令和6,栄区,ふぁみりーさぽーと　のあ,1歳,5.0,0.0
令和6,栄区,ふぁみりーさぽーと　のあ,2歳,5.0,0.0
令和6,栄区,ふぁみりーさぽーと　のあ,3歳,5.0,0.0
令和6,栄区,ふぁみりーさぽーと　のあ,4歳,4.090909090909091,0.18181818181818182
令和6,栄区,ふぁみりーさぽーと　のあ,5歳,4.7727272727272725,0.045454545454545456
令和6,栄区,ふれあいの家　にこにこ保育園,0歳,5.0,0.0
令和6,栄区,ふれあいの家　にこにこ保育園,1歳,4.638226233970915,0.07235475320581704
令和6,栄区,ふれあいの家　にこにこ保育園,2歳,5.0,0.0
令和6,栄区,ふれあいの家　にこにこ保育園,3歳,5.0,0.0
令和6,栄区,ふれあいの家　にこにこ保育園,4歳,5.0,0.0
令和6,栄区,ふれあいの家　にこにこ保育園,5歳,5.0,0.0
令和6,栄区,やまゆり保育園,0歳,5.0,0.0
令和6,栄区,やまゆり保育園,1歳,5.0,0.0
令和6,栄区,やまゆり保育園,2歳,5.0,0.0
令和6,栄区,やまゆり保育園,3歳,5.0,0.0
令和6,栄区,やまゆり保育園,4歳,5.0,0.0
令和6,栄区,やまゆり保育園,5歳,5.0,0.0
令和6,栄区,アスク大船保育園,0歳,4.90530303030303,0.01893939393939394
令和6,栄区,アスク大船保育園,1歳,4.9513855128828395,0.009722897423432183
令和6,栄区,アスク大船保育園,2歳,4.739341699293155,0.05213166014136888
令和6,栄区,アスク大船保育園,3歳,5.0,0.0
令和6,栄区,アスク大船保育園,4歳,5.0,0.0
令和6,栄区,アスク大船保育園,5歳,4.806576402321084,0.03868471953578337
令和6,栄区,アップルミントおおふな保育園,0歳,5.0,0.0
令和6,栄区,アップルミントおおふな保育園,1歳,4.897854954034729,0.02042900919305414
令和6,栄区,アップルミントおおふな保育園,2歳,5.0,0.0
令和6,栄区,アップルミントおおふな保育園,3歳,5.0,0.0
令和6,栄区,アップルミントおおふな保育園,4歳,5.0,0.0
令和6,栄区,アップルミントおおふな保育園,5歳,5.0,0.0
令和6,栄区,エミールの森ひよこ保育園,0歳,5.0,0.0
令和6,栄区,エミールの森ひよこ保育園,1歳,5.0,0.0
令和6,栄区,エミールの森ひよこ保育園,2歳,3.595071779151381,0.28098564416972377
令和6,栄区,エミールの森ひよこ保育園,3歳,4.090909090909091,0.18181818181818182
令和6,栄区,エミールの森ひよこ保育園,4歳,3.3230847695757193,0.33538304608485614
令和6,栄区,エミールの森ひよこ保育園,5歳,5.0,0.0
令和6,栄区,チューリップ保育室,0歳,5.0,0.0
令和6,栄区,チューリップ保育室,1歳,5.0,0.0
令和6,栄区,チューリップ保育室,2歳,5.0,0.0
令和6,栄区,チューリップ保育室,3歳,5.0,0.0
令和6,栄区,チューリップ保育室,4歳,5.0,0.0
令和6,栄区,チューリップ保育室,5歳,5.0,0.0
令和6,栄区,チームナーサリーBigHug本郷台,0歳,5.0,0.0
令和6,栄区,チームナーサリーBigHug本郷台,1歳,4.93060374739764,0.013879250520471896
令和6,栄区,チームナーサリーBigHug本郷台,2歳,5.0,0.0
令和6,栄区,チームナーサリーBigHug本郷台,3歳,5.0,0.0
令和6,栄区,チームナーサリーBigHug本郷台,4歳,5.0,0.0
令和6,栄区,チームナーサリーBigHug本郷台,5歳,5.0,0.0
令和6,栄区,トモキッズナーサリーかさま園,0歳,5.0,0.0
令和6,栄区,トモキッズナーサリーかさま園,1歳,5.0,0.0
令和6,栄区,トモキッズナーサリーかさま園,2歳,5.0,0.0
令和6,栄区,トモキッズナーサリーかさま園,3歳,5.0,0.0
令和6,栄区,トモキッズナーサリーかさま園,4歳,4.659090909090909,0.06818181818181818
令和6,栄区,トモキッズナーサリーかさま園,5歳,4.659090909090909,0.06818181818181818
令和6,栄区,ニチイキッズさくら本郷台保育園,0歳,5.0,0.0
令和6,栄区,ニチイキッズさくら本郷台保育園,1歳,5.0,0.0
令和6,栄区,ニチイキッズさくら本郷台保育園,2歳,5.0,0.0
令和6,栄区,ニチイキッズさくら本郷台保育園,3歳,5.0,0.0
令和6,栄区,ニチイキッズさくら本郷台保育園,4歳,5.0,0.0
令和6,栄区,ニチイキッズさくら本郷台保育園,5歳,5.0,0.0
令和6,栄区,ベネッセ　本郷台保育園,0歳,5.0,0.0
令和6,栄区,ベネッセ　本郷台保育園,1歳,5.0,0.0
令和6,栄区,ベネッセ　本郷台保育園,2歳,5.0,0.0
令和6,栄区,ベネッセ　本郷台保育園,3歳,5.0,0.0
令和6,栄区,ベネッセ　本郷台保育園,4歳,5.0,0.0
令和6,栄区,ベネッセ　本郷台保育園,5歳,5.0,0.0
令和6,栄区,マームゆりかごおおふな保育園,0歳,5.0,0.0
令和6,栄区,マームゆりかごおおふな保育園,1歳,5.0,0.0
令和6,栄区,マームゆりかごおおふな保育園,2歳,5.0,0.0
令和6,栄区,マームゆりかごおおふな保育園,3歳,5.0,0.0
令和6,栄区,マームゆりかごおおふな保育園,4歳,5.0,0.0
令和6,栄区,マームゆりかごおおふな保育園,5歳,5.0,0.0
令和6,栄区,上郷いちい保育園,0歳,5.0,0.0
令和6,栄区,上郷いちい保育園,1歳,5.0,0.0
令和6,栄区,上郷いちい保育園,2歳,5.0,0.0
令和6,栄区,上郷いちい保育園,3歳,3.8636363636363638,0.22727272727272727
令和6,栄区,上郷いちい保育園,4歳,5.0,0.0
令和6,栄区,上郷いちい保育園,5歳,4.090909090909091,0.18181818181818182
令和6,栄区,大船ルーテル保育園,0歳,4.72572578272547,0.05485484345490609
令和6,栄区,大船ルーテル保育園,1歳,5.0,0.0
令和6,栄区,大船ルーテル保育園,2歳,5.0,0.0
令和6,栄区,大船ルーテル保育園,3歳,5.0,0.0
令和6,栄区,大船ルーテル保育園,4歳,5.0,0.0
令和6,栄区,大船ルーテル保育園,5歳,5.0,0.0
令和6,栄区,杜ちゃいるど園,0歳,4.897854954034729,0.02042900919305414
令和6,栄区,杜ちゃいるど園,1歳,5.0,0.0
令和6,栄区,杜ちゃいるど園,2歳,5.0,0.0
令和6,栄区,杜ちゃいるど園,3歳,5.0,0.0
令和6,栄区,杜ちゃいるど園,4歳,5.0,0.0
令和6,栄区,杜ちゃいるど園,5歳,5.0,0.0
令和6,栄区,横浜市公田保育園,0歳,5.0,0.0
令和6,栄区,横浜市公田保育園,1歳,4.866310160427807,0.026737967914438502
令和6,栄区,横浜市公田保育園,2歳,4.090909090909091,0.18181818181818182
令和6,栄区,横浜市公田保育園,3歳,4.318181818181818,0.13636363636363635
令和6,栄区,横浜市公田保育園,4歳,3.2954545454545454,0.3409090909090909
令和6,栄区,横浜市公田保育園,5歳,3.6363636363636362,0.2727272727272727
令和6,栄区,横浜市桂台保育園,0歳,4.793388429752066,0.04132231404958678
令和6,栄区,横浜市桂台保育園,1歳,5.0,0.0
令和6,栄区,横浜市桂台保育園,2歳,4.889135254988914,0.022172949002217297
令和6,栄区,横浜市桂台保育園,3歳,4.7727272727272725,0.045454545454545456
令和6,栄区,横浜市桂台保育園,4歳,5.0,0.0
令和6,栄区,横浜市桂台保育園,5歳,5.0,0.0
令和6,栄区,横浜市飯島保育園,0歳,4.1060606060606055,0.1787878787878788
令和6,栄区,横浜市飯島保育園,1歳,5.0,0.0
令和6,栄区,横浜市飯島保育園,2歳,5.0,0.0
令和6,栄区,横浜市飯島保育園,3歳,2.651515151515152,0.46969696969696967
令和6,栄区,横浜市飯島保育園,4歳,4.545454545454546,0.09090909090909091
令和6,栄区,横浜市飯島保育園,5歳,5.0,0.0
令和6,栄区,芸術の森保育園,0歳,4.501356852103121,0.09972862957937584
令和6,栄区,芸術の森保育園,1歳,5.0,0.0
令和6,栄区,芸術の森保育園,2歳,5.0,0.0
令和6,栄区,芸術の森保育園,3歳,5.0,0.0
令和6,栄区,芸術の森保育園,4歳,5.0,0.0
令和6,栄区,芸術の森保育園,5歳,5.0,0.0
令和6,栄区,認定こども園　いのやま保育園,0歳,5.0,0.0
令和6,栄区,認定こども園　いのやま保育園,1歳,5.0,0.0
令和6,栄区,認定こども園　いのやま保育園,2歳,4.866310160427807,0.026737967914438502
令和6,栄区,認定こども園　いのやま保育園,3歳,5.0,0.0
令和6,栄区,認定こども園　いのやま保育園,4歳,3.8636363636363638,0.22727272727272727
令和6,栄区,認定こども園　いのやま保育園,5歳,4.7727272727272725,0.045454545454545456
令和6,栄区,認定こども園　中野どんぐり保育園,0歳,5.0,0.0
令和6,栄区,認定こども園　中野どんぐり保育園,1歳,5.0,0.0
令和6,栄区,認定こども園　中野どんぐり保育園,2歳,5.0,0.0
令和6,栄区,認定こども園　中野どんぐり保育園,3歳,5.0,0.0
令和6,栄区,認定こども園　中野どんぐり保育園,4歳,5.0,0.0
令和6,栄区,認定こども園　中野どんぐり保育園,5歳,5.0,0.0
令和6,栄区,認定こども園　飯島東保育園,0歳,4.545454545454546,0.09090909090909091
令和6,栄区,認定こども園　飯島東保育園,1歳,5.0,0.0
令和6,栄区,認定こども園　飯島東保育園,2歳,5.0,0.0
令和6,栄区,認定こども園　飯島東保育園,3歳,4.889135254988914,0.022172949002217297
令和6,栄区,認定こども園　飯島東保育園,4歳,3.1060606060606064,0.37878787878787873
令和6,栄区,認定こども園　飯島東保育園,5歳,3.1818181818181817,0.36363636363636365
令和6,泉区,いちょう保育園,0歳,5.0,0.0
令和6,泉区,いちょう保育園,1歳,5.0,0.0
令和6,泉区,いちょう保育園,2歳,5.0,0.0
令和6,泉区,いちょう保育園,3歳,5.0,0.0
令和6,泉区,いちょう保育園,4歳,5.0,0.0
令和6,泉区,いちょう保育園,5歳,5.0,0.0
令和6,泉区,えんがわ,0歳,3.75,0.25
令和6,泉区,えんがわ,1歳,5.0,0.0
令和6,泉区,えんがわ,2歳,5.0,0.0
令和6,泉区,えんがわ,3歳,5.0,0.0
令和6,泉区,えんがわ,4歳,5.0,0.0
令和6,泉区,えんがわ,5歳,5.0,0.0
令和6,泉区,くるみ保育園,0歳,5.0,0.0
令和6,泉区,くるみ保育園,1歳,5.0,0.0
令和6,泉区,くるみ保育園,2歳,5.0,0.0
令和6,泉区,くるみ保育園,3歳,3.6363636363636362,0.2727272727272727
令和6,泉区,くるみ保育園,4歳,3.897485493230174,0.2205029013539652
令和6,泉区,くるみ保育園,5歳,1.666666666666667,0.6666666666666666
令和6,泉区,なかよしこども園,0歳,5.0,0.0
令和6,泉区,なかよしこども園,1歳,5.0,0.0
令和6,泉区,なかよしこども園,2歳,4.806576402321084,0.03868471953578337
令和6,泉区,なかよしこども園,3歳,4.545454545454546,0.09090909090909091
令和6,泉区,なかよしこども園,4歳,4.831649831649832,0.03367003367003367
令和6,泉区,なかよしこども園,5歳,5.0,0.0
令和6,泉区,にじいろ保育園いずみ中央,0歳,3.75,0.25
令和6,泉区,にじいろ保育園いずみ中央,1歳,5.0,0.0
令和6,泉区,にじいろ保育園いずみ中央,2歳,4.318181818181818,0.13636363636363635
令和6,泉区,にじいろ保育園いずみ中央,3歳,5.0,0.0
令和6,泉区,にじいろ保育園いずみ中央,4歳,3.6363636363636362,0.2727272727272727
令和6,泉区,にじいろ保育園いずみ中央,5歳,5.0,0.0
令和6,泉区,ぬくもりの森しんばし　やよい台こども園,0歳,5.0,0.0
令和6,泉区,ぬくもりの森しんばし　やよい台こども園,1歳,4.806576402321084,0.03868471953578337
令和6,泉区,ぬくもりの森しんばし　やよい台こども園,2歳,4.090909090909091,0.18181818181818182
令和6,泉区,ぬくもりの森しんばし　やよい台こども園,3歳,5.0,0.0
令和6,泉区,ぬくもりの森しんばし　やよい台こども園,4歳,3.1818181818181817,0.36363636363636365
令和6,泉区,ぬくもりの森しんばし　やよい台こども園,5歳,2.5,0.5
令和6,泉区,ふたば保育園,0歳,4.223762395742784,0.15524752085144317
令和6,泉区,ふたば保育園,1歳,5.0,0.0
令和6,泉区,ふたば保育園,2歳,4.717278863855527,0.05654422722889454
令和6,泉区,ふたば保育園,3歳,4.090909090909091,0.18181818181818182
令和6,泉区,ふたば保育園,4歳,5.0,0.0
令和6,泉区,ふたば保育園,5歳,3.409090909090909,0.3181818181818182
令和6,泉区,もも保育園,0歳,4.458151643943993,0.10836967121120127
令和6,泉区,もも保育園,1歳,5.0,0.0
令和6,泉区,もも保育園,2歳,5.0,0.0
令和6,泉区,もも保育園,3歳,5.0,0.0
令和6,泉区,もも保育園,4歳,5.0,0.0
令和6,泉区,もも保育園,5歳,5.0,0.0
令和6,泉区,エンゼルおおぞら保育園,0歳,4.878787878787879,0.024242424242424242
令和6,泉区,エンゼルおおぞら保育園,1歳,5.0,0.0
令和6,泉区,エンゼルおおぞら保育園,2歳,5.0,0.0
令和6,泉区,エンゼルおおぞら保育園,3歳,5.0,0.0
令和6,泉区,エンゼルおおぞら保育園,4歳,5.0,0.0
令和6,泉区,エンゼルおおぞら保育園,5歳,5.0,0.0
令和6,泉区,グロウアップ  モンテッソーリ子どもの家　立場園,0歳,5.0,0.0
令和6,泉区,グロウアップ  モンテッソーリ子どもの家　立場園,1歳,5.0,0.0
令和6,泉区,グロウアップ  モンテッソーリ子どもの家　立場園,2歳,3.6363636363636362,0.2727272727272727
令和6,泉区,グロウアップ  モンテッソーリ子どもの家　立場園,3歳,5.0,0.0
令和6,泉区,グロウアップ  モンテッソーリ子どもの家　立場園,4歳,5.0,0.0
令和6,泉区,グロウアップ  モンテッソーリ子どもの家　立場園,5歳,5.0,0.0
令和6,泉区,サクラフェリーチェ保育園,0歳,5.0,0.0
令和6,泉区,サクラフェリーチェ保育園,1歳,4.911738746690204,0.0176522506619594
令和6,泉区,サクラフェリーチェ保育園,2歳,4.579303675048356,0.08413926499032881
令和6,泉区,サクラフェリーチェ保育園,3歳,5.0,0.0
令和6,泉区,サクラフェリーチェ保育園,4歳,5.0,0.0
令和6,泉区,サクラフェリーチェ保育園,5歳,5.0,0.0
令和6,泉区,ベイキッズおひさま保育園,0歳,5.0,0.0
令和6,泉区,ベイキッズおひさま保育園,1歳,4.897854954034729,0.02042900919305414
令和6,泉区,ベイキッズおひさま保育園,2歳,3.333333333333333,0.3333333333333333
令和6,泉区,ベイキッズおひさま保育園,3歳,5.0,0.0
令和6,泉区,ベイキッズおひさま保育園,4歳,5.0,0.0
令和6,泉区,ベイキッズおひさま保育園,5歳,5.0,0.0
令和6,泉区,マーヤ保育園,0歳,4.090909090909091,0.18181818181818182
令和6,泉区,マーヤ保育園,1歳,5.0,0.0
令和6,泉区,マーヤ保育園,2歳,4.318181818181818,0.13636363636363635
令和6,泉区,マーヤ保育園,3歳,5.0,0.0
令和6,泉区,マーヤ保育園,4歳,5.0,0.0
令和6,泉区,マーヤ保育園,5歳,5.0,0.0
令和6,泉区,中田いちご保育園,0歳,4.318181818181818,0.13636363636363635
令和6,泉区,中田いちご保育園,1歳,4.866310160427807,0.026737967914438502
令和6,泉区,中田いちご保育園,2歳,5.0,0.0
令和6,泉区,中田いちご保育園,3歳,5.0,0.0
令和6,泉区,中田いちご保育園,4歳,5.0,0.0
令和6,泉区,中田いちご保育園,5歳,5.0,0.0
令和6,泉区,中田ひまわり保育室,0歳,4.831649831649832,0.03367003367003367
令和6,泉区,中田ひまわり保育室,1歳,5.0,0.0
令和6,泉区,中田ひまわり保育室,2歳,4.318181818181818,0.13636363636363635
令和6,泉区,中田ひまわり保育室,3歳,5.0,0.0
令和6,泉区,中田ひまわり保育室,4歳,5.0,0.0
令和6,泉区,中田ひまわり保育室,5歳,5.0,0.0
令和6,泉区,中田保育園,0歳,3.9262544140592923,0.2147491171881416
令和6,泉区,中田保育園,1歳,4.922299922299922,0.01554001554001554
令和6,泉区,中田保育園,2歳,5.0,0.0
令和6,泉区,中田保育園,3歳,5.0,0.0
令和6,泉区,中田保育園,4歳,5.0,0.0
令和6,泉区,中田保育園,5歳,5.0,0.0
令和6,泉区,中田駅前　はまっこ保育園,0歳,5.0,0.0
令和6,泉区,中田駅前　はまっこ保育園,1歳,5.0,0.0
令和6,泉区,中田駅前　はまっこ保育園,2歳,4.7727272727272725,0.045454545454545456
令和6,泉区,中田駅前　はまっこ保育園,3歳,5.0,0.0
令和6,泉区,中田駅前　はまっこ保育園,4歳,5.0,0.0
令和6,泉区,中田駅前　はまっこ保育園,5歳,5.0,0.0
令和6,泉区,小学館アカデミーりょくえんとし保育園,0歳,5.0,0.0
令和6,泉区,小学館アカデミーりょくえんとし保育園,1歳,5.0,0.0
令和6,泉区,小学館アカデミーりょくえんとし保育園,2歳,4.318181818181818,0.13636363636363635
令和6,泉区,小学館アカデミーりょくえんとし保育園,3歳,4.4197292069632494,0.1160541586073501
令和6,泉区,小学館アカデミーりょくえんとし保育園,4歳,5.0,0.0
令和6,泉区,小学館アカデミーりょくえんとし保育園,5歳,5.0,0.0
令和6,泉区,御霊神社保育園,0歳,5.0,0.0
令和6,泉区,御霊神社保育園,1歳,5.0,0.0
令和6,泉区,御霊神社保育園,2歳,3.8511985526910903,0.22976028946178195
令和6,泉区,御霊神社保育園,3歳,5.0,0.0
令和6,泉区,御霊神社保育園,4歳,5.0,0.0
令和6,泉区,御霊神社保育園,5歳,5.0,0.0
令和6,泉区,横浜ルンビニー保育園,0歳,5.0,0.0
令和6,泉区,横浜ルンビニー保育園,1歳,4.806576402321084,0.03868471953578337
令和6,泉区,横浜ルンビニー保育園,2歳,4.831649831649832,0.03367003367003367
令和6,泉区,横浜ルンビニー保育園,3歳,4.431818181818182,0.11363636363636363
令和6,泉区,横浜ルンビニー保育園,4歳,2.272727272727273,0.5454545454545454
令和6,泉区,横浜ルンビニー保育園,5歳,3.1818181818181817,0.36363636363636365
令和6,泉区,横浜市北上飯田保育園,0歳,3.140663390663391,0.37186732186732185
令和6,泉区,横浜市北上飯田保育園,1歳,4.831649831649831,0.03367003367003367
令和6,泉区,横浜市北上飯田保育園,2歳,4.579303675048356,0.08413926499032881
令和6,泉区,横浜市北上飯田保育園,3歳,2.502560713880138,0.49948785722397243
令和6,泉区,横浜市北上飯田保育園,4歳,1.3343863343863347,0.7331227331227331
令和6,泉区,横浜市北上飯田保育園,5歳,1.3636363636363635,0.7272727272727273
令和6,泉区,横浜市和泉保育園,0歳,4.318181818181818,0.13636363636363635
令和6,泉区,横浜市和泉保育園,1歳,5.0,0.0
令和6,泉区,横浜市和泉保育園,2歳,4.85096870342772,0.02980625931445604
令和6,泉区,横浜市和泉保育園,3歳,4.090909090909091,0.18181818181818182
令和6,泉区,横浜市和泉保育園,4歳,0.5699855699855703,0.8860028860028859
令和6,泉区,横浜市和泉保育園,5歳,5.0,0.0
令和6,泉区,横浜文化保育園,0歳,3.9301235884475476,0.2139752823104904
令和6,泉区,横浜文化保育園,1歳,4.767923133776792,0.04641537324464154
令和6,泉区,横浜文化保育園,2歳,4.1586073500967125,0.16827852998065762
令和6,泉区,横浜文化保育園,3歳,5.0,0.0
令和6,泉区,横浜文化保育園,4歳,1.6450594040644828,0.6709881191871034
令和6,泉区,横浜文化保育園,5歳,4.090909090909091,0.18181818181818182
令和6,泉区,泉の郷保育園いずみ,0歳,5.0,0.0
令和6,泉区,泉の郷保育園いずみ,1歳,5.0,0.0
令和6,泉区,泉の郷保育園いずみ,2歳,5.0,0.0
令和6,泉区,泉の郷保育園いずみ,3歳,5.0,0.0
令和6,泉区,泉の郷保育園いずみ,4歳,3.333333333333333,0.3333333333333333
令和6,泉区,泉の郷保育園いずみ,5歳,3.6363636363636362,0.2727272727272727
令和6,泉区,泉の郷保育園なかだ,0歳,5.0,0.0
令和6,泉区,泉の郷保育園なかだ,1歳,5.0,0.0
令和6,泉区,泉の郷保育園なかだ,2歳,5.0,0.0
令和6,泉区,泉の郷保育園なかだ,3歳,5.0,0.0
令和6,泉区,泉の郷保育園なかだ,4歳,5.0,0.0
令和6,泉区,泉の郷保育園なかだ,5歳,5.0,0.0
令和6,泉区,白梅いずみ保育園,0歳,4.535205981696931,0.09295880366061375
令和6,泉区,白梅いずみ保育園,1歳,5.0,0.0
令和6,泉区,白梅いずみ保育園,2歳,5.0,0.0
令和6,泉区,白梅いずみ保育園,3歳,5.0,0.0
令和6,泉区,白梅いずみ保育園,4歳,5.0,0.0
令和6,泉区,白梅いずみ保育園,5歳,5.0,0.0
令和6,泉区,白梅保育園,0歳,5.0,0.0
令和6,泉区,白梅保育園,1歳,5.0,0.0
令和6,泉区,白梅保育園,2歳,5.0,0.0
令和6,泉区,白梅保育園,3歳,5.0,0.0
令和6,泉区,白梅保育園,4歳,5.0,0.0
令和6,泉区,白梅保育園,5歳,5.0,0.0
令和6,泉区,白百合愛児園,0歳,5.0,0.0
令和6,泉区,白百合愛児園,1歳,5.0,0.0
令和6,泉区,白百合愛児園,2歳,4.806576402321084,0.03868471953578337
令和6,泉区,白百合愛児園,3歳,5.0,0.0
令和6,泉区,白百合愛児園,4歳,5.0,0.0
令和6,泉区,白百合愛児園,5歳,5.0,0.0
令和6,泉区,立場らびっと保育園,0歳,5.0,0.0
令和6,泉区,立場らびっと保育園,1歳,5.0,0.0
令和6,泉区,立場らびっと保育園,2歳,4.090909090909091,0.18181818181818182
令和6,泉区,立場らびっと保育園,3歳,5.0,0.0
令和6,泉区,立場らびっと保育園,4歳,5.0,0.0
令和6,泉区,立場らびっと保育園,5歳,5.0,0.0
令和6,泉区,立場エンゼル保育園,0歳,5.0,0.0
令和6,泉区,立場エンゼル保育園,1歳,5.0,0.0
令和6,泉区,立場エンゼル保育園,2歳,4.352030947775629,0.12959381044487428
令和6,泉区,立場エンゼル保育園,3歳,4.090909090909091,0.18181818181818182
令和6,泉区,立場エンゼル保育園,4歳,5.0,0.0
令和6,泉区,立場エンゼル保育園,5歳,5.0,0.0
令和6,泉区,緑園なえば保育園,0歳,5.0,0.0
令和6,泉区,緑園なえば保育園,1歳,5.0,0.0
令和6,泉区,緑園なえば保育園,2歳,5.0,0.0
令和6,泉区,緑園なえば保育園,3歳,5.0,0.0
令和6,泉区,緑園なえば保育園,4歳,4.545454545454546,0.09090909090909091
令和6,泉区,緑園なえば保育園,5歳,5.0,0.0
令和6,泉区,苗場保育園,0歳,4.696969696969696,0.0606060606060606
令和6,泉区,苗場保育園,1歳,5.0,0.0
令和6,泉区,苗場保育園,2歳,5.0,0.0
令和6,泉区,苗場保育園,3歳,2.0454545454545454,0.5909090909090909
令和6,泉区,苗場保育園,4歳,5.0,0.0
令和6,泉区,苗場保育園,5歳,5.0,0.0
令和6,泉区,認定こども園  いづみ幼稚園,0歳,5.0,0.0
令和6,泉区,認定こども園  いづみ幼稚園,1歳,5.0,0.0
令和6,泉区,認定こども園  いづみ幼稚園,2歳,5.0,0.0
令和6,泉区,認定こども園  いづみ幼稚園,3歳,5.0,0.0
令和6,泉区,認定こども園  いづみ幼稚園,4歳,5.0,0.0
令和6,泉区,認定こども園  いづみ幼稚園,5歳,5.0,0.0
令和6,泉区,認定こども園  泉ヶ丘幼稚園,0歳,5.0,0.0
令和6,泉区,認定こども園  泉ヶ丘幼稚園,1歳,5.0,0.0
令和6,泉区,認定こども園  泉ヶ丘幼稚園,2歳,5.0,0.0
令和6,泉区,認定こども園  泉ヶ丘幼稚園,3歳,5.0,0.0
令和6,泉区,認定こども園  泉ヶ丘幼稚園,4歳,5.0,0.0
令和6,泉区,認定こども園  泉ヶ丘幼稚園,5歳,5.0,0.0
令和6,泉区,認定こども園　ふじづかようちえん・ふじづかほくえん,0歳,5.0,0.0
令和6,泉区,認定こども園　ふじづかようちえん・ふじづかほくえん,1歳,5.0,0.0
令和6,泉区,認定こども園　ふじづかようちえん・ふじづかほくえん,2歳,5.0,0.0
令和6,泉区,認定こども園　ふじづかようちえん・ふじづかほくえん,3歳,5.0,0.0
令和6,泉区,認定こども園　ふじづかようちえん・ふじづかほくえん,4歳,5.0,0.0
令和6,泉区,認定こども園　ふじづかようちえん・ふじづかほくえん,5歳,5.0,0.0
令和6,泉区,認定こども園　上飯田幼稚園,0歳,5.0,0.0
令和6,泉区,認定こども園　上飯田幼稚園,1歳,5.0,0.0
令和6,泉区,認定こども園　上飯田幼稚園,2歳,4.831649831649832,0.03367003367003367
令和6,泉区,認定こども園　上飯田幼稚園,3歳,4.545454545454546,0.09090909090909091
令和6,泉区,認定こども園　上飯田幼稚園,4歳,5.0,0.0
令和6,泉区,認定こども園　上飯田幼稚園,5歳,5.0,0.0
令和6,泉区,認定こども園　宮の台幼稚園,0歳,5.0,0.0
令和6,泉区,認定こども園　宮の台幼稚園,1歳,5.0,0.0
令和6,泉区,認定こども園　宮の台幼稚園,2歳,5.0,0.0
令和6,泉区,認定こども園　宮の台幼稚園,3歳,5.0,0.0
令和6,泉区,認定こども園　宮の台幼稚園,4歳,5.0,0.0
令和6,泉区,認定こども園　宮の台幼稚園,5歳,5.0,0.0
令和6,泉区,認定こども園　岡津幼稚園,0歳,5.0,0.0
令和6,泉区,認定こども園　岡津幼稚園,1歳,5.0,0.0
令和6,泉区,認定こども園　岡津幼稚園,2歳,5.0,0.0
令和6,泉区,認定こども園　岡津幼稚園,3歳,2.6136363636363638,0.4772727272727273
令和6,泉区,認定こども園　岡津幼稚園,4歳,3.75,0.25
令和6,泉区,認定こども園　岡津幼稚園,5歳,2.4545454545454546,0.5090909090909091
令和6,泉区,認定こども園　明成幼稚園,0歳,4.4197292069632494,0.1160541586073501
令和6,泉区,認定こども園　明成幼稚園,1歳,5.0,0.0
令和6,泉区,認定こども園　明成幼稚園,2歳,5.0,0.0
令和6,泉区,認定こども園　明成幼稚園,3歳,1.931818181818182,0.6136363636363636
令和6,泉区,認定こども園　明成幼稚園,4歳,3.484848484848485,0.303030303030303
令和6,泉区,認定こども園　明成幼稚園,5歳,5.0,0.0
令和6,泉区,認定こども園　ＹＭＣＡいずみ,0歳,3.5454545454545454,0.29090909090909095
令和6,泉区,認定こども園　ＹＭＣＡいずみ,1歳,4.806576402321084,0.03868471953578337
令和6,泉区,認定こども園　ＹＭＣＡいずみ,2歳,5.0,0.0
令和6,泉区,認定こども園　ＹＭＣＡいずみ,3歳,3.674242424242424,0.26515151515151514
令和6,泉区,認定こども園　ＹＭＣＡいずみ,4歳,5.0,0.0
令和6,泉区,認定こども園　ＹＭＣＡいずみ,5歳,5.0,0.0
令和6,泉区,領家キッズ保育園,0歳,5.0,0.0
令和6,泉区,領家キッズ保育園,1歳,5.0,0.0
令和6,泉区,領家キッズ保育園,2歳,5.0,0.0
令和6,泉区,領家キッズ保育園,3歳,5.0,0.0
令和6,泉区,領家キッズ保育園,4歳,4.385880077369439,0.12282398452611218
令和6,泉区,領家キッズ保育園,5歳,5.0,0.0
令和6,泉区,鳩の森愛の詩あすなろ保育園,0歳,5.0,0.0
令和6,泉区,鳩の森愛の詩あすなろ保育園,1歳,4.897854954034729,0.02042900919305414
令和6,泉区,鳩の森愛の詩あすなろ保育園,2歳,4.2957713397197175,0.14084573205605644
令和6,泉区,鳩の森愛の詩あすなろ保育園,3歳,5.0,0.0
令和6,泉区,鳩の森愛の詩あすなろ保育園,4歳,5.0,0.0
令和6,泉区,鳩の森愛の詩あすなろ保育園,5歳,4.318181818181818,0.13636363636363635
令和6,泉区,鳩の森愛の詩とことこ保育園,0歳,5.0,0.0
令和6,泉区,鳩の森愛の詩とことこ保育園,1歳,5.0,0.0
令和6,泉区,鳩の森愛の詩とことこ保育園,2歳,4.7727272727272725,0.045454545454545456
令和6,泉区,鳩の森愛の詩とことこ保育園,3歳,5.0,0.0
令和6,泉区,鳩の森愛の詩とことこ保育園,4歳,5.0,0.0
令和6,泉区,鳩の森愛の詩とことこ保育園,5歳,5.0,0.0
令和6,泉区,鳩の森愛の詩保育園,0歳,5.0,0.0
令和6,泉区,鳩の森愛の詩保育園,1歳,5.0,0.0
令和6,泉区,鳩の森愛の詩保育園,2歳,5.0,0.0
令和6,泉区,鳩の森愛の詩保育園,3歳,5.0,0.0
令和6,泉区,鳩の森愛の詩保育園,4歳,5.0,0.0
令和6,泉区,鳩の森愛の詩保育園,5歳,5.0,0.0
令和6,泉区,ＧＥＮＫＩＤＳいずみ中央保育園,0歳,4.18368077942546,0.16326384411490794
令和6,泉区,ＧＥＮＫＩＤＳいずみ中央保育園,1歳,5.0,0.0
令和6,泉区,ＧＥＮＫＩＤＳいずみ中央保育園,2歳,5.0,0.0
令和6,泉区,ＧＥＮＫＩＤＳいずみ中央保育園,3歳,5.0,0.0
令和6,泉区,ＧＥＮＫＩＤＳいずみ中央保育園,4歳,4.7727272727272725,0.045454545454545456
令和6,泉区,ＧＥＮＫＩＤＳいずみ中央保育園,5歳,5.0,0.0
令和6,泉区,ＧＥＮＫＩＤＳ緑園都市保育園,0歳,5.0,0.0
令和6,泉区,ＧＥＮＫＩＤＳ緑園都市保育園,1歳,5.0,0.0
令和6,泉区,ＧＥＮＫＩＤＳ緑園都市保育園,2歳,5.0,0.0
令和6,泉区,ＧＥＮＫＩＤＳ緑園都市保育園,3歳,5.0,0.0
令和6,泉区,ＧＥＮＫＩＤＳ緑園都市保育園,4歳,4.090909090909091,0.18181818181818182
令和6,泉区,ＧＥＮＫＩＤＳ緑園都市保育園,5歳,5.0,0.0
令和6,泉区,ＹＭＣＡ山手台保育園アルク,0歳,5.0,0.0
令和6,泉区,ＹＭＣＡ山手台保育園アルク,1歳,5.0,0.0
令和6,泉区,ＹＭＣＡ山手台保育園アルク,2歳,5.0,0.0
令和6,泉区,ＹＭＣＡ山手台保育園アルク,3歳,5.0,0.0
令和6,泉区,ＹＭＣＡ山手台保育園アルク,4歳,5.0,0.0
令和6,泉区,ＹＭＣＡ山手台保育園アルク,5歳,5.0,0.0
令和6,港北区,Gakkenほいくえん日吉本町,0歳,4.341782384018014,0.1316435231963971
令和6,港北区,Gakkenほいくえん日吉本町,1歳,5.0,0.0
令和6,港北区,Gakkenほいくえん日吉本町,2歳,5.0,0.0
令和6,港北区,Gakkenほいくえん日吉本町,3歳,5.0,0.0
令和6,港北区,Gakkenほいくえん日吉本町,4歳,3.2392678772481887,0.3521464245503623
令和6,港北区,Gakkenほいくえん日吉本町,5歳,1.8939393939393943,0.6212121212121212
令和6,港北区,Gakkenほいくえん綱島,0歳,3.8636363636363638,0.22727272727272727
令和6,港北区,Gakkenほいくえん綱島,1歳,5.0,0.0
令和6,港北区,Gakkenほいくえん綱島,2歳,5.0,0.0
令和6,港北区,Gakkenほいくえん綱島,3歳,3.0303030303030307,0.3939393939393939
令和6,港北区,Gakkenほいくえん綱島,4歳,3.1818181818181817,0.36363636363636365
令和6,港北区,Gakkenほいくえん綱島,5歳,5.0,0.0
令和6,港北区,preschool ALICE Clover,0歳,5.0,0.0
令和6,港北区,preschool ALICE Clover,1歳,5.0,0.0
令和6,港北区,preschool ALICE Clover,2歳,5.0,0.0
令和6,港北区,preschool ALICE Clover,3歳,5.0,0.0
令和6,港北区,preschool ALICE Clover,4歳,5.0,0.0
令和6,港北区,preschool ALICE Clover,5歳,5.0,0.0
令和6,港北区,うみのくに保育園きくな,0歳,4.166666666666667,0.16666666666666666
令和6,港北区,うみのくに保育園きくな,1歳,5.0,0.0
令和6,港北区,うみのくに保育園きくな,2歳,5.0,0.0
令和6,港北区,うみのくに保育園きくな,3歳,5.0,0.0
令和6,港北区,うみのくに保育園きくな,4歳,3.9393939393939394,0.2121212121212121
令和6,港北区,うみのくに保育園きくな,5歳,2.878787878787879,0.4242424242424242
令和6,港北区,おおくらやまえきまえのぞみ保育園,0歳,5.0,0.0
令和6,港北区,おおくらやまえきまえのぞみ保育園,1歳,4.806576402321084,0.03868471953578337
令和6,港北区,おおくらやまえきまえのぞみ保育園,2歳,5.0,0.0
令和6,港北区,おおくらやまえきまえのぞみ保育園,3歳,4.166666666666667,0.16666666666666666
令和6,港北区,おおくらやまえきまえのぞみ保育園,4歳,2.090909090909091,0.5818181818181819
令和6,港北区,おおくらやまえきまえのぞみ保育園,5歳,3.1060606060606064,0.37878787878787873
令和6,港北区,おおつな保育園,0歳,3.1275252525252526,0.3744949494949495
令和6,港北区,おおつな保育園,1歳,3.88723692947256,0.22255261410548802
令和6,港北区,おおつな保育園,2歳,5.0,0.0
令和6,港北区,おおつな保育園,3歳,5.0,0.0
令和6,港北区,おおつな保育園,4歳,2.2045454545454546,0.5590909090909091
令和6,港北区,おおつな保育園,5歳,2.727272727272727,0.45454545454545453
令和6,港北区,おおつな森の保育園,0歳,5.0,0.0
令和6,港北区,おおつな森の保育園,1歳,5.0,0.0
令和6,港北区,おおつな森の保育園,2歳,5.0,0.0
令和6,港北区,おおつな森の保育園,3歳,3.0303030303030307,0.3939393939393939
令和6,港北区,おおつな森の保育園,4歳,5.0,0.0
令和6,港北区,おおつな森の保育園,5歳,1.666666666666667,0.6666666666666666
令和6,港北区,きゅーぴーるーむ大倉山園,0歳,5.0,0.0
令和6,港北区,きゅーぴーるーむ大倉山園,1歳,3.7878787878787876,0.2424242424242424
令和6,港北区,きゅーぴーるーむ大倉山園,2歳,4.318181818181818,0.13636363636363635
令和6,港北区,きゅーぴーるーむ大倉山園,3歳,5.0,0.0
令和6,港北区,きゅーぴーるーむ大倉山園,4歳,5.0,0.0
令和6,港北区,きゅーぴーるーむ大倉山園,5歳,5.0,0.0
令和6,港北区,くじら保育園,0歳,4.7727272727272725,0.045454545454545456
令和6,港北区,くじら保育園,1歳,5.0,0.0
令和6,港北区,くじら保育園,2歳,4.318181818181818,0.13636363636363635
令和6,港北区,くじら保育園,3歳,5.0,0.0
令和6,港北区,くじら保育園,4歳,5.0,0.0
令和6,港北区,くじら保育園,5歳,5.0,0.0
令和6,港北区,くっくおさんぽ保育園,0歳,4.731303179579042,0.053739364084191665
令和6,港北区,くっくおさんぽ保育園,1歳,4.911738746690204,0.0176522506619594
令和6,港北区,くっくおさんぽ保育園,2歳,4.754299754299755,0.04914004914004913
令和6,港北区,くっくおさんぽ保育園,3歳,4.545454545454546,0.09090909090909091
令和6,港北区,くっくおさんぽ保育園,4歳,5.0,0.0
令和6,港北区,くっくおさんぽ保育園,5歳,3.8636363636363638,0.22727272727272727
令和6,港北区,くっくおさんぽ保育園ふとお,0歳,5.0,0.0
令和6,港北区,くっくおさんぽ保育園ふとお,1歳,5.0,0.0
令和6,港北区,くっくおさんぽ保育園ふとお,2歳,5.0,0.0
令和6,港北区,くっくおさんぽ保育園ふとお,3歳,4.545454545454546,0.09090909090909091
令和6,港北区,くっくおさんぽ保育園ふとお,4歳,4.3939393939393945,0.1212121212121212
令和6,港北区,くっくおさんぽ保育園ふとお,5歳,5.0,0.0
令和6,港北区,くっくおさんぽ保育園大倉山,0歳,4.628942486085343,0.07421150278293136
令和6,港北区,くっくおさんぽ保育園大倉山,1歳,3.59663564781675,0.28067287043664996
令和6,港北区,くっくおさんぽ保育園大倉山,2歳,5.0,0.0
令和6,港北区,くっくおさんぽ保育園大倉山,3歳,3.914518317503392,0.21709633649932156
令和6,港北区,くっくおさんぽ保育園大倉山,4歳,5.0,0.0
令和6,港北区,くっくおさんぽ保育園大倉山,5歳,5.0,0.0
令和6,港北区,こどものまち綱島西保育園,0歳,5.0,0.0
令和6,港北区,こどものまち綱島西保育園,1歳,5.0,0.0
令和6,港北区,こどものまち綱島西保育園,2歳,4.7727272727272725,0.045454545454545456
令和6,港北区,こどものまち綱島西保育園,3歳,5.0,0.0
令和6,港北区,こどものまち綱島西保育園,4歳,4.318181818181818,0.13636363636363635
令和6,港北区,こどものまち綱島西保育園,5歳,5.0,0.0
令和6,港北区,さくらんぼ保育園,0歳,4.090909090909091,0.18181818181818182
令和6,港北区,さくらんぼ保育園,1歳,4.889135254988914,0.022172949002217297
令和6,港北区,さくらんぼ保育園,2歳,5.0,0.0
令和6,港北区,さくらんぼ保育園,3歳,4.352030947775629,0.12959381044487428
令和6,港北区,さくらんぼ保育園,4歳,5.0,0.0
令和6,港北区,さくらんぼ保育園,5歳,5.0,0.0
令和6,港北区,しんよしだこども園（保育所部分）,0歳,5.0,0.0
令和6,港北区,しんよしだこども園（保育所部分）,1歳,5.0,0.0
令和6,港北区,しんよしだこども園（保育所部分）,2歳,4.806576402321084,0.03868471953578337
令和6,港北区,しんよしだこども園（保育所部分）,3歳,4.032882011605416,0.19342359767891681
令和6,港北区,しんよしだこども園（保育所部分）,4歳,5.0,0.0
令和6,港北区,しんよしだこども園（保育所部分）,5歳,4.7727272727272725,0.045454545454545456
令和6,港北区,たかた保育園,0歳,4.3939393939393945,0.1212121212121212
令和6,港北区,たかた保育園,1歳,4.878787878787879,0.024242424242424242
令和6,港北区,たかた保育園,2歳,4.831649831649832,0.03367003367003367
令和6,港北区,たかた保育園,3歳,2.575757575757576,0.4848484848484848
令和6,港北区,たかた保育園,4歳,4.545454545454546,0.09090909090909091
令和6,港北区,たかた保育園,5歳,5.0,0.0
令和6,港北区,たんぽぽ保育園,0歳,4.613152804642167,0.07736943907156674
令和6,港北区,たんぽぽ保育園,1歳,5.0,0.0
令和6,港北区,たんぽぽ保育園,2歳,5.0,0.0
令和6,港北区,たんぽぽ保育園,3歳,5.0,0.0
令和6,港北区,たんぽぽ保育園,4歳,4.806576402321084,0.03868471953578337
令和6,港北区,たんぽぽ保育園,5歳,5.0,0.0
令和6,港北区,ちいさなたね保育園,0歳,5.0,0.0
令和6,港北区,ちいさなたね保育園,1歳,5.0,0.0
令和6,港北区,ちいさなたね保育園,2歳,5.0,0.0
令和6,港北区,ちいさなたね保育園,3歳,3.8636363636363638,0.22727272727272727
令和6,港北区,ちいさなたね保育園,4歳,3.8636363636363638,0.22727272727272727
令和6,港北区,ちいさなたね保育園,5歳,3.6363636363636362,0.2727272727272727
令和6,港北区,つばき駅前保育園,0歳,5.0,0.0
令和6,港北区,つばき駅前保育園,1歳,3.5833333333333335,0.2833333333333333
令和6,港北区,つばき駅前保育園,2歳,4.5,0.1
令和6,港北区,つばき駅前保育園,3歳,3.5,0.3
令和6,港北区,つばき駅前保育園,4歳,5.0,0.0
令和6,港北区,つばき駅前保育園,5歳,1.25,0.75
令和6,港北区,なあな保育園,0歳,4.831649831649832,0.03367003367003367
令和6,港北区,なあな保育園,1歳,4.166666666666667,0.16666666666666666
令和6,港北区,なあな保育園,2歳,4.318181818181818,0.13636363636363635
令和6,港北区,なあな保育園,3歳,5.0,0.0
令和6,港北区,なあな保育園,4歳,5.0,0.0
令和6,港北区,なあな保育園,5歳,5.0,0.0
令和6,港北区,にじいろ保育園日吉,0歳,5.0,0.0
令和6,港北区,にじいろ保育園日吉,1歳,5.0,0.0
令和6,港北区,にじいろ保育園日吉,2歳,4.878787878787879,0.024242424242424242
令和6,港北区,にじいろ保育園日吉,3歳,4.46969696969697,0.10606060606060605
令和6,港北区,にじいろ保育園日吉,4歳,4.7727272727272725,0.045454545454545456
令和6,港北区,にじいろ保育園日吉,5歳,4.545454545454546,0.09090909090909091
令和6,港北区,にじいろ保育園箕輪町,0歳,5.0,0.0
令和6,港北区,にじいろ保育園箕輪町,1歳,5.0,0.0
令和6,港北区,にじいろ保育園箕輪町,2歳,4.889135254988914,0.022172949002217297
令和6,港北区,にじいろ保育園箕輪町,3歳,2.25,0.5499999999999999
令和6,港北区,にじいろ保育園箕輪町,4歳,1.643356643356643,0.6713286713286714
令和6,港北区,にじいろ保育園箕輪町,5歳,0.333603896103896,0.9332792207792209
令和6,港北区,にじいろ保育園綱島,0歳,4.728629579375848,0.05427408412483039
令和6,港北区,にじいろ保育園綱島,1歳,5.0,0.0
令和6,港北区,にじいろ保育園綱島,2歳,5.0,0.0
令和6,港北区,にじいろ保育園綱島,3歳,3.3717774762550885,0.3256445047489823
令和6,港北区,にじいろ保育園綱島,4歳,2.1136363636363638,0.5772727272727273
令和6,港北区,にじいろ保育園綱島,5歳,5.0,0.0
令和6,港北区,にじいろ保育園綱島東,0歳,5.0,0.0
令和6,港北区,にじいろ保育園綱島東,1歳,5.0,0.0
令和6,港北区,にじいろ保育園綱島東,2歳,4.579303675048356,0.08413926499032881
令和6,港北区,にじいろ保育園綱島東,3歳,2.9545454545454546,0.4090909090909091
令和6,港北区,にじいろ保育園綱島東,4歳,1.6907713498622592,0.6618457300275482
令和6,港北区,にじいろ保育園綱島東,5歳,0.33333333333333326,0.9333333333333335
令和6,港北区,はなまる保育園,0歳,4.40030071709461,0.11993985658107796
令和6,港北区,はなまる保育園,1歳,5.0,0.0
令和6,港北区,はなまる保育園,2歳,3.7878787878787876,0.2424242424242424
令和6,港北区,はなまる保育園,3歳,5.0,0.0
令和6,港北区,はなまる保育園,4歳,5.0,0.0
令和6,港北区,はなまる保育園,5歳,5.0,0.0
令和6,港北区,ばばほいくしつ綱島,0歳,5.0,0.0
令和6,港北区,ばばほいくしつ綱島,1歳,5.0,0.0
令和6,港北区,ばばほいくしつ綱島,2歳,5.0,0.0
令和6,港北区,ばばほいくしつ綱島,3歳,5.0,0.0
令和6,港北区,ばばほいくしつ綱島,4歳,5.0,0.0
令和6,港北区,ばばほいくしつ綱島,5歳,5.0,0.0
令和6,港北区,ぶれすと新横浜ほいくえん,0歳,4.806576402321084,0.03868471953578337
令和6,港北区,ぶれすと新横浜ほいくえん,1歳,5.0,0.0
令和6,港北区,ぶれすと新横浜ほいくえん,2歳,5.0,0.0
令和6,港北区,ぶれすと新横浜ほいくえん,3歳,3.6363636363636362,0.2727272727272727
令和6,港北区,ぶれすと新横浜ほいくえん,4歳,5.0,0.0
令和6,港北区,ぶれすと新横浜ほいくえん,5歳,5.0,0.0
令和6,港北区,ぶれすと綱島ほいくえん,0歳,5.0,0.0
令和6,港北区,ぶれすと綱島ほいくえん,1歳,4.7727272727272725,0.045454545454545456
令和6,港北区,ぶれすと綱島ほいくえん,2歳,5.0,0.0
令和6,港北区,ぶれすと綱島ほいくえん,3歳,5.0,0.0
令和6,港北区,ぶれすと綱島ほいくえん,4歳,2.575757575757576,0.4848484848484848
令和6,港北区,ぶれすと綱島ほいくえん,5歳,5.0,0.0
令和6,港北区,ぶれすと綱島二階ほいくえん,0歳,5.0,0.0
令和6,港北区,ぶれすと綱島二階ほいくえん,1歳,5.0,0.0
令和6,港北区,ぶれすと綱島二階ほいくえん,2歳,4.831649831649832,0.03367003367003367
令和6,港北区,ぶれすと綱島二階ほいくえん,3歳,2.4791013584117034,0.5041797283176593
令和6,港北区,ぶれすと綱島二階ほいくえん,4歳,3.1818181818181817,0.36363636363636365
令和6,港北区,ぶれすと綱島二階ほいくえん,5歳,5.0,0.0
令和6,港北区,ほわいと保育園　きくな,0歳,5.0,0.0
令和6,港北区,ほわいと保育園　きくな,1歳,5.0,0.0
令和6,港北区,ほわいと保育園　きくな,2歳,4.645390070921986,0.07092198581560284
令和6,港北区,ほわいと保育園　きくな,3歳,5.0,0.0
令和6,港北区,ほわいと保育園　きくな,4歳,5.0,0.0
令和6,港北区,ほわいと保育園　きくな,5歳,5.0,0.0
令和6,港北区,まめどくれっしゅ,0歳,4.318181818181818,0.13636363636363635
令和6,港北区,まめどくれっしゅ,1歳,5.0,0.0
令和6,港北区,まめどくれっしゅ,2歳,5.0,0.0
令和6,港北区,まめどくれっしゅ,3歳,3.1818181818181817,0.36363636363636365
令和6,港北区,まめどくれっしゅ,4歳,4.090909090909091,0.18181818181818182
令和6,港北区,まめどくれっしゅ,5歳,2.5,0.5
令和6,港北区,みのわのぞみ保育園,0歳,5.0,0.0
令和6,港北区,みのわのぞみ保育園,1歳,5.0,0.0
令和6,港北区,みのわのぞみ保育園,2歳,4.878787878787879,0.024242424242424242
令和6,港北区,みのわのぞみ保育園,3歳,2.2954545454545454,0.5409090909090909
令和6,港北区,みのわのぞみ保育園,4歳,4.545454545454546,0.09090909090909091
令和6,港北区,みのわのぞみ保育園,5歳,5.0,0.0
令和6,港北区,みらいく日吉本町園,0歳,3.2045454545454546,0.3590909090909091
令和6,港北区,みらいく日吉本町園,1歳,4.922299922299922,0.01554001554001554
令和6,港北区,みらいく日吉本町園,2歳,2.9545454545454546,0.4090909090909091
令和6,港北区,みらいく日吉本町園,3歳,5.0,0.0
令和6,港北区,みらいく日吉本町園,4歳,5.0,0.0
令和6,港北区,みらいく日吉本町園,5歳,5.0,0.0
令和6,港北区,みらいく矢上園,0歳,4.1498316498316505,0.17003367003367
令和6,港北区,みらいく矢上園,1歳,5.0,0.0
令和6,港北区,みらいく矢上園,2歳,5.0,0.0
令和6,港北区,みらいく矢上園,3歳,2.090909090909091,0.5818181818181819
令和6,港北区,みらいく矢上園,4歳,2.575757575757576,0.4848484848484848
令和6,港北区,みらいく矢上園,5歳,1.5909090909090908,0.6818181818181818
令和6,港北区,みらいく高田園,0歳,3.242424242424242,0.3515151515151515
令和6,港北区,みらいく高田園,1歳,5.0,0.0
令和6,港北区,みらいく高田園,2歳,3.8636363636363638,0.22727272727272727
令和6,港北区,みらいく高田園,3歳,3.8636363636363638,0.22727272727272727
令和6,港北区,みらいく高田園,4歳,3.249516441005803,0.35009671179883944
令和6,港北区,みらいく高田園,5歳,1.3106060606060608,0.7378787878787879
令和6,港北区,みらいこうほく保育園,0歳,3.75,0.25
令和6,港北区,みらいこうほく保育園,1歳,5.0,0.0
令和6,港北区,みらいこうほく保育園,2歳,3.106060606060606,0.37878787878787884
令和6,港北区,みらいこうほく保育園,3歳,5.0,0.0
令和6,港北区,みらいこうほく保育園,4歳,5.0,0.0
令和6,港北区,みらいこうほく保育園,5歳,5.0,0.0
令和6,港北区,めぐみ保育園,0歳,4.318181818181818,0.13636363636363635
令和6,港北区,めぐみ保育園,1歳,4.897854954034729,0.02042900919305414
令和6,港北区,めぐみ保育園,2歳,4.352030947775629,0.12959381044487428
令和6,港北区,めぐみ保育園,3歳,5.0,0.0
令和6,港北区,めぐみ保育園,4歳,5.0,0.0
令和6,港北区,めぐみ保育園,5歳,1.6060606060606057,0.6787878787878788
令和6,港北区,もしもしのほし日吉保育園,0歳,5.0,0.0
令和6,港北区,もしもしのほし日吉保育園,1歳,5.0,0.0
令和6,港北区,もしもしのほし日吉保育園,2歳,3.8636363636363638,0.22727272727272727
令和6,港北区,もしもしのほし日吉保育園,3歳,5.0,0.0
令和6,港北区,もしもしのほし日吉保育園,4歳,5.0,0.0
令和6,港北区,もしもしのほし日吉保育園,5歳,5.0,0.0
令和6,港北区,わおわお大倉山保育園,0歳,2.992424242424242,0.40151515151515155
令和6,港北区,わおわお大倉山保育園,1歳,5.0,0.0
令和6,港北区,わおわお大倉山保育園,2歳,5.0,0.0
令和6,港北区,わおわお大倉山保育園,3歳,1.9848484848484846,0.603030303030303
令和6,港北区,わおわお大倉山保育園,4歳,2.5,0.5
令和6,港北区,わおわお大倉山保育園,5歳,2.5,0.5
令和6,港北区,わかさと保育園,0歳,5.0,0.0
令和6,港北区,わかさと保育園,1歳,4.831649831649832,0.03367003367003367
令和6,港北区,わかさと保育園,2歳,4.866310160427807,0.026737967914438502
令和6,港北区,わかさと保育園,3歳,4.579303675048356,0.08413926499032881
令和6,港北区,わかさと保育園,4歳,3.1818181818181817,0.36363636363636365
令和6,港北区,わかさと保育園,5歳,2.5,0.5
令和6,港北区,アイグラン保育園高田東,0歳,5.0,0.0
令和6,港北区,アイグラン保育園高田東,1歳,4.93730407523511,0.012539184952978056
令和6,港北区,アイグラン保育園高田東,2歳,4.7727272727272725,0.045454545454545456
令和6,港北区,アイグラン保育園高田東,3歳,4.318181818181818,0.13636363636363635
令和6,港北区,アイグラン保育園高田東,4歳,4.579303675048356,0.08413926499032881
令和6,港北区,アイグラン保育園高田東,5歳,1.666666666666667,0.6666666666666666
令和6,港北区,アスクみのわ保育園,0歳,4.889135254988914,0.022172949002217297
令和6,港北区,アスクみのわ保育園,1歳,5.0,0.0
令和6,港北区,アスクみのわ保育園,2歳,4.511007758676896,0.09779844826462086
令和6,港北区,アスクみのわ保育園,3歳,5.0,0.0
令和6,港北区,アスクみのわ保育園,4歳,5.0,0.0
令和6,港北区,アスクみのわ保育園,5歳,5.0,0.0
令和6,港北区,アスクゆめみらい保育園,0歳,4.917355371900826,0.01652892561983471
令和6,港北区,アスクゆめみらい保育園,1歳,5.0,0.0
令和6,港北区,アスクゆめみらい保育園,2歳,5.0,0.0
令和6,港北区,アスクゆめみらい保育園,3歳,3.484848484848485,0.303030303030303
令和6,港北区,アスクゆめみらい保育園,4歳,3.7040618955512574,0.25918762088974856
令和6,港北区,アスクゆめみらい保育園,5歳,3.6363636363636362,0.2727272727272727
令和6,港北区,アスク大倉山保育園,0歳,5.0,0.0
令和6,港北区,アスク大倉山保育園,1歳,4.090909090909091,0.18181818181818182
令和6,港北区,アスク大倉山保育園,2歳,4.352030947775629,0.12959381044487428
令和6,港北区,アスク大倉山保育園,3歳,2.287878787878788,0.5424242424242425
令和6,港北区,アスク大倉山保育園,4歳,2.4242424242424243,0.5151515151515151
令和6,港北区,アスク大倉山保育園,5歳,3.257575757575758,0.34848484848484845
令和6,港北区,アスク日吉本町第二保育園,0歳,4.015151515151515,0.19696969696969696
令和6,港北区,アスク日吉本町第二保育園,1歳,4.866310160427807,0.026737967914438502
令和6,港北区,アスク日吉本町第二保育園,2歳,5.0,0.0
令和6,港北区,アスク日吉本町第二保育園,3歳,2.651515151515152,0.4696969696969697
令和6,港北区,アスク日吉本町第二保育園,4歳,5.0,0.0
令和6,港北区,アスク日吉本町第二保育園,5歳,1.287878787878788,0.7424242424242423
令和6,港北区,アスク日吉本町開善保育園,0歳,4.806576402321084,0.03868471953578337
令和6,港北区,アスク日吉本町開善保育園,1歳,4.889135254988914,0.022172949002217297
令和6,港北区,アスク日吉本町開善保育園,2歳,4.685364281108962,0.06292714377820761
令和6,港北区,アスク日吉本町開善保育園,3歳,2.255726556907659,0.5488546886184682
令和6,港北区,アスク日吉本町開善保育園,4歳,4.124758220502901,0.17504835589941972
令和6,港北区,アスク日吉本町開善保育園,5歳,1.1818181818181819,0.7636363636363637
令和6,港北区,アスク日吉東保育園,0歳,5.0,0.0
令和6,港北区,アスク日吉東保育園,1歳,5.0,0.0
令和6,港北区,アスク日吉東保育園,2歳,5.0,0.0
令和6,港北区,アスク日吉東保育園,3歳,5.0,0.0
令和6,港北区,アスク日吉東保育園,4歳,3.8636363636363638,0.22727272727272727
令和6,港北区,アスク日吉東保育園,5歳,5.0,0.0
令和6,港北区,イルカ保育園,0歳,5.0,0.0
令和6,港北区,イルカ保育園,1歳,5.0,0.0
令和6,港北区,イルカ保育園,2歳,1.1363636363636362,0.7727272727272727
令和6,港北区,イルカ保育園,3歳,5.0,0.0
令和6,港北区,イルカ保育園,4歳,5.0,0.0
令和6,港北区,イルカ保育園,5歳,5.0,0.0
令和6,港北区,ウッズ保育園,0歳,4.638226233970915,0.07235475320581704
令和6,港北区,ウッズ保育園,1歳,5.0,0.0
令和6,港北区,ウッズ保育園,2歳,5.0,0.0
令和6,港北区,ウッズ保育園,3歳,5.0,0.0
令和6,港北区,ウッズ保育園,4歳,4.7727272727272725,0.045454545454545456
令和6,港北区,ウッズ保育園,5歳,3.409090909090909,0.3181818181818182
令和6,港北区,オハナ新羽保育園,0歳,4.897854954034729,0.02042900919305414
令和6,港北区,オハナ新羽保育園,1歳,5.0,0.0
令和6,港北区,オハナ新羽保育園,2歳,4.638226233970915,0.07235475320581704
令和6,港北区,オハナ新羽保育園,3歳,4.613152804642167,0.07736943907156674
令和6,港北区,オハナ新羽保育園,4歳,4.7727272727272725,0.045454545454545456
令和6,港北区,オハナ新羽保育園,5歳,2.1212121212121215,0.5757575757575757
令和6,港北区,キッズパートナー大倉山,0歳,3.7878787878787885,0.2424242424242424
令和6,港北区,キッズパートナー大倉山,1歳,3.106060606060606,0.37878787878787884
令和6,港北区,キッズパートナー大倉山,2歳,5.0,0.0
令和6,港北区,キッズパートナー大倉山,3歳,5.0,0.0
令和6,港北区,キッズパートナー大倉山,4歳,5.0,0.0
令和6,港北区,キッズパートナー大倉山,5歳,5.0,0.0
令和6,港北区,キッズパートナー小机,0歳,5.0,0.0
令和6,港北区,キッズパートナー小机,1歳,4.947451392538098,0.010509721492380454
令和6,港北区,キッズパートナー小机,2歳,4.793388429752066,0.04132231404958678
令和6,港北区,キッズパートナー小机,3歳,4.318181818181818,0.13636363636363635
令和6,港北区,キッズパートナー小机,4歳,5.0,0.0
令和6,港北区,キッズパートナー小机,5歳,5.0,0.0
令和6,港北区,キッズパートナー日吉,0歳,5.0,0.0
令和6,港北区,キッズパートナー日吉,1歳,5.0,0.0
令和6,港北区,キッズパートナー日吉,2歳,3.6363636363636362,0.2727272727272727
令和6,港北区,キッズパートナー日吉,3歳,5.0,0.0
令和6,港北区,キッズパートナー日吉,4歳,5.0,0.0
令和6,港北区,キッズパートナー日吉,5歳,5.0,0.0
令和6,港北区,キッズパートナー綱島,0歳,3.7121212121212124,0.25757575757575757
令和6,港北区,キッズパートナー綱島,1歳,5.0,0.0
令和6,港北区,キッズパートナー綱島,2歳,4.7727272727272725,0.045454545454545456
令和6,港北区,キッズパートナー綱島,3歳,5.0,0.0
令和6,港北区,キッズパートナー綱島,4歳,5.0,0.0
令和6,港北区,キッズパートナー綱島,5歳,5.0,0.0
令和6,港北区,キッズパートナー綱島東,0歳,5.0,0.0
令和6,港北区,キッズパートナー綱島東,1歳,5.0,0.0
令和6,港北区,キッズパートナー綱島東,2歳,5.0,0.0
令和6,港北区,キッズパートナー綱島東,3歳,2.765151515151515,0.4469696969696969
令和6,港北区,キッズパートナー綱島東,4歳,3.1818181818181817,0.36363636363636365
令和6,港北区,キッズパートナー綱島東,5歳,5.0,0.0
令和6,港北区,キッズフォレ綱島,0歳,5.0,0.0
令和6,港北区,キッズフォレ綱島,1歳,5.0,0.0
令和6,港北区,キッズフォレ綱島,2歳,4.545454545454546,0.09090909090909091
令和6,港北区,キッズフォレ綱島,3歳,3.409090909090909,0.3181818181818182
令和6,港北区,キッズフォレ綱島,4歳,3.6363636363636362,0.2727272727272727
令和6,港北区,キッズフォレ綱島,5歳,5.0,0.0
令和6,港北区,キッズラディ,0歳,4.181818181818182,0.16363636363636364
令和6,港北区,キッズラディ,1歳,4.3232217288255645,0.13535565423488707
令和6,港北区,キッズラディ,2歳,4.015151515151515,0.19696969696969696
令和6,港北区,キッズラディ,3歳,2.575757575757576,0.4848484848484848
令和6,港北区,キッズラディ,4歳,2.090909090909091,0.5818181818181819
令和6,港北区,キッズラディ,5歳,0.8333333333333331,0.8333333333333335
令和6,港北区,キッズラボ菊名園,0歳,3.1212121212121207,0.3757575757575758
令和6,港北区,キッズラボ菊名園,1歳,3.6323339780786585,0.2735332043842682
令和6,港北区,キッズラボ菊名園,2歳,4.545454545454546,0.09090909090909091
令和6,港北区,キッズラボ菊名園,3歳,5.0,0.0
令和6,港北区,キッズラボ菊名園,4歳,5.0,0.0
令和6,港北区,キッズラボ菊名園,5歳,5.0,0.0
令和6,港北区,キディ大倉山・横浜,0歳,3.333333333333333,0.3333333333333333
令和6,港北区,キディ大倉山・横浜,1歳,4.545454545454546,0.09090909090909091
令和6,港北区,キディ大倉山・横浜,2歳,5.0,0.0
令和6,港北区,キディ大倉山・横浜,3歳,2.3484848484848486,0.5303030303030303
令和6,港北区,キディ大倉山・横浜,4歳,1.3939393939393938,0.7212121212121212
令和6,港北区,キディ大倉山・横浜,5歳,5.0,0.0
令和6,港北区,クレシュ新横浜,0歳,4.3939393939393945,0.1212121212121212
令和6,港北区,クレシュ新横浜,1歳,5.0,0.0
令和6,港北区,クレシュ新横浜,2歳,4.806576402321084,0.03868471953578337
令和6,港北区,クレシュ新横浜,3歳,2.4621212121212124,0.5075757575757576
令和6,港北区,クレシュ新横浜,4歳,1.9588744588744589,0.6082251082251082
令和6,港北区,クレシュ新横浜,5歳,1.0681818181818181,0.7863636363636364
令和6,港北区,グローバルキッズ下田町園,0歳,5.0,0.0
令和6,港北区,グローバルキッズ下田町園,1歳,5.0,0.0
令和6,港北区,グローバルキッズ下田町園,2歳,5.0,0.0
令和6,港北区,グローバルキッズ下田町園,3歳,4.318181818181818,0.13636363636363635
令和6,港北区,グローバルキッズ下田町園,4歳,3.6363636363636362,0.2727272727272727
令和6,港北区,グローバルキッズ下田町園,5歳,5.0,0.0
令和6,港北区,グローバルキッズ大倉山園,0歳,4.124758220502901,0.17504835589941972
令和6,港北区,グローバルキッズ大倉山園,1歳,5.0,0.0
令和6,港北区,グローバルキッズ大倉山園,2歳,5.0,0.0
令和6,港北区,グローバルキッズ大倉山園,3歳,5.0,0.0
令和6,港北区,グローバルキッズ大倉山園,4歳,1.8262987012987013,0.6347402597402597
令和6,港北区,グローバルキッズ大倉山園,5歳,0.9848484848484845,0.8030303030303031
令和6,港北区,グローバルキッズ日吉五丁目園,0歳,5.0,0.0
令和6,港北区,グローバルキッズ日吉五丁目園,1歳,5.0,0.0
令和6,港北区,グローバルキッズ日吉五丁目園,2歳,4.806576402321084,0.03868471953578337
令和6,港北区,グローバルキッズ日吉五丁目園,3歳,5.0,0.0
令和6,港北区,グローバルキッズ日吉五丁目園,4歳,4.7727272727272725,0.045454545454545456
令和6,港北区,グローバルキッズ日吉五丁目園,5歳,0.909090909090909,0.8181818181818182
令和6,港北区,グローバルキッズ日吉園,0歳,5.0,0.0
令和6,港北区,グローバルキッズ日吉園,1歳,4.917355371900826,0.01652892561983471
令和6,港北区,グローバルキッズ日吉園,2歳,5.0,0.0
令和6,港北区,グローバルキッズ日吉園,3歳,2.988394584139265,0.40232108317214704
令和6,港北区,グローバルキッズ日吉園,4歳,5.0,0.0
令和6,港北区,グローバルキッズ日吉園,5歳,2.0454545454545454,0.5909090909090909
令和6,港北区,グローバルキッズ綱島園,0歳,5.0,0.0
令和6,港北区,グローバルキッズ綱島園,1歳,5.0,0.0
令和6,港北区,グローバルキッズ綱島園,2歳,4.604377104377105,0.07912457912457913
令和6,港北区,グローバルキッズ綱島園,3歳,4.659090909090909,0.06818181818181818
令和6,港北区,グローバルキッズ綱島園,4歳,5.0,0.0
令和6,港北区,グローバルキッズ綱島園,5歳,5.0,0.0
令和6,港北区,グローバルキッズ綱島ＳＳＴ保育園,0歳,4.806576402321084,0.03868471953578337
令和6,港北区,グローバルキッズ綱島ＳＳＴ保育園,1歳,4.878787878787879,0.024242424242424242
令和6,港北区,グローバルキッズ綱島ＳＳＴ保育園,2歳,3.6363636363636362,0.2727272727272727
令和6,港北区,グローバルキッズ綱島ＳＳＴ保育園,3歳,5.0,0.0
令和6,港北区,グローバルキッズ綱島ＳＳＴ保育園,4歳,5.0,0.0
令和6,港北区,グローバルキッズ綱島ＳＳＴ保育園,5歳,5.0,0.0
令和6,港北区,グローバルキッズ菊名園,0歳,4.696969696969696,0.0606060606060606
令和6,港北区,グローバルキッズ菊名園,1歳,5.0,0.0
令和6,港北区,グローバルキッズ菊名園,2歳,5.0,0.0
令和6,港北区,グローバルキッズ菊名園,3歳,2.0757575757575757,0.5848484848484848
令和6,港北区,グローバルキッズ菊名園,4歳,3.6363636363636362,0.2727272727272727
令和6,港北区,グローバルキッズ菊名園,5歳,1.0909090909090908,0.7818181818181817
令和6,港北区,ケンパ高田,0歳,5.0,0.0
令和6,港北区,ケンパ高田,1歳,5.0,0.0
令和6,港北区,ケンパ高田,2歳,5.0,0.0
令和6,港北区,ケンパ高田,3歳,3.1818181818181817,0.36363636363636365
令和6,港北区,ケンパ高田,4歳,2.639077340569878,0.47218453188602444
令和6,港北区,ケンパ高田,5歳,4.318181818181818,0.13636363636363635
令和6,港北区,コビープリスクールつなしま,0歳,4.831649831649832,0.03367003367003367
令和6,港北区,コビープリスクールつなしま,1歳,5.0,0.0
令和6,港北区,コビープリスクールつなしま,2歳,5.0,0.0
令和6,港北区,コビープリスクールつなしま,3歳,5.0,0.0
令和6,港北区,コビープリスクールつなしま,4歳,4.7727272727272725,0.045454545454545456
令和6,港北区,コビープリスクールつなしま,5歳,5.0,0.0
令和6,港北区,ジャンプ保育園,0歳,5.0,0.0
令和6,港北区,ジャンプ保育園,1歳,4.728629579375848,0.05427408412483039
令和6,港北区,ジャンプ保育園,2歳,3.333333333333333,0.3333333333333333
令和6,港北区,ジャンプ保育園,3歳,5.0,0.0
令和6,港北区,ジャンプ保育園,4歳,5.0,0.0
令和6,港北区,ジャンプ保育園,5歳,5.0,0.0
令和6,港北区,スターチス日吉保育園,0歳,5.0,0.0
令和6,港北区,スターチス日吉保育園,1歳,4.662453411116513,0.06750931777669746
令和6,港北区,スターチス日吉保育園,2歳,1.5681818181818181,0.6863636363636364
令和6,港北区,スターチス日吉保育園,3歳,5.0,0.0
令和6,港北区,スターチス日吉保育園,4歳,5.0,0.0
令和6,港北区,スターチス日吉保育園,5歳,5.0,0.0
令和6,港北区,スターチャイルド≪大倉山ナーサリー≫,0歳,3.4469696969696972,0.3106060606060606
令和6,港北区,スターチャイルド≪大倉山ナーサリー≫,1歳,5.0,0.0
令和6,港北区,スターチャイルド≪大倉山ナーサリー≫,2歳,4.318181818181818,0.13636363636363635
令和6,港北区,スターチャイルド≪大倉山ナーサリー≫,3歳,2.1136363636363638,0.5772727272727273
令和6,港北区,スターチャイルド≪大倉山ナーサリー≫,4歳,1.9696969696969695,0.6060606060606061
令和6,港北区,スターチャイルド≪大倉山ナーサリー≫,5歳,1.666666666666667,0.6666666666666666
令和6,港北区,スターチャイルド≪新吉田ナーサリー≫,0歳,5.0,0.0
令和6,港北区,スターチャイルド≪新吉田ナーサリー≫,1歳,5.0,0.0
令和6,港北区,スターチャイルド≪新吉田ナーサリー≫,2歳,5.0,0.0
令和6,港北区,スターチャイルド≪新吉田ナーサリー≫,3歳,3.4526112185686655,0.30947775628626695
令和6,港北区,スターチャイルド≪新吉田ナーサリー≫,4歳,3.249516441005803,0.35009671179883944
令和6,港北区,スターチャイルド≪新吉田ナーサリー≫,5歳,5.0,0.0
令和6,港北区,スターチャイルド≪綱島ナーサリー≫,0歳,5.0,0.0
令和6,港北区,スターチャイルド≪綱島ナーサリー≫,1歳,5.0,0.0
令和6,港北区,スターチャイルド≪綱島ナーサリー≫,2歳,4.831649831649832,0.03367003367003367
令和6,港北区,スターチャイルド≪綱島ナーサリー≫,3歳,5.0,0.0
令和6,港北区,スターチャイルド≪綱島ナーサリー≫,4歳,5.0,0.0
令和6,港北区,スターチャイルド≪綱島ナーサリー≫,5歳,2.727272727272727,0.45454545454545453
令和6,港北区,スターチャイルド《日吉本町ナーサリー》,0歳,5.0,0.0
令和6,港北区,スターチャイルド《日吉本町ナーサリー》,1歳,4.917355371900826,0.01652892561983471
令和6,港北区,スターチャイルド《日吉本町ナーサリー》,2歳,5.0,0.0
令和6,港北区,スターチャイルド《日吉本町ナーサリー》,3歳,2.515151515151515,0.496969696969697
令和6,港北区,スターチャイルド《日吉本町ナーサリー》,4歳,1.7451851312484072,0.6509629737503185
令和6,港北区,スターチャイルド《日吉本町ナーサリー》,5歳,1.666666666666667,0.6666666666666666
令和6,港北区,テンダーラビング保育園綱島東,0歳,5.0,0.0
令和6,港北区,テンダーラビング保育園綱島東,1歳,5.0,0.0
令和6,港北区,テンダーラビング保育園綱島東,2歳,5.0,0.0
令和6,港北区,テンダーラビング保育園綱島東,3歳,5.0,0.0
令和6,港北区,テンダーラビング保育園綱島東,4歳,5.0,0.0
令和6,港北区,テンダーラビング保育園綱島東,5歳,5.0,0.0
令和6,港北区,トゥインクルキッズ高田保育園,0歳,5.0,0.0
令和6,港北区,トゥインクルキッズ高田保育園,1歳,5.0,0.0
令和6,港北区,トゥインクルキッズ高田保育園,2歳,5.0,0.0
令和6,港北区,トゥインクルキッズ高田保育園,3歳,5.0,0.0
令和6,港北区,トゥインクルキッズ高田保育園,4歳,5.0,0.0
令和6,港北区,トゥインクルキッズ高田保育園,5歳,5.0,0.0
令和6,港北区,パレット保育園・大倉山,0歳,3.265151515151515,0.346969696969697
令和6,港北区,パレット保育園・大倉山,1歳,4.604377104377105,0.07912457912457913
令和6,港北区,パレット保育園・大倉山,2歳,4.866310160427807,0.026737967914438502
令和6,港北区,パレット保育園・大倉山,3歳,5.0,0.0
令和6,港北区,パレット保育園・大倉山,4歳,4.7727272727272725,0.045454545454545456
令和6,港北区,パレット保育園・大倉山,5歳,4.7727272727272725,0.045454545454545456
令和6,港北区,パレット保育園・大豆戸,0歳,5.0,0.0
令和6,港北区,パレット保育園・大豆戸,1歳,4.806576402321084,0.03868471953578337
令和6,港北区,パレット保育園・大豆戸,2歳,5.0,0.0
令和6,港北区,パレット保育園・大豆戸,3歳,5.0,0.0
令和6,港北区,パレット保育園・大豆戸,4歳,2.575757575757576,0.4848484848484848
令和6,港北区,パレット保育園・大豆戸,5歳,5.0,0.0
令和6,港北区,パレット保育園・妙蓮寺,0歳,5.0,0.0
令和6,港北区,パレット保育園・妙蓮寺,1歳,5.0,0.0
令和6,港北区,パレット保育園・妙蓮寺,2歳,5.0,0.0
令和6,港北区,パレット保育園・妙蓮寺,3歳,5.0,0.0
令和6,港北区,パレット保育園・妙蓮寺,4歳,4.7727272727272725,0.045454545454545456
令和6,港北区,パレット保育園・妙蓮寺,5歳,5.0,0.0
令和6,港北区,パレット保育園・綱島,0歳,3.5606060606060606,0.2878787878787879
令和6,港北区,パレット保育園・綱島,1歳,5.0,0.0
令和6,港北区,パレット保育園・綱島,2歳,4.7727272727272725,0.045454545454545456
令和6,港北区,パレット保育園・綱島,3歳,5.0,0.0
令和6,港北区,パレット保育園・綱島,4歳,3.1818181818181817,0.36363636363636365
令和6,港北区,パレット保育園・綱島,5歳,5.0,0.0
令和6,港北区,パレット保育園・高田,0歳,5.0,0.0
令和6,港北区,パレット保育園・高田,1歳,5.0,0.0
令和6,港北区,パレット保育園・高田,2歳,5.0,0.0
令和6,港北区,パレット保育園・高田,3歳,5.0,0.0
令和6,港北区,パレット保育園・高田,4歳,2.1999534971907155,0.5600093005618569
令和6,港北区,パレット保育園・高田,5歳,3.409090909090909,0.3181818181818182
令和6,港北区,ヒューマンアカデミー大倉山保育園,0歳,4.7727272727272725,0.045454545454545456
令和6,港北区,ヒューマンアカデミー大倉山保育園,1歳,4.7727272727272725,0.045454545454545456
令和6,港北区,ヒューマンアカデミー大倉山保育園,2歳,5.0,0.0
令和6,港北区,ヒューマンアカデミー大倉山保育園,3歳,3.8636363636363638,0.22727272727272727
令和6,港北区,ヒューマンアカデミー大倉山保育園,4歳,2.265151515151515,0.546969696969697
令和6,港北区,ヒューマンアカデミー大倉山保育園,5歳,5.0,0.0
令和6,港北区,ピッコロ・グランデ新横浜,0歳,3.484848484848485,0.303030303030303
令和6,港北区,ピッコロ・グランデ新横浜,1歳,4.755445415416721,0.048910916916655806
令和6,港北区,ピッコロ・グランデ新横浜,2歳,5.0,0.0
令和6,港北区,ピッコロ・グランデ新横浜,3歳,5.0,0.0
令和6,港北区,ピッコロ・グランデ新横浜,4歳,5.0,0.0
令和6,港北区,ピッコロ・グランデ新横浜,5歳,5.0,0.0
令和6,港北区,フェアリーテイルそら,0歳,3.5984848484848486,0.2803030303030303
令和6,港北区,フェアリーテイルそら,1歳,4.85096870342772,0.02980625931445604
令和6,港北区,フェアリーテイルそら,2歳,2.803030303030303,0.4393939393939394
令和6,港北区,フェアリーテイルそら,3歳,5.0,0.0
令和6,港北区,フェアリーテイルそら,4歳,5.0,0.0
令和6,港北区,フェアリーテイルそら,5歳,5.0,0.0
令和6,港北区,ブライト保育園横浜日吉,0歳,4.545454545454546,0.09090909090909091
令和6,港北区,ブライト保育園横浜日吉,1歳,4.911738746690204,0.0176522506619594
令和6,港北区,ブライト保育園横浜日吉,2歳,5.0,0.0
令和6,港北区,ブライト保育園横浜日吉,3歳,5.0,0.0
令和6,港北区,ブライト保育園横浜日吉,4歳,2.5,0.5
令和6,港北区,ブライト保育園横浜日吉,5歳,4.090909090909091,0.18181818181818182
令和6,港北区,ブライト保育園横浜綱島,0歳,4.027008744527731,0.19459825109445372
令和6,港北区,ブライト保育園横浜綱島,1歳,4.897854954034729,0.02042900919305414
令和6,港北区,ブライト保育園横浜綱島,2歳,4.806576402321084,0.03868471953578337
令和6,港北区,ブライト保育園横浜綱島,3歳,2.2090113899528707,0.5581977220094259
令和6,港北区,ブライト保育園横浜綱島,4歳,2.090909090909091,0.5818181818181819
令和6,港北区,ブライト保育園横浜綱島,5歳,5.0,0.0
令和6,港北区,ベイキッズ星の森保育園,0歳,5.0,0.0
令和6,港北区,ベイキッズ星の森保育園,1歳,5.0,0.0
令和6,港北区,ベイキッズ星の森保育園,2歳,3.409090909090909,0.3181818181818182
令和6,港北区,ベイキッズ星の森保育園,3歳,5.0,0.0
令和6,港北区,ベイキッズ星の森保育園,4歳,5.0,0.0
令和6,港北区,ベイキッズ星の森保育園,5歳,5.0,0.0
令和6,港北区,ベネッセ　新横浜保育園,0歳,5.0,0.0
令和6,港北区,ベネッセ　新横浜保育園,1歳,5.0,0.0
令和6,港北区,ベネッセ　新横浜保育園,2歳,5.0,0.0
令和6,港北区,ベネッセ　新横浜保育園,3歳,3.1818181818181817,0.36363636363636365
令和6,港北区,ベネッセ　新横浜保育園,4歳,3.1818181818181817,0.36363636363636365
令和6,港北区,ベネッセ　新横浜保育園,5歳,5.0,0.0
令和6,港北区,ベネッセ　日吉保育園,0歳,4.93797496436362,0.012405007127276114
令和6,港北区,ベネッセ　日吉保育園,1歳,5.0,0.0
令和6,港北区,ベネッセ　日吉保育園,2歳,5.0,0.0
令和6,港北区,ベネッセ　日吉保育園,3歳,5.0,0.0
令和6,港北区,ベネッセ　日吉保育園,4歳,5.0,0.0
令和6,港北区,ベネッセ　日吉保育園,5歳,5.0,0.0
令和6,港北区,ベネッセ　綱島台保育園,0歳,4.697959992077639,0.06040800158447217
令和6,港北区,ベネッセ　綱島台保育園,1歳,5.0,0.0
令和6,港北区,ベネッセ　綱島台保育園,2歳,5.0,0.0
令和6,港北区,ベネッセ　綱島台保育園,3歳,4.7727272727272725,0.045454545454545456
令和6,港北区,ベネッセ　綱島台保育園,4歳,2.575757575757576,0.4848484848484848
令和6,港北区,ベネッセ　綱島台保育園,5歳,5.0,0.0
令和6,港北区,ペガサスベビー保育園,0歳,2.8490259740259742,0.4301948051948052
令和6,港北区,ペガサスベビー保育園,1歳,5.0,0.0
令和6,港北区,ペガサスベビー保育園,2歳,5.0,0.0
令和6,港北区,ペガサスベビー保育園,3歳,5.0,0.0
令和6,港北区,ペガサスベビー保育園,4歳,5.0,0.0
令和6,港北区,ペガサスベビー保育園,5歳,5.0,0.0
令和6,港北区,ペガサス夜間保育園,0歳,2.651515151515152,0.46969696969696967
令和6,港北区,ペガサス夜間保育園,1歳,5.0,0.0
令和6,港北区,ペガサス夜間保育園,2歳,5.0,0.0
令和6,港北区,ペガサス夜間保育園,3歳,3.1818181818181817,0.36363636363636365
令和6,港北区,ペガサス夜間保育園,4歳,2.575757575757576,0.4848484848484848
令和6,港北区,ペガサス夜間保育園,5歳,1.666666666666667,0.6666666666666666
令和6,港北区,ペガサス新横浜保育園,0歳,5.0,0.0
令和6,港北区,ペガサス新横浜保育園,1歳,5.0,0.0
令和6,港北区,ペガサス新横浜保育園,2歳,5.0,0.0
令和6,港北区,ペガサス新横浜保育園,3歳,2.090909090909091,0.5818181818181819
令和6,港北区,ペガサス新横浜保育園,4歳,4.46969696969697,0.10606060606060605
令和6,港北区,ペガサス新横浜保育園,5歳,1.6287878787878791,0.6742424242424242
令和6,港北区,ポピンズナーサリースクール小机,0歳,5.0,0.0
令和6,港北区,ポピンズナーサリースクール小机,1歳,5.0,0.0
令和6,港北区,ポピンズナーサリースクール小机,2歳,5.0,0.0
令和6,港北区,ポピンズナーサリースクール小机,3歳,2.803030303030303,0.4393939393939394
令和6,港北区,ポピンズナーサリースクール小机,4歳,5.0,0.0
令和6,港北区,ポピンズナーサリースクール小机,5歳,2.3484848484848486,0.5303030303030303
令和6,港北区,ポピンズナーサリースクール綱島,0歳,4.242424242424242,0.1515151515151515
令和6,港北区,ポピンズナーサリースクール綱島,1歳,5.0,0.0
令和6,港北区,ポピンズナーサリースクール綱島,2歳,4.696969696969696,0.0606060606060606
令和6,港北区,ポピンズナーサリースクール綱島,3歳,3.8636363636363638,0.22727272727272727
令和6,港北区,ポピンズナーサリースクール綱島,4歳,5.0,0.0
令和6,港北区,ポピンズナーサリースクール綱島,5歳,3.6363636363636362,0.2727272727272727
令和6,港北区,マイ・ハート綱島東保育園,0歳,5.0,0.0
令和6,港北区,マイ・ハート綱島東保育園,1歳,5.0,0.0
令和6,港北区,マイ・ハート綱島東保育園,2歳,5.0,0.0
令和6,港北区,マイ・ハート綱島東保育園,3歳,5.0,0.0
令和6,港北区,マイ・ハート綱島東保育園,4歳,5.0,0.0
令和6,港北区,マイ・ハート綱島東保育園,5歳,5.0,0.0
令和6,港北区,マーマしのはら保育園,0歳,5.0,0.0
令和6,港北区,マーマしのはら保育園,1歳,5.0,0.0
令和6,港北区,マーマしのはら保育園,2歳,5.0,0.0
令和6,港北区,マーマしのはら保育園,3歳,3.8636363636363638,0.22727272727272727
令和6,港北区,マーマしのはら保育園,4歳,5.0,0.0
令和6,港北区,マーマしのはら保育園,5歳,5.0,0.0
令和6,港北区,ララランド大倉山,0歳,5.0,0.0
令和6,港北区,ララランド大倉山,1歳,5.0,0.0
令和6,港北区,ララランド大倉山,2歳,5.0,0.0
令和6,港北区,ララランド大倉山,3歳,3.409090909090909,0.3181818181818182
令和6,港北区,ララランド大倉山,4歳,2.4621212121212124,0.5075757575757576
令和6,港北区,ララランド大倉山,5歳,0.9999999999999999,0.8
令和6,港北区,リトルスカラー妙蓮寺保育園,0歳,4.7727272727272725,0.045454545454545456
令和6,港北区,リトルスカラー妙蓮寺保育園,1歳,4.46969696969697,0.10606060606060605
令和6,港北区,リトルスカラー妙蓮寺保育園,2歳,4.696969696969696,0.0606060606060606
令和6,港北区,リトルスカラー妙蓮寺保育園,3歳,2.4621212121212124,0.5075757575757576
令和6,港北区,リトルスカラー妙蓮寺保育園,4歳,2.575757575757576,0.4848484848484848
令和6,港北区,リトルスカラー妙蓮寺保育園,5歳,2.272727272727273,0.5454545454545454
令和6,港北区,リトルスカラー綱島保育園,0歳,3.522727272727273,0.29545454545454547
令和6,港北区,リトルスカラー綱島保育園,1歳,5.0,0.0
令和6,港北区,リトルスカラー綱島保育園,2歳,3.257575757575758,0.34848484848484845
令和6,港北区,リトルスカラー綱島保育園,3歳,5.0,0.0
令和6,港北区,リトルスカラー綱島保育園,4歳,5.0,0.0
令和6,港北区,リトルスカラー綱島保育園,5歳,5.0,0.0
令和6,港北区,ルリ保育園日吉,0歳,4.7727272727272725,0.045454545454545456
令和6,港北区,ルリ保育園日吉,1歳,5.0,0.0
令和6,港北区,ルリ保育園日吉,2歳,3.8636363636363638,0.22727272727272727
令和6,港北区,ルリ保育園日吉,3歳,5.0,0.0
令和6,港北区,ルリ保育園日吉,4歳,5.0,0.0
令和6,港北区,ルリ保育園日吉,5歳,5.0,0.0
令和6,港北区,ローズ保育園,0歳,5.0,0.0
令和6,港北区,ローズ保育園,1歳,5.0,0.0
令和6,港北区,ローズ保育園,2歳,1.5151515151515154,0.6969696969696969
令和6,港北区,ローズ保育園,3歳,5.0,0.0
令和6,港北区,ローズ保育園,4歳,5.0,0.0
令和6,港北区,ローズ保育園,5歳,5.0,0.0
令和6,港北区,ヴィラ日吉こども園,0歳,5.0,0.0
令和6,港北区,ヴィラ日吉こども園,1歳,5.0,0.0
令和6,港北区,ヴィラ日吉こども園,2歳,4.85096870342772,0.02980625931445604
令和6,港北区,ヴィラ日吉こども園,3歳,5.0,0.0
令和6,港北区,ヴィラ日吉こども園,4歳,5.0,0.0
令和6,港北区,ヴィラ日吉こども園,5歳,2.727272727272727,0.45454545454545453
令和6,港北区,下田みんなの保育園,0歳,5.0,0.0
令和6,港北区,下田みんなの保育園,1歳,5.0,0.0
令和6,港北区,下田みんなの保育園,2歳,5.0,0.0
令和6,港北区,下田みんなの保育園,3歳,5.0,0.0
令和6,港北区,下田みんなの保育園,4歳,5.0,0.0
令和6,港北区,下田みんなの保育園,5歳,5.0,0.0
令和6,港北区,佐藤保育室,0歳,5.0,0.0
令和6,港北区,佐藤保育室,1歳,5.0,0.0
令和6,港北区,佐藤保育室,2歳,5.0,0.0
令和6,港北区,佐藤保育室,3歳,5.0,0.0
令和6,港北区,佐藤保育室,4歳,5.0,0.0
令和6,港北区,佐藤保育室,5歳,5.0,0.0
令和6,港北区,保育室テックテックROOM,0歳,5.0,0.0
令和6,港北区,保育室テックテックROOM,1歳,4.18368077942546,0.16326384411490794
令和6,港北区,保育室テックテックROOM,2歳,5.0,0.0
令和6,港北区,保育室テックテックROOM,3歳,5.0,0.0
令和6,港北区,保育室テックテックROOM,4歳,5.0,0.0
令和6,港北区,保育室テックテックROOM,5歳,5.0,0.0
令和6,港北区,保育室プリンプリンROOM,0歳,5.0,0.0
令和6,港北区,保育室プリンプリンROOM,1歳,4.85096870342772,0.02980625931445604
令和6,港北区,保育室プリンプリンROOM,2歳,5.0,0.0
令和6,港北区,保育室プリンプリンROOM,3歳,2.803030303030303,0.4393939393939394
令和6,港北区,保育室プリンプリンROOM,4歳,2.272727272727273,0.5454545454545454
令和6,港北区,保育室プリンプリンROOM,5歳,0.6123737373737375,0.8775252525252526
令和6,港北区,光の園アンティー保育園,0歳,5.0,0.0
令和6,港北区,光の園アンティー保育園,1歳,5.0,0.0
令和6,港北区,光の園アンティー保育園,2歳,4.778270509977827,0.04434589800443459
令和6,港北区,光の園アンティー保育園,3歳,5.0,0.0
令和6,港北区,光の園アンティー保育園,4歳,3.333333333333333,0.3333333333333333
令和6,港北区,光の園アンティー保育園,5歳,2.5,0.5
令和6,港北区,光の園保育園,0歳,5.0,0.0
令和6,港北区,光の園保育園,1歳,5.0,0.0
令和6,港北区,光の園保育園,2歳,5.0,0.0
令和6,港北区,光の園保育園,3歳,4.7727272727272725,0.045454545454545456
令和6,港北区,光の園保育園,4歳,3.8636363636363638,0.22727272727272727
令和6,港北区,光の園保育園,5歳,5.0,0.0
令和6,港北区,光の園第二保育園,0歳,5.0,0.0
令和6,港北区,光の園第二保育園,1歳,5.0,0.0
令和6,港北区,光の園第二保育園,2歳,4.90530303030303,0.01893939393939394
令和6,港北区,光の園第二保育園,3歳,5.0,0.0
令和6,港北区,光の園第二保育園,4歳,4.7727272727272725,0.045454545454545456
令和6,港北区,光の園第二保育園,5歳,3.8636363636363638,0.22727272727272727
令和6,港北区,大倉山きずな保育園,0歳,5.0,0.0
令和6,港北区,大倉山きずな保育園,1歳,3.8636363636363638,0.22727272727272727
令和6,港北区,大倉山きずな保育園,2歳,5.0,0.0
令和6,港北区,大倉山きずな保育園,3歳,4.545454545454546,0.09090909090909091
令和6,港北区,大倉山きずな保育園,4歳,2.227272727272727,0.5545454545454546
令和6,港北区,大倉山きずな保育園,5歳,5.0,0.0
令和6,港北区,大倉山保育園,0歳,3.9015151515151514,0.2196969696969697
令和6,港北区,大倉山保育園,1歳,5.0,0.0
令和6,港北区,大倉山保育園,2歳,5.0,0.0
令和6,港北区,大倉山保育園,3歳,4.318181818181818,0.13636363636363635
令和6,港北区,大倉山保育園,4歳,3.1818181818181817,0.36363636363636365
令和6,港北区,大倉山保育園,5歳,5.0,0.0
令和6,港北区,大倉山元気の泉保育園,0歳,3.022727272727273,0.39545454545454545
令和6,港北区,大倉山元気の泉保育園,1歳,5.0,0.0
令和6,港北区,大倉山元気の泉保育園,2歳,5.0,0.0
令和6,港北区,大倉山元気の泉保育園,3歳,2.727272727272727,0.45454545454545453
令和6,港北区,大倉山元気の泉保育園,4歳,2.575757575757576,0.4848484848484848
令和6,港北区,大倉山元気の泉保育園,5歳,2.272727272727273,0.5454545454545454
令和6,港北区,大曽根コスモス保育園,0歳,5.0,0.0
令和6,港北区,大曽根コスモス保育園,1歳,3.5102894617819995,0.29794210764360013
令和6,港北区,大曽根コスモス保育園,2歳,5.0,0.0
令和6,港北区,大曽根コスモス保育園,3歳,5.0,0.0
令和6,港北区,大曽根コスモス保育園,4歳,2.575757575757576,0.4848484848484848
令和6,港北区,大曽根コスモス保育園,5歳,1.2272727272727273,0.7545454545454546
令和6,港北区,大豆戸どろんこ保育園,0歳,5.0,0.0
令和6,港北区,大豆戸どろんこ保育園,1歳,5.0,0.0
令和6,港北区,大豆戸どろんこ保育園,2歳,5.0,0.0
令和6,港北区,大豆戸どろんこ保育園,3歳,2.7657168701944825,0.44685662596110354
令和6,港北区,大豆戸どろんこ保育園,4歳,5.0,0.0
令和6,港北区,大豆戸どろんこ保育園,5歳,5.0,0.0
令和6,港北区,天才キッズクラブ楽学館大倉山園,0歳,4.3939393939393945,0.1212121212121212
令和6,港北区,天才キッズクラブ楽学館大倉山園,1歳,3.9393939393939394,0.2121212121212121
令和6,港北区,天才キッズクラブ楽学館大倉山園,2歳,5.0,0.0
令和6,港北区,天才キッズクラブ楽学館大倉山園,3歳,2.9707589917870294,0.40584820164259416
令和6,港北区,天才キッズクラブ楽学館大倉山園,4歳,2.3863636363636362,0.5227272727272727
令和6,港北区,天才キッズクラブ楽学館大倉山園,5歳,1.6287878787878791,0.6742424242424242
令和6,港北区,天才キッズクラブ楽遊館綱島園,0歳,5.0,0.0
令和6,港北区,天才キッズクラブ楽遊館綱島園,1歳,5.0,0.0
令和6,港北区,天才キッズクラブ楽遊館綱島園,2歳,3.897485493230174,0.2205029013539652
令和6,港北区,天才キッズクラブ楽遊館綱島園,3歳,5.0,0.0
令和6,港北区,天才キッズクラブ楽遊館綱島園,4歳,5.0,0.0
令和6,港北区,天才キッズクラブ楽遊館綱島園,5歳,5.0,0.0
令和6,港北区,太陽の子　日吉保育園,0歳,5.0,0.0
令和6,港北区,太陽の子　日吉保育園,1歳,5.0,0.0
令和6,港北区,太陽の子　日吉保育園,2歳,5.0,0.0
令和6,港北区,太陽の子　日吉保育園,3歳,5.0,0.0
令和6,港北区,太陽の子　日吉保育園,4歳,5.0,0.0
令和6,港北区,太陽の子　日吉保育園,5歳,5.0,0.0
令和6,港北区,小学館アカデミーつなしま保育園,0歳,5.0,0.0
令和6,港北区,小学館アカデミーつなしま保育園,1歳,4.352030947775629,0.12959381044487428
令和6,港北区,小学館アカデミーつなしま保育園,2歳,5.0,0.0
令和6,港北区,小学館アカデミーつなしま保育園,3歳,2.537878787878788,0.4924242424242424
令和6,港北区,小学館アカデミーつなしま保育園,4歳,5.0,0.0
令和6,港北区,小学館アカデミーつなしま保育園,5歳,5.0,0.0
令和6,港北区,小学館アカデミーひよし保育園,0歳,5.0,0.0
令和6,港北区,小学館アカデミーひよし保育園,1歳,5.0,0.0
令和6,港北区,小学館アカデミーひよし保育園,2歳,5.0,0.0
令和6,港北区,小学館アカデミーひよし保育園,3歳,5.0,0.0
令和6,港北区,小学館アカデミーひよし保育園,4歳,3.21969696969697,0.356060606060606
令和6,港北区,小学館アカデミーひよし保育園,5歳,3.409090909090909,0.3181818181818182
令和6,港北区,小規模保育事業ＭＩＲＡｉｏ新横浜,0歳,3.6363636363636362,0.2727272727272727
令和6,港北区,小規模保育事業ＭＩＲＡｉｏ新横浜,1歳,5.0,0.0
令和6,港北区,小規模保育事業ＭＩＲＡｉｏ新横浜,2歳,4.7727272727272725,0.045454545454545456
令和6,港北区,小規模保育事業ＭＩＲＡｉｏ新横浜,3歳,5.0,0.0
令和6,港北区,小規模保育事業ＭＩＲＡｉｏ新横浜,4歳,5.0,0.0
令和6,港北区,小規模保育事業ＭＩＲＡｉｏ新横浜,5歳,5.0,0.0
令和6,港北区,尚花ぞうさん保育室,0歳,5.0,0.0
令和6,港北区,尚花ぞうさん保育室,1歳,5.0,0.0
令和6,港北区,尚花ぞうさん保育室,2歳,5.0,0.0
令和6,港北区,尚花ぞうさん保育室,3歳,5.0,0.0
令和6,港北区,尚花ぞうさん保育室,4歳,5.0,0.0
令和6,港北区,尚花ぞうさん保育室,5歳,5.0,0.0
令和6,港北区,尚花愛児園,0歳,4.3939393939393945,0.1212121212121212
令和6,港北区,尚花愛児園,1歳,5.0,0.0
令和6,港北区,尚花愛児園,2歳,4.889135254988914,0.022172949002217297
令和6,港北区,尚花愛児園,3歳,2.992424242424242,0.40151515151515155
令和6,港北区,尚花愛児園,4歳,5.0,0.0
令和6,港北区,尚花愛児園,5歳,4.7727272727272725,0.045454545454545456
令和6,港北区,岩崎学園新横浜保育園,0歳,4.638226233970915,0.07235475320581704
令和6,港北区,岩崎学園新横浜保育園,1歳,4.885648942252716,0.022870211549456832
令和6,港北区,岩崎学園新横浜保育園,2歳,5.0,0.0
令和6,港北区,岩崎学園新横浜保育園,3歳,2.537878787878788,0.4924242424242424
令和6,港北区,岩崎学園新横浜保育園,4歳,2.375914315569488,0.5248171368861024
令和6,港北区,岩崎学園新横浜保育園,5歳,5.0,0.0
令和6,港北区,岩崎学園新横浜第二保育園,0歳,3.8787878787878785,0.22424242424242424
令和6,港北区,岩崎学園新横浜第二保育園,1歳,4.917355371900826,0.01652892561983471
令和6,港北区,岩崎学園新横浜第二保育園,2歳,4.85096870342772,0.02980625931445604
令和6,港北区,岩崎学園新横浜第二保育園,3歳,3.409090909090909,0.3181818181818182
令和6,港北区,岩崎学園新横浜第二保育園,4歳,3.333333333333333,0.3333333333333333
令和6,港北区,岩崎学園新横浜第二保育園,5歳,4.545454545454546,0.09090909090909091
令和6,港北区,新羽どろんこ保育園,0歳,5.0,0.0
令和6,港北区,新羽どろんこ保育園,1歳,5.0,0.0
令和6,港北区,新羽どろんこ保育園,2歳,5.0,0.0
令和6,港北区,新羽どろんこ保育園,3歳,4.7727272727272725,0.045454545454545456
令和6,港北区,新羽どろんこ保育園,4歳,5.0,0.0
令和6,港北区,新羽どろんこ保育園,5歳,4.7727272727272725,0.045454545454545456
令和6,港北区,日吉こども園,0歳,4.806576402321084,0.03868471953578337
令和6,港北区,日吉こども園,1歳,5.0,0.0
令和6,港北区,日吉こども園,2歳,5.0,0.0
令和6,港北区,日吉こども園,3歳,5.0,0.0
令和6,港北区,日吉こども園,4歳,4.7727272727272725,0.045454545454545456
令和6,港北区,日吉こども園,5歳,5.0,0.0
令和6,港北区,日吉ちとせ保育園,0歳,5.0,0.0
令和6,港北区,日吉ちとせ保育園,1歳,5.0,0.0
令和6,港北区,日吉ちとせ保育園,2歳,4.8086124401913874,0.03827751196172249
令和6,港北区,日吉ちとせ保育園,3歳,4.7727272727272725,0.045454545454545456
令和6,港北区,日吉ちとせ保育園,4歳,5.0,0.0
令和6,港北区,日吉ちとせ保育園,5歳,4.352030947775629,0.12959381044487428
令和6,港北区,日吉みんなの保育園,0歳,5.0,0.0
令和6,港北区,日吉みんなの保育園,1歳,4.947451392538098,0.010509721492380454
令和6,港北区,日吉みんなの保育園,2歳,5.0,0.0
令和6,港北区,日吉みんなの保育園,3歳,5.0,0.0
令和6,港北区,日吉みんなの保育園,4歳,4.318181818181818,0.13636363636363635
令和6,港北区,日吉みんなの保育園,5歳,5.0,0.0
令和6,港北区,日吉チューリップルーム,0歳,5.0,0.0
令和6,港北区,日吉チューリップルーム,1歳,5.0,0.0
令和6,港北区,日吉チューリップルーム,2歳,4.545454545454546,0.09090909090909091
令和6,港北区,日吉チューリップルーム,3歳,5.0,0.0
令和6,港北区,日吉チューリップルーム,4歳,5.0,0.0
令和6,港北区,日吉チューリップルーム,5歳,5.0,0.0
令和6,港北区,日吉夢保育園,0歳,5.0,0.0
令和6,港北区,日吉夢保育園,1歳,4.844041588909624,0.03119168221807518
令和6,港北区,日吉夢保育園,2歳,4.866310160427807,0.026737967914438502
令和6,港北区,日吉夢保育園,3歳,4.806576402321084,0.03868471953578337
令和6,港北区,日吉夢保育園,4歳,4.604377104377105,0.07912457912457913
令和6,港北区,日吉夢保育園,5歳,5.0,0.0
令和6,港北区,日吉箕輪えほんの森保育園,0歳,5.0,0.0
令和6,港北区,日吉箕輪えほんの森保育園,1歳,5.0,0.0
令和6,港北区,日吉箕輪えほんの森保育園,2歳,5.0,0.0
令和6,港北区,日吉箕輪えほんの森保育園,3歳,2.2424242424242427,0.5515151515151515
令和6,港北区,日吉箕輪えほんの森保育園,4歳,2.2045454545454546,0.5590909090909091
令和6,港北区,日吉箕輪えほんの森保育園,5歳,5.0,0.0
令和6,港北区,明日葉保育園大倉山園,0歳,5.0,0.0
令和6,港北区,明日葉保育園大倉山園,1歳,5.0,0.0
令和6,港北区,明日葉保育園大倉山園,2歳,5.0,0.0
令和6,港北区,明日葉保育園大倉山園,3歳,3.1818181818181817,0.36363636363636365
令和6,港北区,明日葉保育園大倉山園,4歳,5.0,0.0
令和6,港北区,明日葉保育園大倉山園,5歳,2.5,0.5
令和6,港北区,明日葉保育園綱島園,0歳,5.0,0.0
令和6,港北区,明日葉保育園綱島園,1歳,5.0,0.0
令和6,港北区,明日葉保育園綱島園,2歳,5.0,0.0
令和6,港北区,明日葉保育園綱島園,3歳,4.7727272727272725,0.045454545454545456
令和6,港北区,明日葉保育園綱島園,4歳,3.1818181818181817,0.36363636363636365
令和6,港北区,明日葉保育園綱島園,5歳,4.090909090909091,0.18181818181818182
令和6,港北区,木下の保育園　綱島東,0歳,5.0,0.0
令和6,港北区,木下の保育園　綱島東,1歳,5.0,0.0
令和6,港北区,木下の保育園　綱島東,2歳,5.0,0.0
令和6,港北区,木下の保育園　綱島東,3歳,3.409090909090909,0.3181818181818182
令和6,港北区,木下の保育園　綱島東,4歳,5.0,0.0
令和6,港北区,木下の保育園　綱島東,5歳,5.0,0.0
令和6,港北区,木下の保育園日吉,0歳,5.0,0.0
令和6,港北区,木下の保育園日吉,1歳,5.0,0.0
令和6,港北区,木下の保育園日吉,2歳,5.0,0.0
令和6,港北区,木下の保育園日吉,3歳,4.124758220502901,0.17504835589941972
令和6,港北区,木下の保育園日吉,4歳,5.0,0.0
令和6,港北区,木下の保育園日吉,5歳,5.0,0.0
令和6,港北区,森のエルマー保育園,0歳,4.755445415416721,0.048910916916655806
令和6,港北区,森のエルマー保育園,1歳,5.0,0.0
令和6,港北区,森のエルマー保育園,2歳,3.8636363636363638,0.22727272727272727
令和6,港北区,森のエルマー保育園,3歳,5.0,0.0
令和6,港北区,森のエルマー保育園,4歳,5.0,0.0
令和6,港北区,森のエルマー保育園,5歳,5.0,0.0
令和6,港北区,森の樹保育園,0歳,5.0,0.0
令和6,港北区,森の樹保育園,1歳,5.0,0.0
令和6,港北区,森の樹保育園,2歳,5.0,0.0
令和6,港北区,森の樹保育園,3歳,4.015151515151515,0.19696969696969696
令和6,港北区,森の樹保育園,4歳,4.7727272727272725,0.045454545454545456
令和6,港北区,森の樹保育園,5歳,5.0,0.0
令和6,港北区,横浜りとるぱんぷきんず(保育所部分),0歳,5.0,0.0
令和6,港北区,横浜りとるぱんぷきんず(保育所部分),1歳,5.0,0.0
令和6,港北区,横浜りとるぱんぷきんず(保育所部分),2歳,4.866310160427807,0.026737967914438502
令和6,港北区,横浜りとるぱんぷきんず(保育所部分),3歳,4.4197292069632494,0.1160541586073501
令和6,港北区,横浜りとるぱんぷきんず(保育所部分),4歳,5.0,0.0
令和6,港北区,横浜りとるぱんぷきんず(保育所部分),5歳,3.333333333333333,0.3333333333333333
令和6,港北区,横浜市南日吉保育園,0歳,3.9393939393939394,0.2121212121212121
令和6,港北区,横浜市南日吉保育園,1歳,5.0,0.0
令和6,港北区,横浜市南日吉保育園,2歳,4.878787878787879,0.024242424242424242
令和6,港北区,横浜市南日吉保育園,3歳,5.0,0.0
令和6,港北区,横浜市南日吉保育園,4歳,3.535711727201089,0.29285765455978224
令和6,港北区,横浜市南日吉保育園,5歳,5.0,0.0
令和6,港北区,横浜市大曽根保育園,0歳,5.0,0.0
令和6,港北区,横浜市大曽根保育園,1歳,3.9393939393939394,0.2121212121212121
令和6,港北区,横浜市大曽根保育園,2歳,5.0,0.0
令和6,港北区,横浜市大曽根保育園,3歳,3.1818181818181817,0.36363636363636365
令和6,港北区,横浜市大曽根保育園,4歳,1.8831168831168832,0.6233766233766234
令和6,港北区,横浜市大曽根保育園,5歳,0.7142857142857145,0.8571428571428572
令和6,港北区,横浜市太尾保育園,0歳,3.1800680225246314,0.3639863954950737
令和6,港北区,横浜市太尾保育園,1歳,5.0,0.0
令和6,港北区,横浜市太尾保育園,2歳,5.0,0.0
令和6,港北区,横浜市太尾保育園,3歳,2.7448182286061855,0.45103635427876293
令和6,港北区,横浜市太尾保育園,4歳,2.5,0.5
令和6,港北区,横浜市太尾保育園,5歳,1.7424242424242429,0.6515151515151515
令和6,港北区,横浜市港北保育園,0歳,5.0,0.0
令和6,港北区,横浜市港北保育園,1歳,4.922299922299922,0.01554001554001554
令和6,港北区,横浜市港北保育園,2歳,5.0,0.0
令和6,港北区,横浜市港北保育園,3歳,2.6136363636363638,0.4772727272727273
令和6,港北区,横浜市港北保育園,4歳,2.575757575757576,0.4848484848484848
令和6,港北区,横浜市港北保育園,5歳,3.8636363636363638,0.22727272727272727
令和6,港北区,横浜市菊名保育園,0歳,5.0,0.0
令和6,港北区,横浜市菊名保育園,1歳,4.579303675048356,0.08413926499032881
令和6,港北区,横浜市菊名保育園,2歳,5.0,0.0
令和6,港北区,横浜市菊名保育園,3歳,2.4621212121212124,0.5075757575757576
令和6,港北区,横浜市菊名保育園,4歳,4.7727272727272725,0.045454545454545456
令和6,港北区,横浜市菊名保育園,5歳,2.5,0.5
令和6,港北区,港北こども園,0歳,3.257575757575758,0.34848484848484845
令和6,港北区,港北こども園,1歳,5.0,0.0
令和6,港北区,港北こども園,2歳,3.6363636363636362,0.2727272727272727
令和6,港北区,港北こども園,3歳,5.0,0.0
令和6,港北区,港北こども園,4歳,5.0,0.0
令和6,港北区,港北こども園,5歳,5.0,0.0
令和6,港北区,港北コスモス保育園,0歳,4.85096870342772,0.02980625931445604
令和6,港北区,港北コスモス保育園,1歳,5.0,0.0
令和6,港北区,港北コスモス保育園,2歳,5.0,0.0
令和6,港北区,港北コスモス保育園,3歳,3.100407055630936,0.37991858887381275
令和6,港北区,港北コスモス保育園,4歳,5.0,0.0
令和6,港北区,港北コスモス保育園,5歳,5.0,0.0
令和6,港北区,特定非営利活動法人つばき駅前保育園,0歳,5.0,0.0
令和6,港北区,特定非営利活動法人つばき駅前保育園,1歳,0.6712962962962964,0.8657407407407408
令和6,港北区,特定非営利活動法人つばき駅前保育園,2歳,4.166666666666667,0.16666666666666666
令和6,港北区,特定非営利活動法人つばき駅前保育園,3歳,1.25,0.75
令和6,港北区,特定非営利活動法人つばき駅前保育園,4歳,5.0,0.0
令和6,港北区,特定非営利活動法人つばき駅前保育園,5歳,1.25,0.75
令和6,港北区,第二尚花愛児園,0歳,4.7727272727272725,0.045454545454545456
令和6,港北区,第二尚花愛児園,1歳,5.0,0.0
令和6,港北区,第二尚花愛児園,2歳,5.0,0.0
令和6,港北区,第二尚花愛児園,3歳,5.0,0.0
令和6,港北区,第二尚花愛児園,4歳,5.0,0.0
令和6,港北区,第二尚花愛児園,5歳,5.0,0.0
令和6,港北区,第二福澤保育センター,0歳,5.0,0.0
令和6,港北区,第二福澤保育センター,1歳,5.0,0.0
令和6,港北区,第二福澤保育センター,2歳,4.717278863855527,0.05654422722889454
令和6,港北区,第二福澤保育センター,3歳,5.0,0.0
令和6,港北区,第二福澤保育センター,4歳,5.0,0.0
令和6,港北区,第二福澤保育センター,5歳,5.0,0.0
令和6,港北区,綱島こども園,0歳,5.0,0.0
令和6,港北区,綱島こども園,1歳,4.926686217008798,0.014662756598240472
令和6,港北区,綱島こども園,2歳,4.866310160427807,0.026737967914438502
令和6,港北区,綱島こども園,3歳,2.988394584139265,0.40232108317214704
令和6,港北区,綱島こども園,4歳,3.333333333333333,0.3333333333333333
令和6,港北区,綱島こども園,5歳,3.5606060606060606,0.28787878787878785
令和6,港北区,聖保育園,0歳,3.227272727272727,0.35454545454545455
令和6,港北区,聖保育園,1歳,5.0,0.0
令和6,港北区,聖保育園,2歳,5.0,0.0
令和6,港北区,聖保育園,3歳,2.803030303030303,0.4393939393939394
令和6,港北区,聖保育園,4歳,1.8181818181818181,0.6363636363636364
令和6,港北区,聖保育園,5歳,1.666666666666667,0.6666666666666666
令和6,港北区,聖保育園第二,0歳,5.0,0.0
令和6,港北区,聖保育園第二,1歳,4.7727272727272725,0.045454545454545456
令和6,港北区,聖保育園第二,2歳,5.0,0.0
令和6,港北区,聖保育園第二,3歳,2.3106060606060606,0.537878787878788
令和6,港北区,聖保育園第二,4歳,2.575757575757576,0.4848484848484848
令和6,港北区,聖保育園第二,5歳,2.5,0.5
令和6,港北区,聖愛クロス保育園　きくな,0歳,5.0,0.0
令和6,港北区,聖愛クロス保育園　きくな,1歳,5.0,0.0
令和6,港北区,聖愛クロス保育園　きくな,2歳,5.0,0.0
令和6,港北区,聖愛クロス保育園　きくな,3歳,5.0,0.0
令和6,港北区,聖愛クロス保育園　きくな,4歳,5.0,0.0
令和6,港北区,聖愛クロス保育園　きくな,5歳,5.0,0.0
令和6,港北区,菊名こども園,0歳,5.0,0.0
令和6,港北区,菊名こども園,1歳,5.0,0.0
令和6,港北区,菊名こども園,2歳,5.0,0.0
令和6,港北区,菊名こども園,3歳,5.0,0.0
令和6,港北区,菊名こども園,4歳,5.0,0.0
令和6,港北区,菊名こども園,5歳,2.727272727272727,0.45454545454545453
令和6,港北区,菊名愛児園,0歳,5.0,0.0
令和6,港北区,菊名愛児園,1歳,4.431818181818182,0.11363636363636363
令和6,港北区,菊名愛児園,2歳,5.0,0.0
令和6,港北区,菊名愛児園,3歳,2.537878787878788,0.4924242424242424
令和6,港北区,菊名愛児園,4歳,1.974025974025974,0.6051948051948052
令和6,港北区,菊名愛児園,5歳,2.1363636363636362,0.5727272727272728
令和6,港北区,認定こども園しのはら幼稚園（保育所部分）,0歳,5.0,0.0
令和6,港北区,認定こども園しのはら幼稚園（保育所部分）,1歳,5.0,0.0
令和6,港北区,認定こども園しのはら幼稚園（保育所部分）,2歳,5.0,0.0
令和6,港北区,認定こども園しのはら幼稚園（保育所部分）,3歳,5.0,0.0
令和6,港北区,認定こども園しのはら幼稚園（保育所部分）,4歳,5.0,0.0
令和6,港北区,認定こども園しのはら幼稚園（保育所部分）,5歳,5.0,0.0
令和6,港北区,認定こども園岸根こども園（保育所部分）,0歳,2.88723692947256,0.42255261410548806
令和6,港北区,認定こども園岸根こども園（保育所部分）,1歳,5.0,0.0
令和6,港北区,認定こども園岸根こども園（保育所部分）,2歳,4.866310160427807,0.026737967914438502
令和6,港北区,認定こども園岸根こども園（保育所部分）,3歳,3.1818181818181817,0.36363636363636365
令和6,港北区,認定こども園岸根こども園（保育所部分）,4歳,2.1136363636363638,0.5772727272727273
令和6,港北区,認定こども園岸根こども園（保育所部分）,5歳,4.7727272727272725,0.045454545454545456
令和6,港北区,認定こども園新羽幼稚園（保育所部分）,0歳,5.0,0.0
令和6,港北区,認定こども園新羽幼稚園（保育所部分）,1歳,5.0,0.0
令和6,港北区,認定こども園新羽幼稚園（保育所部分）,2歳,5.0,0.0
令和6,港北区,認定こども園新羽幼稚園（保育所部分）,3歳,4.806576402321084,0.03868471953578337
令和6,港北区,認定こども園新羽幼稚園（保育所部分）,4歳,5.0,0.0
令和6,港北区,認定こども園新羽幼稚園（保育所部分）,5歳,4.7727272727272725,0.045454545454545456
令和6,港北区,認定こども園高木学園附属幼稚園（保育所部分）,0歳,5.0,0.0
令和6,港北区,認定こども園高木学園附属幼稚園（保育所部分）,1歳,5.0,0.0
令和6,港北区,認定こども園高木学園附属幼稚園（保育所部分）,2歳,5.0,0.0
令和6,港北区,認定こども園高木学園附属幼稚園（保育所部分）,3歳,2.272727272727273,0.5454545454545454
令和6,港北区,認定こども園高木学園附属幼稚園（保育所部分）,4歳,3.1818181818181817,0.36363636363636365
令和6,港北区,認定こども園高木学園附属幼稚園（保育所部分）,5歳,2.272727272727273,0.5454545454545454
令和6,港北区,Ｌｕｃｅ陽だまりの家保育園,0歳,4.318181818181818,0.13636363636363635
令和6,港北区,Ｌｕｃｅ陽だまりの家保育園,1歳,4.545454545454546,0.09090909090909091
令和6,港北区,Ｌｕｃｅ陽だまりの家保育園,2歳,4.7727272727272725,0.045454545454545456
令和6,港北区,Ｌｕｃｅ陽だまりの家保育園,3歳,5.0,0.0
令和6,港北区,Ｌｕｃｅ陽だまりの家保育園,4歳,5.0,0.0
令和6,港北区,Ｌｕｃｅ陽だまりの家保育園,5歳,5.0,0.0
令和6,港北区,Ｌｕｃｅ陽だまりの家保育園綱島,0歳,3.7878787878787876,0.2424242424242424
令和6,港北区,Ｌｕｃｅ陽だまりの家保育園綱島,1歳,4.545454545454546,0.09090909090909091
令和6,港北区,Ｌｕｃｅ陽だまりの家保育園綱島,2歳,5.0,0.0
令和6,港北区,Ｌｕｃｅ陽だまりの家保育園綱島,3歳,5.0,0.0
令和6,港北区,Ｌｕｃｅ陽だまりの家保育園綱島,4歳,5.0,0.0
令和6,港北区,Ｌｕｃｅ陽だまりの家保育園綱島,5歳,5.0,0.0
令和6,港南区,こどもっと保育園,0歳,5.0,0.0
令和6,港南区,こどもっと保育園,1歳,5.0,0.0
令和6,港南区,こどもっと保育園,2歳,5.0,0.0
令和6,港南区,こどもっと保育園,3歳,5.0,0.0
令和6,港南区,こどもっと保育園,4歳,5.0,0.0
令和6,港南区,こどもっと保育園,5歳,5.0,0.0
令和6,港南区,ちゅーりっぷキッズ,0歳,5.0,0.0
令和6,港南区,ちゅーりっぷキッズ,1歳,5.0,0.0
令和6,港南区,ちゅーりっぷキッズ,2歳,5.0,0.0
令和6,港南区,ちゅーりっぷキッズ,3歳,5.0,0.0
令和6,港南区,ちゅーりっぷキッズ,4歳,5.0,0.0
令和6,港南区,ちゅーりっぷキッズ,5歳,5.0,0.0
令和6,港南区,ちゅーりっぷハウス,0歳,5.0,0.0
令和6,港南区,ちゅーりっぷハウス,1歳,5.0,0.0
令和6,港南区,ちゅーりっぷハウス,2歳,5.0,0.0
令和6,港南区,ちゅーりっぷハウス,3歳,5.0,0.0
令和6,港南区,ちゅーりっぷハウス,4歳,5.0,0.0
令和6,港南区,ちゅーりっぷハウス,5歳,5.0,0.0
令和6,港南区,つくし保育園　上大岡,0歳,5.0,0.0
令和6,港南区,つくし保育園　上大岡,1歳,5.0,0.0
令和6,港南区,つくし保育園　上大岡,2歳,5.0,0.0
令和6,港南区,つくし保育園　上大岡,3歳,5.0,0.0
令和6,港南区,つくし保育園　上大岡,4歳,4.318181818181818,0.13636363636363635
令和6,港南区,つくし保育園　上大岡,5歳,5.0,0.0
令和6,港南区,つばさ保育園,0歳,4.613152804642167,0.07736943907156674
令和6,港南区,つばさ保育園,1歳,4.945235487404163,0.010952902519167577
令和6,港南区,つばさ保育園,2歳,5.0,0.0
令和6,港南区,つばさ保育園,3歳,2.988394584139265,0.40232108317214704
令和6,港南区,つばさ保育園,4歳,5.0,0.0
令和6,港南区,つばさ保育園,5歳,3.8636363636363638,0.22727272727272727
令和6,港南区,ぱぷりか保育園　上大岡,0歳,5.0,0.0
令和6,港南区,ぱぷりか保育園　上大岡,1歳,5.0,0.0
令和6,港南区,ぱぷりか保育園　上大岡,2歳,5.0,0.0
令和6,港南区,ぱぷりか保育園　上大岡,3歳,5.0,0.0
令和6,港南区,ぱぷりか保育園　上大岡,4歳,5.0,0.0
令和6,港南区,ぱぷりか保育園　上大岡,5歳,5.0,0.0
令和6,港南区,みなみひの保育園,0歳,5.0,0.0
令和6,港南区,みなみひの保育園,1歳,5.0,0.0
令和6,港南区,みなみひの保育園,2歳,5.0,0.0
令和6,港南区,みなみひの保育園,3歳,5.0,0.0
令和6,港南区,みなみひの保育園,4歳,4.7727272727272725,0.045454545454545456
令和6,港南区,みなみひの保育園,5歳,5.0,0.0
令和6,港南区,めぐみ保育園,0歳,5.0,0.0
令和6,港南区,めぐみ保育園,1歳,5.0,0.0
令和6,港南区,めぐみ保育園,2歳,4.878787878787879,0.024242424242424242
令和6,港南区,めぐみ保育園,3歳,5.0,0.0
令和6,港南区,めぐみ保育園,4歳,5.0,0.0
令和6,港南区,めぐみ保育園,5歳,5.0,0.0
令和6,港南区,アスクさいど保育園,0歳,5.0,0.0
令和6,港南区,アスクさいど保育園,1歳,5.0,0.0
令和6,港南区,アスクさいど保育園,2歳,4.819739002386554,0.03605219952268919
令和6,港南区,アスクさいど保育園,3歳,5.0,0.0
令和6,港南区,アスクさいど保育園,4歳,4.7727272727272725,0.045454545454545456
令和6,港南区,アスクさいど保育園,5歳,5.0,0.0
令和6,港南区,アスク上大岡保育園,0歳,5.0,0.0
令和6,港南区,アスク上大岡保育園,1歳,4.942824471126358,0.011435105774728416
令和6,港南区,アスク上大岡保育園,2歳,5.0,0.0
令和6,港南区,アスク上大岡保育園,3歳,4.459247648902821,0.10815047021943575
令和6,港南区,アスク上大岡保育園,4歳,5.0,0.0
令和6,港南区,アスク上大岡保育園,5歳,5.0,0.0
令和6,港南区,アスク港南中央保育園,0歳,5.0,0.0
令和6,港南区,アスク港南中央保育園,1歳,5.0,0.0
令和6,港南区,アスク港南中央保育園,2歳,5.0,0.0
令和6,港南区,アスク港南中央保育園,3歳,5.0,0.0
令和6,港南区,アスク港南中央保育園,4歳,4.090909090909091,0.18181818181818182
令和6,港南区,アスク港南中央保育園,5歳,5.0,0.0
令和6,港南区,オハナ上永谷保育園,0歳,5.0,0.0
令和6,港南区,オハナ上永谷保育園,1歳,5.0,0.0
令和6,港南区,オハナ上永谷保育園,2歳,5.0,0.0
令和6,港南区,オハナ上永谷保育園,3歳,5.0,0.0
令和6,港南区,オハナ上永谷保育園,4歳,5.0,0.0
令和6,港南区,オハナ上永谷保育園,5歳,5.0,0.0
令和6,港南区,キッズアミ,0歳,5.0,0.0
令和6,港南区,キッズアミ,1歳,5.0,0.0
令和6,港南区,キッズアミ,2歳,4.545454545454546,0.09090909090909091
令和6,港南区,キッズアミ,3歳,5.0,0.0
令和6,港南区,キッズアミ,4歳,5.0,0.0
令和6,港南区,キッズアミ,5歳,5.0,0.0
令和6,港南区,キッズガーデン横浜最戸,0歳,4.866310160427807,0.026737967914438502
令和6,港南区,キッズガーデン横浜最戸,1歳,5.0,0.0
令和6,港南区,キッズガーデン横浜最戸,2歳,4.926686217008798,0.014662756598240472
令和6,港南区,キッズガーデン横浜最戸,3歳,5.0,0.0
令和6,港南区,キッズガーデン横浜最戸,4歳,5.0,0.0
令和6,港南区,キッズガーデン横浜最戸,5歳,5.0,0.0
令和6,港南区,クオリスキッズ上大岡西保育園,0歳,4.545995898454915,0.09080082030901704
令和6,港南区,クオリスキッズ上大岡西保育園,1歳,5.0,0.0
令和6,港南区,クオリスキッズ上大岡西保育園,2歳,5.0,0.0
令和6,港南区,クオリスキッズ上大岡西保育園,3歳,5.0,0.0
令和6,港南区,クオリスキッズ上大岡西保育園,4歳,5.0,0.0
令和6,港南区,クオリスキッズ上大岡西保育園,5歳,5.0,0.0
令和6,港南区,クオリスキッズ上大岡駅前保育園,0歳,5.0,0.0
令和6,港南区,クオリスキッズ上大岡駅前保育園,1歳,5.0,0.0
令和6,港南区,クオリスキッズ上大岡駅前保育園,2歳,5.0,0.0
令和6,港南区,クオリスキッズ上大岡駅前保育園,3歳,5.0,0.0
令和6,港南区,クオリスキッズ上大岡駅前保育園,4歳,5.0,0.0
令和6,港南区,クオリスキッズ上大岡駅前保育園,5歳,5.0,0.0
令和6,港南区,クオリスキッズ港南中央保育園,0歳,5.0,0.0
令和6,港南区,クオリスキッズ港南中央保育園,1歳,5.0,0.0
令和6,港南区,クオリスキッズ港南中央保育園,2歳,4.806576402321084,0.03868471953578337
令和6,港南区,クオリスキッズ港南中央保育園,3歳,3.7694512694512694,0.24610974610974612
令和6,港南区,クオリスキッズ港南中央保育園,4歳,3.8636363636363638,0.22727272727272727
令和6,港南区,クオリスキッズ港南中央保育園,5歳,4.352030947775629,0.12959381044487428
令和6,港南区,グローバルキッズ上大岡園,0歳,5.0,0.0
令和6,港南区,グローバルキッズ上大岡園,1歳,5.0,0.0
令和6,港南区,グローバルキッズ上大岡園,2歳,5.0,0.0
令和6,港南区,グローバルキッズ上大岡園,3歳,5.0,0.0
令和6,港南区,グローバルキッズ上大岡園,4歳,2.4242424242424243,0.5151515151515151
令和6,港南区,グローバルキッズ上大岡園,5歳,5.0,0.0
令和6,港南区,サイド・サン保育園,0歳,5.0,0.0
令和6,港南区,サイド・サン保育園,1歳,5.0,0.0
令和6,港南区,サイド・サン保育園,2歳,5.0,0.0
令和6,港南区,サイド・サン保育園,3歳,5.0,0.0
令和6,港南区,サイド・サン保育園,4歳,0.5247933884297521,0.8950413223140496
令和6,港南区,サイド・サン保育園,5歳,1.0393984757757213,0.7921203048448557
令和6,港南区,スクルドエンジェル保育園上大岡園,0歳,5.0,0.0
令和6,港南区,スクルドエンジェル保育園上大岡園,1歳,4.745098039215686,0.050980392156862744
令和6,港南区,スクルドエンジェル保育園上大岡園,2歳,5.0,0.0
令和6,港南区,スクルドエンジェル保育園上大岡園,3歳,5.0,0.0
令和6,港南区,スクルドエンジェル保育園上大岡園,4歳,5.0,0.0
令和6,港南区,スクルドエンジェル保育園上大岡園,5歳,5.0,0.0
令和6,港南区,チェリーガーデン保育園,0歳,5.0,0.0
令和6,港南区,チェリーガーデン保育園,1歳,5.0,0.0
令和6,港南区,チェリーガーデン保育園,2歳,5.0,0.0
令和6,港南区,チェリーガーデン保育園,3歳,5.0,0.0
令和6,港南区,チェリーガーデン保育園,4歳,5.0,0.0
令和6,港南区,チェリーガーデン保育園,5歳,5.0,0.0
令和6,港南区,ニコニコ保育園,0歳,4.504536394398722,0.09909272112025552
令和6,港南区,ニコニコ保育園,1歳,5.0,0.0
令和6,港南区,ニコニコ保育園,2歳,4.623695976154992,0.07526080476900149
令和6,港南区,ニコニコ保育園,3歳,5.0,0.0
令和6,港南区,ニコニコ保育園,4歳,5.0,0.0
令和6,港南区,ニコニコ保育園,5歳,5.0,0.0
令和6,港南区,上大岡はるかぜ保育園,0歳,5.0,0.0
令和6,港南区,上大岡はるかぜ保育園,1歳,5.0,0.0
令和6,港南区,上大岡はるかぜ保育園,2歳,5.0,0.0
令和6,港南区,上大岡はるかぜ保育園,3歳,5.0,0.0
令和6,港南区,上大岡はるかぜ保育園,4歳,5.0,0.0
令和6,港南区,上大岡はるかぜ保育園,5歳,5.0,0.0
令和6,港南区,上大岡ゆう保育園,0歳,4.917355371900826,0.01652892561983471
令和6,港南区,上大岡ゆう保育園,1歳,4.876486893343349,0.024702621331330086
令和6,港南区,上大岡ゆう保育園,2歳,4.954771596562641,0.009045680687471733
令和6,港南区,上大岡ゆう保育園,3歳,4.806576402321084,0.03868471953578337
令和6,港南区,上大岡ゆう保育園,4歳,5.0,0.0
令和6,港南区,上大岡ゆう保育園,5歳,5.0,0.0
令和6,港南区,上大岡ラビット保育園ＴＷＩＮＳ,0歳,5.0,0.0
令和6,港南区,上大岡ラビット保育園ＴＷＩＮＳ,1歳,5.0,0.0
令和6,港南区,上大岡ラビット保育園ＴＷＩＮＳ,2歳,5.0,0.0
令和6,港南区,上大岡ラビット保育園ＴＷＩＮＳ,3歳,5.0,0.0
令和6,港南区,上大岡ラビット保育園ＴＷＩＮＳ,4歳,5.0,0.0
令和6,港南区,上大岡ラビット保育園ＴＷＩＮＳ,5歳,5.0,0.0
令和6,港南区,上永谷保育園,0歳,5.0,0.0
令和6,港南区,上永谷保育園,1歳,5.0,0.0
令和6,港南区,上永谷保育園,2歳,5.0,0.0
令和6,港南区,上永谷保育園,3歳,5.0,0.0
令和6,港南区,上永谷保育園,4歳,5.0,0.0
令和6,港南区,上永谷保育園,5歳,4.7727272727272725,0.045454545454545456
令和6,港南区,上永谷西保育園,0歳,5.0,0.0
令和6,港南区,上永谷西保育園,1歳,4.922299922299922,0.01554001554001554
令和6,港南区,上永谷西保育園,2歳,4.682618535077552,0.0634762929844897
令和6,港南区,上永谷西保育園,3歳,5.0,0.0
令和6,港南区,上永谷西保育園,4歳,5.0,0.0
令和6,港南区,上永谷西保育園,5歳,5.0,0.0
令和6,港南区,丸山台保育園,0歳,5.0,0.0
令和6,港南区,丸山台保育園,1歳,5.0,0.0
令和6,港南区,丸山台保育園,2歳,5.0,0.0
令和6,港南区,丸山台保育園,3歳,5.0,0.0
令和6,港南区,丸山台保育園,4歳,3.6363636363636362,0.2727272727272727
令和6,港南区,丸山台保育園,5歳,5.0,0.0
令和6,港南区,京急キッズランド上大岡保育園,0歳,5.0,0.0
令和6,港南区,京急キッズランド上大岡保育園,1歳,5.0,0.0
令和6,港南区,京急キッズランド上大岡保育園,2歳,5.0,0.0
令和6,港南区,京急キッズランド上大岡保育園,3歳,5.0,0.0
令和6,港南区,京急キッズランド上大岡保育園,4歳,5.0,0.0
令和6,港南区,京急キッズランド上大岡保育園,5歳,4.090909090909091,0.18181818181818182
令和6,港南区,京急キッズランド上永谷保育園,0歳,5.0,0.0
令和6,港南区,京急キッズランド上永谷保育園,1歳,5.0,0.0
令和6,港南区,京急キッズランド上永谷保育園,2歳,5.0,0.0
令和6,港南区,京急キッズランド上永谷保育園,3歳,5.0,0.0
令和6,港南区,京急キッズランド上永谷保育園,4歳,4.806576402321084,0.03868471953578337
令和6,港南区,京急キッズランド上永谷保育園,5歳,5.0,0.0
令和6,港南区,保育室アーモ,0歳,5.0,0.0
令和6,港南区,保育室アーモ,1歳,4.831649831649832,0.03367003367003367
令和6,港南区,保育室アーモ,2歳,5.0,0.0
令和6,港南区,保育室アーモ,3歳,5.0,0.0
令和6,港南区,保育室アーモ,4歳,5.0,0.0
令和6,港南区,保育室アーモ,5歳,5.0,0.0
令和6,港南区,太陽の子　港南台保育園,0歳,5.0,0.0
令和6,港南区,太陽の子　港南台保育園,1歳,5.0,0.0
令和6,港南区,太陽の子　港南台保育園,2歳,5.0,0.0
令和6,港南区,太陽の子　港南台保育園,3歳,5.0,0.0
令和6,港南区,太陽の子　港南台保育園,4歳,5.0,0.0
令和6,港南区,太陽の子　港南台保育園,5歳,3.6363636363636362,0.2727272727272727
令和6,港南区,小学館アカデミーかみおおおか保育園,0歳,4.831649831649832,0.03367003367003367
令和6,港南区,小学館アカデミーかみおおおか保育園,1歳,5.0,0.0
令和6,港南区,小学館アカデミーかみおおおか保育園,2歳,5.0,0.0
令和6,港南区,小学館アカデミーかみおおおか保育園,3歳,4.7727272727272725,0.045454545454545456
令和6,港南区,小学館アカデミーかみおおおか保育園,4歳,3.409090909090909,0.3181818181818182
令和6,港南区,小学館アカデミーかみおおおか保育園,5歳,5.0,0.0
令和6,港南区,小学館アカデミーかみながや保育園,0歳,5.0,0.0
令和6,港南区,小学館アカデミーかみながや保育園,1歳,4.934123847167325,0.013175230566534914
令和6,港南区,小学館アカデミーかみながや保育園,2歳,5.0,0.0
令和6,港南区,小学館アカデミーかみながや保育園,3歳,4.806576402321084,0.03868471953578337
令和6,港南区,小学館アカデミーかみながや保育園,4歳,4.318181818181818,0.13636363636363635
令和6,港南区,小学館アカデミーかみながや保育園,5歳,5.0,0.0
令和6,港南区,日野保育園,0歳,5.0,0.0
令和6,港南区,日野保育園,1歳,4.911738746690204,0.0176522506619594
令和6,港南区,日野保育園,2歳,4.806576402321084,0.03868471953578337
令和6,港南区,日野保育園,3歳,4.7727272727272725,0.045454545454545456
令和6,港南区,日野保育園,4歳,5.0,0.0
令和6,港南区,日野保育園,5歳,5.0,0.0
令和6,港南区,横浜こども保育園,0歳,4.166666666666667,0.16666666666666666
令和6,港南区,横浜こども保育園,1歳,5.0,0.0
令和6,港南区,横浜こども保育園,2歳,5.0,0.0
令和6,港南区,横浜こども保育園,3歳,5.0,0.0
令和6,港南区,横浜こども保育園,4歳,4.0,0.2
令和6,港南区,横浜こども保育園,5歳,2.5,0.5
令和6,港南区,横浜市大久保保育園,0歳,2.686688311688312,0.46266233766233766
令和6,港南区,横浜市大久保保育園,1歳,5.0,0.0
令和6,港南区,横浜市大久保保育園,2歳,4.7727272727272725,0.045454545454545456
令和6,港南区,横浜市大久保保育園,3歳,3.5606060606060606,0.28787878787878785
令和6,港南区,横浜市大久保保育園,4歳,3.2954545454545454,0.3409090909090909
令和6,港南区,横浜市大久保保育園,5歳,3.1818181818181817,0.36363636363636365
令和6,港南区,横浜市港南台第二保育園,0歳,4.7727272727272725,0.045454545454545456
令和6,港南区,横浜市港南台第二保育園,1歳,5.0,0.0
令和6,港南区,横浜市港南台第二保育園,2歳,5.0,0.0
令和6,港南区,横浜市港南台第二保育園,3歳,5.0,0.0
令和6,港南区,横浜市港南台第二保育園,4歳,4.806576402321084,0.03868471953578337
令和6,港南区,横浜市港南台第二保育園,5歳,2.3203463203463204,0.5359307359307359
令和6,港南区,横浜市野庭第二保育園,0歳,4.090909090909091,0.18181818181818182
令和6,港南区,横浜市野庭第二保育園,1歳,5.0,0.0
令和6,港南区,横浜市野庭第二保育園,2歳,5.0,0.0
令和6,港南区,横浜市野庭第二保育園,3歳,4.7727272727272725,0.045454545454545456
令和6,港南区,横浜市野庭第二保育園,4歳,2.8181818181818183,0.43636363636363645
令和6,港南区,横浜市野庭第二保育園,5歳,4.318181818181818,0.13636363636363635
令和6,港南区,港南あひる保育園,0歳,5.0,0.0
令和6,港南区,港南あひる保育園,1歳,5.0,0.0
令和6,港南区,港南あひる保育園,2歳,5.0,0.0
令和6,港南区,港南あひる保育園,3歳,5.0,0.0
令和6,港南区,港南あひる保育園,4歳,5.0,0.0
令和6,港南区,港南あひる保育園,5歳,5.0,0.0
令和6,港南区,港南つくしんぼ保育園,0歳,5.0,0.0
令和6,港南区,港南つくしんぼ保育園,1歳,5.0,0.0
令和6,港南区,港南つくしんぼ保育園,2歳,5.0,0.0
令和6,港南区,港南つくしんぼ保育園,3歳,5.0,0.0
令和6,港南区,港南つくしんぼ保育園,4歳,5.0,0.0
令和6,港南区,港南つくしんぼ保育園,5歳,5.0,0.0
令和6,港南区,港南はるかぜ保育園,0歳,5.0,0.0
令和6,港南区,港南はるかぜ保育園,1歳,5.0,0.0
令和6,港南区,港南はるかぜ保育園,2歳,4.897854954034729,0.02042900919305414
令和6,港南区,港南はるかぜ保育園,3歳,4.7727272727272725,0.045454545454545456
令和6,港南区,港南はるかぜ保育園,4歳,4.831649831649832,0.03367003367003367
令和6,港南区,港南はるかぜ保育園,5歳,4.7727272727272725,0.045454545454545456
令和6,港南区,港南ひまわり保育園,0歳,5.0,0.0
令和6,港南区,港南ひまわり保育園,1歳,5.0,0.0
令和6,港南区,港南ひまわり保育園,2歳,5.0,0.0
令和6,港南区,港南ひまわり保育園,3歳,5.0,0.0
令和6,港南区,港南ひまわり保育園,4歳,2.727272727272727,0.45454545454545453
令和6,港南区,港南ひまわり保育園,5歳,4.545454545454546,0.09090909090909091
令和6,港南区,港南台きらきら保育園,0歳,5.0,0.0
令和6,港南区,港南台きらきら保育園,1歳,5.0,0.0
令和6,港南区,港南台きらきら保育園,2歳,4.545454545454546,0.09090909090909091
令和6,港南区,港南台きらきら保育園,3歳,5.0,0.0
令和6,港南区,港南台きらきら保育園,4歳,5.0,0.0
令和6,港南区,港南台きらきら保育園,5歳,5.0,0.0
令和6,港南区,港南台つばさ保育園,0歳,5.0,0.0
令和6,港南区,港南台つばさ保育園,1歳,5.0,0.0
令和6,港南区,港南台つばさ保育園,2歳,5.0,0.0
令和6,港南区,港南台つばさ保育園,3歳,5.0,0.0
令和6,港南区,港南台つばさ保育園,4歳,5.0,0.0
令和6,港南区,港南台つばさ保育園,5歳,5.0,0.0
令和6,港南区,港南台保育センター,0歳,5.0,0.0
令和6,港南区,港南台保育センター,1歳,5.0,0.0
令和6,港南区,港南台保育センター,2歳,4.85096870342772,0.02980625931445604
令和6,港南区,港南台保育センター,3歳,5.0,0.0
令和6,港南区,港南台保育センター,4歳,5.0,0.0
令和6,港南区,港南台保育センター,5歳,5.0,0.0
令和6,港南区,港南台保育園,0歳,5.0,0.0
令和6,港南区,港南台保育園,1歳,5.0,0.0
令和6,港南区,港南台保育園,2歳,5.0,0.0
令和6,港南区,港南台保育園,3歳,5.0,0.0
令和6,港南区,港南台保育園,4歳,5.0,0.0
令和6,港南区,港南台保育園,5歳,5.0,0.0
令和6,港南区,白峰保育園,0歳,4.943154616777737,0.011369076644452558
令和6,港南区,白峰保育園,1歳,4.917355371900826,0.01652892561983471
令和6,港南区,白峰保育園,2歳,5.0,0.0
令和6,港南区,白峰保育園,3歳,5.0,0.0
令和6,港南区,白峰保育園,4歳,5.0,0.0
令和6,港南区,白峰保育園,5歳,3.8636363636363638,0.22727272727272727
令和6,港南区,笹下保育園,0歳,5.0,0.0
令和6,港南区,笹下保育園,1歳,5.0,0.0
令和6,港南区,笹下保育園,2歳,4.831649831649832,0.03367003367003367
令和6,港南区,笹下保育園,3歳,5.0,0.0
令和6,港南区,笹下保育園,4歳,5.0,0.0
令和6,港南区,笹下保育園,5歳,3.6363636363636362,0.2727272727272727
令和6,港南区,笹下南つくしんぼ保育園,0歳,4.82174688057041,0.035650623885918005
令和6,港南区,笹下南つくしんぼ保育園,1歳,5.0,0.0
令和6,港南区,笹下南つくしんぼ保育園,2歳,5.0,0.0
令和6,港南区,笹下南つくしんぼ保育園,3歳,4.579303675048356,0.08413926499032881
令和6,港南区,笹下南つくしんぼ保育園,4歳,4.545454545454546,0.09090909090909091
令和6,港南区,笹下南つくしんぼ保育園,5歳,4.545454545454546,0.09090909090909091
令和6,港南区,育美保育園,0歳,4.270833333333333,0.14583333333333331
令和6,港南区,育美保育園,1歳,5.0,0.0
令和6,港南区,育美保育園,2歳,4.53125,0.09375
令和6,港南区,育美保育園,3歳,5.0,0.0
令和6,港南区,育美保育園,4歳,2.0,0.6000000000000001
令和6,港南区,育美保育園,5歳,2.0833333333333335,0.5833333333333333
令和6,港南区,芹が谷ぴよっこ保育園,0歳,4.682618535077552,0.0634762929844897
令和6,港南区,芹が谷ぴよっこ保育園,1歳,5.0,0.0
令和6,港南区,芹が谷ぴよっこ保育園,2歳,5.0,0.0
令和6,港南区,芹が谷ぴよっこ保育園,3歳,4.318181818181818,0.13636363636363635
令和6,港南区,芹が谷ぴよっこ保育園,4歳,5.0,0.0
令和6,港南区,芹が谷ぴよっこ保育園,5歳,5.0,0.0
令和6,港南区,認定こども園　大谷幼稚園,0歳,5.0,0.0
令和6,港南区,認定こども園　大谷幼稚園,1歳,5.0,0.0
令和6,港南区,認定こども園　大谷幼稚園,2歳,5.0,0.0
令和6,港南区,認定こども園　大谷幼稚園,3歳,5.0,0.0
令和6,港南区,認定こども園　大谷幼稚園,4歳,5.0,0.0
令和6,港南区,認定こども園　大谷幼稚園,5歳,5.0,0.0
令和6,港南区,認定こども園　日野幼稚園,0歳,5.0,0.0
令和6,港南区,認定こども園　日野幼稚園,1歳,5.0,0.0
令和6,港南区,認定こども園　日野幼稚園,2歳,5.0,0.0
令和6,港南区,認定こども園　日野幼稚園,3歳,1.7424242424242429,0.6515151515151515
令和6,港南区,認定こども園　日野幼稚園,4歳,3.6363636363636362,0.2727272727272727
令和6,港南区,認定こども園　日野幼稚園,5歳,5.0,0.0
令和6,港南区,認定こども園　森が丘幼稚園,0歳,5.0,0.0
令和6,港南区,認定こども園　森が丘幼稚園,1歳,5.0,0.0
令和6,港南区,認定こども園　森が丘幼稚園,2歳,5.0,0.0
令和6,港南区,認定こども園　森が丘幼稚園,3歳,1.4015151515151516,0.7196969696969696
令和6,港南区,認定こども園　森が丘幼稚園,4歳,2.0,0.6
令和6,港南区,認定こども園　森が丘幼稚園,5歳,4.3939393939393945,0.1212121212121212
令和6,港南区,認定こども園　竹の子幼稚園,0歳,5.0,0.0
令和6,港南区,認定こども園　竹の子幼稚園,1歳,5.0,0.0
令和6,港南区,認定こども園　竹の子幼稚園,2歳,5.0,0.0
令和6,港南区,認定こども園　竹の子幼稚園,3歳,3.8636363636363638,0.22727272727272727
令和6,港南区,認定こども園　竹の子幼稚園,4歳,3.7121212121212124,0.25757575757575757
令和6,港南区,認定こども園　竹の子幼稚園,5歳,3.8636363636363638,0.22727272727272727
令和6,港南区,認定こども園　野庭聖佳幼稚園,0歳,5.0,0.0
令和6,港南区,認定こども園　野庭聖佳幼稚園,1歳,5.0,0.0
令和6,港南区,認定こども園　野庭聖佳幼稚園,2歳,5.0,0.0
令和6,港南区,認定こども園　野庭聖佳幼稚園,3歳,4.7727272727272725,0.045454545454545456
令和6,港南区,認定こども園　野庭聖佳幼稚園,4歳,5.0,0.0
令和6,港南区,認定こども園　野庭聖佳幼稚園,5歳,5.0,0.0
令和6,港南区,認定こども園ムロノキッズ　室の木幼稚園・プリスクール室の木,0歳,5.0,0.0
令和6,港南区,認定こども園ムロノキッズ　室の木幼稚園・プリスクール室の木,1歳,5.0,0.0
令和6,港南区,認定こども園ムロノキッズ　室の木幼稚園・プリスクール室の木,2歳,4.866310160427807,0.026737967914438502
令和6,港南区,認定こども園ムロノキッズ　室の木幼稚園・プリスクール室の木,3歳,5.0,0.0
令和6,港南区,認定こども園ムロノキッズ　室の木幼稚園・プリスクール室の木,4歳,5.0,0.0
令和6,港南区,認定こども園ムロノキッズ　室の木幼稚園・プリスクール室の木,5歳,5.0,0.0
令和6,港南区,認定こども園関東学院のびのびのば園,0歳,5.0,0.0
令和6,港南区,認定こども園関東学院のびのびのば園,1歳,5.0,0.0
令和6,港南区,認定こども園関東学院のびのびのば園,2歳,4.831649831649832,0.03367003367003367
令和6,港南区,認定こども園関東学院のびのびのば園,3歳,5.0,0.0
令和6,港南区,認定こども園関東学院のびのびのば園,4歳,5.0,0.0
令和6,港南区,認定こども園関東学院のびのびのば園,5歳,5.0,0.0
令和6,港南区,赤い屋根保育園,0歳,5.0,0.0
令和6,港南区,赤い屋根保育園,1歳,5.0,0.0
令和6,港南区,赤い屋根保育園,2歳,5.0,0.0
令和6,港南区,赤い屋根保育園,3歳,4.831649831649832,0.03367003367003367
令和6,港南区,赤い屋根保育園,4歳,5.0,0.0
令和6,港南区,赤い屋根保育園,5歳,4.613152804642167,0.07736943907156674
令和6,港南区,野庭保育園,0歳,4.169472502805836,0.16610549943883277
令和6,港南区,野庭保育園,1歳,4.833194328607172,0.03336113427856547
令和6,港南区,野庭保育園,2歳,5.0,0.0
令和6,港南区,野庭保育園,3歳,3.8636363636363638,0.22727272727272727
令和6,港南区,野庭保育園,4歳,2.3696954100968513,0.5260609179806297
令和6,港南区,野庭保育園,5歳,4.090909090909091,0.18181818181818182
令和6,港南区,風の丘・上大岡東保育園,0歳,5.0,0.0
令和6,港南区,風の丘・上大岡東保育園,1歳,5.0,0.0
令和6,港南区,風の丘・上大岡東保育園,2歳,5.0,0.0
令和6,港南区,風の丘・上大岡東保育園,3歳,5.0,0.0
令和6,港南区,風の丘・上大岡東保育園,4歳,2.727272727272727,0.45454545454545453
令和6,港南区,風の丘・上大岡東保育園,5歳,5.0,0.0
令和6,港南区,ＣＯＳＭＯＳ保育園,0歳,5.0,0.0
令和6,港南区,ＣＯＳＭＯＳ保育園,1歳,4.757575757575758,0.048484848484848485
令和6,港南区,ＣＯＳＭＯＳ保育園,2歳,5.0,0.0
令和6,港南区,ＣＯＳＭＯＳ保育園,3歳,5.0,0.0
令和6,港南区,ＣＯＳＭＯＳ保育園,4歳,5.0,0.0
令和6,港南区,ＣＯＳＭＯＳ保育園,5歳,2.5,0.5
令和6,港南区,Ｐｏｃｏ　ａ　Ｐｏｃｏ保育園,0歳,5.0,0.0
令和6,港南区,Ｐｏｃｏ　ａ　Ｐｏｃｏ保育園,1歳,5.0,0.0
令和6,港南区,Ｐｏｃｏ　ａ　Ｐｏｃｏ保育園,2歳,4.545454545454546,0.09090909090909091
令和6,港南区,Ｐｏｃｏ　ａ　Ｐｏｃｏ保育園,3歳,5.0,0.0
令和6,港南区,Ｐｏｃｏ　ａ　Ｐｏｃｏ保育園,4歳,5.0,0.0
令和6,港南区,Ｐｏｃｏ　ａ　Ｐｏｃｏ保育園,5歳,5.0,0.0
令和6,港南区,ＳＵＮはるかぜ保育園,0歳,5.0,0.0
令和6,港南区,ＳＵＮはるかぜ保育園,1歳,5.0,0.0
令和6,港南区,ＳＵＮはるかぜ保育園,2歳,5.0,0.0
令和6,港南区,ＳＵＮはるかぜ保育園,3歳,2.4242424242424243,0.5151515151515151
令和6,港南区,ＳＵＮはるかぜ保育園,4歳,3.6363636363636362,0.2727272727272727
令和6,港南区,ＳＵＮはるかぜ保育園,5歳,4.7727272727272725,0.045454545454545456
令和6,瀬谷区,Gakkenほいくえん二ツ橋,0歳,5.0,0.0
令和6,瀬谷区,Gakkenほいくえん二ツ橋,1歳,5.0,0.0
令和6,瀬谷区,Gakkenほいくえん二ツ橋,2歳,5.0,0.0
令和6,瀬谷区,Gakkenほいくえん二ツ橋,3歳,4.696969696969696,0.0606060606060606
令和6,瀬谷区,Gakkenほいくえん二ツ橋,4歳,2.6136363636363638,0.4772727272727273
令和6,瀬谷区,Gakkenほいくえん二ツ橋,5歳,2.4545454545454546,0.5090909090909091
令和6,瀬谷区,NPO法人ちびっこハウス,0歳,5.0,0.0
令和6,瀬谷区,NPO法人ちびっこハウス,1歳,5.0,0.0
令和6,瀬谷区,NPO法人ちびっこハウス,2歳,5.0,0.0
令和6,瀬谷区,NPO法人ちびっこハウス,3歳,5.0,0.0
令和6,瀬谷区,NPO法人ちびっこハウス,4歳,5.0,0.0
令和6,瀬谷区,NPO法人ちびっこハウス,5歳,5.0,0.0
令和6,瀬谷区,stellar education garden阿久和小規模保育園,0歳,5.0,0.0
令和6,瀬谷区,stellar education garden阿久和小規模保育園,1歳,4.745098039215686,0.050980392156862744
令和6,瀬谷区,stellar education garden阿久和小規模保育園,2歳,3.0303030303030307,0.3939393939393939
令和6,瀬谷区,stellar education garden阿久和小規模保育園,3歳,5.0,0.0
令和6,瀬谷区,stellar education garden阿久和小規模保育園,4歳,5.0,0.0
令和6,瀬谷区,stellar education garden阿久和小規模保育園,5歳,5.0,0.0
令和6,瀬谷区,てぃんく２＠ねすと,0歳,5.0,0.0
令和6,瀬谷区,てぃんく２＠ねすと,1歳,5.0,0.0
令和6,瀬谷区,てぃんく２＠ねすと,2歳,4.732620320855616,0.053475935828877004
令和6,瀬谷区,てぃんく２＠ねすと,3歳,5.0,0.0
令和6,瀬谷区,てぃんく２＠ねすと,4歳,5.0,0.0
令和6,瀬谷区,てぃんく２＠ねすと,5歳,5.0,0.0
令和6,瀬谷区,はぐ＠ねすと,0歳,5.0,0.0
令和6,瀬谷区,はぐ＠ねすと,1歳,5.0,0.0
令和6,瀬谷区,はぐ＠ねすと,2歳,5.0,0.0
令和6,瀬谷区,はぐ＠ねすと,3歳,5.0,0.0
令和6,瀬谷区,はぐ＠ねすと,4歳,5.0,0.0
令和6,瀬谷区,はぐ＠ねすと,5歳,5.0,0.0
令和6,瀬谷区,ほうゆう保育園,0歳,5.0,0.0
令和6,瀬谷区,ほうゆう保育園,1歳,4.90530303030303,0.01893939393939394
令和6,瀬谷区,ほうゆう保育園,2歳,5.0,0.0
令和6,瀬谷区,ほうゆう保育園,3歳,5.0,0.0
令和6,瀬谷区,ほうゆう保育園,4歳,4.7727272727272725,0.045454545454545456
令和6,瀬谷区,ほうゆう保育園,5歳,4.621212121212121,0.07575757575757576
令和6,瀬谷区,ゆたか保育園,0歳,4.7727272727272725,0.045454545454545456
令和6,瀬谷区,ゆたか保育園,1歳,4.922299922299922,0.01554001554001554
令和6,瀬谷区,ゆたか保育園,2歳,4.7755331088664414,0.044893378226711564
令和6,瀬谷区,ゆたか保育園,3歳,5.0,0.0
令和6,瀬谷区,ゆたか保育園,4歳,5.0,0.0
令和6,瀬谷区,ゆたか保育園,5歳,5.0,0.0
令和6,瀬谷区,わらべ細谷戸保育園,0歳,5.0,0.0
令和6,瀬谷区,わらべ細谷戸保育園,1歳,4.717278863855527,0.05654422722889454
令和6,瀬谷区,わらべ細谷戸保育園,2歳,4.85096870342772,0.02980625931445604
令和6,瀬谷区,わらべ細谷戸保育園,3歳,4.318181818181818,0.13636363636363635
令和6,瀬谷区,わらべ細谷戸保育園,4歳,1.4166666666666667,0.7166666666666667
令和6,瀬谷区,わらべ細谷戸保育園,5歳,4.545454545454546,0.09090909090909091
令和6,瀬谷区,グローバルキッズ三ツ境園,0歳,5.0,0.0
令和6,瀬谷区,グローバルキッズ三ツ境園,1歳,5.0,0.0
令和6,瀬谷区,グローバルキッズ三ツ境園,2歳,4.878787878787879,0.024242424242424242
令和6,瀬谷区,グローバルキッズ三ツ境園,3歳,5.0,0.0
令和6,瀬谷区,グローバルキッズ三ツ境園,4歳,3.5606060606060606,0.28787878787878785
令和6,瀬谷区,グローバルキッズ三ツ境園,5歳,2.325757575757576,0.5348484848484848
令和6,瀬谷区,シャローム三育保育園,0歳,5.0,0.0
令和6,瀬谷区,シャローム三育保育園,1歳,5.0,0.0
令和6,瀬谷区,シャローム三育保育園,2歳,5.0,0.0
令和6,瀬谷区,シャローム三育保育園,3歳,4.049000644745326,0.1901998710509349
令和6,瀬谷区,シャローム三育保育園,4歳,5.0,0.0
令和6,瀬谷区,シャローム三育保育園,5歳,5.0,0.0
令和6,瀬谷区,ティンクル瀬谷保育園,0歳,5.0,0.0
令和6,瀬谷区,ティンクル瀬谷保育園,1歳,5.0,0.0
令和6,瀬谷区,ティンクル瀬谷保育園,2歳,5.0,0.0
令和6,瀬谷区,ティンクル瀬谷保育園,3歳,5.0,0.0
令和6,瀬谷区,ティンクル瀬谷保育園,4歳,4.318181818181818,0.13636363636363635
令和6,瀬谷区,ティンクル瀬谷保育園,5歳,5.0,0.0
令和6,瀬谷区,ネストうーたん,0歳,5.0,0.0
令和6,瀬谷区,ネストうーたん,1歳,5.0,0.0
令和6,瀬谷区,ネストうーたん,2歳,5.0,0.0
令和6,瀬谷区,ネストうーたん,3歳,5.0,0.0
令和6,瀬谷区,ネストうーたん,4歳,5.0,0.0
令和6,瀬谷区,ネストうーたん,5歳,5.0,0.0
令和6,瀬谷区,ネストぽぽ,0歳,5.0,0.0
令和6,瀬谷区,ネストぽぽ,1歳,4.857289964406438,0.028542007118712364
令和6,瀬谷区,ネストぽぽ,2歳,5.0,0.0
令和6,瀬谷区,ネストぽぽ,3歳,5.0,0.0
令和6,瀬谷区,ネストぽぽ,4歳,5.0,0.0
令和6,瀬谷区,ネストぽぽ,5歳,5.0,0.0
令和6,瀬谷区,ネスト瀬谷,0歳,5.0,0.0
令和6,瀬谷区,ネスト瀬谷,1歳,5.0,0.0
令和6,瀬谷区,ネスト瀬谷,2歳,5.0,0.0
令和6,瀬谷区,ネスト瀬谷,3歳,5.0,0.0
令和6,瀬谷区,ネスト瀬谷,4歳,5.0,0.0
令和6,瀬谷区,ネスト瀬谷,5歳,5.0,0.0
令和6,瀬谷区,下瀬谷保育園,0歳,5.0,0.0
令和6,瀬谷区,下瀬谷保育園,1歳,4.878787878787879,0.024242424242424242
令和6,瀬谷区,下瀬谷保育園,2歳,5.0,0.0
令和6,瀬谷区,下瀬谷保育園,3歳,5.0,0.0
令和6,瀬谷区,下瀬谷保育園,4歳,5.0,0.0
令和6,瀬谷区,下瀬谷保育園,5歳,4.015151515151515,0.19696969696969696
令和6,瀬谷区,保育室「ネスト」,0歳,5.0,0.0
令和6,瀬谷区,保育室「ネスト」,1歳,5.0,0.0
令和6,瀬谷区,保育室「ネスト」,2歳,5.0,0.0
令和6,瀬谷区,保育室「ネスト」,3歳,5.0,0.0
令和6,瀬谷区,保育室「ネスト」,4歳,5.0,0.0
令和6,瀬谷区,保育室「ネスト」,5歳,4.318181818181818,0.13636363636363635
令和6,瀬谷区,幼保連携型認定こども園　みなみ幼稚園,0歳,5.0,0.0
令和6,瀬谷区,幼保連携型認定こども園　みなみ幼稚園,1歳,5.0,0.0
令和6,瀬谷区,幼保連携型認定こども園　みなみ幼稚園,2歳,5.0,0.0
令和6,瀬谷区,幼保連携型認定こども園　みなみ幼稚園,3歳,4.090909090909091,0.18181818181818182
令和6,瀬谷区,幼保連携型認定こども園　みなみ幼稚園,4歳,1.4989892479418743,0.7002021504116253
令和6,瀬谷区,幼保連携型認定こども園　みなみ幼稚園,5歳,1.2378929481733216,0.7524214103653357
令和6,瀬谷区,新美保育室（にいみ＊るーむ）,0歳,5.0,0.0
令和6,瀬谷区,新美保育室（にいみ＊るーむ）,1歳,5.0,0.0
令和6,瀬谷区,新美保育室（にいみ＊るーむ）,2歳,2.5,0.5
令和6,瀬谷区,新美保育室（にいみ＊るーむ）,3歳,5.0,0.0
令和6,瀬谷区,新美保育室（にいみ＊るーむ）,4歳,5.0,0.0
令和6,瀬谷区,新美保育室（にいみ＊るーむ）,5歳,5.0,0.0
令和6,瀬谷区,横浜市中屋敷保育園,0歳,4.7727272727272725,0.045454545454545456
令和6,瀬谷区,横浜市中屋敷保育園,1歳,5.0,0.0
令和6,瀬谷区,横浜市中屋敷保育園,2歳,5.0,0.0
令和6,瀬谷区,横浜市中屋敷保育園,3歳,5.0,0.0
令和6,瀬谷区,横浜市中屋敷保育園,4歳,1.7739898989898994,0.6452020202020201
令和6,瀬谷区,横浜市中屋敷保育園,5歳,5.0,0.0
令和6,瀬谷区,横浜市二ツ橋保育園,0歳,5.0,0.0
令和6,瀬谷区,横浜市二ツ橋保育園,1歳,5.0,0.0
令和6,瀬谷区,横浜市二ツ橋保育園,2歳,4.545454545454546,0.09090909090909091
令和6,瀬谷区,横浜市二ツ橋保育園,3歳,1.6693803708729085,0.6661239258254184
令和6,瀬谷区,横浜市二ツ橋保育園,4歳,0.602245719224329,0.8795508561551343
令和6,瀬谷区,横浜市二ツ橋保育園,5歳,0.4958677685950412,0.9008264462809918
令和6,瀬谷区,横浜市瀬谷第二保育園,0歳,4.602000869943454,0.07959982601130927
令和6,瀬谷区,横浜市瀬谷第二保育園,1歳,5.0,0.0
令和6,瀬谷区,横浜市瀬谷第二保育園,2歳,5.0,0.0
令和6,瀬谷区,横浜市瀬谷第二保育園,3歳,5.0,0.0
令和6,瀬谷区,横浜市瀬谷第二保育園,4歳,4.545454545454546,0.09090909090909091
令和6,瀬谷区,横浜市瀬谷第二保育園,5歳,1.8885281385281387,0.6222943722943722
令和6,瀬谷区,瀬谷すくすく保育園,0歳,5.0,0.0
令和6,瀬谷区,瀬谷すくすく保育園,1歳,5.0,0.0
令和6,瀬谷区,瀬谷すくすく保育園,2歳,5.0,0.0
令和6,瀬谷区,瀬谷すくすく保育園,3歳,5.0,0.0
令和6,瀬谷区,瀬谷すくすく保育園,4歳,5.0,0.0
令和6,瀬谷区,瀬谷すくすく保育園,5歳,5.0,0.0
令和6,瀬谷区,瀬谷そらいろ保育園,0歳,5.0,0.0
令和6,瀬谷区,瀬谷そらいろ保育園,1歳,5.0,0.0
令和6,瀬谷区,瀬谷そらいろ保育園,2歳,5.0,0.0
令和6,瀬谷区,瀬谷そらいろ保育園,3歳,5.0,0.0
令和6,瀬谷区,瀬谷そらいろ保育園,4歳,5.0,0.0
令和6,瀬谷区,瀬谷そらいろ保育園,5歳,5.0,0.0
令和6,瀬谷区,瀬谷みらい保育園,0歳,5.0,0.0
令和6,瀬谷区,瀬谷みらい保育園,1歳,5.0,0.0
令和6,瀬谷区,瀬谷みらい保育園,2歳,4.579303675048356,0.08413926499032881
令和6,瀬谷区,瀬谷みらい保育園,3歳,5.0,0.0
令和6,瀬谷区,瀬谷みらい保育園,4歳,5.0,0.0
令和6,瀬谷区,瀬谷みらい保育園,5歳,5.0,0.0
令和6,瀬谷区,瀬谷中央保育園,0歳,4.843260188087775,0.031347962382445145
令和6,瀬谷区,瀬谷中央保育園,1歳,4.889807162534435,0.02203856749311295
令和6,瀬谷区,瀬谷中央保育園,2歳,5.0,0.0
令和6,瀬谷区,瀬谷中央保育園,3歳,4.85096870342772,0.02980625931445604
令和6,瀬谷区,瀬谷中央保育園,4歳,5.0,0.0
令和6,瀬谷区,瀬谷中央保育園,5歳,5.0,0.0
令和6,瀬谷区,瀬谷愛児園,0歳,4.242424242424242,0.1515151515151515
令和6,瀬谷区,瀬谷愛児園,1歳,5.0,0.0
令和6,瀬谷区,瀬谷愛児園,2歳,3.6363636363636362,0.2727272727272727
令和6,瀬谷区,瀬谷愛児園,3歳,1.5530303030303032,0.6893939393939393
令和6,瀬谷区,瀬谷愛児園,4歳,0.6899350649350651,0.862012987012987
令和6,瀬谷区,瀬谷愛児園,5歳,0.9318181818181817,0.8136363636363637
令和6,瀬谷区,認定こども園　あづまの幼稚園・あづまのナーサリー・youyouキッズ,0歳,5.0,0.0
令和6,瀬谷区,認定こども園　あづまの幼稚園・あづまのナーサリー・youyouキッズ,1歳,5.0,0.0
令和6,瀬谷区,認定こども園　あづまの幼稚園・あづまのナーサリー・youyouキッズ,2歳,5.0,0.0
令和6,瀬谷区,認定こども園　あづまの幼稚園・あづまのナーサリー・youyouキッズ,3歳,5.0,0.0
令和6,瀬谷区,認定こども園　あづまの幼稚園・あづまのナーサリー・youyouキッズ,4歳,5.0,0.0
令和6,瀬谷区,認定こども園　あづまの幼稚園・あづまのナーサリー・youyouキッズ,5歳,5.0,0.0
令和6,瀬谷区,認定こども園はらのこ　原幼稚園,0歳,5.0,0.0
令和6,瀬谷区,認定こども園はらのこ　原幼稚園,1歳,5.0,0.0
令和6,瀬谷区,認定こども園はらのこ　原幼稚園,2歳,5.0,0.0
令和6,瀬谷区,認定こども園はらのこ　原幼稚園,3歳,5.0,0.0
令和6,瀬谷区,認定こども園はらのこ　原幼稚園,4歳,5.0,0.0
令和6,瀬谷区,認定こども園はらのこ　原幼稚園,5歳,5.0,0.0
令和6,瀬谷区,認定こども園二ツ橋あいりん幼稚園,0歳,5.0,0.0
令和6,瀬谷区,認定こども園二ツ橋あいりん幼稚園,1歳,5.0,0.0
令和6,瀬谷区,認定こども園二ツ橋あいりん幼稚園,2歳,5.0,0.0
令和6,瀬谷区,認定こども園二ツ橋あいりん幼稚園,3歳,5.0,0.0
令和6,瀬谷区,認定こども園二ツ橋あいりん幼稚園,4歳,5.0,0.0
令和6,瀬谷区,認定こども園二ツ橋あいりん幼稚園,5歳,5.0,0.0
令和6,瀬谷区,阿久和キッズ,0歳,4.85096870342772,0.02980625931445604
令和6,瀬谷区,阿久和キッズ,1歳,5.0,0.0
令和6,瀬谷区,阿久和キッズ,2歳,5.0,0.0
令和6,瀬谷区,阿久和キッズ,3歳,5.0,0.0
令和6,瀬谷区,阿久和キッズ,4歳,5.0,0.0
令和6,瀬谷区,阿久和キッズ,5歳,5.0,0.0
令和6,瀬谷区,阿久和保育園,0歳,4.857954545454546,0.028409090909090908
令和6,瀬谷区,阿久和保育園,1歳,5.0,0.0
令和6,瀬谷区,阿久和保育園,2歳,5.0,0.0
令和6,瀬谷区,阿久和保育園,3歳,5.0,0.0
令和6,瀬谷区,阿久和保育園,4歳,3.646034816247582,0.27079303675048355
令和6,瀬谷区,阿久和保育園,5歳,5.0,0.0
令和6,瀬谷区,鳩の森愛の詩　宮沢保育園,0歳,5.0,0.0
令和6,瀬谷区,鳩の森愛の詩　宮沢保育園,1歳,5.0,0.0
令和6,瀬谷区,鳩の森愛の詩　宮沢保育園,2歳,5.0,0.0
令和6,瀬谷区,鳩の森愛の詩　宮沢保育園,3歳,5.0,0.0
令和6,瀬谷区,鳩の森愛の詩　宮沢保育園,4歳,1.7740841248303938,0.6451831750339213
令和6,瀬谷区,鳩の森愛の詩　宮沢保育園,5歳,1.9696969696969697,0.606060606060606
令和6,瀬谷区,鳩の森愛の詩瀬谷保育園,0歳,5.0,0.0
令和6,瀬谷区,鳩の森愛の詩瀬谷保育園,1歳,5.0,0.0
令和6,瀬谷区,鳩の森愛の詩瀬谷保育園,2歳,5.0,0.0
令和6,瀬谷区,鳩の森愛の詩瀬谷保育園,3歳,5.0,0.0
令和6,瀬谷区,鳩の森愛の詩瀬谷保育園,4歳,5.0,0.0
令和6,瀬谷区,鳩の森愛の詩瀬谷保育園,5歳,5.0,0.0
令和6,瀬谷区,ＧＥＮＫＩＤＳ瀬谷保育園,0歳,5.0,0.0
令和6,瀬谷区,ＧＥＮＫＩＤＳ瀬谷保育園,1歳,5.0,0.0
令和6,瀬谷区,ＧＥＮＫＩＤＳ瀬谷保育園,2歳,5.0,0.0
令和6,瀬谷区,ＧＥＮＫＩＤＳ瀬谷保育園,3歳,5.0,0.0
令和6,瀬谷区,ＧＥＮＫＩＤＳ瀬谷保育園,4歳,5.0,0.0
令和6,瀬谷区,ＧＥＮＫＩＤＳ瀬谷保育園,5歳,5.0,0.0
令和6,磯子区,あっぷる滝頭保育園,0歳,4.318181818181818,0.13636363636363635
令和6,磯子区,あっぷる滝頭保育園,1歳,5.0,0.0
令和6,磯子区,あっぷる滝頭保育園,2歳,5.0,0.0
令和6,磯子区,あっぷる滝頭保育園,3歳,2.8181818181818183,0.43636363636363645
令和6,磯子区,あっぷる滝頭保育園,4歳,4.318181818181818,0.13636363636363635
令和6,磯子区,あっぷる滝頭保育園,5歳,5.0,0.0
令和6,磯子区,くろかわ保育室,0歳,5.0,0.0
令和6,磯子区,くろかわ保育室,1歳,5.0,0.0
令和6,磯子区,くろかわ保育室,2歳,5.0,0.0
令和6,磯子区,くろかわ保育室,3歳,5.0,0.0
令和6,磯子区,くろかわ保育室,4歳,5.0,0.0
令和6,磯子区,くろかわ保育室,5歳,5.0,0.0
令和6,磯子区,つくしんぼ保育園,0歳,5.0,0.0
令和6,磯子区,つくしんぼ保育園,1歳,5.0,0.0
令和6,磯子区,つくしんぼ保育園,2歳,5.0,0.0
令和6,磯子区,つくしんぼ保育園,3歳,5.0,0.0
令和6,磯子区,つくしんぼ保育園,4歳,5.0,0.0
令和6,磯子区,つくしんぼ保育園,5歳,5.0,0.0
令和6,磯子区,にじいろ保育園　新杉田,0歳,4.754299754299755,0.04914004914004913
令和6,磯子区,にじいろ保育園　新杉田,1歳,5.0,0.0
令和6,磯子区,にじいろ保育園　新杉田,2歳,5.0,0.0
令和6,磯子区,にじいろ保育園　新杉田,3歳,5.0,0.0
令和6,磯子区,にじいろ保育園　新杉田,4歳,5.0,0.0
令和6,磯子区,にじいろ保育園　新杉田,5歳,5.0,0.0
令和6,磯子区,にじいろ保育園　洋光台,0歳,5.0,0.0
令和6,磯子区,にじいろ保育園　洋光台,1歳,5.0,0.0
令和6,磯子区,にじいろ保育園　洋光台,2歳,5.0,0.0
令和6,磯子区,にじいろ保育園　洋光台,3歳,4.579303675048356,0.08413926499032881
令和6,磯子区,にじいろ保育園　洋光台,4歳,5.0,0.0
令和6,磯子区,にじいろ保育園　洋光台,5歳,4.545454545454546,0.09090909090909091
令和6,磯子区,にじいろ保育園　磯子,0歳,4.7727272727272725,0.045454545454545456
令和6,磯子区,にじいろ保育園　磯子,1歳,5.0,0.0
令和6,磯子区,にじいろ保育園　磯子,2歳,5.0,0.0
令和6,磯子区,にじいろ保育園　磯子,3歳,2.651515151515152,0.46969696969696967
令和6,磯子区,にじいろ保育園　磯子,4歳,5.0,0.0
令和6,磯子区,にじいろ保育園　磯子,5歳,3.409090909090909,0.3181818181818182
令和6,磯子区,みらいつばさ新杉田保育園,0歳,4.090909090909091,0.18181818181818182
令和6,磯子区,みらいつばさ新杉田保育園,1歳,5.0,0.0
令和6,磯子区,みらいつばさ新杉田保育園,2歳,4.878787878787879,0.024242424242424242
令和6,磯子区,みらいつばさ新杉田保育園,3歳,5.0,0.0
令和6,磯子区,みらいつばさ新杉田保育園,4歳,5.0,0.0
令和6,磯子区,みらいつばさ新杉田保育園,5歳,5.0,0.0
令和6,磯子区,やべのファミリールーム,0歳,5.0,0.0
令和6,磯子区,やべのファミリールーム,1歳,4.942824471126358,0.011435105774728416
令和6,磯子区,やべのファミリールーム,2歳,4.778270509977827,0.04434589800443459
令和6,磯子区,やべのファミリールーム,3歳,5.0,0.0
令和6,磯子区,やべのファミリールーム,4歳,1.9696969696969697,0.606060606060606
令和6,磯子区,やべのファミリールーム,5歳,2.5,0.5
令和6,磯子区,アスク新杉田保育園,0歳,4.053030303030304,0.18939393939393936
令和6,磯子区,アスク新杉田保育園,1歳,5.0,0.0
令和6,磯子区,アスク新杉田保育園,2歳,5.0,0.0
令和6,磯子区,アスク新杉田保育園,3歳,5.0,0.0
令和6,磯子区,アスク新杉田保育園,4歳,5.0,0.0
令和6,磯子区,アスク新杉田保育園,5歳,5.0,0.0
令和6,磯子区,アスク新杉田駅前保育園,0歳,5.0,0.0
令和6,磯子区,アスク新杉田駅前保育園,1歳,5.0,0.0
令和6,磯子区,アスク新杉田駅前保育園,2歳,5.0,0.0
令和6,磯子区,アスク新杉田駅前保育園,3歳,5.0,0.0
令和6,磯子区,アスク新杉田駅前保育園,4歳,5.0,0.0
令和6,磯子区,アスク新杉田駅前保育園,5歳,5.0,0.0
令和6,磯子区,キッズガーデン横浜磯子,0歳,4.709864603481625,0.05802707930367504
令和6,磯子区,キッズガーデン横浜磯子,1歳,5.0,0.0
令和6,磯子区,キッズガーデン横浜磯子,2歳,5.0,0.0
令和6,磯子区,キッズガーデン横浜磯子,3歳,5.0,0.0
令和6,磯子区,キッズガーデン横浜磯子,4歳,4.015151515151515,0.19696969696969696
令和6,磯子区,キッズガーデン横浜磯子,5歳,5.0,0.0
令和6,磯子区,キッズパートナー磯子中原,0歳,5.0,0.0
令和6,磯子区,キッズパートナー磯子中原,1歳,5.0,0.0
令和6,磯子区,キッズパートナー磯子中原,2歳,5.0,0.0
令和6,磯子区,キッズパートナー磯子中原,3歳,2.272727272727273,0.5454545454545454
令和6,磯子区,キッズパートナー磯子中原,4歳,5.0,0.0
令和6,磯子区,キッズパートナー磯子中原,5歳,5.0,0.0
令和6,磯子区,グローバルキッズ磯子保育園,0歳,3.058922558922559,0.38821548821548824
令和6,磯子区,グローバルキッズ磯子保育園,1歳,5.0,0.0
令和6,磯子区,グローバルキッズ磯子保育園,2歳,5.0,0.0
令和6,磯子区,グローバルキッズ磯子保育園,3歳,5.0,0.0
令和6,磯子区,グローバルキッズ磯子保育園,4歳,3.484848484848485,0.303030303030303
令和6,磯子区,グローバルキッズ磯子保育園,5歳,5.0,0.0
令和6,磯子区,スターチャイルド≪洋光台ナーサリー≫,0歳,5.0,0.0
令和6,磯子区,スターチャイルド≪洋光台ナーサリー≫,1歳,5.0,0.0
令和6,磯子区,スターチャイルド≪洋光台ナーサリー≫,2歳,5.0,0.0
令和6,磯子区,スターチャイルド≪洋光台ナーサリー≫,3歳,4.7727272727272725,0.045454545454545456
令和6,磯子区,スターチャイルド≪洋光台ナーサリー≫,4歳,3.6363636363636362,0.2727272727272727
令和6,磯子区,スターチャイルド≪洋光台ナーサリー≫,5歳,5.0,0.0
令和6,磯子区,チームナーサリーＢｉｇ Ｈｕｇ洋光台,0歳,5.0,0.0
令和6,磯子区,チームナーサリーＢｉｇ Ｈｕｇ洋光台,1歳,5.0,0.0
令和6,磯子区,チームナーサリーＢｉｇ Ｈｕｇ洋光台,2歳,5.0,0.0
令和6,磯子区,チームナーサリーＢｉｇ Ｈｕｇ洋光台,3歳,5.0,0.0
令和6,磯子区,チームナーサリーＢｉｇ Ｈｕｇ洋光台,4歳,5.0,0.0
令和6,磯子区,チームナーサリーＢｉｇ Ｈｕｇ洋光台,5歳,5.0,0.0
令和6,磯子区,チームナーサリーＢｉｇ Ｈｕｇ洋光台２,0歳,5.0,0.0
令和6,磯子区,チームナーサリーＢｉｇ Ｈｕｇ洋光台２,1歳,5.0,0.0
令和6,磯子区,チームナーサリーＢｉｇ Ｈｕｇ洋光台２,2歳,5.0,0.0
令和6,磯子区,チームナーサリーＢｉｇ Ｈｕｇ洋光台２,3歳,5.0,0.0
令和6,磯子区,チームナーサリーＢｉｇ Ｈｕｇ洋光台２,4歳,5.0,0.0
令和6,磯子区,チームナーサリーＢｉｇ Ｈｕｇ洋光台２,5歳,5.0,0.0
令和6,磯子区,ピノキオ幼児舎 新杉田園,0歳,4.431818181818182,0.11363636363636363
令和6,磯子区,ピノキオ幼児舎 新杉田園,1歳,5.0,0.0
令和6,磯子区,ピノキオ幼児舎 新杉田園,2歳,5.0,0.0
令和6,磯子区,ピノキオ幼児舎 新杉田園,3歳,5.0,0.0
令和6,磯子区,ピノキオ幼児舎 新杉田園,4歳,5.0,0.0
令和6,磯子区,ピノキオ幼児舎 新杉田園,5歳,5.0,0.0
令和6,磯子区,ベイキッズなのはな保育園,0歳,3.75,0.25
令和6,磯子区,ベイキッズなのはな保育園,1歳,5.0,0.0
令和6,磯子区,ベイキッズなのはな保育園,2歳,5.0,0.0
令和6,磯子区,ベイキッズなのはな保育園,3歳,5.0,0.0
令和6,磯子区,ベイキッズなのはな保育園,4歳,5.0,0.0
令和6,磯子区,ベイキッズなのはな保育園,5歳,5.0,0.0
令和6,磯子区,ペガサスわくわくランド,0歳,5.0,0.0
令和6,磯子区,ペガサスわくわくランド,1歳,4.806576402321084,0.03868471953578337
令和6,磯子区,ペガサスわくわくランド,2歳,4.545454545454546,0.09090909090909091
令和6,磯子区,ペガサスわくわくランド,3歳,4.545454545454546,0.09090909090909091
令和6,磯子区,ペガサスわくわくランド,4歳,4.318181818181818,0.13636363636363635
令和6,磯子区,ペガサスわくわくランド,5歳,4.545454545454546,0.09090909090909091
令和6,磯子区,ヨコハマみらい保育園,0歳,4.00709219858156,0.19858156028368795
令和6,磯子区,ヨコハマみらい保育園,1歳,5.0,0.0
令和6,磯子区,ヨコハマみらい保育園,2歳,5.0,0.0
令和6,磯子区,ヨコハマみらい保育園,3歳,5.0,0.0
令和6,磯子区,ヨコハマみらい保育園,4歳,5.0,0.0
令和6,磯子区,ヨコハマみらい保育園,5歳,4.7727272727272725,0.045454545454545456
令和6,磯子区,原町星の子保育園,0歳,5.0,0.0
令和6,磯子区,原町星の子保育園,1歳,5.0,0.0
令和6,磯子区,原町星の子保育園,2歳,5.0,0.0
令和6,磯子区,原町星の子保育園,3歳,5.0,0.0
令和6,磯子区,原町星の子保育園,4歳,5.0,0.0
令和6,磯子区,原町星の子保育園,5歳,3.8636363636363638,0.22727272727272727
令和6,磯子区,太陽の子　磯子保育園,0歳,4.696969696969696,0.0606060606060606
令和6,磯子区,太陽の子　磯子保育園,1歳,4.90530303030303,0.01893939393939394
令和6,磯子区,太陽の子　磯子保育園,2歳,5.0,0.0
令和6,磯子区,太陽の子　磯子保育園,3歳,5.0,0.0
令和6,磯子区,太陽の子　磯子保育園,4歳,3.409090909090909,0.3181818181818182
令和6,磯子区,太陽の子　磯子保育園,5歳,1.287878787878788,0.7424242424242423
令和6,磯子区,太陽の子　磯子第二保育園,0歳,3.81127859667845,0.23774428066431003
令和6,磯子区,太陽の子　磯子第二保育園,1歳,5.0,0.0
令和6,磯子区,太陽の子　磯子第二保育園,2歳,5.0,0.0
令和6,磯子区,太陽の子　磯子第二保育園,3歳,3.409090909090909,0.3181818181818182
令和6,磯子区,太陽の子　磯子第二保育園,4歳,5.0,0.0
令和6,磯子区,太陽の子　磯子第二保育園,5歳,4.7727272727272725,0.045454545454545456
令和6,磯子区,屏風ゆめの森保育園,0歳,5.0,0.0
令和6,磯子区,屏風ゆめの森保育園,1歳,5.0,0.0
令和6,磯子区,屏風ゆめの森保育園,2歳,5.0,0.0
令和6,磯子区,屏風ゆめの森保育園,3歳,5.0,0.0
令和6,磯子区,屏風ゆめの森保育園,4歳,5.0,0.0
令和6,磯子区,屏風ゆめの森保育園,5歳,3.8636363636363638,0.22727272727272727
令和6,磯子区,屏風ヶ浦はるかぜ保育園,0歳,5.0,0.0
令和6,磯子区,屏風ヶ浦はるかぜ保育園,1歳,5.0,0.0
令和6,磯子区,屏風ヶ浦はるかぜ保育園,2歳,5.0,0.0
令和6,磯子区,屏風ヶ浦はるかぜ保育園,3歳,5.0,0.0
令和6,磯子区,屏風ヶ浦はるかぜ保育園,4歳,5.0,0.0
令和6,磯子区,屏風ヶ浦はるかぜ保育園,5歳,5.0,0.0
令和6,磯子区,屏風ヶ浦保育園,0歳,5.0,0.0
令和6,磯子区,屏風ヶ浦保育園,1歳,5.0,0.0
令和6,磯子区,屏風ヶ浦保育園,2歳,5.0,0.0
令和6,磯子区,屏風ヶ浦保育園,3歳,5.0,0.0
令和6,磯子区,屏風ヶ浦保育園,4歳,4.545454545454546,0.09090909090909091
令和6,磯子区,屏風ヶ浦保育園,5歳,5.0,0.0
令和6,磯子区,岡村幼児園,0歳,5.0,0.0
令和6,磯子区,岡村幼児園,1歳,2.6666666666666665,0.46666666666666673
令和6,磯子区,岡村幼児園,2歳,4.806576402321084,0.03868471953578337
令和6,磯子区,岡村幼児園,3歳,5.0,0.0
令和6,磯子区,岡村幼児園,4歳,5.0,0.0
令和6,磯子区,岡村幼児園,5歳,5.0,0.0
令和6,磯子区,岩原保育室,0歳,5.0,0.0
令和6,磯子区,岩原保育室,1歳,5.0,0.0
令和6,磯子区,岩原保育室,2歳,5.0,0.0
令和6,磯子区,岩原保育室,3歳,5.0,0.0
令和6,磯子区,岩原保育室,4歳,5.0,0.0
令和6,磯子区,岩原保育室,5歳,5.0,0.0
令和6,磯子区,新杉田のびのび保育園,0歳,5.0,0.0
令和6,磯子区,新杉田のびのび保育園,1歳,5.0,0.0
令和6,磯子区,新杉田のびのび保育園,2歳,4.934123847167325,0.013175230566534914
令和6,磯子区,新杉田のびのび保育園,3歳,5.0,0.0
令和6,磯子区,新杉田のびのび保育園,4歳,4.696969696969696,0.0606060606060606
令和6,磯子区,新杉田のびのび保育園,5歳,5.0,0.0
令和6,磯子区,日枝幼児園,0歳,5.0,0.0
令和6,磯子区,日枝幼児園,1歳,5.0,0.0
令和6,磯子区,日枝幼児園,2歳,4.806576402321084,0.03868471953578337
令和6,磯子区,日枝幼児園,3歳,2.575757575757576,0.4848484848484848
令和6,磯子区,日枝幼児園,4歳,1.8831168831168832,0.6233766233766234
令和6,磯子区,日枝幼児園,5歳,1.227272727272727,0.7545454545454546
令和6,磯子区,杉田保育園,0歳,5.0,0.0
令和6,磯子区,杉田保育園,1歳,5.0,0.0
令和6,磯子区,杉田保育園,2歳,5.0,0.0
令和6,磯子区,杉田保育園,3歳,5.0,0.0
令和6,磯子区,杉田保育園,4歳,5.0,0.0
令和6,磯子区,杉田保育園,5歳,5.0,0.0
令和6,磯子区,杉田幼児園,0歳,5.0,0.0
令和6,磯子区,杉田幼児園,1歳,5.0,0.0
令和6,磯子区,杉田幼児園,2歳,5.0,0.0
令和6,磯子区,杉田幼児園,3歳,5.0,0.0
令和6,磯子区,杉田幼児園,4歳,4.090909090909091,0.18181818181818182
令和6,磯子区,杉田幼児園,5歳,2.727272727272727,0.45454545454545453
令和6,磯子区,東滝頭保育園　分園,0歳,5.0,0.0
令和6,磯子区,東滝頭保育園　分園,1歳,4.7727272727272725,0.045454545454545456
令和6,磯子区,東滝頭保育園　分園,2歳,5.0,0.0
令和6,磯子区,東滝頭保育園　分園,3歳,5.0,0.0
令和6,磯子区,東滝頭保育園　分園,4歳,5.0,0.0
令和6,磯子区,東滝頭保育園　分園,5歳,5.0,0.0
令和6,磯子区,根岸すみれ保育園,0歳,4.7727272727272725,0.045454545454545456
令和6,磯子区,根岸すみれ保育園,1歳,4.7755331088664414,0.044893378226711564
令和6,磯子区,根岸すみれ保育園,2歳,5.0,0.0
令和6,磯子区,根岸すみれ保育園,3歳,5.0,0.0
令和6,磯子区,根岸すみれ保育園,4歳,5.0,0.0
令和6,磯子区,根岸すみれ保育園,5歳,5.0,0.0
令和6,磯子区,根岸サンフラワー保育園,0歳,5.0,0.0
令和6,磯子区,根岸サンフラワー保育園,1歳,5.0,0.0
令和6,磯子区,根岸サンフラワー保育園,2歳,4.226305609284332,0.15473887814313347
令和6,磯子区,根岸サンフラワー保育園,3歳,5.0,0.0
令和6,磯子区,根岸サンフラワー保育園,4歳,5.0,0.0
令和6,磯子区,根岸サンフラワー保育園,5歳,5.0,0.0
令和6,磯子区,根岸星の子保育園,0歳,5.0,0.0
令和6,磯子区,根岸星の子保育園,1歳,5.0,0.0
令和6,磯子区,根岸星の子保育園,2歳,5.0,0.0
令和6,磯子区,根岸星の子保育園,3歳,5.0,0.0
令和6,磯子区,根岸星の子保育園,4歳,5.0,0.0
令和6,磯子区,根岸星の子保育園,5歳,4.318181818181818,0.13636363636363635
令和6,磯子区,森おひさま保育園,0歳,4.318181818181818,0.13636363636363635
令和6,磯子区,森おひさま保育園,1歳,5.0,0.0
令和6,磯子区,森おひさま保育園,2歳,5.0,0.0
令和6,磯子区,森おひさま保育園,3歳,5.0,0.0
令和6,磯子区,森おひさま保育園,4歳,5.0,0.0
令和6,磯子区,森おひさま保育園,5歳,5.0,0.0
令和6,磯子区,森幼児園,0歳,3.0681818181818183,0.38636363636363635
令和6,磯子区,森幼児園,1歳,5.0,0.0
令和6,磯子区,森幼児園,2歳,4.7727272727272725,0.045454545454545456
令和6,磯子区,森幼児園,3歳,2.727272727272727,0.45454545454545453
令和6,磯子区,森幼児園,4歳,3.106060606060606,0.37878787878787884
令和6,磯子区,森幼児園,5歳,2.727272727272727,0.45454545454545453
令和6,磯子区,横浜おひさま保育園,0歳,4.352030947775629,0.12959381044487428
令和6,磯子区,横浜おひさま保育園,1歳,4.878787878787879,0.024242424242424242
令和6,磯子区,横浜おひさま保育園,2歳,5.0,0.0
令和6,磯子区,横浜おひさま保育園,3歳,5.0,0.0
令和6,磯子区,横浜おひさま保育園,4歳,5.0,0.0
令和6,磯子区,横浜おひさま保育園,5歳,5.0,0.0
令和6,磯子区,横浜ナーサリー,0歳,4.015151515151515,0.19696969696969696
令和6,磯子区,横浜ナーサリー,1歳,4.431818181818182,0.11363636363636363
令和6,磯子区,横浜ナーサリー,2歳,4.831649831649832,0.03367003367003367
令和6,磯子区,横浜ナーサリー,3歳,3.409090909090909,0.3181818181818182
令和6,磯子区,横浜ナーサリー,4歳,5.0,0.0
令和6,磯子区,横浜ナーサリー,5歳,5.0,0.0
令和6,磯子区,横浜市東滝頭保育園,0歳,4.878787878787879,0.024242424242424242
令和6,磯子区,横浜市東滝頭保育園,1歳,5.0,0.0
令和6,磯子区,横浜市東滝頭保育園,2歳,4.806576402321084,0.03868471953578337
令和6,磯子区,横浜市東滝頭保育園,3歳,2.586719573611964,0.4826560852776071
令和6,磯子区,横浜市東滝頭保育園,4歳,5.0,0.0
令和6,磯子区,横浜市東滝頭保育園,5歳,4.015151515151515,0.19696969696969696
令和6,磯子区,横浜市洋光台第二保育園,0歳,5.0,0.0
令和6,磯子区,横浜市洋光台第二保育園,1歳,5.0,0.0
令和6,磯子区,横浜市洋光台第二保育園,2歳,5.0,0.0
令和6,磯子区,横浜市洋光台第二保育園,3歳,4.318181818181818,0.13636363636363635
令和6,磯子区,横浜市洋光台第二保育園,4歳,5.0,0.0
令和6,磯子区,横浜市洋光台第二保育園,5歳,3.8636363636363638,0.22727272727272727
令和6,磯子区,汐見台愛育園,0歳,5.0,0.0
令和6,磯子区,汐見台愛育園,1歳,4.85096870342772,0.02980625931445604
令和6,磯子区,汐見台愛育園,2歳,4.7755331088664414,0.044893378226711564
令和6,磯子区,汐見台愛育園,3歳,3.594455190199871,0.28110896196002577
令和6,磯子区,汐見台愛育園,4歳,3.897485493230174,0.2205029013539652
令和6,磯子区,汐見台愛育園,5歳,1.5909090909090908,0.6818181818181818
令和6,磯子区,汐見台第二愛育園,0歳,4.352030947775629,0.12959381044487428
令和6,磯子区,汐見台第二愛育園,1歳,5.0,0.0
令和6,磯子区,汐見台第二愛育園,2歳,4.7727272727272725,0.045454545454545456
令和6,磯子区,汐見台第二愛育園,3歳,5.0,0.0
令和6,磯子区,汐見台第二愛育園,4歳,5.0,0.0
令和6,磯子区,汐見台第二愛育園,5歳,5.0,0.0
令和6,磯子区,洋光台中央福澤保育センター,0歳,5.0,0.0
令和6,磯子区,洋光台中央福澤保育センター,1歳,5.0,0.0
令和6,磯子区,洋光台中央福澤保育センター,2歳,5.0,0.0
令和6,磯子区,洋光台中央福澤保育センター,3歳,4.545454545454546,0.09090909090909091
令和6,磯子区,洋光台中央福澤保育センター,4歳,5.0,0.0
令和6,磯子区,洋光台中央福澤保育センター,5歳,5.0,0.0
令和6,磯子区,洋光台保育園,0歳,5.0,0.0
令和6,磯子区,洋光台保育園,1歳,5.0,0.0
令和6,磯子区,洋光台保育園,2歳,5.0,0.0
令和6,磯子区,洋光台保育園,3歳,4.7727272727272725,0.045454545454545456
令和6,磯子区,洋光台保育園,4歳,5.0,0.0
令和6,磯子区,洋光台保育園,5歳,4.545454545454546,0.09090909090909091
令和6,磯子区,磯子おひさま保育園,0歳,3.0890538033395174,0.3821892393320965
令和6,磯子区,磯子おひさま保育園,1歳,4.8086124401913874,0.03827751196172249
令和6,磯子区,磯子おひさま保育園,2歳,4.71043771043771,0.057912457912457915
令和6,磯子区,磯子おひさま保育園,3歳,4.03030303030303,0.19393939393939394
令和6,磯子区,磯子おひさま保育園,4歳,3.1818181818181817,0.36363636363636365
令和6,磯子区,磯子おひさま保育園,5歳,5.0,0.0
令和6,磯子区,西町星の子保育園,0歳,5.0,0.0
令和6,磯子区,西町星の子保育園,1歳,5.0,0.0
令和6,磯子区,西町星の子保育園,2歳,5.0,0.0
令和6,磯子区,西町星の子保育園,3歳,5.0,0.0
令和6,磯子区,西町星の子保育園,4歳,3.409090909090909,0.3181818181818182
令和6,磯子区,西町星の子保育園,5歳,3.8636363636363638,0.22727272727272727
令和6,磯子区,金剛保育園,0歳,5.0,0.0
令和6,磯子区,金剛保育園,1歳,5.0,0.0
令和6,磯子区,金剛保育園,2歳,5.0,0.0
令和6,磯子区,金剛保育園,3歳,5.0,0.0
令和6,磯子区,金剛保育園,4歳,4.545454545454546,0.09090909090909091
令和6,磯子区,金剛保育園,5歳,2.727272727272727,0.45454545454545453
令和6,神奈川区,Gakkenほいくえん反町,0歳,5.0,0.0
令和6,神奈川区,Gakkenほいくえん反町,1歳,4.545454545454546,0.09090909090909091
令和6,神奈川区,Gakkenほいくえん反町,2歳,5.0,0.0
令和6,神奈川区,Gakkenほいくえん反町,3歳,1.9696969696969702,0.606060606060606
令和6,神奈川区,Gakkenほいくえん反町,4歳,2.727272727272727,0.45454545454545453
令和6,神奈川区,Gakkenほいくえん反町,5歳,2.5,0.5
令和6,神奈川区,Gakkenほいくえん片倉,0歳,5.0,0.0
令和6,神奈川区,Gakkenほいくえん片倉,1歳,5.0,0.0
令和6,神奈川区,Gakkenほいくえん片倉,2歳,5.0,0.0
令和6,神奈川区,Gakkenほいくえん片倉,3歳,5.0,0.0
令和6,神奈川区,Gakkenほいくえん片倉,4歳,4.090909090909091,0.18181818181818182
令和6,神奈川区,Gakkenほいくえん片倉,5歳,5.0,0.0
令和6,神奈川区,Yokohama Front Mutsumi Nursery,0歳,5.0,0.0
令和6,神奈川区,Yokohama Front Mutsumi Nursery,1歳,4.638226233970915,0.07235475320581704
令和6,神奈川区,Yokohama Front Mutsumi Nursery,2歳,3.6363636363636362,0.2727272727272727
令和6,神奈川区,Yokohama Front Mutsumi Nursery,3歳,5.0,0.0
令和6,神奈川区,Yokohama Front Mutsumi Nursery,4歳,5.0,0.0
令和6,神奈川区,Yokohama Front Mutsumi Nursery,5歳,5.0,0.0
令和6,神奈川区,あおぞら保育園,0歳,3.484848484848485,0.303030303030303
令和6,神奈川区,あおぞら保育園,1歳,5.0,0.0
令和6,神奈川区,あおぞら保育園,2歳,5.0,0.0
令和6,神奈川区,あおぞら保育園,3歳,5.0,0.0
令和6,神奈川区,あおぞら保育園,4歳,5.0,0.0
令和6,神奈川区,あおぞら保育園,5歳,5.0,0.0
令和6,神奈川区,あおぞら第２保育園,0歳,5.0,0.0
令和6,神奈川区,あおぞら第２保育園,1歳,5.0,0.0
令和6,神奈川区,あおぞら第２保育園,2歳,3.1818181818181817,0.36363636363636365
令和6,神奈川区,あおぞら第２保育園,3歳,5.0,0.0
令和6,神奈川区,あおぞら第２保育園,4歳,4.3939393939393945,0.1212121212121212
令和6,神奈川区,あおぞら第２保育園,5歳,2.5,0.5
令和6,神奈川区,あおぞら菅田保育園,0歳,5.0,0.0
令和6,神奈川区,あおぞら菅田保育園,1歳,5.0,0.0
令和6,神奈川区,あおぞら菅田保育園,2歳,4.212228358805022,0.15755432823899554
令和6,神奈川区,あおぞら菅田保育園,3歳,2.651515151515152,0.4696969696969697
令和6,神奈川区,あおぞら菅田保育園,4歳,4.831649831649832,0.03367003367003367
令和6,神奈川区,あおぞら菅田保育園,5歳,5.0,0.0
令和6,神奈川区,いずみ反町保育園,0歳,4.545454545454546,0.09090909090909091
令和6,神奈川区,いずみ反町保育園,1歳,5.0,0.0
令和6,神奈川区,いずみ反町保育園,2歳,5.0,0.0
令和6,神奈川区,いずみ反町保育園,3歳,4.318181818181818,0.13636363636363635
令和6,神奈川区,いずみ反町保育園,4歳,4.090909090909091,0.18181818181818182
令和6,神奈川区,いずみ反町保育園,5歳,5.0,0.0
令和6,神奈川区,いずみ反町公園保育園,0歳,5.0,0.0
令和6,神奈川区,いずみ反町公園保育園,1歳,5.0,0.0
令和6,神奈川区,いずみ反町公園保育園,2歳,5.0,0.0
令和6,神奈川区,いずみ反町公園保育園,3歳,1.628787878787879,0.6742424242424243
令和6,神奈川区,いずみ反町公園保育園,4歳,2.727272727272727,0.45454545454545453
令和6,神奈川区,いずみ反町公園保育園,5歳,2.5,0.5
令和6,神奈川区,いずみ東白楽保育園,0歳,5.0,0.0
令和6,神奈川区,いずみ東白楽保育園,1歳,4.352030947775629,0.12959381044487428
令和6,神奈川区,いずみ東白楽保育園,2歳,5.0,0.0
令和6,神奈川区,いずみ東白楽保育園,3歳,3.2767978290366346,0.344640434192673
令和6,神奈川区,いずみ東白楽保育園,4歳,5.0,0.0
令和6,神奈川区,いずみ東白楽保育園,5歳,5.0,0.0
令和6,神奈川区,いずみ松本町保育園,0歳,5.0,0.0
令和6,神奈川区,いずみ松本町保育園,1歳,4.934123847167325,0.013175230566534914
令和6,神奈川区,いずみ松本町保育園,2歳,4.878787878787879,0.024242424242424242
令和6,神奈川区,いずみ松本町保育園,3歳,4.251379038613082,0.14972419227738376
令和6,神奈川区,いずみ松本町保育園,4歳,4.7727272727272725,0.045454545454545456
令和6,神奈川区,いずみ松本町保育園,5歳,5.0,0.0
令和6,神奈川区,うちゅうこども園たんまち,0歳,4.7727272727272725,0.045454545454545456
令和6,神奈川区,うちゅうこども園たんまち,1歳,5.0,0.0
令和6,神奈川区,うちゅうこども園たんまち,2歳,4.806576402321084,0.03868471953578337
令和6,神奈川区,うちゅうこども園たんまち,3歳,5.0,0.0
令和6,神奈川区,うちゅうこども園たんまち,4歳,5.0,0.0
令和6,神奈川区,うちゅうこども園たんまち,5歳,1.8181818181818186,0.6363636363636364
令和6,神奈川区,おれんじハウス横浜駅前保育園,0歳,3.484848484848485,0.303030303030303
令和6,神奈川区,おれんじハウス横浜駅前保育園,1歳,4.4197292069632494,0.1160541586073501
令和6,神奈川区,おれんじハウス横浜駅前保育園,2歳,3.6363636363636362,0.2727272727272727
令和6,神奈川区,おれんじハウス横浜駅前保育園,3歳,5.0,0.0
令和6,神奈川区,おれんじハウス横浜駅前保育園,4歳,5.0,0.0
令和6,神奈川区,おれんじハウス横浜駅前保育園,5歳,5.0,0.0
令和6,神奈川区,かながわ保育園,0歳,4.794238683127572,0.0411522633744856
令和6,神奈川区,かながわ保育園,1歳,4.682618535077552,0.0634762929844897
令和6,神奈川区,かながわ保育園,2歳,5.0,0.0
令和6,神奈川区,かながわ保育園,3歳,5.0,0.0
令和6,神奈川区,かながわ保育園,4歳,1.5681818181818181,0.6863636363636364
令和6,神奈川区,かながわ保育園,5歳,2.0454545454545454,0.5909090909090909
令和6,神奈川区,かわち保育ルーム（令和７年３月で閉園します）,0歳,5.0,0.0
令和6,神奈川区,かわち保育ルーム（令和７年３月で閉園します）,1歳,5.0,0.0
令和6,神奈川区,かわち保育ルーム（令和７年３月で閉園します）,2歳,3.8636363636363638,0.22727272727272727
令和6,神奈川区,かわち保育ルーム（令和７年３月で閉園します）,3歳,5.0,0.0
令和6,神奈川区,かわち保育ルーム（令和７年３月で閉園します）,4歳,5.0,0.0
令和6,神奈川区,かわち保育ルーム（令和７年３月で閉園します）,5歳,5.0,0.0
令和6,神奈川区,きゃんばす子安台保育園,0歳,3.0606060606060606,0.3878787878787879
令和6,神奈川区,きゃんばす子安台保育園,1歳,5.0,0.0
令和6,神奈川区,きゃんばす子安台保育園,2歳,5.0,0.0
令和6,神奈川区,きゃんばす子安台保育園,3歳,4.545454545454546,0.09090909090909091
令和6,神奈川区,きゃんばす子安台保育園,4歳,1.9696969696969702,0.606060606060606
令和6,神奈川区,きゃんばす子安台保育園,5歳,5.0,0.0
令和6,神奈川区,きゃんばす東神奈川保育園,0歳,2.916666666666667,0.41666666666666663
令和6,神奈川区,きゃんばす東神奈川保育園,1歳,3.977272727272727,0.20454545454545456
令和6,神奈川区,きゃんばす東神奈川保育園,2歳,3.0,0.4
令和6,神奈川区,きゃんばす東神奈川保育園,3歳,3.977272727272727,0.20454545454545456
令和6,神奈川区,きゃんばす東神奈川保育園,4歳,1.2965367965367964,0.7406926406926406
令和6,神奈川区,きゃんばす東神奈川保育園,5歳,0.9034538296349318,0.8193092340730136
令和6,神奈川区,こころキッズ,0歳,5.0,0.0
令和6,神奈川区,こころキッズ,1歳,5.0,0.0
令和6,神奈川区,こころキッズ,2歳,5.0,0.0
令和6,神奈川区,こころキッズ,3歳,5.0,0.0
令和6,神奈川区,こころキッズ,4歳,4.7727272727272725,0.045454545454545456
令和6,神奈川区,こころキッズ,5歳,4.7727272727272725,0.045454545454545456
令和6,神奈川区,こころベイビー,0歳,5.0,0.0
令和6,神奈川区,こころベイビー,1歳,5.0,0.0
令和6,神奈川区,こころベイビー,2歳,4.318181818181818,0.13636363636363635
令和6,神奈川区,こころベイビー,3歳,5.0,0.0
令和6,神奈川区,こころベイビー,4歳,5.0,0.0
令和6,神奈川区,こころベイビー,5歳,5.0,0.0
令和6,神奈川区,こまつな保育園,0歳,5.0,0.0
令和6,神奈川区,こまつな保育園,1歳,4.318181818181818,0.13636363636363635
令和6,神奈川区,こまつな保育園,2歳,4.318181818181818,0.13636363636363635
令和6,神奈川区,こまつな保育園,3歳,5.0,0.0
令和6,神奈川区,こまつな保育園,4歳,5.0,0.0
令和6,神奈川区,こまつな保育園,5歳,5.0,0.0
令和6,神奈川区,たいせつ保育園,0歳,3.0,0.4
令和6,神奈川区,たいせつ保育園,1歳,3.409090909090909,0.3181818181818182
令和6,神奈川区,たいせつ保育園,2歳,1.121212121212121,0.7757575757575758
令和6,神奈川区,たいせつ保育園,3歳,5.0,0.0
令和6,神奈川区,たいせつ保育園,4歳,5.0,0.0
令和6,神奈川区,たいせつ保育園,5歳,5.0,0.0
令和6,神奈川区,たいせつ横浜ポートサイド保育園,0歳,3.8636363636363638,0.22727272727272727
令和6,神奈川区,たいせつ横浜ポートサイド保育園,1歳,3.409090909090909,0.3181818181818182
令和6,神奈川区,たいせつ横浜ポートサイド保育園,2歳,2.803030303030303,0.4393939393939394
令和6,神奈川区,たいせつ横浜ポートサイド保育園,3歳,5.0,0.0
令和6,神奈川区,たいせつ横浜ポートサイド保育園,4歳,5.0,0.0
令和6,神奈川区,たいせつ横浜ポートサイド保育園,5歳,5.0,0.0
令和6,神奈川区,なないろきっど保育園,0歳,5.0,0.0
令和6,神奈川区,なないろきっど保育園,1歳,3.522727272727273,0.29545454545454547
令和6,神奈川区,なないろきっど保育園,2歳,4.545454545454546,0.09090909090909091
令和6,神奈川区,なないろきっど保育園,3歳,5.0,0.0
令和6,神奈川区,なないろきっど保育園,4歳,1.212121212121212,0.7575757575757577
令和6,神奈川区,なないろきっど保育園,5歳,1.666666666666667,0.6666666666666666
令和6,神奈川区,ひびき保育園,0歳,4.866850321395776,0.02662993572084481
令和6,神奈川区,ひびき保育園,1歳,5.0,0.0
令和6,神奈川区,ひびき保育園,2歳,5.0,0.0
令和6,神奈川区,ひびき保育園,3歳,5.0,0.0
令和6,神奈川区,ひびき保育園,4歳,5.0,0.0
令和6,神奈川区,ひびき保育園,5歳,5.0,0.0
令和6,神奈川区,ひびき金港町保育園,0歳,5.0,0.0
令和6,神奈川区,ひびき金港町保育園,1歳,4.444802636291998,0.1110394727416004
令和6,神奈川区,ひびき金港町保育園,2歳,5.0,0.0
令和6,神奈川区,ひびき金港町保育園,3歳,4.696969696969696,0.0606060606060606
令和6,神奈川区,ひびき金港町保育園,4歳,3.1818181818181817,0.36363636363636365
令和6,神奈川区,ひびき金港町保育園,5歳,1.9696969696969697,0.606060606060606
令和6,神奈川区,みらいつばさ片倉町保育園,0歳,5.0,0.0
令和6,神奈川区,みらいつばさ片倉町保育園,1歳,5.0,0.0
令和6,神奈川区,みらいつばさ片倉町保育園,2歳,5.0,0.0
令和6,神奈川区,みらいつばさ片倉町保育園,3歳,5.0,0.0
令和6,神奈川区,みらいつばさ片倉町保育園,4歳,5.0,0.0
令和6,神奈川区,みらいつばさ片倉町保育園,5歳,5.0,0.0
令和6,神奈川区,めばえ横浜保育園,0歳,5.0,0.0
令和6,神奈川区,めばえ横浜保育園,1歳,3.594455190199871,0.28110896196002577
令和6,神奈川区,めばえ横浜保育園,2歳,5.0,0.0
令和6,神奈川区,めばえ横浜保育園,3歳,0.9848484848484851,0.8030303030303029
令和6,神奈川区,めばえ横浜保育園,4歳,1.9318181818181819,0.6136363636363636
令和6,神奈川区,めばえ横浜保育園,5歳,0.7251082251082251,0.8549783549783551
令和6,神奈川区,ゆうゆうきっず新子安,0歳,4.866310160427807,0.026737967914438502
令和6,神奈川区,ゆうゆうきっず新子安,1歳,5.0,0.0
令和6,神奈川区,ゆうゆうきっず新子安,2歳,5.0,0.0
令和6,神奈川区,ゆうゆうきっず新子安,3歳,5.0,0.0
令和6,神奈川区,ゆうゆうきっず新子安,4歳,5.0,0.0
令和6,神奈川区,ゆうゆうきっず新子安,5歳,5.0,0.0
令和6,神奈川区,ゆうゆうきっず横浜,0歳,5.0,0.0
令和6,神奈川区,ゆうゆうきっず横浜,1歳,4.732620320855616,0.053475935828877004
令和6,神奈川区,ゆうゆうきっず横浜,2歳,4.613152804642167,0.07736943907156674
令和6,神奈川区,ゆうゆうきっず横浜,3歳,4.318181818181818,0.13636363636363635
令和6,神奈川区,ゆうゆうきっず横浜,4歳,3.8636363636363638,0.22727272727272727
令和6,神奈川区,ゆうゆうきっず横浜,5歳,2.174283322266809,0.5651433355466382
令和6,神奈川区,アイン三枚町保育園,0歳,5.0,0.0
令和6,神奈川区,アイン三枚町保育園,1歳,5.0,0.0
令和6,神奈川区,アイン三枚町保育園,2歳,4.831649831649832,0.03367003367003367
令和6,神奈川区,アイン三枚町保育園,3歳,2.155061250805932,0.5689877498388136
令和6,神奈川区,アイン三枚町保育園,4歳,5.0,0.0
令和6,神奈川区,アイン三枚町保育園,5歳,4.545454545454546,0.09090909090909091
令和6,神奈川区,アイン松本町保育園,0歳,5.0,0.0
令和6,神奈川区,アイン松本町保育園,1歳,5.0,0.0
令和6,神奈川区,アイン松本町保育園,2歳,5.0,0.0
令和6,神奈川区,アイン松本町保育園,3歳,1.5909090909090908,0.6818181818181818
令和6,神奈川区,アイン松本町保育園,4歳,2.727272727272727,0.45454545454545453
令和6,神奈川区,アイン松本町保育園,5歳,1.7424242424242429,0.6515151515151515
令和6,神奈川区,アイン高島台保育園,0歳,4.889135254988914,0.022172949002217297
令和6,神奈川区,アイン高島台保育園,1歳,4.682618535077552,0.0634762929844897
令和6,神奈川区,アイン高島台保育園,2歳,4.579303675048356,0.08413926499032881
令和6,神奈川区,アイン高島台保育園,3歳,5.0,0.0
令和6,神奈川区,アイン高島台保育園,4歳,3.409090909090909,0.3181818181818182
令和6,神奈川区,アイン高島台保育園,5歳,5.0,0.0
令和6,神奈川区,ウィズブック保育園青木町,0歳,3.75,0.25
令和6,神奈川区,ウィズブック保育園青木町,1歳,5.0,0.0
令和6,神奈川区,ウィズブック保育園青木町,2歳,5.0,0.0
令和6,神奈川区,ウィズブック保育園青木町,3歳,1.7045454545454546,0.6590909090909091
令和6,神奈川区,ウィズブック保育園青木町,4歳,1.212121212121212,0.7575757575757577
令和6,神奈川区,ウィズブック保育園青木町,5歳,1.8181818181818186,0.6363636363636364
令和6,神奈川区,エンゼル保育園,0歳,5.0,0.0
令和6,神奈川区,エンゼル保育園,1歳,5.0,0.0
令和6,神奈川区,エンゼル保育園,2歳,5.0,0.0
令和6,神奈川区,エンゼル保育園,3歳,1.9696969696969702,0.606060606060606
令和6,神奈川区,エンゼル保育園,4歳,1.9696969696969702,0.606060606060606
令和6,神奈川区,エンゼル保育園,5歳,2.5,0.5
令和6,神奈川区,キッズパートナー六角橋,0歳,5.0,0.0
令和6,神奈川区,キッズパートナー六角橋,1歳,4.831649831649832,0.03367003367003367
令和6,神奈川区,キッズパートナー六角橋,2歳,5.0,0.0
令和6,神奈川区,キッズパートナー六角橋,3歳,1.8939393939393943,0.6212121212121212
令和6,神奈川区,キッズパートナー六角橋,4歳,2.272727272727273,0.5454545454545454
令和6,神奈川区,キッズパートナー六角橋,5歳,2.1212121212121215,0.5757575757575757
令和6,神奈川区,キッズパートナー妙蓮寺,0歳,3.670212765957447,0.26595744680851063
令和6,神奈川区,キッズパートナー妙蓮寺,1歳,5.0,0.0
令和6,神奈川区,キッズパートナー妙蓮寺,2歳,5.0,0.0
令和6,神奈川区,キッズパートナー妙蓮寺,3歳,1.9696969696969702,0.606060606060606
令和6,神奈川区,キッズパートナー妙蓮寺,4歳,2.727272727272727,0.45454545454545453
令和6,神奈川区,キッズパートナー妙蓮寺,5歳,5.0,0.0
令和6,神奈川区,キッズパートナー新子安,0歳,4.7727272727272725,0.045454545454545456
令和6,神奈川区,キッズパートナー新子安,1歳,1.8874458874458875,0.6225108225108225
令和6,神奈川区,キッズパートナー新子安,2歳,5.0,0.0
令和6,神奈川区,キッズパートナー新子安,3歳,5.0,0.0
令和6,神奈川区,キッズパートナー新子安,4歳,5.0,0.0
令和6,神奈川区,キッズパートナー新子安,5歳,5.0,0.0
令和6,神奈川区,キッズパートナー東白楽,0歳,4.318181818181818,0.13636363636363635
令和6,神奈川区,キッズパートナー東白楽,1歳,5.0,0.0
令和6,神奈川区,キッズパートナー東白楽,2歳,4.090909090909091,0.18181818181818182
令和6,神奈川区,キッズパートナー東白楽,3歳,5.0,0.0
令和6,神奈川区,キッズパートナー東白楽,4歳,5.0,0.0
令和6,神奈川区,キッズパートナー東白楽,5歳,5.0,0.0
令和6,神奈川区,キッズラボ白楽園,0歳,5.0,0.0
令和6,神奈川区,キッズラボ白楽園,1歳,4.682618535077552,0.0634762929844897
令和6,神奈川区,キッズラボ白楽園,2歳,5.0,0.0
令和6,神奈川区,キッズラボ白楽園,3歳,3.409090909090909,0.3181818181818182
令和6,神奈川区,キッズラボ白楽園,4歳,3.1818181818181817,0.36363636363636365
令和6,神奈川区,キッズラボ白楽園,5歳,2.6136363636363638,0.4772727272727273
令和6,神奈川区,グローバルキッズ大口園,0歳,3.2878787878787876,0.3424242424242424
令和6,神奈川区,グローバルキッズ大口園,1歳,5.0,0.0
令和6,神奈川区,グローバルキッズ大口園,2歳,5.0,0.0
令和6,神奈川区,グローバルキッズ大口園,3歳,5.0,0.0
令和6,神奈川区,グローバルキッズ大口園,4歳,5.0,0.0
令和6,神奈川区,グローバルキッズ大口園,5歳,1.25,0.75
令和6,神奈川区,グローバルキッズ子安駅前保育園,0歳,5.0,0.0
令和6,神奈川区,グローバルキッズ子安駅前保育園,1歳,3.674242424242424,0.26515151515151514
令和6,神奈川区,グローバルキッズ子安駅前保育園,2歳,3.9732430689877494,0.20535138620245003
令和6,神奈川区,グローバルキッズ子安駅前保育園,3歳,1.9696969696969702,0.606060606060606
令和6,神奈川区,グローバルキッズ子安駅前保育園,4歳,1.9696969696969702,0.606060606060606
令和6,神奈川区,グローバルキッズ子安駅前保育園,5歳,1.1363636363636362,0.7727272727272727
令和6,神奈川区,グローバルキッズ新子安保育園,0歳,5.0,0.0
令和6,神奈川区,グローバルキッズ新子安保育園,1歳,5.0,0.0
令和6,神奈川区,グローバルキッズ新子安保育園,2歳,4.579303675048356,0.08413926499032881
令和6,神奈川区,グローバルキッズ新子安保育園,3歳,4.806576402321084,0.03868471953578337
令和6,神奈川区,グローバルキッズ新子安保育園,4歳,1.5909090909090908,0.6818181818181818
令和6,神奈川区,グローバルキッズ新子安保育園,5歳,5.0,0.0
令和6,神奈川区,グローバルキッズ新子安第二保育園,0歳,5.0,0.0
令和6,神奈川区,グローバルキッズ新子安第二保育園,1歳,5.0,0.0
令和6,神奈川区,グローバルキッズ新子安第二保育園,2歳,5.0,0.0
令和6,神奈川区,グローバルキッズ新子安第二保育園,3歳,5.0,0.0
令和6,神奈川区,グローバルキッズ新子安第二保育園,4歳,5.0,0.0
令和6,神奈川区,グローバルキッズ新子安第二保育園,5歳,0.8333333333333331,0.8333333333333335
令和6,神奈川区,グローバルキッズ白楽園,0歳,4.7727272727272725,0.045454545454545456
令和6,神奈川区,グローバルキッズ白楽園,1歳,5.0,0.0
令和6,神奈川区,グローバルキッズ白楽園,2歳,5.0,0.0
令和6,神奈川区,グローバルキッズ白楽園,3歳,3.6363636363636362,0.2727272727272727
令和6,神奈川区,グローバルキッズ白楽園,4歳,1.5909090909090908,0.6818181818181818
令和6,神奈川区,グローバルキッズ白楽園,5歳,1.2272727272727273,0.7545454545454546
令和6,神奈川区,コビープリスクールかたくら,0歳,4.90530303030303,0.01893939393939394
令和6,神奈川区,コビープリスクールかたくら,1歳,5.0,0.0
令和6,神奈川区,コビープリスクールかたくら,2歳,5.0,0.0
令和6,神奈川区,コビープリスクールかたくら,3歳,5.0,0.0
令和6,神奈川区,コビープリスクールかたくら,4歳,5.0,0.0
令和6,神奈川区,コビープリスクールかたくら,5歳,5.0,0.0
令和6,神奈川区,スターチャイルド≪三ッ沢上町ナーサリー≫,0歳,5.0,0.0
令和6,神奈川区,スターチャイルド≪三ッ沢上町ナーサリー≫,1歳,5.0,0.0
令和6,神奈川区,スターチャイルド≪三ッ沢上町ナーサリー≫,2歳,5.0,0.0
令和6,神奈川区,スターチャイルド≪三ッ沢上町ナーサリー≫,3歳,2.8412358199592243,0.4317528360081551
令和6,神奈川区,スターチャイルド≪三ッ沢上町ナーサリー≫,4歳,3.409090909090909,0.3181818181818182
令和6,神奈川区,スターチャイルド≪三ッ沢上町ナーサリー≫,5歳,5.0,0.0
令和6,神奈川区,スターチャイルド≪岸根公園ナーサリー≫,0歳,5.0,0.0
令和6,神奈川区,スターチャイルド≪岸根公園ナーサリー≫,1歳,4.897854954034729,0.02042900919305414
令和6,神奈川区,スターチャイルド≪岸根公園ナーサリー≫,2歳,5.0,0.0
令和6,神奈川区,スターチャイルド≪岸根公園ナーサリー≫,3歳,1.3863636363636362,0.7227272727272728
令和6,神奈川区,スターチャイルド≪岸根公園ナーサリー≫,4歳,1.8560606060606062,0.6287878787878788
令和6,神奈川区,スターチャイルド≪岸根公園ナーサリー≫,5歳,3.8636363636363638,0.22727272727272727
令和6,神奈川区,スターチャイルド≪横浜ステーションナーサリー≫,0歳,5.0,0.0
令和6,神奈川区,スターチャイルド≪横浜ステーションナーサリー≫,1歳,4.806576402321084,0.03868471953578337
令和6,神奈川区,スターチャイルド≪横浜ステーションナーサリー≫,2歳,4.7727272727272725,0.045454545454545456
令和6,神奈川区,スターチャイルド≪横浜ステーションナーサリー≫,3歳,5.0,0.0
令和6,神奈川区,スターチャイルド≪横浜ステーションナーサリー≫,4歳,5.0,0.0
令和6,神奈川区,スターチャイルド≪横浜ステーションナーサリー≫,5歳,5.0,0.0
令和6,神奈川区,スターチャイルド≪片倉町ナーサリー≫,0歳,5.0,0.0
令和6,神奈川区,スターチャイルド≪片倉町ナーサリー≫,1歳,4.6445806704056345,0.0710838659188731
令和6,神奈川区,スターチャイルド≪片倉町ナーサリー≫,2歳,5.0,0.0
令和6,神奈川区,スターチャイルド≪片倉町ナーサリー≫,3歳,1.2653061224489794,0.7469387755102042
令和6,神奈川区,スターチャイルド≪片倉町ナーサリー≫,4歳,1.1038961038961042,0.7792207792207791
令和6,神奈川区,スターチャイルド≪片倉町ナーサリー≫,5歳,5.0,0.0
令和6,神奈川区,スターチャイルド≪白楽ナーサリー≫,0歳,5.0,0.0
令和6,神奈川区,スターチャイルド≪白楽ナーサリー≫,1歳,5.0,0.0
令和6,神奈川区,スターチャイルド≪白楽ナーサリー≫,2歳,5.0,0.0
令和6,神奈川区,スターチャイルド≪白楽ナーサリー≫,3歳,4.090909090909091,0.18181818181818182
令和6,神奈川区,スターチャイルド≪白楽ナーサリー≫,4歳,1.8181818181818181,0.6363636363636364
令和6,神奈川区,スターチャイルド≪白楽ナーサリー≫,5歳,5.0,0.0
令和6,神奈川区,ナーサリー横浜ポートサイド,0歳,4.310122501611864,0.13797549967762734
令和6,神奈川区,ナーサリー横浜ポートサイド,1歳,5.0,0.0
令和6,神奈川区,ナーサリー横浜ポートサイド,2歳,4.85096870342772,0.02980625931445604
令和6,神奈川区,ナーサリー横浜ポートサイド,3歳,5.0,0.0
令和6,神奈川区,ナーサリー横浜ポートサイド,4歳,1.9696969696969702,0.606060606060606
令和6,神奈川区,ナーサリー横浜ポートサイド,5歳,4.545454545454546,0.09090909090909091
令和6,神奈川区,フレール保育園,0歳,5.0,0.0
令和6,神奈川区,フレール保育園,1歳,4.831649831649832,0.03367003367003367
令和6,神奈川区,フレール保育園,2歳,5.0,0.0
令和6,神奈川区,フレール保育園,3歳,5.0,0.0
令和6,神奈川区,フレール保育園,4歳,4.318181818181818,0.13636363636363635
令和6,神奈川区,フレール保育園,5歳,1.25,0.75
令和6,神奈川区,ブライト保育園横浜松見町,0歳,4.545454545454546,0.09090909090909091
令和6,神奈川区,ブライト保育園横浜松見町,1歳,5.0,0.0
令和6,神奈川区,ブライト保育園横浜松見町,2歳,5.0,0.0
令和6,神奈川区,ブライト保育園横浜松見町,3歳,5.0,0.0
令和6,神奈川区,ブライト保育園横浜松見町,4歳,3.0303030303030307,0.3939393939393939
令和6,神奈川区,ブライト保育園横浜松見町,5歳,5.0,0.0
令和6,神奈川区,ポピンズナーサリースクール片倉町,0歳,4.318181818181818,0.13636363636363635
令和6,神奈川区,ポピンズナーサリースクール片倉町,1歳,5.0,0.0
令和6,神奈川区,ポピンズナーサリースクール片倉町,2歳,5.0,0.0
令和6,神奈川区,ポピンズナーサリースクール片倉町,3歳,5.0,0.0
令和6,神奈川区,ポピンズナーサリースクール片倉町,4歳,2.727272727272727,0.45454545454545453
令和6,神奈川区,ポピンズナーサリースクール片倉町,5歳,5.0,0.0
令和6,神奈川区,ポピンズナーサリースクール片倉町駅前,0歳,5.0,0.0
令和6,神奈川区,ポピンズナーサリースクール片倉町駅前,1歳,4.90530303030303,0.01893939393939394
令和6,神奈川区,ポピンズナーサリースクール片倉町駅前,2歳,5.0,0.0
令和6,神奈川区,ポピンズナーサリースクール片倉町駅前,3歳,4.545454545454546,0.09090909090909091
令和6,神奈川区,ポピンズナーサリースクール片倉町駅前,4歳,3.1818181818181817,0.36363636363636365
令和6,神奈川区,ポピンズナーサリースクール片倉町駅前,5歳,4.015151515151515,0.19696969696969696
令和6,神奈川区,ポートサイド野ばな保育園,0歳,5.0,0.0
令和6,神奈川区,ポートサイド野ばな保育園,1歳,2.5606060606060606,0.4878787878787879
令和6,神奈川区,ポートサイド野ばな保育園,2歳,1.7424242424242424,0.6515151515151515
令和6,神奈川区,ポートサイド野ばな保育園,3歳,5.0,0.0
令和6,神奈川区,ポートサイド野ばな保育園,4歳,5.0,0.0
令和6,神奈川区,ポートサイド野ばな保育園,5歳,5.0,0.0
令和6,神奈川区,マフィス白楽ナーサリー,0歳,5.0,0.0
令和6,神奈川区,マフィス白楽ナーサリー,1歳,4.729756582215599,0.054048683556880285
令和6,神奈川区,マフィス白楽ナーサリー,2歳,5.0,0.0
令和6,神奈川区,マフィス白楽ナーサリー,3歳,4.7727272727272725,0.045454545454545456
令和6,神奈川区,マフィス白楽ナーサリー,4歳,2.727272727272727,0.45454545454545453
令和6,神奈川区,マフィス白楽ナーサリー,5歳,0.9999999999999999,0.8
令和6,神奈川区,ミアヘルサ保育園ひびき羽沢横浜国大,0歳,5.0,0.0
令和6,神奈川区,ミアヘルサ保育園ひびき羽沢横浜国大,1歳,4.34065934065934,0.13186813186813187
令和6,神奈川区,ミアヘルサ保育園ひびき羽沢横浜国大,2歳,4.34065934065934,0.13186813186813187
令和6,神奈川区,ミアヘルサ保育園ひびき羽沢横浜国大,3歳,1.3566373746014462,0.7286725250797108
令和6,神奈川区,ミアヘルサ保育園ひびき羽沢横浜国大,4歳,1.2894248608534322,0.7421150278293135
令和6,神奈川区,ミアヘルサ保育園ひびき羽沢横浜国大,5歳,0.976190476190476,0.8047619047619048
令和6,神奈川区,メリー★ポピンズ東神奈川ルーム,0歳,5.0,0.0
令和6,神奈川区,メリー★ポピンズ東神奈川ルーム,1歳,5.0,0.0
令和6,神奈川区,メリー★ポピンズ東神奈川ルーム,2歳,3.8636363636363638,0.22727272727272727
令和6,神奈川区,メリー★ポピンズ東神奈川ルーム,3歳,3.1818181818181817,0.36363636363636365
令和6,神奈川区,メリー★ポピンズ東神奈川ルーム,4歳,1.9696969696969702,0.606060606060606
令和6,神奈川区,メリー★ポピンズ東神奈川ルーム,5歳,5.0,0.0
令和6,神奈川区,リトルスカラー新子安保育園,0歳,4.166666666666667,0.16666666666666666
令和6,神奈川区,リトルスカラー新子安保育園,1歳,3.674242424242424,0.26515151515151514
令和6,神奈川区,リトルスカラー新子安保育園,2歳,3.8636363636363638,0.22727272727272727
令和6,神奈川区,リトルスカラー新子安保育園,3歳,5.0,0.0
令和6,神奈川区,リトルスカラー新子安保育園,4歳,5.0,0.0
令和6,神奈川区,リトルスカラー新子安保育園,5歳,5.0,0.0
令和6,神奈川区,三ツ沢保育園,0歳,5.0,0.0
令和6,神奈川区,三ツ沢保育園,1歳,2.856060606060606,0.4287878787878788
令和6,神奈川区,三ツ沢保育園,2歳,3.2954545454545454,0.3409090909090909
令和6,神奈川区,三ツ沢保育園,3歳,4.696969696969696,0.0606060606060606
令和6,神奈川区,三ツ沢保育園,4歳,2.803030303030303,0.4393939393939394
令和6,神奈川区,三ツ沢保育園,5歳,1.666666666666667,0.6666666666666666
令和6,神奈川区,京浜保育園パステル,0歳,5.0,0.0
令和6,神奈川区,京浜保育園パステル,1歳,5.0,0.0
令和6,神奈川区,京浜保育園パステル,2歳,5.0,0.0
令和6,神奈川区,京浜保育園パステル,3歳,5.0,0.0
令和6,神奈川区,京浜保育園パステル,4歳,5.0,0.0
令和6,神奈川区,京浜保育園パステル,5歳,5.0,0.0
令和6,神奈川区,京進のほいくえんＨＯＰＰＡ反町園,0歳,3.8636363636363638,0.22727272727272727
令和6,神奈川区,京進のほいくえんＨＯＰＰＡ反町園,1歳,4.318181818181818,0.13636363636363635
令和6,神奈川区,京進のほいくえんＨＯＰＰＡ反町園,2歳,5.0,0.0
令和6,神奈川区,京進のほいくえんＨＯＰＰＡ反町園,3歳,5.0,0.0
令和6,神奈川区,京進のほいくえんＨＯＰＰＡ反町園,4歳,5.0,0.0
令和6,神奈川区,京進のほいくえんＨＯＰＰＡ反町園,5歳,5.0,0.0
令和6,神奈川区,保育ルーム　岸根公園前,0歳,5.0,0.0
令和6,神奈川区,保育ルーム　岸根公園前,1歳,4.866310160427807,0.026737967914438502
令和6,神奈川区,保育ルーム　岸根公園前,2歳,5.0,0.0
令和6,神奈川区,保育ルーム　岸根公園前,3歳,5.0,0.0
令和6,神奈川区,保育ルーム　岸根公園前,4歳,5.0,0.0
令和6,神奈川区,保育ルーム　岸根公園前,5歳,5.0,0.0
令和6,神奈川区,保育園こりす,0歳,5.0,0.0
令和6,神奈川区,保育園こりす,1歳,5.0,0.0
令和6,神奈川区,保育園こりす,2歳,5.0,0.0
令和6,神奈川区,保育園こりす,3歳,4.545454545454546,0.09090909090909091
令和6,神奈川区,保育園こりす,4歳,5.0,0.0
令和6,神奈川区,保育園こりす,5歳,5.0,0.0
令和6,神奈川区,反町ひかり保育園,0歳,5.0,0.0
令和6,神奈川区,反町ひかり保育園,1歳,4.352030947775629,0.12959381044487428
令和6,神奈川区,反町ひかり保育園,2歳,4.7727272727272725,0.045454545454545456
令和6,神奈川区,反町ひかり保育園,3歳,1.4696969696969695,0.706060606060606
令和6,神奈川区,反町ひかり保育園,4歳,1.292207792207792,0.7415584415584416
令和6,神奈川区,反町ひかり保育園,5歳,0.8433888945699969,0.8313222210860007
令和6,神奈川区,太陽の子　新子安保育園,0歳,4.090909090909091,0.18181818181818182
令和6,神奈川区,太陽の子　新子安保育園,1歳,5.0,0.0
令和6,神奈川区,太陽の子　新子安保育園,2歳,5.0,0.0
令和6,神奈川区,太陽の子　新子安保育園,3歳,5.0,0.0
令和6,神奈川区,太陽の子　新子安保育園,4歳,5.0,0.0
令和6,神奈川区,太陽の子　新子安保育園,5歳,2.727272727272727,0.45454545454545453
令和6,神奈川区,小鳩保育園,0歳,2.9545454545454546,0.4090909090909091
令和6,神奈川区,小鳩保育園,1歳,2.3106060606060606,0.537878787878788
令和6,神奈川区,小鳩保育園,2歳,2.727272727272727,0.45454545454545453
令和6,神奈川区,小鳩保育園,3歳,1.5909090909090908,0.6818181818181818
令和6,神奈川区,小鳩保育園,4歳,1.8181818181818181,0.6363636363636364
令和6,神奈川区,小鳩保育園,5歳,5.0,0.0
令和6,神奈川区,小鳩保育園分園,0歳,4.7727272727272725,0.045454545454545456
令和6,神奈川区,小鳩保育園分園,1歳,5.0,0.0
令和6,神奈川区,小鳩保育園分園,2歳,2.651515151515152,0.4696969696969697
令和6,神奈川区,小鳩保育園分園,3歳,1.5909090909090908,0.6818181818181818
令和6,神奈川区,小鳩保育園分園,4歳,1.0227272727272727,0.7954545454545454
令和6,神奈川区,小鳩保育園分園,5歳,1.25,0.75
令和6,神奈川区,新町あいりす保育園（令和７年３月で閉園します）,0歳,5.0,0.0
令和6,神奈川区,新町あいりす保育園（令和７年３月で閉園します）,1歳,5.0,0.0
令和6,神奈川区,新町あいりす保育園（令和７年３月で閉園します）,2歳,5.0,0.0
令和6,神奈川区,新町あいりす保育園（令和７年３月で閉園します）,3歳,5.0,0.0
令和6,神奈川区,新町あいりす保育園（令和７年３月で閉園します）,4歳,5.0,0.0
令和6,神奈川区,新町あいりす保育園（令和７年３月で閉園します）,5歳,5.0,0.0
令和6,神奈川区,東神奈川ひかり保育園,0歳,4.318181818181818,0.13636363636363635
令和6,神奈川区,東神奈川ひかり保育園,1歳,3.6363636363636362,0.2727272727272727
令和6,神奈川区,東神奈川ひかり保育園,2歳,1.628787878787879,0.6742424242424242
令和6,神奈川区,東神奈川ひかり保育園,3歳,5.0,0.0
令和6,神奈川区,東神奈川ひかり保育園,4歳,5.0,0.0
令和6,神奈川区,東神奈川ひかり保育園,5歳,5.0,0.0
令和6,神奈川区,横浜すきっぷ保育園,0歳,3.7121212121212124,0.25757575757575757
令和6,神奈川区,横浜すきっぷ保育園,1歳,3.956408052152733,0.2087183895694534
令和6,神奈川区,横浜すきっぷ保育園,2歳,4.318181818181818,0.13636363636363635
令和6,神奈川区,横浜すきっぷ保育園,3歳,5.0,0.0
令和6,神奈川区,横浜すきっぷ保育園,4歳,2.727272727272727,0.45454545454545453
令和6,神奈川区,横浜すきっぷ保育園,5歳,2.4580915538362347,0.5083816892327531
令和6,神奈川区,横浜シュタイナー保育園,0歳,5.0,0.0
令和6,神奈川区,横浜シュタイナー保育園,1歳,5.0,0.0
令和6,神奈川区,横浜シュタイナー保育園,2歳,5.0,0.0
令和6,神奈川区,横浜シュタイナー保育園,3歳,5.0,0.0
令和6,神奈川区,横浜シュタイナー保育園,4歳,5.0,0.0
令和6,神奈川区,横浜シュタイナー保育園,5歳,5.0,0.0
令和6,神奈川区,横浜ノーベル保育園,0歳,3.8636363636363638,0.22727272727272727
令和6,神奈川区,横浜ノーベル保育園,1歳,1.1515151515151516,0.7696969696969697
令和6,神奈川区,横浜ノーベル保育園,2歳,1.4772727272727273,0.7045454545454546
令和6,神奈川区,横浜ノーベル保育園,3歳,5.0,0.0
令和6,神奈川区,横浜ノーベル保育園,4歳,5.0,0.0
令和6,神奈川区,横浜ノーベル保育園,5歳,5.0,0.0
令和6,神奈川区,横浜大口雲母保育園,0歳,4.579303675048356,0.08413926499032881
令和6,神奈川区,横浜大口雲母保育園,1歳,5.0,0.0
令和6,神奈川区,横浜大口雲母保育園,2歳,5.0,0.0
令和6,神奈川区,横浜大口雲母保育園,3歳,4.85096870342772,0.02980625931445604
令和6,神奈川区,横浜大口雲母保育園,4歳,2.4242424242424243,0.5151515151515151
令和6,神奈川区,横浜大口雲母保育園,5歳,5.0,0.0
令和6,神奈川区,横浜市松見保育園,0歳,3.560606060606061,0.28787878787878785
令和6,神奈川区,横浜市松見保育園,1歳,5.0,0.0
令和6,神奈川区,横浜市松見保育園,2歳,5.0,0.0
令和6,神奈川区,横浜市松見保育園,3歳,3.333333333333333,0.3333333333333333
令和6,神奈川区,横浜市松見保育園,4歳,1.5909090909090908,0.6818181818181818
令和6,神奈川区,横浜市松見保育園,5歳,1.25,0.75
令和6,神奈川区,横浜市神大寺保育園,0歳,5.0,0.0
令和6,神奈川区,横浜市神大寺保育園,1歳,5.0,0.0
令和6,神奈川区,横浜市神大寺保育園,2歳,5.0,0.0
令和6,神奈川区,横浜市神大寺保育園,3歳,5.0,0.0
令和6,神奈川区,横浜市神大寺保育園,4歳,1.4772727272727273,0.7045454545454546
令和6,神奈川区,横浜市神大寺保育園,5歳,0.7727272727272727,0.8454545454545456
令和6,神奈川区,横浜市西菅田保育園,0歳,5.0,0.0
令和6,神奈川区,横浜市西菅田保育園,1歳,5.0,0.0
令和6,神奈川区,横浜市西菅田保育園,2歳,5.0,0.0
令和6,神奈川区,横浜市西菅田保育園,3歳,4.696969696969696,0.0606060606060606
令和6,神奈川区,横浜市西菅田保育園,4歳,4.46969696969697,0.10606060606060605
令和6,神奈川区,横浜市西菅田保育園,5歳,3.1818181818181817,0.36363636363636365
令和6,神奈川区,浦島保育園,0歳,5.0,0.0
令和6,神奈川区,浦島保育園,1歳,5.0,0.0
令和6,神奈川区,浦島保育園,2歳,4.579303675048356,0.08413926499032881
令和6,神奈川区,浦島保育園,3歳,1.9696969696969702,0.606060606060606
令和6,神奈川区,浦島保育園,4歳,2.727272727272727,0.45454545454545453
令和6,神奈川区,浦島保育園,5歳,3.6363636363636362,0.2727272727272727
令和6,神奈川区,白幡フレール保育園,0歳,5.0,0.0
令和6,神奈川区,白幡フレール保育園,1歳,5.0,0.0
令和6,神奈川区,白幡フレール保育園,2歳,5.0,0.0
令和6,神奈川区,白幡フレール保育園,3歳,5.0,0.0
令和6,神奈川区,白幡フレール保育園,4歳,1.9696969696969697,0.606060606060606
令和6,神奈川区,白幡フレール保育園,5歳,0.5681818181818183,0.8863636363636364
令和6,神奈川区,白幡保育園,0歳,3.522727272727273,0.29545454545454547
令和6,神奈川区,白幡保育園,1歳,5.0,0.0
令和6,神奈川区,白幡保育園,2歳,5.0,0.0
令和6,神奈川区,白幡保育園,3歳,3.8636363636363638,0.22727272727272727
令和6,神奈川区,白幡保育園,4歳,2.5,0.5
令和6,神奈川区,白幡保育園,5歳,0.8939393939393937,0.8212121212121212
令和6,神奈川区,白楽あいいく保育園,0歳,4.7755331088664414,0.044893378226711564
令和6,神奈川区,白楽あいいく保育園,1歳,4.917355371900826,0.01652892561983471
令和6,神奈川区,白楽あいいく保育園,2歳,5.0,0.0
令和6,神奈川区,白楽あいいく保育園,3歳,1.9696969696969702,0.606060606060606
令和6,神奈川区,白楽あいいく保育園,4歳,1.9696969696969702,0.606060606060606
令和6,神奈川区,白楽あいいく保育園,5歳,5.0,0.0
令和6,神奈川区,白百合乳児保育園,0歳,5.0,0.0
令和6,神奈川区,白百合乳児保育園,1歳,5.0,0.0
令和6,神奈川区,白百合乳児保育園,2歳,4.7727272727272725,0.045454545454545456
令和6,神奈川区,白百合乳児保育園,3歳,2.3484848484848486,0.5303030303030303
令和6,神奈川区,白百合乳児保育園,4歳,2.727272727272727,0.45454545454545453
令和6,神奈川区,白百合乳児保育園,5歳,2.9545454545454546,0.4090909090909091
令和6,神奈川区,神ノ木保育園,0歳,5.0,0.0
令和6,神奈川区,神ノ木保育園,1歳,4.767923133776792,0.04641537324464154
令和6,神奈川区,神ノ木保育園,2歳,4.604377104377105,0.07912457912457913
令和6,神奈川区,神ノ木保育園,3歳,3.560606060606061,0.28787878787878785
令和6,神奈川区,神ノ木保育園,4歳,2.727272727272727,0.45454545454545453
令和6,神奈川区,神ノ木保育園,5歳,0.9129806829414782,0.8174038634117043
令和6,神奈川区,空と杜の保育園かんだいじ,0歳,3.8217279174725984,0.23565441650548033
令和6,神奈川区,空と杜の保育園かんだいじ,1歳,5.0,0.0
令和6,神奈川区,空と杜の保育園かんだいじ,2歳,5.0,0.0
令和6,神奈川区,空と杜の保育園かんだいじ,3歳,3.6363636363636362,0.2727272727272727
令和6,神奈川区,空と杜の保育園かんだいじ,4歳,1.0227272727272727,0.7954545454545454
令和6,神奈川区,空と杜の保育園かんだいじ,5歳,1.1363636363636362,0.7727272727272727
令和6,神奈川区,第二白百合乳児保育園,0歳,3.7878787878787876,0.2424242424242424
令和6,神奈川区,第二白百合乳児保育園,1歳,5.0,0.0
令和6,神奈川区,第二白百合乳児保育園,2歳,4.318181818181818,0.13636363636363635
令和6,神奈川区,第二白百合乳児保育園,3歳,5.0,0.0
令和6,神奈川区,第二白百合乳児保育園,4歳,1.038961038961039,0.7922077922077921
令和6,神奈川区,第二白百合乳児保育園,5歳,2.5,0.5
令和6,神奈川区,羽沢保育園,0歳,4.415149955551397,0.11697000888972067
令和6,神奈川区,羽沢保育園,1歳,4.917355371900826,0.01652892561983471
令和6,神奈川区,羽沢保育園,2歳,5.0,0.0
令和6,神奈川区,羽沢保育園,3歳,4.7727272727272725,0.045454545454545456
令和6,神奈川区,羽沢保育園,4歳,4.806576402321084,0.03868471953578337
令和6,神奈川区,羽沢保育園,5歳,5.0,0.0
令和6,神奈川区,聖徳保育園,0歳,4.318181818181818,0.13636363636363635
令和6,神奈川区,聖徳保育園,1歳,4.217824516774483,0.15643509664510347
令和6,神奈川区,聖徳保育園,2歳,3.046536796536796,0.3906926406926407
令和6,神奈川区,聖徳保育園,3歳,4.7727272727272725,0.045454545454545456
令和6,神奈川区,聖徳保育園,4歳,2.1969696969696972,0.5606060606060606
令和6,神奈川区,聖徳保育園,5歳,0.5624098124098125,0.8875180375180375
令和6,神奈川区,西寺尾チューリップルーム,0歳,2.727272727272727,0.45454545454545453
令和6,神奈川区,西寺尾チューリップルーム,1歳,5.0,0.0
令和6,神奈川区,西寺尾チューリップルーム,2歳,5.0,0.0
令和6,神奈川区,西寺尾チューリップルーム,3歳,5.0,0.0
令和6,神奈川区,西寺尾チューリップルーム,4歳,5.0,0.0
令和6,神奈川区,西寺尾チューリップルーム,5歳,5.0,0.0
令和6,神奈川区,西寺尾保育園,0歳,3.409090909090909,0.3181818181818182
令和6,神奈川区,西寺尾保育園,1歳,5.0,0.0
令和6,神奈川区,西寺尾保育園,2歳,5.0,0.0
令和6,神奈川区,西寺尾保育園,3歳,2.575757575757576,0.4848484848484848
令和6,神奈川区,西寺尾保育園,4歳,0.8333333333333335,0.8333333333333333
令和6,神奈川区,西寺尾保育園,5歳,0.7142857142857145,0.8571428571428572
令和6,神奈川区,認定こども園捜真幼稚園,0歳,5.0,0.0
令和6,神奈川区,認定こども園捜真幼稚園,1歳,5.0,0.0
令和6,神奈川区,認定こども園捜真幼稚園,2歳,5.0,0.0
令和6,神奈川区,認定こども園捜真幼稚園,3歳,1.8181818181818181,0.6363636363636364
令和6,神奈川区,認定こども園捜真幼稚園,4歳,5.0,0.0
令和6,神奈川区,認定こども園捜真幼稚園,5歳,3.6363636363636362,0.2727272727272727
令和6,神奈川区,ＧＥＮＫＩＤＳバイリンガル保育園新子安,0歳,4.7727272727272725,0.045454545454545456
令和6,神奈川区,ＧＥＮＫＩＤＳバイリンガル保育園新子安,1歳,5.0,0.0
令和6,神奈川区,ＧＥＮＫＩＤＳバイリンガル保育園新子安,2歳,4.7727272727272725,0.045454545454545456
令和6,神奈川区,ＧＥＮＫＩＤＳバイリンガル保育園新子安,3歳,5.0,0.0
令和6,神奈川区,ＧＥＮＫＩＤＳバイリンガル保育園新子安,4歳,5.0,0.0
令和6,神奈川区,ＧＥＮＫＩＤＳバイリンガル保育園新子安,5歳,1.25,0.75
令和6,神奈川区,ＳＵＮＮＹ　ＫＩＤ保育園,0歳,4.090909090909091,0.18181818181818182
令和6,神奈川区,ＳＵＮＮＹ　ＫＩＤ保育園,1歳,3.2121212121212124,0.3575757575757576
令和6,神奈川区,ＳＵＮＮＹ　ＫＩＤ保育園,2歳,2.234848484848485,0.553030303030303
令和6,神奈川区,ＳＵＮＮＹ　ＫＩＤ保育園,3歳,5.0,0.0
令和6,神奈川区,ＳＵＮＮＹ　ＫＩＤ保育園,4歳,5.0,0.0
令和6,神奈川区,ＳＵＮＮＹ　ＫＩＤ保育園,5歳,5.0,0.0
令和6,神奈川区,ＹＭＣＡ東かながわ保育園,0歳,3.8636363636363638,0.22727272727272727
令和6,神奈川区,ＹＭＣＡ東かながわ保育園,1歳,4.7727272727272725,0.045454545454545456
令和6,神奈川区,ＹＭＣＡ東かながわ保育園,2歳,5.0,0.0
令和6,神奈川区,ＹＭＣＡ東かながわ保育園,3歳,5.0,0.0
令和6,神奈川区,ＹＭＣＡ東かながわ保育園,4歳,4.7727272727272725,0.045454545454545456
令和6,神奈川区,ＹＭＣＡ東かながわ保育園,5歳,4.7727272727272725,0.045454545454545456
令和6,緑区,おひさますまいる保育園,0歳,5.0,0.0
令和6,緑区,おひさますまいる保育園,1歳,5.0,0.0
令和6,緑区,おひさますまいる保育園,2歳,4.831649831649832,0.03367003367003367
令和6,緑区,おひさますまいる保育園,3歳,4.866310160427807,0.026737967914438502
令和6,緑区,おひさますまいる保育園,4歳,5.0,0.0
令和6,緑区,おひさますまいる保育園,5歳,5.0,0.0
令和6,緑区,さくらの郷みらい保育園,0歳,4.934123847167325,0.013175230566534914
令和6,緑区,さくらの郷みらい保育園,1歳,5.0,0.0
令和6,緑区,さくらの郷みらい保育園,2歳,5.0,0.0
令和6,緑区,さくらの郷みらい保育園,3歳,4.7727272727272725,0.045454545454545456
令和6,緑区,さくらの郷みらい保育園,4歳,5.0,0.0
令和6,緑区,さくらの郷みらい保育園,5歳,4.090909090909091,0.18181818181818182
令和6,緑区,すまいる保育園,0歳,3.484848484848485,0.303030303030303
令和6,緑区,すまいる保育園,1歳,5.0,0.0
令和6,緑区,すまいる保育園,2歳,5.0,0.0
令和6,緑区,すまいる保育園,3歳,5.0,0.0
令和6,緑区,すまいる保育園,4歳,5.0,0.0
令和6,緑区,すまいる保育園,5歳,5.0,0.0
令和6,緑区,すまいる十日市場保育園,0歳,5.0,0.0
令和6,緑区,すまいる十日市場保育園,1歳,5.0,0.0
令和6,緑区,すまいる十日市場保育園,2歳,4.318181818181818,0.13636363636363635
令和6,緑区,すまいる十日市場保育園,3歳,5.0,0.0
令和6,緑区,すまいる十日市場保育園,4歳,5.0,0.0
令和6,緑区,すまいる十日市場保育園,5歳,5.0,0.0
令和6,緑区,そよかぜ保育園,0歳,4.889135254988914,0.022172949002217297
令和6,緑区,そよかぜ保育園,1歳,5.0,0.0
令和6,緑区,そよかぜ保育園,2歳,4.897854954034729,0.02042900919305414
令和6,緑区,そよかぜ保育園,3歳,5.0,0.0
令和6,緑区,そよかぜ保育園,4歳,5.0,0.0
令和6,緑区,そよかぜ保育園,5歳,5.0,0.0
令和6,緑区,たけやまの森保育園,0歳,5.0,0.0
令和6,緑区,たけやまの森保育園,1歳,5.0,0.0
令和6,緑区,たけやまの森保育園,2歳,4.7727272727272725,0.045454545454545456
令和6,緑区,たけやまの森保育園,3歳,4.659090909090909,0.06818181818181818
令和6,緑区,たけやまの森保育園,4歳,4.242424242424242,0.1515151515151515
令和6,緑区,たけやまの森保育園,5歳,5.0,0.0
令和6,緑区,といろきっず中山保育園,0歳,4.3939393939393945,0.1212121212121212
令和6,緑区,といろきっず中山保育園,1歳,5.0,0.0
令和6,緑区,といろきっず中山保育園,2歳,4.7727272727272725,0.045454545454545456
令和6,緑区,といろきっず中山保育園,3歳,5.0,0.0
令和6,緑区,といろきっず中山保育園,4歳,5.0,0.0
令和6,緑区,といろきっず中山保育園,5歳,5.0,0.0
令和6,緑区,にこにこすまいる園,0歳,3.8636363636363638,0.22727272727272727
令和6,緑区,にこにこすまいる園,1歳,5.0,0.0
令和6,緑区,にこにこすまいる園,2歳,5.0,0.0
令和6,緑区,にこにこすまいる園,3歳,5.0,0.0
令和6,緑区,にこにこすまいる園,4歳,5.0,0.0
令和6,緑区,にこにこすまいる園,5歳,5.0,0.0
令和6,緑区,にじいろ保育園中山,0歳,5.0,0.0
令和6,緑区,にじいろ保育園中山,1歳,5.0,0.0
令和6,緑区,にじいろ保育園中山,2歳,5.0,0.0
令和6,緑区,にじいろ保育園中山,3歳,5.0,0.0
令和6,緑区,にじいろ保育園中山,4歳,5.0,0.0
令和6,緑区,にじいろ保育園中山,5歳,5.0,0.0
令和6,緑区,にじいろ保育園鴨居,0歳,5.0,0.0
令和6,緑区,にじいろ保育園鴨居,1歳,4.96462681287584,0.007074637424831978
令和6,緑区,にじいろ保育園鴨居,2歳,5.0,0.0
令和6,緑区,にじいろ保育園鴨居,3歳,5.0,0.0
令和6,緑区,にじいろ保育園鴨居,4歳,5.0,0.0
令和6,緑区,にじいろ保育園鴨居,5歳,0.950413223140496,0.8099173553719008
令和6,緑区,ひまわり中山駅前保育園,0歳,4.03030303030303,0.19393939393939394
令和6,緑区,ひまわり中山駅前保育園,1歳,4.623695976154992,0.07526080476900149
令和6,緑区,ひまわり中山駅前保育園,2歳,4.7727272727272725,0.045454545454545456
令和6,緑区,ひまわり中山駅前保育園,3歳,5.0,0.0
令和6,緑区,ひまわり中山駅前保育園,4歳,5.0,0.0
令和6,緑区,ひまわり中山駅前保育園,5歳,5.0,0.0
令和6,緑区,みどりさくら保育園,0歳,4.604377104377105,0.07912457912457913
令和6,緑区,みどりさくら保育園,1歳,5.0,0.0
令和6,緑区,みどりさくら保育園,2歳,5.0,0.0
令和6,緑区,みどりさくら保育園,3歳,4.19121804367706,0.16175639126458796
令和6,緑区,みどりさくら保育園,4歳,5.0,0.0
令和6,緑区,みどりさくら保育園,5歳,5.0,0.0
令和6,緑区,みどりひよこ園,0歳,4.015151515151515,0.19696969696969696
令和6,緑区,みどりひよこ園,1歳,4.866310160427807,0.026737967914438502
令和6,緑区,みどりひよこ園,2歳,4.46969696969697,0.10606060606060605
令和6,緑区,みどりひよこ園,3歳,5.0,0.0
令和6,緑区,みどりひよこ園,4歳,5.0,0.0
令和6,緑区,みどりひよこ園,5歳,5.0,0.0
令和6,緑区,みどり寺山保育園,0歳,5.0,0.0
令和6,緑区,みどり寺山保育園,1歳,5.0,0.0
令和6,緑区,みどり寺山保育園,2歳,5.0,0.0
令和6,緑区,みどり寺山保育園,3歳,5.0,0.0
令和6,緑区,みどり寺山保育園,4歳,4.7727272727272725,0.045454545454545456
令和6,緑区,みどり寺山保育園,5歳,5.0,0.0
令和6,緑区,みなみ台保育園,0歳,4.431818181818182,0.11363636363636363
令和6,緑区,みなみ台保育園,1歳,4.7727272727272725,0.045454545454545456
令和6,緑区,みなみ台保育園,2歳,4.377104377104377,0.12457912457912457
令和6,緑区,みなみ台保育園,3歳,4.7727272727272725,0.045454545454545456
令和6,緑区,みなみ台保育園,4歳,4.806576402321084,0.03868471953578337
令和6,緑区,みなみ台保育園,5歳,5.0,0.0
令和6,緑区,みもざ保育園,0歳,3.674242424242424,0.26515151515151514
令和6,緑区,みもざ保育園,1歳,4.128787878787879,0.17424242424242423
令和6,緑区,みもざ保育園,2歳,4.806576402321084,0.03868471953578337
令和6,緑区,みもざ保育園,3歳,3.143939393939394,0.37121212121212116
令和6,緑区,みもざ保育園,4歳,4.579303675048356,0.08413926499032881
令和6,緑区,みもざ保育園,5歳,3.7878787878787876,0.2424242424242424
令和6,緑区,みらいつぼみ保育園,0歳,5.0,0.0
令和6,緑区,みらいつぼみ保育園,1歳,5.0,0.0
令和6,緑区,みらいつぼみ保育園,2歳,5.0,0.0
令和6,緑区,みらいつぼみ保育園,3歳,5.0,0.0
令和6,緑区,みらいつぼみ保育園,4歳,5.0,0.0
令和6,緑区,みらいつぼみ保育園,5歳,5.0,0.0
令和6,緑区,もみの木保育園,0歳,3.771043771043771,0.24579124579124578
令和6,緑区,もみの木保育園,1歳,5.0,0.0
令和6,緑区,もみの木保育園,2歳,5.0,0.0
令和6,緑区,もみの木保育園,3歳,5.0,0.0
令和6,緑区,もみの木保育園,4歳,4.50354609929078,0.09929078014184398
令和6,緑区,もみの木保育園,5歳,4.545454545454546,0.09090909090909091
令和6,緑区,もりの風保育園,0歳,2.946969696969697,0.4106060606060606
令和6,緑区,もりの風保育園,1歳,4.7727272727272725,0.045454545454545456
令和6,緑区,もりの風保育園,2歳,5.0,0.0
令和6,緑区,もりの風保育園,3歳,3.5606060606060606,0.28787878787878785
令和6,緑区,もりの風保育園,4歳,4.229333540710786,0.15413329185784275
令和6,緑区,もりの風保育園,5歳,4.090909090909091,0.18181818181818182
令和6,緑区,やまゆり中山保育園,0歳,5.0,0.0
令和6,緑区,やまゆり中山保育園,1歳,5.0,0.0
令和6,緑区,やまゆり中山保育園,2歳,4.90530303030303,0.01893939393939394
令和6,緑区,やまゆり中山保育園,3歳,4.806576402321084,0.03868471953578337
令和6,緑区,やまゆり中山保育園,4歳,5.0,0.0
令和6,緑区,やまゆり中山保育園,5歳,1.3409090909090908,0.7318181818181819
令和6,緑区,ゆめの実保育園,0歳,5.0,0.0
令和6,緑区,ゆめの実保育園,1歳,4.027777777777778,0.19444444444444445
令和6,緑区,ゆめの実保育園,2歳,4.545454545454546,0.09090909090909091
令和6,緑区,ゆめの実保育園,3歳,5.0,0.0
令和6,緑区,ゆめの実保育園,4歳,5.0,0.0
令和6,緑区,ゆめの実保育園,5歳,5.0,0.0
令和6,緑区,わらべうた中山保育園,0歳,5.0,0.0
令和6,緑区,わらべうた中山保育園,1歳,5.0,0.0
令和6,緑区,わらべうた中山保育園,2歳,4.831649831649832,0.03367003367003367
令和6,緑区,わらべうた中山保育園,3歳,5.0,0.0
令和6,緑区,わらべうた中山保育園,4歳,5.0,0.0
令和6,緑区,わらべうた中山保育園,5歳,2.575757575757576,0.4848484848484848
令和6,緑区,キッズフォレ長津田,0歳,5.0,0.0
令和6,緑区,キッズフォレ長津田,1歳,5.0,0.0
令和6,緑区,キッズフォレ長津田,2歳,5.0,0.0
令和6,緑区,キッズフォレ長津田,3歳,3.1818181818181817,0.36363636363636365
令和6,緑区,キッズフォレ長津田,4歳,5.0,0.0
令和6,緑区,キッズフォレ長津田,5歳,4.7727272727272725,0.045454545454545456
令和6,緑区,グローバルキッズ十日市場園,0歳,5.0,0.0
令和6,緑区,グローバルキッズ十日市場園,1歳,5.0,0.0
令和6,緑区,グローバルキッズ十日市場園,2歳,5.0,0.0
令和6,緑区,グローバルキッズ十日市場園,3歳,4.173432215667845,0.1653135568664308
令和6,緑区,グローバルキッズ十日市場園,4歳,5.0,0.0
令和6,緑区,グローバルキッズ十日市場園,5歳,5.0,0.0
令和6,緑区,シャルール保育園,0歳,4.242424242424242,0.1515151515151515
令和6,緑区,シャルール保育園,1歳,5.0,0.0
令和6,緑区,シャルール保育園,2歳,4.7727272727272725,0.045454545454545456
令和6,緑区,シャルール保育園,3歳,5.0,0.0
令和6,緑区,シャルール保育園,4歳,5.0,0.0
令和6,緑区,シャルール保育園,5歳,2.5,0.5
令和6,緑区,スターチャイルド≪中山ナーサリー≫,0歳,4.7727272727272725,0.045454545454545456
令和6,緑区,スターチャイルド≪中山ナーサリー≫,1歳,5.0,0.0
令和6,緑区,スターチャイルド≪中山ナーサリー≫,2歳,5.0,0.0
令和6,緑区,スターチャイルド≪中山ナーサリー≫,3歳,5.0,0.0
令和6,緑区,スターチャイルド≪中山ナーサリー≫,4歳,5.0,0.0
令和6,緑区,スターチャイルド≪中山ナーサリー≫,5歳,5.0,0.0
令和6,緑区,スターチャイルド≪長津田ナーサリー≫,0歳,5.0,0.0
令和6,緑区,スターチャイルド≪長津田ナーサリー≫,1歳,5.0,0.0
令和6,緑区,スターチャイルド≪長津田ナーサリー≫,2歳,5.0,0.0
令和6,緑区,スターチャイルド≪長津田ナーサリー≫,3歳,5.0,0.0
令和6,緑区,スターチャイルド≪長津田ナーサリー≫,4歳,4.613152804642167,0.07736943907156674
令和6,緑区,スターチャイルド≪長津田ナーサリー≫,5歳,5.0,0.0
令和6,緑区,スターチャイルド≪長津田駅前ナーサリー≫,0歳,5.0,0.0
令和6,緑区,スターチャイルド≪長津田駅前ナーサリー≫,1歳,5.0,0.0
令和6,緑区,スターチャイルド≪長津田駅前ナーサリー≫,2歳,4.7727272727272725,0.045454545454545456
令和6,緑区,スターチャイルド≪長津田駅前ナーサリー≫,3歳,3.409090909090909,0.3181818181818182
令和6,緑区,スターチャイルド≪長津田駅前ナーサリー≫,4歳,5.0,0.0
令和6,緑区,スターチャイルド≪長津田駅前ナーサリー≫,5歳,0.45730027548209373,0.9085399449035813
令和6,緑区,スターチャイルド≪鴨居ナーサリー≫,0歳,5.0,0.0
令和6,緑区,スターチャイルド≪鴨居ナーサリー≫,1歳,5.0,0.0
令和6,緑区,スターチャイルド≪鴨居ナーサリー≫,2歳,5.0,0.0
令和6,緑区,スターチャイルド≪鴨居ナーサリー≫,3歳,4.090909090909091,0.18181818181818182
令和6,緑区,スターチャイルド≪鴨居ナーサリー≫,4歳,5.0,0.0
令和6,緑区,スターチャイルド≪鴨居ナーサリー≫,5歳,5.0,0.0
令和6,緑区,ハッピーシーズくるみ園,0歳,5.0,0.0
令和6,緑区,ハッピーシーズくるみ園,1歳,5.0,0.0
令和6,緑区,ハッピーシーズくるみ園,2歳,5.0,0.0
令和6,緑区,ハッピーシーズくるみ園,3歳,5.0,0.0
令和6,緑区,ハッピーシーズくるみ園,4歳,5.0,0.0
令和6,緑区,ハッピーシーズくるみ園,5歳,5.0,0.0
令和6,緑区,ハッピーシーズりんご園,0歳,5.0,0.0
令和6,緑区,ハッピーシーズりんご園,1歳,5.0,0.0
令和6,緑区,ハッピーシーズりんご園,2歳,4.7727272727272725,0.045454545454545456
令和6,緑区,ハッピーシーズりんご園,3歳,5.0,0.0
令和6,緑区,ハッピーシーズりんご園,4歳,5.0,0.0
令和6,緑区,ハッピーシーズりんご園,5歳,5.0,0.0
令和6,緑区,ハッピーシーズ保育園,0歳,5.0,0.0
令和6,緑区,ハッピーシーズ保育園,1歳,5.0,0.0
令和6,緑区,ハッピーシーズ保育園,2歳,5.0,0.0
令和6,緑区,ハッピーシーズ保育園,3歳,5.0,0.0
令和6,緑区,ハッピーシーズ保育園,4歳,5.0,0.0
令和6,緑区,ハッピーシーズ保育園,5歳,5.0,0.0
令和6,緑区,バオバブ霧が丘保育園,0歳,3.916666666666667,0.21666666666666667
令和6,緑区,バオバブ霧が丘保育園,1歳,5.0,0.0
令和6,緑区,バオバブ霧が丘保育園,2歳,5.0,0.0
令和6,緑区,バオバブ霧が丘保育園,3歳,3.0952380952380953,0.380952380952381
令和6,緑区,バオバブ霧が丘保育園,4歳,3.484848484848485,0.303030303030303
令和6,緑区,バオバブ霧が丘保育園,5歳,5.0,0.0
令和6,緑区,パレット保育園・長津田,0歳,5.0,0.0
令和6,緑区,パレット保育園・長津田,1歳,5.0,0.0
令和6,緑区,パレット保育園・長津田,2歳,4.7727272727272725,0.045454545454545456
令和6,緑区,パレット保育園・長津田,3歳,4.545454545454546,0.09090909090909091
令和6,緑区,パレット保育園・長津田,4歳,5.0,0.0
令和6,緑区,パレット保育園・長津田,5歳,5.0,0.0
令和6,緑区,ピノキオ保育園十日市場園,0歳,5.0,0.0
令和6,緑区,ピノキオ保育園十日市場園,1歳,4.579303675048356,0.08413926499032881
令和6,緑区,ピノキオ保育園十日市場園,2歳,4.7727272727272725,0.045454545454545456
令和6,緑区,ピノキオ保育園十日市場園,3歳,5.0,0.0
令和6,緑区,ピノキオ保育園十日市場園,4歳,5.0,0.0
令和6,緑区,ピノキオ保育園十日市場園,5歳,5.0,0.0
令和6,緑区,ポピンズナーサリースクール十日市場駅前,0歳,3.7045454545454546,0.2590909090909091
令和6,緑区,ポピンズナーサリースクール十日市場駅前,1歳,5.0,0.0
令和6,緑区,ポピンズナーサリースクール十日市場駅前,2歳,5.0,0.0
令和6,緑区,ポピンズナーサリースクール十日市場駅前,3歳,5.0,0.0
令和6,緑区,ポピンズナーサリースクール十日市場駅前,4歳,4.7727272727272725,0.045454545454545456
令和6,緑区,ポピンズナーサリースクール十日市場駅前,5歳,4.7727272727272725,0.045454545454545456
令和6,緑区,ポピンズナーサリースクール横浜十日市場,0歳,4.545454545454546,0.09090909090909091
令和6,緑区,ポピンズナーサリースクール横浜十日市場,1歳,5.0,0.0
令和6,緑区,ポピンズナーサリースクール横浜十日市場,2歳,4.754299754299755,0.04914004914004913
令和6,緑区,ポピンズナーサリースクール横浜十日市場,3歳,5.0,0.0
令和6,緑区,ポピンズナーサリースクール横浜十日市場,4歳,5.0,0.0
令和6,緑区,ポピンズナーサリースクール横浜十日市場,5歳,5.0,0.0
令和6,緑区,マームゆりかご　かもい保育園,0歳,5.0,0.0
令和6,緑区,マームゆりかご　かもい保育園,1歳,5.0,0.0
令和6,緑区,マームゆりかご　かもい保育園,2歳,5.0,0.0
令和6,緑区,マームゆりかご　かもい保育園,3歳,5.0,0.0
令和6,緑区,マームゆりかご　かもい保育園,4歳,5.0,0.0
令和6,緑区,マームゆりかご　かもい保育園,5歳,5.0,0.0
令和6,緑区,マームゆりかご　ながつた保育園,0歳,5.0,0.0
令和6,緑区,マームゆりかご　ながつた保育園,1歳,5.0,0.0
令和6,緑区,マームゆりかご　ながつた保育園,2歳,3.1818181818181817,0.36363636363636365
令和6,緑区,マームゆりかご　ながつた保育園,3歳,5.0,0.0
令和6,緑区,マームゆりかご　ながつた保育園,4歳,5.0,0.0
令和6,緑区,マームゆりかご　ながつた保育園,5歳,5.0,0.0
令和6,緑区,ヴィラ十日市場こども園,0歳,4.448089138810788,0.11038217223784233
令和6,緑区,ヴィラ十日市場こども園,1歳,4.917355371900826,0.01652892561983471
令和6,緑区,ヴィラ十日市場こども園,2歳,5.0,0.0
令和6,緑区,ヴィラ十日市場こども園,3歳,5.0,0.0
令和6,緑区,ヴィラ十日市場こども園,4歳,5.0,0.0
令和6,緑区,ヴィラ十日市場こども園,5歳,5.0,0.0
令和6,緑区,中山こども園,0歳,5.0,0.0
令和6,緑区,中山こども園,1歳,4.889135254988914,0.022172949002217297
令和6,緑区,中山こども園,2歳,5.0,0.0
令和6,緑区,中山こども園,3歳,4.7727272727272725,0.045454545454545456
令和6,緑区,中山こども園,4歳,4.242424242424242,0.1515151515151515
令和6,緑区,中山こども園,5歳,5.0,0.0
令和6,緑区,保育所マナマナハウス,0歳,5.0,0.0
令和6,緑区,保育所マナマナハウス,1歳,5.0,0.0
令和6,緑区,保育所マナマナハウス,2歳,4.806576402321084,0.03868471953578337
令和6,緑区,保育所マナマナハウス,3歳,5.0,0.0
令和6,緑区,保育所マナマナハウス,4歳,5.0,0.0
令和6,緑区,保育所マナマナハウス,5歳,5.0,0.0
令和6,緑区,倉山保育室,0歳,5.0,0.0
令和6,緑区,倉山保育室,1歳,4.889135254988914,0.022172949002217297
令和6,緑区,倉山保育室,2歳,5.0,0.0
令和6,緑区,倉山保育室,3歳,5.0,0.0
令和6,緑区,倉山保育室,4歳,5.0,0.0
令和6,緑区,倉山保育室,5歳,5.0,0.0
令和6,緑区,十日市場こども園,0歳,3.9732430689877494,0.20535138620245003
令和6,緑区,十日市場こども園,1歳,5.0,0.0
令和6,緑区,十日市場こども園,2歳,4.806576402321084,0.03868471953578337
令和6,緑区,十日市場こども園,3歳,5.0,0.0
令和6,緑区,十日市場こども園,4歳,5.0,0.0
令和6,緑区,十日市場こども園,5歳,5.0,0.0
令和6,緑区,大澤保育室,0歳,5.0,0.0
令和6,緑区,大澤保育室,1歳,3.6363636363636362,0.2727272727272727
令和6,緑区,大澤保育室,2歳,3.409090909090909,0.3181818181818182
令和6,緑区,大澤保育室,3歳,5.0,0.0
令和6,緑区,大澤保育室,4歳,5.0,0.0
令和6,緑区,大澤保育室,5歳,5.0,0.0
令和6,緑区,太陽の子　長津田北保育園,0歳,4.7727272727272725,0.045454545454545456
令和6,緑区,太陽の子　長津田北保育園,1歳,5.0,0.0
令和6,緑区,太陽の子　長津田北保育園,2歳,5.0,0.0
令和6,緑区,太陽の子　長津田北保育園,3歳,5.0,0.0
令和6,緑区,太陽の子　長津田北保育園,4歳,5.0,0.0
令和6,緑区,太陽の子　長津田北保育園,5歳,2.272727272727273,0.5454545454545454
令和6,緑区,太陽の子　鴨居駅前保育園,0歳,5.0,0.0
令和6,緑区,太陽の子　鴨居駅前保育園,1歳,4.956293706293706,0.008741258741258744
令和6,緑区,太陽の子　鴨居駅前保育園,2歳,4.926686217008798,0.014662756598240472
令和6,緑区,太陽の子　鴨居駅前保育園,3歳,4.545454545454546,0.09090909090909091
令和6,緑区,太陽の子　鴨居駅前保育園,4歳,5.0,0.0
令和6,緑区,太陽の子　鴨居駅前保育園,5歳,4.7727272727272725,0.045454545454545456
令和6,緑区,寺山保育園,0歳,5.0,0.0
令和6,緑区,寺山保育園,1歳,5.0,0.0
令和6,緑区,寺山保育園,2歳,5.0,0.0
令和6,緑区,寺山保育園,3歳,4.295454545454546,0.1409090909090909
令和6,緑区,寺山保育園,4歳,4.3939393939393945,0.1212121212121212
令和6,緑区,寺山保育園,5歳,4.545454545454546,0.09090909090909091
令和6,緑区,小さな保育園　ままのて,0歳,5.0,0.0
令和6,緑区,小さな保育園　ままのて,1歳,4.523855266176611,0.0952289467646779
令和6,緑区,小さな保育園　ままのて,2歳,5.0,0.0
令和6,緑区,小さな保育園　ままのて,3歳,5.0,0.0
令和6,緑区,小さな保育園　ままのて,4歳,5.0,0.0
令和6,緑区,小さな保育園　ままのて,5歳,5.0,0.0
令和6,緑区,小学館アカデミーなかやま保育園,0歳,5.0,0.0
令和6,緑区,小学館アカデミーなかやま保育園,1歳,5.0,0.0
令和6,緑区,小学館アカデミーなかやま保育園,2歳,5.0,0.0
令和6,緑区,小学館アカデミーなかやま保育園,3歳,5.0,0.0
令和6,緑区,小学館アカデミーなかやま保育園,4歳,5.0,0.0
令和6,緑区,小学館アカデミーなかやま保育園,5歳,5.0,0.0
令和6,緑区,小山保育園,0歳,4.7727272727272725,0.045454545454545456
令和6,緑区,小山保育園,1歳,5.0,0.0
令和6,緑区,小山保育園,2歳,5.0,0.0
令和6,緑区,小山保育園,3歳,4.318181818181818,0.13636363636363635
令和6,緑区,小山保育園,4歳,4.090909090909091,0.18181818181818182
令和6,緑区,小山保育園,5歳,5.0,0.0
令和6,緑区,新治保育園,0歳,4.7727272727272725,0.045454545454545456
令和6,緑区,新治保育園,1歳,4.7727272727272725,0.045454545454545456
令和6,緑区,新治保育園,2歳,4.318181818181818,0.13636363636363635
令和6,緑区,新治保育園,3歳,4.545454545454546,0.09090909090909091
令和6,緑区,新治保育園,4歳,3.8636363636363638,0.22727272727272727
令和6,緑区,新治保育園,5歳,5.0,0.0
令和6,緑区,明日葉保育園長津田園,0歳,5.0,0.0
令和6,緑区,明日葉保育園長津田園,1歳,5.0,0.0
令和6,緑区,明日葉保育園長津田園,2歳,5.0,0.0
令和6,緑区,明日葉保育園長津田園,3歳,5.0,0.0
令和6,緑区,明日葉保育園長津田園,4歳,5.0,0.0
令和6,緑区,明日葉保育園長津田園,5歳,3.409090909090909,0.3181818181818182
令和6,緑区,森の台保育園,0歳,5.0,0.0
令和6,緑区,森の台保育園,1歳,5.0,0.0
令和6,緑区,森の台保育園,2歳,5.0,0.0
令和6,緑区,森の台保育園,3歳,5.0,0.0
令和6,緑区,森の台保育園,4歳,2.9545454545454546,0.4090909090909091
令和6,緑区,森の台保育園,5歳,5.0,0.0
令和6,緑区,横浜市十日市場保育園,0歳,2.7126623376623376,0.4574675324675325
令和6,緑区,横浜市十日市場保育園,1歳,4.90530303030303,0.01893939393939394
令和6,緑区,横浜市十日市場保育園,2歳,5.0,0.0
令和6,緑区,横浜市十日市場保育園,3歳,4.806576402321084,0.03868471953578337
令和6,緑区,横浜市十日市場保育園,4歳,5.0,0.0
令和6,緑区,横浜市十日市場保育園,5歳,5.0,0.0
令和6,緑区,横浜市長津田保育園,0歳,4.545454545454546,0.09090909090909091
令和6,緑区,横浜市長津田保育園,1歳,5.0,0.0
令和6,緑区,横浜市長津田保育園,2歳,5.0,0.0
令和6,緑区,横浜市長津田保育園,3歳,4.191919191919192,0.1616161616161616
令和6,緑区,横浜市長津田保育園,4歳,5.0,0.0
令和6,緑区,横浜市長津田保育園,5歳,4.220779220779221,0.15584415584415584
令和6,緑区,横浜市鴨居保育園,0歳,4.794555726759117,0.04108885464817668
令和6,緑区,横浜市鴨居保育園,1歳,5.0,0.0
令和6,緑区,横浜市鴨居保育園,2歳,5.0,0.0
令和6,緑区,横浜市鴨居保育園,3歳,5.0,0.0
令和6,緑区,横浜市鴨居保育園,4歳,5.0,0.0
令和6,緑区,横浜市鴨居保育園,5歳,5.0,0.0
令和6,緑区,福澤保育センター,0歳,5.0,0.0
令和6,緑区,福澤保育センター,1歳,5.0,0.0
令和6,緑区,福澤保育センター,2歳,5.0,0.0
令和6,緑区,福澤保育センター,3歳,2.8030303030303028,0.43939393939393945
令和6,緑区,福澤保育センター,4歳,2.2045454545454546,0.5590909090909091
令和6,緑区,福澤保育センター,5歳,1.9696969696969702,0.606060606060606
令和6,緑区,認可保育所どうぞのひろば,0歳,5.0,0.0
令和6,緑区,認可保育所どうぞのひろば,1歳,5.0,0.0
令和6,緑区,認可保育所どうぞのひろば,2歳,5.0,0.0
令和6,緑区,認可保育所どうぞのひろば,3歳,4.318181818181818,0.13636363636363635
令和6,緑区,認可保育所どうぞのひろば,4歳,5.0,0.0
令和6,緑区,認可保育所どうぞのひろば,5歳,5.0,0.0
令和6,緑区,認定こども園　横浜あすか幼稚園,0歳,5.0,0.0
令和6,緑区,認定こども園　横浜あすか幼稚園,1歳,5.0,0.0
令和6,緑区,認定こども園　横浜あすか幼稚園,2歳,5.0,0.0
令和6,緑区,認定こども園　横浜あすか幼稚園,3歳,5.0,0.0
令和6,緑区,認定こども園　横浜あすか幼稚園,4歳,5.0,0.0
令和6,緑区,認定こども園　横浜あすか幼稚園,5歳,4.806576402321084,0.03868471953578337
令和6,緑区,認定こども園　横浜マドカ幼稚園,0歳,5.0,0.0
令和6,緑区,認定こども園　横浜マドカ幼稚園,1歳,5.0,0.0
令和6,緑区,認定こども園　横浜マドカ幼稚園,2歳,5.0,0.0
令和6,緑区,認定こども園　横浜マドカ幼稚園,3歳,5.0,0.0
令和6,緑区,認定こども園　横浜マドカ幼稚園,4歳,3.6363636363636362,0.2727272727272727
令和6,緑区,認定こども園　横浜マドカ幼稚園,5歳,2.5,0.5
令和6,緑区,長津田こども園,0歳,4.85096870342772,0.02980625931445604
令和6,緑区,長津田こども園,1歳,5.0,0.0
令和6,緑区,長津田こども園,2歳,5.0,0.0
令和6,緑区,長津田こども園,3歳,5.0,0.0
令和6,緑区,長津田こども園,4歳,5.0,0.0
令和6,緑区,長津田こども園,5歳,5.0,0.0
令和6,緑区,青砥どんぐり保育園,0歳,4.7727272727272725,0.045454545454545456
令和6,緑区,青砥どんぐり保育園,1歳,4.911738746690204,0.0176522506619594
令和6,緑区,青砥どんぐり保育園,2歳,5.0,0.0
令和6,緑区,青砥どんぐり保育園,3歳,4.806576402321084,0.03868471953578337
令和6,緑区,青砥どんぐり保育園,4歳,4.090909090909091,0.18181818181818182
令和6,緑区,青砥どんぐり保育園,5歳,5.0,0.0
令和6,緑区,鴨居こども園,0歳,5.0,0.0
令和6,緑区,鴨居こども園,1歳,4.9664542099966456,0.006709158000670915
令和6,緑区,鴨居こども園,2歳,5.0,0.0
令和6,緑区,鴨居こども園,3歳,4.7727272727272725,0.045454545454545456
令和6,緑区,鴨居こども園,4歳,5.0,0.0
令和6,緑区,鴨居こども園,5歳,3.409090909090909,0.3181818181818182
令和6,西区,Maple Nursery WEST,0歳,5.0,0.0
令和6,西区,Maple Nursery WEST,1歳,5.0,0.0
令和6,西区,Maple Nursery WEST,2歳,5.0,0.0
令和6,西区,Maple Nursery WEST,3歳,5.0,0.0
令和6,西区,Maple Nursery WEST,4歳,5.0,0.0
令和6,西区,Maple Nursery WEST,5歳,5.0,0.0
令和6,西区,Maple Nursery 横浜,0歳,5.0,0.0
令和6,西区,Maple Nursery 横浜,1歳,4.806576402321084,0.03868471953578337
令和6,西区,Maple Nursery 横浜,2歳,5.0,0.0
令和6,西区,Maple Nursery 横浜,3歳,5.0,0.0
令和6,西区,Maple Nursery 横浜,4歳,0.8116883116883116,0.8376623376623378
令和6,西区,Maple Nursery 横浜,5歳,0.9247835497835496,0.81504329004329
令和6,西区,あそびの杜保育園（分園含む）,0歳,5.0,0.0
令和6,西区,あそびの杜保育園（分園含む）,1歳,3.7878787878787876,0.2424242424242424
令和6,西区,あそびの杜保育園（分園含む）,2歳,5.0,0.0
令和6,西区,あそびの杜保育園（分園含む）,3歳,4.7727272727272725,0.045454545454545456
令和6,西区,あそびの杜保育園（分園含む）,4歳,5.0,0.0
令和6,西区,あそびの杜保育園（分園含む）,5歳,5.0,0.0
令和6,西区,おはよう保育園　花咲町,0歳,5.0,0.0
令和6,西区,おはよう保育園　花咲町,1歳,5.0,0.0
令和6,西区,おはよう保育園　花咲町,2歳,5.0,0.0
令和6,西区,おはよう保育園　花咲町,3歳,4.090909090909091,0.18181818181818182
令和6,西区,おはよう保育園　花咲町,4歳,2.7135598602731026,0.4572880279453795
令和6,西区,おはよう保育園　花咲町,5歳,5.0,0.0
令和6,西区,おれんじハウス西戸部保育園,0歳,4.166666666666667,0.16666666666666666
令和6,西区,おれんじハウス西戸部保育園,1歳,5.0,0.0
令和6,西区,おれんじハウス西戸部保育園,2歳,5.0,0.0
令和6,西区,おれんじハウス西戸部保育園,3歳,5.0,0.0
令和6,西区,おれんじハウス西戸部保育園,4歳,5.0,0.0
令和6,西区,おれんじハウス西戸部保育園,5歳,5.0,0.0
令和6,西区,すぎやま家庭保育室,0歳,3.484848484848485,0.303030303030303
令和6,西区,すぎやま家庭保育室,1歳,5.0,0.0
令和6,西区,すぎやま家庭保育室,2歳,5.0,0.0
令和6,西区,すぎやま家庭保育室,3歳,5.0,0.0
令和6,西区,すぎやま家庭保育室,4歳,5.0,0.0
令和6,西区,すぎやま家庭保育室,5歳,5.0,0.0
令和6,西区,つくし愛児園,0歳,5.0,0.0
令和6,西区,つくし愛児園,1歳,5.0,0.0
令和6,西区,つくし愛児園,2歳,0.7142857142857145,0.8571428571428572
令和6,西区,つくし愛児園,3歳,0.4545454545454547,0.9090909090909091
令和6,西区,つくし愛児園,4歳,0.38461538461538436,0.9230769230769232
令和6,西区,つくし愛児園,5歳,0.38461538461538436,0.9230769230769232
令和6,西区,にじいろ保育園みなとみらい,0歳,4.166666666666667,0.16666666666666666
令和6,西区,にじいろ保育園みなとみらい,1歳,4.295454545454546,0.1409090909090909
令和6,西区,にじいろ保育園みなとみらい,2歳,5.0,0.0
令和6,西区,にじいろ保育園みなとみらい,3歳,3.409090909090909,0.3181818181818182
令和6,西区,にじいろ保育園みなとみらい,4歳,1.4691558441558443,0.7061688311688311
令和6,西区,にじいろ保育園みなとみらい,5歳,0.4958677685950412,0.9008264462809918
令和6,西区,にじいろ保育園平沼,0歳,5.0,0.0
令和6,西区,にじいろ保育園平沼,1歳,5.0,0.0
令和6,西区,にじいろ保育園平沼,2歳,4.85096870342772,0.02980625931445604
令和6,西区,にじいろ保育園平沼,3歳,1.6363636363636365,0.6727272727272727
令和6,西区,にじいろ保育園平沼,4歳,2.5,0.5
令和6,西区,にじいろ保育園平沼,5歳,0.5555555555555558,0.8888888888888888
令和6,西区,ほっぺるランド横浜岡野,0歳,5.0,0.0
令和6,西区,ほっぺるランド横浜岡野,1歳,3.8636363636363638,0.22727272727272727
令和6,西区,ほっぺるランド横浜岡野,2歳,5.0,0.0
令和6,西区,ほっぺるランド横浜岡野,3歳,1.9318181818181819,0.6136363636363636
令和6,西区,ほっぺるランド横浜岡野,4歳,5.0,0.0
令和6,西区,ほっぺるランド横浜岡野,5歳,1.666666666666667,0.6666666666666666
令和6,西区,みなとみらいくばがさ保育園,0歳,5.0,0.0
令和6,西区,みなとみらいくばがさ保育園,1歳,5.0,0.0
令和6,西区,みなとみらいくばがさ保育園,2歳,5.0,0.0
令和6,西区,みなとみらいくばがさ保育園,3歳,5.0,0.0
令和6,西区,みなとみらいくばがさ保育園,4歳,1.5952380952380951,0.680952380952381
令和6,西区,みなとみらいくばがさ保育園,5歳,1.666666666666667,0.6666666666666666
令和6,西区,むつみ愛児園,0歳,5.0,0.0
令和6,西区,むつみ愛児園,1歳,5.0,0.0
令和6,西区,むつみ愛児園,2歳,5.0,0.0
令和6,西区,むつみ愛児園,3歳,2.0833333333333335,0.5833333333333333
令和6,西区,むつみ愛児園,4歳,4.318181818181818,0.13636363636363635
令和6,西区,むつみ愛児園,5歳,1.0681818181818181,0.7863636363636364
令和6,西区,ろぜっと保育園,0歳,5.0,0.0
令和6,西区,ろぜっと保育園,1歳,5.0,0.0
令和6,西区,ろぜっと保育園,2歳,4.866310160427807,0.026737967914438502
令和6,西区,ろぜっと保育園,3歳,4.696969696969696,0.0606060606060606
令和6,西区,ろぜっと保育園,4歳,5.0,0.0
令和6,西区,ろぜっと保育園,5歳,3.8636363636363638,0.22727272727272727
令和6,西区,アミー保育園高島園,0歳,3.0681818181818183,0.38636363636363635
令和6,西区,アミー保育園高島園,1歳,3.8636363636363638,0.22727272727272727
令和6,西区,アミー保育園高島園,2歳,3.941877794336811,0.21162444113263784
令和6,西区,アミー保育園高島園,3歳,2.9545454545454546,0.4090909090909091
令和6,西区,アミー保育園高島園,4歳,5.0,0.0
令和6,西区,アミー保育園高島園,5歳,2.5,0.5
令和6,西区,ウィズブック保育園戸部,0歳,5.0,0.0
令和6,西区,ウィズブック保育園戸部,1歳,5.0,0.0
令和6,西区,ウィズブック保育園戸部,2歳,5.0,0.0
令和6,西区,ウィズブック保育園戸部,3歳,5.0,0.0
令和6,西区,ウィズブック保育園戸部,4歳,5.0,0.0
令和6,西区,ウィズブック保育園戸部,5歳,2.5,0.5
令和6,西区,キッズパートナーみなとみらい,0歳,5.0,0.0
令和6,西区,キッズパートナーみなとみらい,1歳,5.0,0.0
令和6,西区,キッズパートナーみなとみらい,2歳,4.318181818181818,0.13636363636363635
令和6,西区,キッズパートナーみなとみらい,3歳,1.7272727272727273,0.6545454545454545
令和6,西区,キッズパートナーみなとみらい,4歳,1.8636363636363635,0.6272727272727273
令和6,西区,キッズパートナーみなとみらい,5歳,1.25,0.75
令和6,西区,キッズパートナーみなとみらい第２,0歳,3.7121212121212124,0.25757575757575757
令和6,西区,キッズパートナーみなとみらい第２,1歳,2.878787878787879,0.42424242424242425
令和6,西区,キッズパートナーみなとみらい第２,2歳,1.0227272727272725,0.7954545454545454
令和6,西区,キッズパートナーみなとみらい第２,3歳,5.0,0.0
令和6,西区,キッズパートナーみなとみらい第２,4歳,5.0,0.0
令和6,西区,キッズパートナーみなとみらい第２,5歳,5.0,0.0
令和6,西区,キッズパートナー平沼橋,0歳,4.068181818181818,0.18636363636363634
令和6,西区,キッズパートナー平沼橋,1歳,5.0,0.0
令和6,西区,キッズパートナー平沼橋,2歳,4.545454545454546,0.09090909090909091
令和6,西区,キッズパートナー平沼橋,3歳,5.0,0.0
令和6,西区,キッズパートナー平沼橋,4歳,5.0,0.0
令和6,西区,キッズパートナー平沼橋,5歳,5.0,0.0
令和6,西区,キッズパートナー横浜楠町,0歳,5.0,0.0
令和6,西区,キッズパートナー横浜楠町,1歳,3.409090909090909,0.3181818181818182
令和6,西区,キッズパートナー横浜楠町,2歳,4.545454545454546,0.09090909090909091
令和6,西区,キッズパートナー横浜楠町,3歳,5.0,0.0
令和6,西区,キッズパートナー横浜楠町,4歳,5.0,0.0
令和6,西区,キッズパートナー横浜楠町,5歳,5.0,0.0
令和6,西区,キッズポケット保育園,0歳,4.7727272727272725,0.045454545454545456
令和6,西区,キッズポケット保育園,1歳,2.878787878787879,0.4242424242424242
令和6,西区,キッズポケット保育園,2歳,5.0,0.0
令和6,西区,キッズポケット保育園,3歳,5.0,0.0
令和6,西区,キッズポケット保育園,4歳,5.0,0.0
令和6,西区,キッズポケット保育園,5歳,5.0,0.0
令和6,西区,キッズポケット木の葉保育園,0歳,5.0,0.0
令和6,西区,キッズポケット木の葉保育園,1歳,5.0,0.0
令和6,西区,キッズポケット木の葉保育園,2歳,5.0,0.0
令和6,西区,キッズポケット木の葉保育園,3歳,5.0,0.0
令和6,西区,キッズポケット木の葉保育園,4歳,5.0,0.0
令和6,西区,キッズポケット木の葉保育園,5歳,5.0,0.0
令和6,西区,キャリー保育園　桜木町,0歳,4.806576402321084,0.03868471953578337
令和6,西区,キャリー保育園　桜木町,1歳,4.7727272727272725,0.045454545454545456
令和6,西区,キャリー保育園　桜木町,2歳,5.0,0.0
令和6,西区,キャリー保育園　桜木町,3歳,5.0,0.0
令和6,西区,キャリー保育園　桜木町,4歳,5.0,0.0
令和6,西区,キャリー保育園　桜木町,5歳,5.0,0.0
令和6,西区,グリーンポート桜木町保育園,0歳,3.511904761904762,0.2976190476190476
令和6,西区,グリーンポート桜木町保育園,1歳,4.46969696969697,0.10606060606060605
令和6,西区,グリーンポート桜木町保育園,2歳,5.0,0.0
令和6,西区,グリーンポート桜木町保育園,3歳,1.1688311688311688,0.7662337662337663
令和6,西区,グリーンポート桜木町保育園,4歳,5.0,0.0
令和6,西区,グリーンポート桜木町保育園,5歳,5.0,0.0
令和6,西区,トキワ保育園,0歳,2.992424242424242,0.40151515151515155
令和6,西区,トキワ保育園,1歳,2.575757575757576,0.4848484848484848
令和6,西区,トキワ保育園,2歳,5.0,0.0
令和6,西区,トキワ保育園,3歳,5.0,0.0
令和6,西区,トキワ保育園,4歳,5.0,0.0
令和6,西区,トキワ保育園,5歳,2.5,0.5
令和6,西区,ポピンズナーサリースクールみなとみらい,0歳,4.124758220502901,0.17504835589941972
令和6,西区,ポピンズナーサリースクールみなとみらい,1歳,4.897854954034729,0.02042900919305414
令和6,西区,ポピンズナーサリースクールみなとみらい,2歳,5.0,0.0
令和6,西区,ポピンズナーサリースクールみなとみらい,3歳,4.090909090909091,0.18181818181818182
令和6,西区,ポピンズナーサリースクールみなとみらい,4歳,4.090909090909091,0.18181818181818182
令和6,西区,ポピンズナーサリースクールみなとみらい,5歳,2.5,0.5
令和6,西区,ポピンズナーサリースクール平沼橋,0歳,5.0,0.0
令和6,西区,ポピンズナーサリースクール平沼橋,1歳,5.0,0.0
令和6,西区,ポピンズナーサリースクール平沼橋,2歳,5.0,0.0
令和6,西区,ポピンズナーサリースクール平沼橋,3歳,2.727272727272727,0.45454545454545453
令和6,西区,ポピンズナーサリースクール平沼橋,4歳,5.0,0.0
令和6,西区,ポピンズナーサリースクール平沼橋,5歳,1.4015151515151516,0.7196969696969696
令和6,西区,ポピンズナーサリースクール横浜,0歳,4.7727272727272725,0.045454545454545456
令和6,西区,ポピンズナーサリースクール横浜,1歳,5.0,0.0
令和6,西区,ポピンズナーサリースクール横浜,2歳,5.0,0.0
令和6,西区,ポピンズナーサリースクール横浜,3歳,2.5,0.5
令和6,西区,ポピンズナーサリースクール横浜,4歳,1.5909090909090908,0.6818181818181818
令和6,西区,ポピンズナーサリースクール横浜,5歳,5.0,0.0
令和6,西区,マイ・ハート紅葉ヶ丘保育園,0歳,5.0,0.0
令和6,西区,マイ・ハート紅葉ヶ丘保育園,1歳,5.0,0.0
令和6,西区,マイ・ハート紅葉ヶ丘保育園,2歳,5.0,0.0
令和6,西区,マイ・ハート紅葉ヶ丘保育園,3歳,5.0,0.0
令和6,西区,マイ・ハート紅葉ヶ丘保育園,4歳,5.0,0.0
令和6,西区,マイ・ハート紅葉ヶ丘保育園,5歳,2.1212121212121215,0.5757575757575757
令和6,西区,ムーミン保育園,0歳,4.053030303030304,0.18939393939393936
令和6,西区,ムーミン保育園,1歳,5.0,0.0
令和6,西区,ムーミン保育園,2歳,4.806576402321084,0.03868471953578337
令和6,西区,ムーミン保育園,3歳,2.988394584139265,0.40232108317214704
令和6,西区,ムーミン保育園,4歳,4.318181818181818,0.13636363636363635
令和6,西区,ムーミン保育園,5歳,1.25,0.75
令和6,西区,京急キッズランド新高島保育園,0歳,4.192456479690522,0.16150870406189555
令和6,西区,京急キッズランド新高島保育園,1歳,5.0,0.0
令和6,西区,京急キッズランド新高島保育園,2歳,5.0,0.0
令和6,西区,京急キッズランド新高島保育園,3歳,3.1818181818181817,0.36363636363636365
令和6,西区,京急キッズランド新高島保育園,4歳,4.090909090909091,0.18181818181818182
令和6,西区,京急キッズランド新高島保育園,5歳,1.666666666666667,0.6666666666666666
令和6,西区,利正寺保育園,0歳,5.0,0.0
令和6,西区,利正寺保育園,1歳,4.7727272727272725,0.045454545454545456
令和6,西区,利正寺保育園,2歳,5.0,0.0
令和6,西区,利正寺保育園,3歳,1.66017316017316,0.667965367965368
令和6,西区,利正寺保育園,4歳,1.5909090909090908,0.6818181818181818
令和6,西区,利正寺保育園,5歳,2.5,0.5
令和6,西区,平沼保育園,0歳,3.333333333333333,0.3333333333333333
令和6,西区,平沼保育園,1歳,5.0,0.0
令和6,西区,平沼保育園,2歳,5.0,0.0
令和6,西区,平沼保育園,3歳,2.9545454545454546,0.4090909090909091
令和6,西区,平沼保育園,4歳,5.0,0.0
令和6,西区,平沼保育園,5歳,3.8636363636363638,0.22727272727272727
令和6,西区,戸部みつばち保育園,0歳,5.0,0.0
令和6,西区,戸部みつばち保育園,1歳,5.0,0.0
令和6,西区,戸部みつばち保育園,2歳,5.0,0.0
令和6,西区,戸部みつばち保育園,3歳,5.0,0.0
令和6,西区,戸部みつばち保育園,4歳,5.0,0.0
令和6,西区,戸部みつばち保育園,5歳,5.0,0.0
令和6,西区,桃の木保育園,0歳,5.0,0.0
令和6,西区,桃の木保育園,1歳,3.5606060606060606,0.28787878787878785
令和6,西区,桃の木保育園,2歳,4.545454545454546,0.09090909090909091
令和6,西区,桃の木保育園,3歳,4.7727272727272725,0.045454545454545456
令和6,西区,桃の木保育園,4歳,5.0,0.0
令和6,西区,桃の木保育園,5歳,1.666666666666667,0.6666666666666666
令和6,西区,横浜そらいろ保育園,0歳,4.7727272727272725,0.045454545454545456
令和6,西区,横浜そらいろ保育園,1歳,5.0,0.0
令和6,西区,横浜そらいろ保育園,2歳,5.0,0.0
令和6,西区,横浜そらいろ保育園,3歳,2.878787878787879,0.42424242424242425
令和6,西区,横浜そらいろ保育園,4歳,4.318181818181818,0.13636363636363635
令和6,西区,横浜そらいろ保育園,5歳,1.666666666666667,0.6666666666666666
令和6,西区,横浜みなとみらい保育園,0歳,5.0,0.0
令和6,西区,横浜みなとみらい保育園,1歳,4.878787878787879,0.024242424242424242
令和6,西区,横浜みなとみらい保育園,2歳,5.0,0.0
令和6,西区,横浜みなとみらい保育園,3歳,4.545454545454546,0.09090909090909091
令和6,西区,横浜みなとみらい保育園,4歳,4.545454545454546,0.09090909090909091
令和6,西区,横浜みなとみらい保育園,5歳,4.7727272727272725,0.045454545454545456
令和6,西区,横浜岡野すきっぷ保育園,0歳,4.7727272727272725,0.045454545454545456
令和6,西区,横浜岡野すきっぷ保育園,1歳,5.0,0.0
令和6,西区,横浜岡野すきっぷ保育園,2歳,4.579303675048356,0.08413926499032881
令和6,西区,横浜岡野すきっぷ保育園,3歳,3.8636363636363638,0.22727272727272727
令和6,西区,横浜岡野すきっぷ保育園,4歳,2.9545454545454546,0.4090909090909091
令和6,西区,横浜岡野すきっぷ保育園,5歳,2.1969696969696972,0.5606060606060606
令和6,西区,横浜市南浅間保育園,0歳,4.318181818181818,0.13636363636363635
令和6,西区,横浜市南浅間保育園,1歳,4.7727272727272725,0.045454545454545456
令和6,西区,横浜市南浅間保育園,2歳,5.0,0.0
令和6,西区,横浜市南浅間保育園,3歳,1.4015151515151516,0.7196969696969697
令和6,西区,横浜市南浅間保育園,4歳,4.696969696969696,0.0606060606060606
令和6,西区,横浜市南浅間保育園,5歳,2.9545454545454546,0.4090909090909091
令和6,西区,横浜西口保育園,0歳,5.0,0.0
令和6,西区,横浜西口保育園,1歳,5.0,0.0
令和6,西区,横浜西口保育園,2歳,5.0,0.0
令和6,西区,横浜西口保育園,3歳,2.878787878787879,0.42424242424242425
令和6,西区,横浜西口保育園,4歳,1.7272727272727273,0.6545454545454545
令和6,西区,横浜西口保育園,5歳,5.0,0.0
令和6,西区,浅間幼育園,0歳,5.0,0.0
令和6,西区,浅間幼育園,1歳,4.7727272727272725,0.045454545454545456
令和6,西区,浅間幼育園,2歳,5.0,0.0
令和6,西区,浅間幼育園,3歳,2.9545454545454546,0.4090909090909091
令和6,西区,浅間幼育園,4歳,1.9696969696969697,0.6060606060606061
令和6,西区,浅間幼育園,5歳,1.666666666666667,0.6666666666666666
令和6,西区,西区中央もえぎ保育室,0歳,3.6363636363636362,0.2727272727272727
令和6,西区,西区中央もえぎ保育室,1歳,2.9545454545454546,0.4090909090909091
令和6,西区,西区中央もえぎ保育室,2歳,5.0,0.0
令和6,西区,西区中央もえぎ保育室,3歳,5.0,0.0
令和6,西区,西区中央もえぎ保育室,4歳,5.0,0.0
令和6,西区,西区中央もえぎ保育室,5歳,5.0,0.0
令和6,都筑区,さくら保育室,0歳,5.0,0.0
令和6,都筑区,さくら保育室,1歳,4.431818181818182,0.11363636363636363
令和6,都筑区,さくら保育室,2歳,1.5998417005879693,0.6800316598824061
令和6,都筑区,さくら保育室,3歳,5.0,0.0
令和6,都筑区,さくら保育室,4歳,5.0,0.0
令和6,都筑区,さくら保育室,5歳,5.0,0.0
令和6,都筑区,さんさん森の保育園センター南,0歳,5.0,0.0
令和6,都筑区,さんさん森の保育園センター南,1歳,5.0,0.0
令和6,都筑区,さんさん森の保育園センター南,2歳,4.4197292069632494,0.1160541586073501
令和6,都筑区,さんさん森の保育園センター南,3歳,4.545454545454546,0.09090909090909091
令和6,都筑区,さんさん森の保育園センター南,4歳,5.0,0.0
令和6,都筑区,さんさん森の保育園センター南,5歳,1.7954545454545454,0.640909090909091
令和6,都筑区,すくすく保育園,0歳,3.0606060606060606,0.3878787878787879
令和6,都筑区,すくすく保育園,1歳,4.7727272727272725,0.045454545454545456
令和6,都筑区,すくすく保育園,2歳,4.7727272727272725,0.045454545454545456
令和6,都筑区,すくすく保育園,3歳,5.0,0.0
令和6,都筑区,すくすく保育園,4歳,4.545454545454546,0.09090909090909091
令和6,都筑区,すくすく保育園,5歳,5.0,0.0
令和6,都筑区,すまいるセンターみなみ保育園,0歳,5.0,0.0
令和6,都筑区,すまいるセンターみなみ保育園,1歳,4.090909090909091,0.18181818181818182
令和6,都筑区,すまいるセンターみなみ保育園,2歳,3.6363636363636362,0.2727272727272727
令和6,都筑区,すまいるセンターみなみ保育園,3歳,5.0,0.0
令和6,都筑区,すまいるセンターみなみ保育園,4歳,5.0,0.0
令和6,都筑区,すまいるセンターみなみ保育園,5歳,5.0,0.0
令和6,都筑区,そのだ家庭保育室,0歳,4.46969696969697,0.10606060606060605
令和6,都筑区,そのだ家庭保育室,1歳,5.0,0.0
令和6,都筑区,そのだ家庭保育室,2歳,5.0,0.0
令和6,都筑区,そのだ家庭保育室,3歳,5.0,0.0
令和6,都筑区,そのだ家庭保育室,4歳,5.0,0.0
令和6,都筑区,そのだ家庭保育室,5歳,5.0,0.0
令和6,都筑区,つくし保育園　センター南,0歳,5.0,0.0
令和6,都筑区,つくし保育園　センター南,1歳,5.0,0.0
令和6,都筑区,つくし保育園　センター南,2歳,5.0,0.0
令和6,都筑区,つくし保育園　センター南,3歳,5.0,0.0
令和6,都筑区,つくし保育園　センター南,4歳,5.0,0.0
令和6,都筑区,つくし保育園　センター南,5歳,4.7727272727272725,0.045454545454545456
令和6,都筑区,つづきルーテル保育園,0歳,3.65990966743292,0.26801806651341614
令和6,都筑区,つづきルーテル保育園,1歳,4.711982207395052,0.05760355852098971
令和6,都筑区,つづきルーテル保育園,2歳,4.090909090909091,0.18181818181818182
令和6,都筑区,つづきルーテル保育園,3歳,5.0,0.0
令和6,都筑区,つづきルーテル保育園,4歳,2.155061250805932,0.5689877498388136
令和6,都筑区,つづきルーテル保育園,5歳,2.9545454545454546,0.4090909090909091
令和6,都筑区,つづき保育園,0歳,5.0,0.0
令和6,都筑区,つづき保育園,1歳,4.696969696969696,0.0606060606060606
令和6,都筑区,つづき保育園,2歳,5.0,0.0
令和6,都筑区,つづき保育園,3歳,4.7727272727272725,0.045454545454545456
令和6,都筑区,つづき保育園,4歳,4.7727272727272725,0.045454545454545456
令和6,都筑区,つづき保育園,5歳,4.7727272727272725,0.045454545454545456
令和6,都筑区,なかまちっこ　じゃんぷ園,0歳,3.432601880877743,0.31347962382445144
令和6,都筑区,なかまちっこ　じゃんぷ園,1歳,5.0,0.0
令和6,都筑区,なかまちっこ　じゃんぷ園,2歳,3.409090909090909,0.3181818181818182
令和6,都筑区,なかまちっこ　じゃんぷ園,3歳,4.090909090909091,0.18181818181818182
令和6,都筑区,なかまちっこ　じゃんぷ園,4歳,2.988394584139265,0.40232108317214704
令和6,都筑区,なかまちっこ　じゃんぷ園,5歳,2.727272727272727,0.45454545454545453
令和6,都筑区,なかまちっこ園,0歳,4.806576402321084,0.03868471953578337
令和6,都筑区,なかまちっこ園,1歳,5.0,0.0
令和6,都筑区,なかまちっこ園,2歳,3.98989898989899,0.20202020202020202
令和6,都筑区,なかまちっこ園,3歳,5.0,0.0
令和6,都筑区,なかまちっこ園,4歳,2.272727272727273,0.5454545454545454
令和6,都筑区,なかまちっこ園,5歳,5.0,0.0
令和6,都筑区,むらき家庭保育室,0歳,4.7727272727272725,0.045454545454545456
令和6,都筑区,むらき家庭保育室,1歳,5.0,0.0
令和6,都筑区,むらき家庭保育室,2歳,5.0,0.0
令和6,都筑区,むらき家庭保育室,3歳,5.0,0.0
令和6,都筑区,むらき家庭保育室,4歳,5.0,0.0
令和6,都筑区,むらき家庭保育室,5歳,5.0,0.0
令和6,都筑区,やまた保育園,0歳,5.0,0.0
令和6,都筑区,やまた保育園,1歳,5.0,0.0
令和6,都筑区,やまた保育園,2歳,4.806576402321084,0.03868471953578337
令和6,都筑区,やまた保育園,3歳,4.124758220502901,0.17504835589941972
令和6,都筑区,やまた保育園,4歳,5.0,0.0
令和6,都筑区,やまた保育園,5歳,5.0,0.0
令和6,都筑区,ゆうぽーと保育園,0歳,5.0,0.0
令和6,都筑区,ゆうぽーと保育園,1歳,5.0,0.0
令和6,都筑区,ゆうぽーと保育園,2歳,5.0,0.0
令和6,都筑区,ゆうぽーと保育園,3歳,5.0,0.0
令和6,都筑区,ゆうぽーと保育園,4歳,5.0,0.0
令和6,都筑区,ゆうぽーと保育園,5歳,5.0,0.0
令和6,都筑区,ゆうゆうのもり幼保園,0歳,4.113694292114004,0.17726114157719938
令和6,都筑区,ゆうゆうのもり幼保園,1歳,5.0,0.0
令和6,都筑区,ゆうゆうのもり幼保園,2歳,5.0,0.0
令和6,都筑区,ゆうゆうのもり幼保園,3歳,5.0,0.0
令和6,都筑区,ゆうゆうのもり幼保園,4歳,5.0,0.0
令和6,都筑区,ゆうゆうのもり幼保園,5歳,5.0,0.0
令和6,都筑区,よこはま・もあな保育園,0歳,4.7727272727272725,0.045454545454545456
令和6,都筑区,よこはま・もあな保育園,1歳,5.0,0.0
令和6,都筑区,よこはま・もあな保育園,2歳,5.0,0.0
令和6,都筑区,よこはま・もあな保育園,3歳,5.0,0.0
令和6,都筑区,よこはま・もあな保育園,4歳,4.318181818181818,0.13636363636363635
令和6,都筑区,よこはま・もあな保育園,5歳,5.0,0.0
令和6,都筑区,よこはま夢保育園,0歳,5.0,0.0
令和6,都筑区,よこはま夢保育園,1歳,4.758206700000593,0.04835865999988138
令和6,都筑区,よこはま夢保育園,2歳,4.24260333834802,0.15147933233039615
令和6,都筑区,よこはま夢保育園,3歳,5.0,0.0
令和6,都筑区,よこはま夢保育園,4歳,5.0,0.0
令和6,都筑区,よこはま夢保育園,5歳,5.0,0.0
令和6,都筑区,わおわおセンター北保育園,0歳,5.0,0.0
令和6,都筑区,わおわおセンター北保育園,1歳,3.522727272727273,0.29545454545454547
令和6,都筑区,わおわおセンター北保育園,2歳,5.0,0.0
令和6,都筑区,わおわおセンター北保育園,3歳,5.0,0.0
令和6,都筑区,わおわおセンター北保育園,4歳,4.7727272727272725,0.045454545454545456
令和6,都筑区,わおわおセンター北保育園,5歳,3.6363636363636362,0.2727272727272727
令和6,都筑区,わおわお仲町台保育園,0歳,5.0,0.0
令和6,都筑区,わおわお仲町台保育園,1歳,4.889135254988914,0.022172949002217297
令和6,都筑区,わおわお仲町台保育園,2歳,4.436026936026936,0.1127946127946128
令和6,都筑区,わおわお仲町台保育園,3歳,5.0,0.0
令和6,都筑区,わおわお仲町台保育園,4歳,4.7727272727272725,0.045454545454545456
令和6,都筑区,わおわお仲町台保育園,5歳,1.666666666666667,0.6666666666666666
令和6,都筑区,アスクセンター北保育園,0歳,4.793388429752066,0.04132231404958678
令和6,都筑区,アスクセンター北保育園,1歳,4.090909090909091,0.18181818181818182
令和6,都筑区,アスクセンター北保育園,2歳,4.579303675048356,0.08413926499032881
令和6,都筑区,アスクセンター北保育園,3歳,4.7727272727272725,0.045454545454545456
令和6,都筑区,アスクセンター北保育園,4歳,2.651515151515152,0.4696969696969697
令和6,都筑区,アスクセンター北保育園,5歳,4.318181818181818,0.13636363636363635
令和6,都筑区,アスクセンター南保育園,0歳,5.0,0.0
令和6,都筑区,アスクセンター南保育園,1歳,4.783665532328634,0.04326689353427322
令和6,都筑区,アスクセンター南保育園,2歳,4.729756582215599,0.054048683556880285
令和6,都筑区,アスクセンター南保育園,3歳,5.0,0.0
令和6,都筑区,アスクセンター南保育園,4歳,2.3484848484848486,0.5303030303030303
令和6,都筑区,アスクセンター南保育園,5歳,5.0,0.0
令和6,都筑区,アスク北山田保育園,0歳,4.143779534927244,0.17124409301455107
令和6,都筑区,アスク北山田保育園,1歳,4.0704119633938625,0.1859176073212275
令和6,都筑区,アスク北山田保育園,2歳,5.0,0.0
令和6,都筑区,アスク北山田保育園,3歳,4.579303675048356,0.08413926499032881
令和6,都筑区,アスク北山田保育園,4歳,5.0,0.0
令和6,都筑区,アスク北山田保育園,5歳,5.0,0.0
令和6,都筑区,アソシエふれあいの丘保育園,0歳,5.0,0.0
令和6,都筑区,アソシエふれあいの丘保育園,1歳,5.0,0.0
令和6,都筑区,アソシエふれあいの丘保育園,2歳,5.0,0.0
令和6,都筑区,アソシエふれあいの丘保育園,3歳,5.0,0.0
令和6,都筑区,アソシエふれあいの丘保育園,4歳,3.9814814814814814,0.2037037037037037
令和6,都筑区,アソシエふれあいの丘保育園,5歳,2.5,0.5
令和6,都筑区,アリス保育園,0歳,5.0,0.0
令和6,都筑区,アリス保育園,1歳,4.535205981696931,0.09295880366061375
令和6,都筑区,アリス保育園,2歳,3.7121212121212124,0.25757575757575757
令和6,都筑区,アリス保育園,3歳,5.0,0.0
令和6,都筑区,アリス保育園,4歳,5.0,0.0
令和6,都筑区,アリス保育園,5歳,5.0,0.0
令和6,都筑区,エクレスすみれ保育園,0歳,4.25531914893617,0.14893617021276595
令和6,都筑区,エクレスすみれ保育園,1歳,4.806576402321084,0.03868471953578337
令和6,都筑区,エクレスすみれ保育園,2歳,5.0,0.0
令和6,都筑区,エクレスすみれ保育園,3歳,5.0,0.0
令和6,都筑区,エクレスすみれ保育園,4歳,5.0,0.0
令和6,都筑区,エクレスすみれ保育園,5歳,5.0,0.0
令和6,都筑区,エンジェルプラネット,0歳,5.0,0.0
令和6,都筑区,エンジェルプラネット,1歳,3.8636363636363638,0.22727272727272727
令和6,都筑区,エンジェルプラネット,2歳,3.922558922558923,0.21548821548821548
令和6,都筑区,エンジェルプラネット,3歳,5.0,0.0
令和6,都筑区,エンジェルプラネット,4歳,5.0,0.0
令和6,都筑区,エンジェルプラネット,5歳,1.409090909090909,0.7181818181818183
令和6,都筑区,エンジェルプラネット仲町台,0歳,3.3712121212121215,0.32575757575757575
令和6,都筑区,エンジェルプラネット仲町台,1歳,2.5378787878787876,0.49242424242424243
令和6,都筑区,エンジェルプラネット仲町台,2歳,3.4429400386847195,0.3114119922630561
令和6,都筑区,エンジェルプラネット仲町台,3歳,5.0,0.0
令和6,都筑区,エンジェルプラネット仲町台,4歳,5.0,0.0
令和6,都筑区,エンジェルプラネット仲町台,5歳,5.0,0.0
令和6,都筑区,キッズフォレセンター北,0歳,5.0,0.0
令和6,都筑区,キッズフォレセンター北,1歳,5.0,0.0
令和6,都筑区,キッズフォレセンター北,2歳,5.0,0.0
令和6,都筑区,キッズフォレセンター北,3歳,5.0,0.0
令和6,都筑区,キッズフォレセンター北,4歳,5.0,0.0
令和6,都筑区,キッズフォレセンター北,5歳,5.0,0.0
令和6,都筑区,キッズフォレ東山田,0歳,3.819538670284939,0.23609226594301222
令和6,都筑区,キッズフォレ東山田,1歳,5.0,0.0
令和6,都筑区,キッズフォレ東山田,2歳,5.0,0.0
令和6,都筑区,キッズフォレ東山田,3歳,5.0,0.0
令和6,都筑区,キッズフォレ東山田,4歳,5.0,0.0
令和6,都筑区,キッズフォレ東山田,5歳,5.0,0.0
令和6,都筑区,キャリー保育園なかまちだい,0歳,3.7878787878787876,0.2424242424242424
令和6,都筑区,キャリー保育園なかまちだい,1歳,2.3988452491426715,0.5202309501714657
令和6,都筑区,キャリー保育園なかまちだい,2歳,2.575757575757576,0.4848484848484848
令和6,都筑区,キャリー保育園なかまちだい,3歳,5.0,0.0
令和6,都筑区,キャリー保育園なかまちだい,4歳,5.0,0.0
令和6,都筑区,キャリー保育園なかまちだい,5歳,5.0,0.0
令和6,都筑区,クオリスキッズ鴨居駅前保育園,0歳,4.658154147691243,0.06836917046175131
令和6,都筑区,クオリスキッズ鴨居駅前保育園,1歳,5.0,0.0
令和6,都筑区,クオリスキッズ鴨居駅前保育園,2歳,5.0,0.0
令和6,都筑区,クオリスキッズ鴨居駅前保育園,3歳,5.0,0.0
令和6,都筑区,クオリスキッズ鴨居駅前保育園,4歳,4.7727272727272725,0.045454545454545456
令和6,都筑区,クオリスキッズ鴨居駅前保育園,5歳,5.0,0.0
令和6,都筑区,グローバルキッズ都筑ふれあいの丘園,0歳,5.0,0.0
令和6,都筑区,グローバルキッズ都筑ふれあいの丘園,1歳,5.0,0.0
令和6,都筑区,グローバルキッズ都筑ふれあいの丘園,2歳,5.0,0.0
令和6,都筑区,グローバルキッズ都筑ふれあいの丘園,3歳,4.318181818181818,0.13636363636363635
令和6,都筑区,グローバルキッズ都筑ふれあいの丘園,4歳,5.0,0.0
令和6,都筑区,グローバルキッズ都筑ふれあいの丘園,5歳,5.0,0.0
令和6,都筑区,コビープリスクールなかまちだい,0歳,5.0,0.0
令和6,都筑区,コビープリスクールなかまちだい,1歳,5.0,0.0
令和6,都筑区,コビープリスクールなかまちだい,2歳,4.7727272727272725,0.045454545454545456
令和6,都筑区,コビープリスクールなかまちだい,3歳,3.4767891682785304,0.304642166344294
令和6,都筑区,コビープリスクールなかまちだい,4歳,5.0,0.0
令和6,都筑区,コビープリスクールなかまちだい,5歳,5.0,0.0
令和6,都筑区,シープ保育所,0歳,5.0,0.0
令和6,都筑区,シープ保育所,1歳,5.0,0.0
令和6,都筑区,シープ保育所,2歳,5.0,0.0
令和6,都筑区,シープ保育所,3歳,3.249516441005803,0.35009671179883944
令和6,都筑区,シープ保育所,4歳,2.4242424242424243,0.5151515151515151
令和6,都筑区,シープ保育所,5歳,1.9696969696969702,0.606060606060606
令和6,都筑区,スターチャイルド≪川和ナーサリー≫,0歳,5.0,0.0
令和6,都筑区,スターチャイルド≪川和ナーサリー≫,1歳,4.623695976154992,0.07526080476900149
令和6,都筑区,スターチャイルド≪川和ナーサリー≫,2歳,3.1818181818181817,0.36363636363636365
令和6,都筑区,スターチャイルド≪川和ナーサリー≫,3歳,5.0,0.0
令和6,都筑区,スターチャイルド≪川和ナーサリー≫,4歳,5.0,0.0
令和6,都筑区,スターチャイルド≪川和ナーサリー≫,5歳,5.0,0.0
令和6,都筑区,ナーサリーつづき,0歳,4.721020374153649,0.055795925169270275
令和6,都筑区,ナーサリーつづき,1歳,4.7769102063580595,0.044617958728388175
令和6,都筑区,ナーサリーつづき,2歳,5.0,0.0
令和6,都筑区,ナーサリーつづき,3歳,5.0,0.0
令和6,都筑区,ナーサリーつづき,4歳,5.0,0.0
令和6,都筑区,ナーサリーつづき,5歳,5.0,0.0
令和6,都筑区,パレット保育園・センター南,0歳,5.0,0.0
令和6,都筑区,パレット保育園・センター南,1歳,5.0,0.0
令和6,都筑区,パレット保育園・センター南,2歳,4.806576402321084,0.03868471953578337
令和6,都筑区,パレット保育園・センター南,3歳,5.0,0.0
令和6,都筑区,パレット保育園・センター南,4歳,5.0,0.0
令和6,都筑区,パレット保育園・センター南,5歳,5.0,0.0
令和6,都筑区,パレット保育園・牛久保西,0歳,4.444802636291998,0.1110394727416004
令和6,都筑区,パレット保育園・牛久保西,1歳,4.7727272727272725,0.045454545454545456
令和6,都筑区,パレット保育園・牛久保西,2歳,4.545454545454546,0.09090909090909091
令和6,都筑区,パレット保育園・牛久保西,3歳,5.0,0.0
令和6,都筑区,パレット保育園・牛久保西,4歳,3.6363636363636362,0.2727272727272727
令和6,都筑区,パレット保育園・牛久保西,5歳,1.25,0.75
令和6,都筑区,ピッコリーノ保育園,0歳,4.579303675048356,0.08413926499032881
令和6,都筑区,ピッコリーノ保育園,1歳,4.015151515151515,0.19696969696969696
令和6,都筑区,ピッコリーノ保育園,2歳,2.9545454545454546,0.4090909090909091
令和6,都筑区,ピッコリーノ保育園,3歳,5.0,0.0
令和6,都筑区,ピッコリーノ保育園,4歳,5.0,0.0
令和6,都筑区,ピッコリーノ保育園,5歳,5.0,0.0
令和6,都筑区,ピノキオ幼児舎センター南園,0歳,5.0,0.0
令和6,都筑区,ピノキオ幼児舎センター南園,1歳,4.545454545454546,0.09090909090909091
令和6,都筑区,ピノキオ幼児舎センター南園,2歳,5.0,0.0
令和6,都筑区,ピノキオ幼児舎センター南園,3歳,5.0,0.0
令和6,都筑区,ピノキオ幼児舎センター南園,4歳,5.0,0.0
令和6,都筑区,ピノキオ幼児舎センター南園,5歳,5.0,0.0
令和6,都筑区,ブライト保育園横浜佐江戸,0歳,5.0,0.0
令和6,都筑区,ブライト保育園横浜佐江戸,1歳,5.0,0.0
令和6,都筑区,ブライト保育園横浜佐江戸,2歳,5.0,0.0
令和6,都筑区,ブライト保育園横浜佐江戸,3歳,5.0,0.0
令和6,都筑区,ブライト保育園横浜佐江戸,4歳,5.0,0.0
令和6,都筑区,ブライト保育園横浜佐江戸,5歳,5.0,0.0
令和6,都筑区,ベイキッズ　あおぞら保育園,0歳,3.9393939393939394,0.2121212121212121
令和6,都筑区,ベイキッズ　あおぞら保育園,1歳,4.579303675048356,0.08413926499032881
令和6,都筑区,ベイキッズ　あおぞら保育園,2歳,4.545454545454546,0.09090909090909091
令和6,都筑区,ベイキッズ　あおぞら保育園,3歳,5.0,0.0
令和6,都筑区,ベイキッズ　あおぞら保育園,4歳,5.0,0.0
令和6,都筑区,ベイキッズ　あおぞら保育園,5歳,5.0,0.0
令和6,都筑区,ポピンズナーサリースクールセンター南,0歳,4.128787878787879,0.17424242424242423
令和6,都筑区,ポピンズナーサリースクールセンター南,1歳,5.0,0.0
令和6,都筑区,ポピンズナーサリースクールセンター南,2歳,5.0,0.0
令和6,都筑区,ポピンズナーサリースクールセンター南,3歳,5.0,0.0
令和6,都筑区,ポピンズナーサリースクールセンター南,4歳,4.090909090909091,0.18181818181818182
令和6,都筑区,ポピンズナーサリースクールセンター南,5歳,1.4393939393939397,0.712121212121212
令和6,都筑区,マーマセンター北保育園,0歳,4.090909090909091,0.18181818181818182
令和6,都筑区,マーマセンター北保育園,1歳,4.457259158751696,0.10854816824966078
令和6,都筑区,マーマセンター北保育園,2歳,5.0,0.0
令和6,都筑区,マーマセンター北保育園,3歳,5.0,0.0
令和6,都筑区,マーマセンター北保育園,4歳,5.0,0.0
令和6,都筑区,マーマセンター北保育園,5歳,2.272727272727273,0.5454545454545454
令和6,都筑区,中川こども園,0歳,4.85096870342772,0.02980625931445604
令和6,都筑区,中川こども園,1歳,4.579303675048356,0.08413926499032881
令和6,都筑区,中川こども園,2歳,4.545454545454546,0.09090909090909091
令和6,都筑区,中川こども園,3歳,4.7727272727272725,0.045454545454545456
令和6,都筑区,中川こども園,4歳,2.988394584139265,0.40232108317214704
令和6,都筑区,中川こども園,5歳,1.9696969696969697,0.606060606060606
令和6,都筑区,中川保育園,0歳,5.0,0.0
令和6,都筑区,中川保育園,1歳,5.0,0.0
令和6,都筑区,中川保育園,2歳,5.0,0.0
令和6,都筑区,中川保育園,3歳,5.0,0.0
令和6,都筑区,中川保育園,4歳,5.0,0.0
令和6,都筑区,中川保育園,5歳,5.0,0.0
令和6,都筑区,中川小桜愛児園,0歳,5.0,0.0
令和6,都筑区,中川小桜愛児園,1歳,3.6659171476283947,0.26681657047432106
令和6,都筑区,中川小桜愛児園,2歳,4.7727272727272725,0.045454545454545456
令和6,都筑区,中川小桜愛児園,3歳,3.9393939393939394,0.2121212121212121
令和6,都筑区,中川小桜愛児園,4歳,3.7878787878787885,0.2424242424242424
令和6,都筑区,中川小桜愛児園,5歳,5.0,0.0
令和6,都筑区,仲町台もみのき保育室,0歳,3.9393939393939394,0.2121212121212121
令和6,都筑区,仲町台もみのき保育室,1歳,4.7727272727272725,0.045454545454545456
令和6,都筑区,仲町台もみのき保育室,2歳,5.0,0.0
令和6,都筑区,仲町台もみのき保育室,3歳,5.0,0.0
令和6,都筑区,仲町台もみのき保育室,4歳,5.0,0.0
令和6,都筑区,仲町台もみのき保育室,5歳,5.0,0.0
令和6,都筑区,保育ルームキューティーユー,0歳,5.0,0.0
令和6,都筑区,保育ルームキューティーユー,1歳,5.0,0.0
令和6,都筑区,保育ルームキューティーユー,2歳,5.0,0.0
令和6,都筑区,保育ルームキューティーユー,3歳,5.0,0.0
令和6,都筑区,保育ルームキューティーユー,4歳,5.0,0.0
令和6,都筑区,保育ルームキューティーユー,5歳,5.0,0.0
令和6,都筑区,保育ルームキューティー北山田,0歳,5.0,0.0
令和6,都筑区,保育ルームキューティー北山田,1歳,5.0,0.0
令和6,都筑区,保育ルームキューティー北山田,2歳,4.831649831649832,0.03367003367003367
令和6,都筑区,保育ルームキューティー北山田,3歳,5.0,0.0
令和6,都筑区,保育ルームキューティー北山田,4歳,5.0,0.0
令和6,都筑区,保育ルームキューティー北山田,5歳,5.0,0.0
令和6,都筑区,保育園みんなのおうち,0歳,5.0,0.0
令和6,都筑区,保育園みんなのおうち,1歳,5.0,0.0
令和6,都筑区,保育園みんなのおうち,2歳,5.0,0.0
令和6,都筑区,保育園みんなのおうち,3歳,5.0,0.0
令和6,都筑区,保育園みんなのおうち,4歳,5.0,0.0
令和6,都筑区,保育園みんなのおうち,5歳,5.0,0.0
令和6,都筑区,勝田保育園,0歳,3.8636363636363638,0.22727272727272727
令和6,都筑区,勝田保育園,1歳,3.75,0.25
令和6,都筑区,勝田保育園,2歳,5.0,0.0
令和6,都筑区,勝田保育園,3歳,5.0,0.0
令和6,都筑区,勝田保育園,4歳,4.545454545454546,0.09090909090909091
令和6,都筑区,勝田保育園,5歳,4.090909090909091,0.18181818181818182
令和6,都筑区,川和保育園,0歳,5.0,0.0
令和6,都筑区,川和保育園,1歳,5.0,0.0
令和6,都筑区,川和保育園,2歳,5.0,0.0
令和6,都筑区,川和保育園,3歳,5.0,0.0
令和6,都筑区,川和保育園,4歳,5.0,0.0
令和6,都筑区,川和保育園,5歳,5.0,0.0
令和6,都筑区,木下の保育園　センター南,0歳,4.1060606060606055,0.1787878787878788
令和6,都筑区,木下の保育園　センター南,1歳,5.0,0.0
令和6,都筑区,木下の保育園　センター南,2歳,5.0,0.0
令和6,都筑区,木下の保育園　センター南,3歳,4.7727272727272725,0.045454545454545456
令和6,都筑区,木下の保育園　センター南,4歳,4.7727272727272725,0.045454545454545456
令和6,都筑区,木下の保育園　センター南,5歳,2.5,0.5
令和6,都筑区,横浜市みどり保育園,0歳,4.85096870342772,0.02980625931445604
令和6,都筑区,横浜市みどり保育園,1歳,5.0,0.0
令和6,都筑区,横浜市みどり保育園,2歳,5.0,0.0
令和6,都筑区,横浜市みどり保育園,3歳,5.0,0.0
令和6,都筑区,横浜市みどり保育園,4歳,4.114271017911137,0.17714579641777267
令和6,都筑区,横浜市みどり保育園,5歳,4.545454545454546,0.09090909090909091
令和6,都筑区,横浜市中川西保育園,0歳,2.310141621518867,0.5379716756962266
令和6,都筑区,横浜市中川西保育園,1歳,5.0,0.0
令和6,都筑区,横浜市中川西保育園,2歳,2.6893939393939394,0.4621212121212121
令和6,都筑区,横浜市中川西保育園,3歳,4.053030303030304,0.18939393939393936
令和6,都筑区,横浜市中川西保育園,4歳,0.6728978931373724,0.8654204213725255
令和6,都筑区,横浜市中川西保育園,5歳,4.318181818181818,0.13636363636363635
令和6,都筑区,横浜市大熊保育園,0歳,3.272727272727273,0.34545454545454546
令和6,都筑区,横浜市大熊保育園,1歳,3.7121212121212124,0.25757575757575757
令和6,都筑区,横浜市大熊保育園,2歳,5.0,0.0
令和6,都筑区,横浜市大熊保育園,3歳,5.0,0.0
令和6,都筑区,横浜市大熊保育園,4歳,2.575757575757576,0.4848484848484848
令和6,都筑区,横浜市大熊保育園,5歳,2.9545454545454546,0.4090909090909091
令和6,都筑区,横浜市茅ケ崎南保育園,0歳,5.0,0.0
令和6,都筑区,横浜市茅ケ崎南保育園,1歳,5.0,0.0
令和6,都筑区,横浜市茅ケ崎南保育園,2歳,5.0,0.0
令和6,都筑区,横浜市茅ケ崎南保育園,3歳,5.0,0.0
令和6,都筑区,横浜市茅ケ崎南保育園,4歳,1.944096133751306,0.6111807732497389
令和6,都筑区,横浜市茅ケ崎南保育園,5歳,4.545454545454546,0.09090909090909091
令和6,都筑区,横浜茅ケ崎保育園,0歳,5.0,0.0
令和6,都筑区,横浜茅ケ崎保育園,1歳,5.0,0.0
令和6,都筑区,横浜茅ケ崎保育園,2歳,5.0,0.0
令和6,都筑区,横浜茅ケ崎保育園,3歳,4.85096870342772,0.02980625931445604
令和6,都筑区,横浜茅ケ崎保育園,4歳,4.728629579375848,0.05427408412483039
令和6,都筑区,横浜茅ケ崎保育園,5歳,4.318181818181818,0.13636363636363635
令和6,都筑区,池辺おひさま保育園,0歳,5.0,0.0
令和6,都筑区,池辺おひさま保育園,1歳,5.0,0.0
令和6,都筑区,池辺おひさま保育園,2歳,5.0,0.0
令和6,都筑区,池辺おひさま保育園,3歳,5.0,0.0
令和6,都筑区,池辺おひさま保育園,4歳,5.0,0.0
令和6,都筑区,池辺おひさま保育園,5歳,5.0,0.0
令和6,都筑区,池辺保育園,0歳,5.0,0.0
令和6,都筑区,池辺保育園,1歳,5.0,0.0
令和6,都筑区,池辺保育園,2歳,5.0,0.0
令和6,都筑区,池辺保育園,3歳,5.0,0.0
令和6,都筑区,池辺保育園,4歳,5.0,0.0
令和6,都筑区,池辺保育園,5歳,5.0,0.0
令和6,都筑区,滝ヶ谷保育園,0歳,5.0,0.0
令和6,都筑区,滝ヶ谷保育園,1歳,4.85096870342772,0.02980625931445604
令和6,都筑区,滝ヶ谷保育園,2歳,5.0,0.0
令和6,都筑区,滝ヶ谷保育園,3歳,4.7727272727272725,0.045454545454545456
令和6,都筑区,滝ヶ谷保育園,4歳,5.0,0.0
令和6,都筑区,滝ヶ谷保育園,5歳,4.7727272727272725,0.045454545454545456
令和6,都筑区,第二しらとり台保育園,0歳,4.1060606060606055,0.1787878787878788
令和6,都筑区,第二しらとり台保育園,1歳,5.0,0.0
令和6,都筑区,第二しらとり台保育園,2歳,3.9393939393939394,0.2121212121212121
令和6,都筑区,第二しらとり台保育園,3歳,4.806576402321084,0.03868471953578337
令和6,都筑区,第二しらとり台保育園,4歳,3.6688180718031465,0.2662363856393707
令和6,都筑区,第二しらとり台保育園,5歳,5.0,0.0
令和6,都筑区,認定こども園　横浜黎明幼稚園,0歳,5.0,0.0
令和6,都筑区,認定こども園　横浜黎明幼稚園,1歳,5.0,0.0
令和6,都筑区,認定こども園　横浜黎明幼稚園,2歳,5.0,0.0
令和6,都筑区,認定こども園　横浜黎明幼稚園,3歳,5.0,0.0
令和6,都筑区,認定こども園　横浜黎明幼稚園,4歳,5.0,0.0
令和6,都筑区,認定こども園　横浜黎明幼稚園,5歳,5.0,0.0
令和6,都筑区,認定こども園やまゆりキッズ　横浜みずほ幼稚園,0歳,5.0,0.0
令和6,都筑区,認定こども園やまゆりキッズ　横浜みずほ幼稚園,1歳,5.0,0.0
令和6,都筑区,認定こども園やまゆりキッズ　横浜みずほ幼稚園,2歳,4.806576402321084,0.03868471953578337
令和6,都筑区,認定こども園やまゆりキッズ　横浜みずほ幼稚園,3歳,5.0,0.0
令和6,都筑区,認定こども園やまゆりキッズ　横浜みずほ幼稚園,4歳,5.0,0.0
令和6,都筑区,認定こども園やまゆりキッズ　横浜みずほ幼稚園,5歳,5.0,0.0
令和6,都筑区,認定こども園エクレス,0歳,4.624907612712491,0.07501847745750184
令和6,都筑区,認定こども園エクレス,1歳,5.0,0.0
令和6,都筑区,認定こども園エクレス,2歳,5.0,0.0
令和6,都筑区,認定こども園エクレス,3歳,4.806576402321084,0.03868471953578337
令和6,都筑区,認定こども園エクレス,4歳,4.7727272727272725,0.045454545454545456
令和6,都筑区,認定こども園エクレス,5歳,3.7878787878787876,0.2424242424242424
令和6,都筑区,都筑ひよこ保育園,0歳,4.754299754299755,0.04914004914004913
令和6,都筑区,都筑ひよこ保育園,1歳,4.806576402321084,0.03868471953578337
令和6,都筑区,都筑ひよこ保育園,2歳,3.5840058694057224,0.28319882611885544
令和6,都筑区,都筑ひよこ保育園,3歳,4.7727272727272725,0.045454545454545456
令和6,都筑区,都筑ひよこ保育園,4歳,3.9710538218000906,0.2057892356399819
令和6,都筑区,都筑ひよこ保育園,5歳,4.7727272727272725,0.045454545454545456
令和6,都筑区,鴨居北こども園,0歳,5.0,0.0
令和6,都筑区,鴨居北こども園,1歳,5.0,0.0
令和6,都筑区,鴨居北こども園,2歳,5.0,0.0
令和6,都筑区,鴨居北こども園,3歳,4.7727272727272725,0.045454545454545456
令和6,都筑区,鴨居北こども園,4歳,3.143939393939394,0.37121212121212116
令和6,都筑区,鴨居北こども園,5歳,4.545454545454546,0.09090909090909091
令和6,都筑区,ＫＩＤＳＦＯＲＥ　ＡＣＡＤＥＭＹ,0歳,5.0,0.0
令和6,都筑区,ＫＩＤＳＦＯＲＥ　ＡＣＡＤＥＭＹ,1歳,4.806576402321084,0.03868471953578337
令和6,都筑区,ＫＩＤＳＦＯＲＥ　ＡＣＡＤＥＭＹ,2歳,5.0,0.0
令和6,都筑区,ＫＩＤＳＦＯＲＥ　ＡＣＡＤＥＭＹ,3歳,5.0,0.0
令和6,都筑区,ＫＩＤＳＦＯＲＥ　ＡＣＡＤＥＭＹ,4歳,4.7727272727272725,0.045454545454545456
令和6,都筑区,ＫＩＤＳＦＯＲＥ　ＡＣＡＤＥＭＹ,5歳,5.0,0.0
令和6,金沢区,あおぞら谷津保育園,0歳,5.0,0.0
令和6,金沢区,あおぞら谷津保育園,1歳,5.0,0.0
令和6,金沢区,あおぞら谷津保育園,2歳,5.0,0.0
令和6,金沢区,あおぞら谷津保育園,3歳,4.682618535077552,0.0634762929844897
令和6,金沢区,あおぞら谷津保育園,4歳,3.213478064224333,0.3573043871551334
令和6,金沢区,あおぞら谷津保育園,5歳,3.1060606060606064,0.37878787878787873
令和6,金沢区,おひさま保育室,0歳,4.7727272727272725,0.045454545454545456
令和6,金沢区,おひさま保育室,1歳,5.0,0.0
令和6,金沢区,おひさま保育室,2歳,4.7727272727272725,0.045454545454545456
令和6,金沢区,おひさま保育室,3歳,5.0,0.0
令和6,金沢区,おひさま保育室,4歳,5.0,0.0
令和6,金沢区,おひさま保育室,5歳,5.0,0.0
令和6,金沢区,かぜのね保育園,0歳,5.0,0.0
令和6,金沢区,かぜのね保育園,1歳,5.0,0.0
令和6,金沢区,かぜのね保育園,2歳,5.0,0.0
令和6,金沢区,かぜのね保育園,3歳,3.426418439716312,0.3147163120567376
令和6,金沢区,かぜのね保育園,4歳,2.4375,0.5125000000000001
令和6,金沢区,かぜのね保育園,5歳,3.0208333333333335,0.3958333333333333
令和6,金沢区,かのん保育園,0歳,5.0,0.0
令和6,金沢区,かのん保育園,1歳,5.0,0.0
令和6,金沢区,かのん保育園,2歳,4.806576402321084,0.03868471953578337
令和6,金沢区,かのん保育園,3歳,5.0,0.0
令和6,金沢区,かのん保育園,4歳,4.806576402321084,0.03868471953578337
令和6,金沢区,かのん保育園,5歳,5.0,0.0
令和6,金沢区,かまりや保育園,0歳,5.0,0.0
令和6,金沢区,かまりや保育園,1歳,5.0,0.0
令和6,金沢区,かまりや保育園,2歳,5.0,0.0
令和6,金沢区,かまりや保育園,3歳,5.0,0.0
令和6,金沢区,かまりや保育園,4歳,4.545454545454546,0.09090909090909091
令和6,金沢区,かまりや保育園,5歳,3.7941919191919196,0.24116161616161616
令和6,金沢区,きらら保育園,0歳,5.0,0.0
令和6,金沢区,きらら保育園,1歳,5.0,0.0
令和6,金沢区,きらら保育園,2歳,5.0,0.0
令和6,金沢区,きらら保育園,3歳,5.0,0.0
令和6,金沢区,きらら保育園,4歳,5.0,0.0
令和6,金沢区,きらら保育園,5歳,5.0,0.0
令和6,金沢区,きらら子どもの家,0歳,4.8086124401913874,0.03827751196172249
令和6,金沢区,きらら子どもの家,1歳,5.0,0.0
令和6,金沢区,きらら子どもの家,2歳,5.0,0.0
令和6,金沢区,きらら子どもの家,3歳,5.0,0.0
令和6,金沢区,きらら子どもの家,4歳,5.0,0.0
令和6,金沢区,きらら子どもの家,5歳,5.0,0.0
令和6,金沢区,しののめ並木保育園,0歳,5.0,0.0
令和6,金沢区,しののめ並木保育園,1歳,5.0,0.0
令和6,金沢区,しののめ並木保育園,2歳,4.545454545454546,0.09090909090909091
令和6,金沢区,しののめ並木保育園,3歳,2.007575757575758,0.5984848484848485
令和6,金沢区,しののめ並木保育園,4歳,4.831649831649832,0.03367003367003367
令和6,金沢区,しののめ並木保育園,5歳,5.0,0.0
令和6,金沢区,しののめ保育園,0歳,5.0,0.0
令和6,金沢区,しののめ保育園,1歳,5.0,0.0
令和6,金沢区,しののめ保育園,2歳,5.0,0.0
令和6,金沢区,しののめ保育園,3歳,4.866310160427807,0.026737967914438502
令和6,金沢区,しののめ保育園,4歳,5.0,0.0
令和6,金沢区,しののめ保育園,5歳,5.0,0.0
令和6,金沢区,ちゃいれっく　並木二丁目保育室,0歳,5.0,0.0
令和6,金沢区,ちゃいれっく　並木二丁目保育室,1歳,5.0,0.0
令和6,金沢区,ちゃいれっく　並木二丁目保育室,2歳,5.0,0.0
令和6,金沢区,ちゃいれっく　並木二丁目保育室,3歳,5.0,0.0
令和6,金沢区,ちゃいれっく　並木二丁目保育室,4歳,5.0,0.0
令和6,金沢区,ちゃいれっく　並木二丁目保育室,5歳,5.0,0.0
令和6,金沢区,とみおかスマイル保育園,0歳,5.0,0.0
令和6,金沢区,とみおかスマイル保育園,1歳,5.0,0.0
令和6,金沢区,とみおかスマイル保育園,2歳,4.806576402321084,0.03868471953578337
令和6,金沢区,とみおかスマイル保育園,3歳,4.831649831649832,0.03367003367003367
令和6,金沢区,とみおかスマイル保育園,4歳,4.7727272727272725,0.045454545454545456
令和6,金沢区,とみおかスマイル保育園,5歳,5.0,0.0
令和6,金沢区,にじいろ保育園金沢文庫,0歳,4.535205981696931,0.09295880366061375
令和6,金沢区,にじいろ保育園金沢文庫,1歳,5.0,0.0
令和6,金沢区,にじいろ保育園金沢文庫,2歳,5.0,0.0
令和6,金沢区,にじいろ保育園金沢文庫,3歳,5.0,0.0
令和6,金沢区,にじいろ保育園金沢文庫,4歳,5.0,0.0
令和6,金沢区,にじいろ保育園金沢文庫,5歳,5.0,0.0
令和6,金沢区,にじいろ保育園釜利谷,0歳,4.1927510874457345,0.16144978251085315
令和6,金沢区,にじいろ保育園釜利谷,1歳,5.0,0.0
令和6,金沢区,にじいろ保育園釜利谷,2歳,4.659581143619108,0.06808377127617853
令和6,金沢区,にじいろ保育園釜利谷,3歳,4.545454545454546,0.09090909090909091
令和6,金沢区,にじいろ保育園釜利谷,4歳,5.0,0.0
令和6,金沢区,にじいろ保育園釜利谷,5歳,5.0,0.0
令和6,金沢区,ひかりとたねの保育園,0歳,4.68335193742104,0.06332961251579185
令和6,金沢区,ひかりとたねの保育園,1歳,5.0,0.0
令和6,金沢区,ひかりとたねの保育園,2歳,5.0,0.0
令和6,金沢区,ひかりとたねの保育園,3歳,5.0,0.0
令和6,金沢区,ひかりとたねの保育園,4歳,5.0,0.0
令和6,金沢区,ひかりとたねの保育園,5歳,5.0,0.0
令和6,金沢区,ゆめ和ほいくえん,0歳,5.0,0.0
令和6,金沢区,ゆめ和ほいくえん,1歳,5.0,0.0
令和6,金沢区,ゆめ和ほいくえん,2歳,4.831649831649832,0.03367003367003367
令和6,金沢区,ゆめ和ほいくえん,3歳,5.0,0.0
令和6,金沢区,ゆめ和ほいくえん,4歳,5.0,0.0
令和6,金沢区,ゆめ和ほいくえん,5歳,5.0,0.0
令和6,金沢区,ゆめ和柳町ほいくえん,0歳,4.604377104377105,0.07912457912457913
令和6,金沢区,ゆめ和柳町ほいくえん,1歳,5.0,0.0
令和6,金沢区,ゆめ和柳町ほいくえん,2歳,5.0,0.0
令和6,金沢区,ゆめ和柳町ほいくえん,3歳,5.0,0.0
令和6,金沢区,ゆめ和柳町ほいくえん,4歳,5.0,0.0
令和6,金沢区,ゆめ和柳町ほいくえん,5歳,5.0,0.0
令和6,金沢区,わかくさ保育園,0歳,4.091899386017033,0.1816201227965934
令和6,金沢区,わかくさ保育園,1歳,4.831649831649832,0.03367003367003367
令和6,金沢区,わかくさ保育園,2歳,5.0,0.0
令和6,金沢区,わかくさ保育園,3歳,5.0,0.0
令和6,金沢区,わかくさ保育園,4歳,5.0,0.0
令和6,金沢区,わかくさ保育園,5歳,3.409090909090909,0.3181818181818182
令和6,金沢区,わらべシーサイド保育園,0歳,5.0,0.0
令和6,金沢区,わらべシーサイド保育園,1歳,5.0,0.0
令和6,金沢区,わらべシーサイド保育園,2歳,5.0,0.0
令和6,金沢区,わらべシーサイド保育園,3歳,5.0,0.0
令和6,金沢区,わらべシーサイド保育園,4歳,5.0,0.0
令和6,金沢区,わらべシーサイド保育園,5歳,5.0,0.0
令和6,金沢区,アイグラン保育園富岡東,0歳,4.377104377104377,0.12457912457912457
令和6,金沢区,アイグラン保育園富岡東,1歳,4.866310160427807,0.026737967914438502
令和6,金沢区,アイグラン保育園富岡東,2歳,5.0,0.0
令和6,金沢区,アイグラン保育園富岡東,3歳,5.0,0.0
令和6,金沢区,アイグラン保育園富岡東,4歳,5.0,0.0
令和6,金沢区,アイグラン保育園富岡東,5歳,5.0,0.0
令和6,金沢区,アイン能見台駅前保育園,0歳,3.75,0.25
令和6,金沢区,アイン能見台駅前保育園,1歳,5.0,0.0
令和6,金沢区,アイン能見台駅前保育園,2歳,5.0,0.0
令和6,金沢区,アイン能見台駅前保育園,3歳,5.0,0.0
令和6,金沢区,アイン能見台駅前保育園,4歳,5.0,0.0
令和6,金沢区,アイン能見台駅前保育園,5歳,4.545454545454546,0.09090909090909091
令和6,金沢区,アイン金沢文庫保育園,0歳,5.0,0.0
令和6,金沢区,アイン金沢文庫保育園,1歳,5.0,0.0
令和6,金沢区,アイン金沢文庫保育園,2歳,5.0,0.0
令和6,金沢区,アイン金沢文庫保育園,3歳,4.545454545454546,0.09090909090909091
令和6,金沢区,アイン金沢文庫保育園,4歳,2.9545454545454546,0.4090909090909091
令和6,金沢区,アイン金沢文庫保育園,5歳,1.4772727272727273,0.7045454545454546
令和6,金沢区,コンビプラザレイディアント保育園,0歳,3.7878787878787876,0.2424242424242424
令和6,金沢区,コンビプラザレイディアント保育園,1歳,4.85096870342772,0.02980625931445604
令和6,金沢区,コンビプラザレイディアント保育園,2歳,5.0,0.0
令和6,金沢区,コンビプラザレイディアント保育園,3歳,3.6363636363636362,0.2727272727272727
令和6,金沢区,コンビプラザレイディアント保育園,4歳,3.6363636363636362,0.2727272727272727
令和6,金沢区,コンビプラザレイディアント保育園,5歳,3.106060606060606,0.37878787878787884
令和6,金沢区,スターチャイルド≪金沢文庫ナーサリー≫,0歳,3.9545454545454546,0.20909090909090908
令和6,金沢区,スターチャイルド≪金沢文庫ナーサリー≫,1歳,5.0,0.0
令和6,金沢区,スターチャイルド≪金沢文庫ナーサリー≫,2歳,5.0,0.0
令和6,金沢区,スターチャイルド≪金沢文庫ナーサリー≫,3歳,5.0,0.0
令和6,金沢区,スターチャイルド≪金沢文庫ナーサリー≫,4歳,3.1818181818181817,0.36363636363636365
令和6,金沢区,スターチャイルド≪金沢文庫ナーサリー≫,5歳,1.9696969696969702,0.606060606060606
令和6,金沢区,ビアレ横浜スマイル保育園,0歳,5.0,0.0
令和6,金沢区,ビアレ横浜スマイル保育園,1歳,5.0,0.0
令和6,金沢区,ビアレ横浜スマイル保育園,2歳,5.0,0.0
令和6,金沢区,ビアレ横浜スマイル保育園,3歳,5.0,0.0
令和6,金沢区,ビアレ横浜スマイル保育園,4歳,5.0,0.0
令和6,金沢区,ビアレ横浜スマイル保育園,5歳,5.0,0.0
令和6,金沢区,フレンド金沢文庫保育園,0歳,4.242424242424242,0.1515151515151515
令和6,金沢区,フレンド金沢文庫保育園,1歳,4.431818181818182,0.11363636363636363
令和6,金沢区,フレンド金沢文庫保育園,2歳,5.0,0.0
令和6,金沢区,フレンド金沢文庫保育園,3歳,5.0,0.0
令和6,金沢区,フレンド金沢文庫保育園,4歳,5.0,0.0
令和6,金沢区,フレンド金沢文庫保育園,5歳,5.0,0.0
令和6,金沢区,マミングステーション,0歳,5.0,0.0
令和6,金沢区,マミングステーション,1歳,3.776273372018053,0.24474532559638942
令和6,金沢区,マミングステーション,2歳,4.545454545454546,0.09090909090909091
令和6,金沢区,マミングステーション,3歳,5.0,0.0
令和6,金沢区,マミングステーション,4歳,5.0,0.0
令和6,金沢区,マミングステーション,5歳,5.0,0.0
令和6,金沢区,マミーズエンジェル金沢文庫駅前保育園,0歳,4.613152804642167,0.07736943907156674
令和6,金沢区,マミーズエンジェル金沢文庫駅前保育園,1歳,5.0,0.0
令和6,金沢区,マミーズエンジェル金沢文庫駅前保育園,2歳,5.0,0.0
令和6,金沢区,マミーズエンジェル金沢文庫駅前保育園,3歳,2.803030303030303,0.4393939393939394
令和6,金沢区,マミーズエンジェル金沢文庫駅前保育園,4歳,5.0,0.0
令和6,金沢区,マミーズエンジェル金沢文庫駅前保育園,5歳,4.545454545454546,0.09090909090909091
令和6,金沢区,並木第二保育園,0歳,5.0,0.0
令和6,金沢区,並木第二保育園,1歳,5.0,0.0
令和6,金沢区,並木第二保育園,2歳,5.0,0.0
令和6,金沢区,並木第二保育園,3歳,2.2222222222222223,0.5555555555555555
令和6,金沢区,並木第二保育園,4歳,0.9444444444444442,0.8111111111111112
令和6,金沢区,並木第二保育園,5歳,1.527777777777778,0.6944444444444443
令和6,金沢区,京急キッズランド金沢文庫保育園,0歳,4.074074074074074,0.1851851851851852
令和6,金沢区,京急キッズランド金沢文庫保育園,1歳,5.0,0.0
令和6,金沢区,京急キッズランド金沢文庫保育園,2歳,5.0,0.0
令和6,金沢区,京急キッズランド金沢文庫保育園,3歳,5.0,0.0
令和6,金沢区,京急キッズランド金沢文庫保育園,4歳,2.803030303030303,0.4393939393939394
令和6,金沢区,京急キッズランド金沢文庫保育園,5歳,0.8484848484848484,0.8303030303030302
令和6,金沢区,北六浦いちい保育園,0歳,5.0,0.0
令和6,金沢区,北六浦いちい保育園,1歳,4.806576402321084,0.03868471953578337
令和6,金沢区,北六浦いちい保育園,2歳,3.880945084150369,0.22381098316992618
令和6,金沢区,北六浦いちい保育園,3歳,3.409090909090909,0.3181818181818182
令和6,金沢区,北六浦いちい保育園,4歳,2.1969696969696972,0.5606060606060607
令和6,金沢区,北六浦いちい保育園,5歳,3.1818181818181817,0.36363636363636365
令和6,金沢区,家庭的保育室　マリン,0歳,5.0,0.0
令和6,金沢区,家庭的保育室　マリン,1歳,5.0,0.0
令和6,金沢区,家庭的保育室　マリン,2歳,5.0,0.0
令和6,金沢区,家庭的保育室　マリン,3歳,5.0,0.0
令和6,金沢区,家庭的保育室　マリン,4歳,5.0,0.0
令和6,金沢区,家庭的保育室　マリン,5歳,5.0,0.0
令和6,金沢区,明徳釜利谷保育園,0歳,5.0,0.0
令和6,金沢区,明徳釜利谷保育園,1歳,5.0,0.0
令和6,金沢区,明徳釜利谷保育園,2歳,5.0,0.0
令和6,金沢区,明徳釜利谷保育園,3歳,5.0,0.0
令和6,金沢区,明徳釜利谷保育園,4歳,5.0,0.0
令和6,金沢区,明徳釜利谷保育園,5歳,2.5,0.5
令和6,金沢区,明日葉保育園金沢文庫園,0歳,5.0,0.0
令和6,金沢区,明日葉保育園金沢文庫園,1歳,5.0,0.0
令和6,金沢区,明日葉保育園金沢文庫園,2歳,5.0,0.0
令和6,金沢区,明日葉保育園金沢文庫園,3歳,4.7727272727272725,0.045454545454545456
令和6,金沢区,明日葉保育園金沢文庫園,4歳,5.0,0.0
令和6,金沢区,明日葉保育園金沢文庫園,5歳,5.0,0.0
令和6,金沢区,横浜市並木保育園,0歳,4.7727272727272725,0.045454545454545456
令和6,金沢区,横浜市並木保育園,1歳,5.0,0.0
令和6,金沢区,横浜市並木保育園,2歳,4.806576402321084,0.03868471953578337
令和6,金沢区,横浜市並木保育園,3歳,3.6363636363636362,0.2727272727272727
令和6,金沢区,横浜市並木保育園,4歳,3.0735930735930737,0.3852813852813853
令和6,金沢区,横浜市並木保育園,5歳,1.931818181818182,0.6136363636363636
令和6,金沢区,横浜市南六浦保育園,0歳,5.0,0.0
令和6,金沢区,横浜市南六浦保育園,1歳,5.0,0.0
令和6,金沢区,横浜市南六浦保育園,2歳,4.889135254988914,0.022172949002217297
令和6,金沢区,横浜市南六浦保育園,3歳,5.0,0.0
令和6,金沢区,横浜市南六浦保育園,4歳,4.878787878787879,0.024242424242424242
令和6,金沢区,横浜市南六浦保育園,5歳,5.0,0.0
令和6,金沢区,横浜市金沢さくら保育園,0歳,4.333333333333333,0.13333333333333333
令和6,金沢区,横浜市金沢さくら保育園,1歳,5.0,0.0
令和6,金沢区,横浜市金沢さくら保育園,2歳,5.0,0.0
令和6,金沢区,横浜市金沢さくら保育園,3歳,5.0,0.0
令和6,金沢区,横浜市金沢さくら保育園,4歳,5.0,0.0
令和6,金沢区,横浜市金沢さくら保育園,5歳,3.1818181818181817,0.36363636363636365
令和6,金沢区,聖星保育園,0歳,4.560876156620838,0.0878247686758325
令和6,金沢区,聖星保育園,1歳,4.476104326850596,0.10477913462988088
令和6,金沢区,聖星保育園,2歳,4.747474747474747,0.0505050505050505
令和6,金沢区,聖星保育園,3歳,5.0,0.0
令和6,金沢区,聖星保育園,4歳,5.0,0.0
令和6,金沢区,聖星保育園,5歳,4.806576402321084,0.03868471953578337
令和6,金沢区,西柴保育園,0歳,3.7121212121212124,0.25757575757575757
令和6,金沢区,西柴保育園,1歳,5.0,0.0
令和6,金沢区,西柴保育園,2歳,5.0,0.0
令和6,金沢区,西柴保育園,3歳,5.0,0.0
令和6,金沢区,西柴保育園,4歳,5.0,0.0
令和6,金沢区,西柴保育園,5歳,5.0,0.0
令和6,金沢区,金沢ぴよっこ保育園,0歳,5.0,0.0
令和6,金沢区,金沢ぴよっこ保育園,1歳,5.0,0.0
令和6,金沢区,金沢ぴよっこ保育園,2歳,5.0,0.0
令和6,金沢区,金沢ぴよっこ保育園,3歳,5.0,0.0
令和6,金沢区,金沢ぴよっこ保育園,4歳,5.0,0.0
令和6,金沢区,金沢ぴよっこ保育園,5歳,5.0,0.0
令和6,金沢区,金沢ふたば保育園,0歳,5.0,0.0
令和6,金沢区,金沢ふたば保育園,1歳,5.0,0.0
令和6,金沢区,金沢ふたば保育園,2歳,5.0,0.0
令和6,金沢区,金沢ふたば保育園,3歳,4.806576402321084,0.03868471953578337
令和6,金沢区,金沢ふたば保育園,4歳,5.0,0.0
令和6,金沢区,金沢ふたば保育園,5歳,5.0,0.0
令和6,金沢区,金沢八景ＹＭＣＡ保育園,0歳,5.0,0.0
令和6,金沢区,金沢八景ＹＭＣＡ保育園,1歳,5.0,0.0
令和6,金沢区,金沢八景ＹＭＣＡ保育園,2歳,5.0,0.0
令和6,金沢区,金沢八景ＹＭＣＡ保育園,3歳,5.0,0.0
令和6,金沢区,金沢八景ＹＭＣＡ保育園,4歳,5.0,0.0
令和6,金沢区,金沢八景ＹＭＣＡ保育園,5歳,5.0,0.0
令和6,金沢区,金沢愛児園,0歳,4.242424242424242,0.1515151515151515
令和6,金沢区,金沢愛児園,1歳,4.261363636363637,0.14772727272727273
令和6,金沢区,金沢愛児園,2歳,5.0,0.0
令和6,金沢区,金沢愛児園,3歳,5.0,0.0
令和6,金沢区,金沢愛児園,4歳,5.0,0.0
令和6,金沢区,金沢愛児園,5歳,5.0,0.0
令和6,金沢区,金沢白百合幼稚園,0歳,5.0,0.0
令和6,金沢区,金沢白百合幼稚園,1歳,4.545454545454546,0.09090909090909091
令和6,金沢区,金沢白百合幼稚園,2歳,5.0,0.0
令和6,金沢区,金沢白百合幼稚園,3歳,4.7727272727272725,0.045454545454545456
令和6,金沢区,金沢白百合幼稚園,4歳,5.0,0.0
令和6,金沢区,金沢白百合幼稚園,5歳,2.5,0.5
令和6,金沢区,関東学院六浦こども園,0歳,5.0,0.0
令和6,金沢区,関東学院六浦こども園,1歳,5.0,0.0
令和6,金沢区,関東学院六浦こども園,2歳,5.0,0.0
令和6,金沢区,関東学院六浦こども園,3歳,4.318181818181818,0.13636363636363635
令和6,金沢区,関東学院六浦こども園,4歳,3.3636363636363638,0.32727272727272727
令和6,金沢区,関東学院六浦こども園,5歳,4.7727272727272725,0.045454545454545456
令和6,金沢区,＋Ｕすくすくキッズ園,0歳,4.090909090909091,0.18181818181818182
令和6,金沢区,＋Ｕすくすくキッズ園,1歳,3.6515151515151514,0.2696969696969697
令和6,金沢区,＋Ｕすくすくキッズ園,2歳,5.0,0.0
令和6,金沢区,＋Ｕすくすくキッズ園,3歳,5.0,0.0
令和6,金沢区,＋Ｕすくすくキッズ園,4歳,5.0,0.0
令和6,金沢区,＋Ｕすくすくキッズ園,5歳,5.0,0.0
令和6,金沢区,ＹＭＣＡマナ保育園,0歳,4.4197292069632494,0.1160541586073501
令和6,金沢区,ＹＭＣＡマナ保育園,1歳,5.0,0.0
令和6,金沢区,ＹＭＣＡマナ保育園,2歳,4.866310160427807,0.026737967914438502
令和6,金沢区,ＹＭＣＡマナ保育園,3歳,4.7727272727272725,0.045454545454545456
令和6,金沢区,ＹＭＣＡマナ保育園,4歳,3.8636363636363638,0.22727272727272727
令和6,金沢区,ＹＭＣＡマナ保育園,5歳,5.0,0.0
令和6,青葉区,ChaCha Children Kakinokidai,0歳,5.0,0.0
令和6,青葉区,ChaCha Children Kakinokidai,1歳,5.0,0.0
令和6,青葉区,ChaCha Children Kakinokidai,2歳,4.7727272727272725,0.045454545454545456
令和6,青葉区,ChaCha Children Kakinokidai,3歳,1.8354573775134524,0.6329085244973096
令和6,青葉区,ChaCha Children Kakinokidai,4歳,4.545454545454546,0.09090909090909091
令和6,青葉区,ChaCha Children Kakinokidai,5歳,0.8430735930735931,0.8313852813852814
令和6,青葉区,あざみ野ひだまり保育園,0歳,4.545454545454546,0.09090909090909091
令和6,青葉区,あざみ野ひだまり保育園,1歳,5.0,0.0
令和6,青葉区,あざみ野ひだまり保育園,2歳,5.0,0.0
令和6,青葉区,あざみ野ひだまり保育園,3歳,5.0,0.0
令和6,青葉区,あざみ野ひだまり保育園,4歳,5.0,0.0
令和6,青葉区,あざみ野ひだまり保育園,5歳,5.0,0.0
令和6,青葉区,あっぷるキッズ青葉台,0歳,5.0,0.0
令和6,青葉区,あっぷるキッズ青葉台,1歳,5.0,0.0
令和6,青葉区,あっぷるキッズ青葉台,2歳,5.0,0.0
令和6,青葉区,あっぷるキッズ青葉台,3歳,2.727272727272727,0.45454545454545453
令和6,青葉区,あっぷるキッズ青葉台,4歳,2.272727272727273,0.5454545454545454
令和6,青葉区,あっぷるキッズ青葉台,5歳,2.5,0.5
令和6,青葉区,いずみ青葉台保育園,0歳,5.0,0.0
令和6,青葉区,いずみ青葉台保育園,1歳,5.0,0.0
令和6,青葉区,いずみ青葉台保育園,2歳,5.0,0.0
令和6,青葉区,いずみ青葉台保育園,3歳,5.0,0.0
令和6,青葉区,いずみ青葉台保育園,4歳,5.0,0.0
令和6,青葉区,いずみ青葉台保育園,5歳,5.0,0.0
令和6,青葉区,こどもの国ほしぞら保育園,0歳,4.728629579375848,0.05427408412483039
令和6,青葉区,こどもの国ほしぞら保育園,1歳,5.0,0.0
令和6,青葉区,こどもの国ほしぞら保育園,2歳,5.0,0.0
令和6,青葉区,こどもの国ほしぞら保育園,3歳,5.0,0.0
令和6,青葉区,こどもの国ほしぞら保育園,4歳,5.0,0.0
令和6,青葉区,こどもの国ほしぞら保育園,5歳,5.0,0.0
令和6,青葉区,しらとり台保育園,0歳,3.4740259740259742,0.3051948051948052
令和6,青葉区,しらとり台保育園,1歳,5.0,0.0
令和6,青葉区,しらとり台保育園,2歳,3.8636363636363638,0.22727272727272727
令和6,青葉区,しらとり台保育園,3歳,5.0,0.0
令和6,青葉区,しらとり台保育園,4歳,4.090909090909091,0.18181818181818182
令和6,青葉区,しらとり台保育園,5歳,5.0,0.0
令和6,青葉区,しらとり台保育園　青葉台,0歳,5.0,0.0
令和6,青葉区,しらとり台保育園　青葉台,1歳,5.0,0.0
令和6,青葉区,しらとり台保育園　青葉台,2歳,5.0,0.0
令和6,青葉区,しらとり台保育園　青葉台,3歳,3.409090909090909,0.3181818181818182
令和6,青葉区,しらとり台保育園　青葉台,4歳,2.1698521499087633,0.5660295700182473
令和6,青葉区,しらとり台保育園　青葉台,5歳,1.666666666666667,0.6666666666666666
令和6,青葉区,しらとり台保育園さつきが丘,0歳,3.5717279174725984,0.28565441650548035
令和6,青葉区,しらとり台保育園さつきが丘,1歳,5.0,0.0
令和6,青葉区,しらとり台保育園さつきが丘,2歳,4.7727272727272725,0.045454545454545456
令和6,青葉区,しらとり台保育園さつきが丘,3歳,4.090909090909091,0.18181818181818182
令和6,青葉区,しらとり台保育園さつきが丘,4歳,5.0,0.0
令和6,青葉区,しらとり台保育園さつきが丘,5歳,5.0,0.0
令和6,青葉区,しらとり台保育園つつじが丘,0歳,5.0,0.0
令和6,青葉区,しらとり台保育園つつじが丘,1歳,5.0,0.0
令和6,青葉区,しらとり台保育園つつじが丘,2歳,3.9393939393939394,0.2121212121212121
令和6,青葉区,しらとり台保育園つつじが丘,3歳,5.0,0.0
令和6,青葉区,しらとり台保育園つつじが丘,4歳,5.0,0.0
令和6,青葉区,しらとり台保育園つつじが丘,5歳,5.0,0.0
令和6,青葉区,たまプラーザ　こどもの詩保育園,0歳,5.0,0.0
令和6,青葉区,たまプラーザ　こどもの詩保育園,1歳,4.878787878787879,0.024242424242424242
令和6,青葉区,たまプラーザ　こどもの詩保育園,2歳,5.0,0.0
令和6,青葉区,たまプラーザ　こどもの詩保育園,3歳,5.0,0.0
令和6,青葉区,たまプラーザ　こどもの詩保育園,4歳,4.46969696969697,0.10606060606060605
令和6,青葉区,たまプラーザ　こどもの詩保育園,5歳,3.6363636363636362,0.2727272727272727
令和6,青葉区,たまプラーザぽんた保育園,0歳,3.522727272727273,0.29545454545454547
令和6,青葉区,たまプラーザぽんた保育園,1歳,4.090909090909091,0.18181818181818182
令和6,青葉区,たまプラーザぽんた保育園,2歳,3.1818181818181817,0.36363636363636365
令和6,青葉区,たまプラーザぽんた保育園,3歳,5.0,0.0
令和6,青葉区,たまプラーザぽんた保育園,4歳,5.0,0.0
令和6,青葉区,たまプラーザぽんた保育園,5歳,5.0,0.0
令和6,青葉区,たまプラーザもみじ保育園,0歳,5.0,0.0
令和6,青葉区,たまプラーザもみじ保育園,1歳,5.0,0.0
令和6,青葉区,たまプラーザもみじ保育園,2歳,4.806576402321084,0.03868471953578337
令和6,青葉区,たまプラーザもみじ保育園,3歳,5.0,0.0
令和6,青葉区,たまプラーザもみじ保育園,4歳,3.6363636363636362,0.2727272727272727
令和6,青葉区,たまプラーザもみじ保育園,5歳,3.6363636363636362,0.2727272727272727
令和6,青葉区,たまプラーザベビーリー乳幼児室,0歳,4.274084124830394,0.1451831750339213
令和6,青葉区,たまプラーザベビーリー乳幼児室,1歳,1.848965848965849,0.6302068302068302
令和6,青葉区,たまプラーザベビーリー乳幼児室,2歳,1.4318181818181819,0.7136363636363636
令和6,青葉区,たまプラーザベビーリー乳幼児室,3歳,5.0,0.0
令和6,青葉区,たまプラーザベビーリー乳幼児室,4歳,5.0,0.0
令和6,青葉区,たまプラーザベビーリー乳幼児室,5歳,5.0,0.0
令和6,青葉区,たまプラーザ小桜愛児園,0歳,5.0,0.0
令和6,青葉区,たまプラーザ小桜愛児園,1歳,5.0,0.0
令和6,青葉区,たまプラーザ小桜愛児園,2歳,4.728629579375848,0.05427408412483039
令和6,青葉区,たまプラーザ小桜愛児園,3歳,3.6363636363636362,0.2727272727272727
令和6,青葉区,たまプラーザ小桜愛児園,4歳,2.575757575757576,0.4848484848484848
令和6,青葉区,たまプラーザ小桜愛児園,5歳,0.7792207792207791,0.8441558441558442
令和6,青葉区,ちぐさのもり保育園,0歳,4.897854954034729,0.02042900919305414
令和6,青葉区,ちぐさのもり保育園,1歳,5.0,0.0
令和6,青葉区,ちぐさのもり保育園,2歳,4.831649831649832,0.03367003367003367
令和6,青葉区,ちぐさのもり保育園,3歳,4.7727272727272725,0.045454545454545456
令和6,青葉区,ちぐさのもり保育園,4歳,5.0,0.0
令和6,青葉区,ちぐさのもり保育園,5歳,4.7727272727272725,0.045454545454545456
令和6,青葉区,つどいの森もみの木こども園,0歳,4.352030947775629,0.12959381044487428
令和6,青葉区,つどいの森もみの木こども園,1歳,4.831649831649832,0.03367003367003367
令和6,青葉区,つどいの森もみの木こども園,2歳,4.015151515151515,0.19696969696969696
令和6,青葉区,つどいの森もみの木こども園,3歳,2.91044776119403,0.417910447761194
令和6,青葉区,つどいの森もみの木こども園,4歳,3.1818181818181817,0.36363636363636365
令和6,青葉区,つどいの森もみの木こども園,5歳,2.5,0.5
令和6,青葉区,といろきっずたまプラーザ保育園,0歳,4.545454545454546,0.09090909090909091
令和6,青葉区,といろきっずたまプラーザ保育園,1歳,4.696969696969696,0.0606060606060606
令和6,青葉区,といろきっずたまプラーザ保育園,2歳,4.806576402321084,0.03868471953578337
令和6,青葉区,といろきっずたまプラーザ保育園,3歳,5.0,0.0
令和6,青葉区,といろきっずたまプラーザ保育園,4歳,5.0,0.0
令和6,青葉区,といろきっずたまプラーザ保育園,5歳,5.0,0.0
令和6,青葉区,といろきっず田奈保育園,0歳,5.0,0.0
令和6,青葉区,といろきっず田奈保育園,1歳,5.0,0.0
令和6,青葉区,といろきっず田奈保育園,2歳,5.0,0.0
令和6,青葉区,といろきっず田奈保育園,3歳,5.0,0.0
令和6,青葉区,といろきっず田奈保育園,4歳,5.0,0.0
令和6,青葉区,といろきっず田奈保育園,5歳,5.0,0.0
令和6,青葉区,といろきっず美しが丘保育園,0歳,5.0,0.0
令和6,青葉区,といろきっず美しが丘保育園,1歳,4.831649831649832,0.03367003367003367
令和6,青葉区,といろきっず美しが丘保育園,2歳,5.0,0.0
令和6,青葉区,といろきっず美しが丘保育園,3歳,5.0,0.0
令和6,青葉区,といろきっず美しが丘保育園,4歳,5.0,0.0
令和6,青葉区,といろきっず美しが丘保育園,5歳,5.0,0.0
令和6,青葉区,といろきっず青葉台保育園,0歳,4.7727272727272725,0.045454545454545456
令和6,青葉区,といろきっず青葉台保育園,1歳,4.831649831649832,0.03367003367003367
令和6,青葉区,といろきっず青葉台保育園,2歳,5.0,0.0
令和6,青葉区,といろきっず青葉台保育園,3歳,5.0,0.0
令和6,青葉区,といろきっず青葉台保育園,4歳,5.0,0.0
令和6,青葉区,といろきっず青葉台保育園,5歳,5.0,0.0
令和6,青葉区,なかがわ家庭保育室,0歳,4.806576402321084,0.03868471953578337
令和6,青葉区,なかがわ家庭保育室,1歳,4.166666666666667,0.16666666666666666
令和6,青葉区,なかがわ家庭保育室,2歳,5.0,0.0
令和6,青葉区,なかがわ家庭保育室,3歳,5.0,0.0
令和6,青葉区,なかがわ家庭保育室,4歳,5.0,0.0
令和6,青葉区,なかがわ家庭保育室,5歳,5.0,0.0
令和6,青葉区,にじいろ保育園江田,0歳,5.0,0.0
令和6,青葉区,にじいろ保育園江田,1歳,4.806576402321084,0.03868471953578337
令和6,青葉区,にじいろ保育園江田,2歳,5.0,0.0
令和6,青葉区,にじいろ保育園江田,3歳,4.7727272727272725,0.045454545454545456
令和6,青葉区,にじいろ保育園江田,4歳,5.0,0.0
令和6,青葉区,にじいろ保育園江田,5歳,1.9696969696969697,0.606060606060606
令和6,青葉区,にじいろ保育園青葉台,0歳,4.7727272727272725,0.045454545454545456
令和6,青葉区,にじいろ保育園青葉台,1歳,5.0,0.0
令和6,青葉区,にじいろ保育園青葉台,2歳,5.0,0.0
令和6,青葉区,にじいろ保育園青葉台,3歳,4.090909090909091,0.18181818181818182
令和6,青葉区,にじいろ保育園青葉台,4歳,5.0,0.0
令和6,青葉区,にじいろ保育園青葉台,5歳,3.8636363636363638,0.22727272727272727
令和6,青葉区,ぽれぽれ保育園藤が丘,0歳,5.0,0.0
令和6,青葉区,ぽれぽれ保育園藤が丘,1歳,5.0,0.0
令和6,青葉区,ぽれぽれ保育園藤が丘,2歳,5.0,0.0
令和6,青葉区,ぽれぽれ保育園藤が丘,3歳,4.7727272727272725,0.045454545454545456
令和6,青葉区,ぽれぽれ保育園藤が丘,4歳,4.7727272727272725,0.045454545454545456
令和6,青葉区,ぽれぽれ保育園藤が丘,5歳,5.0,0.0
令和6,青葉区,みどり乳児園,0歳,3.7878787878787885,0.2424242424242424
令和6,青葉区,みどり乳児園,1歳,5.0,0.0
令和6,青葉区,みどり乳児園,2歳,5.0,0.0
令和6,青葉区,みどり乳児園,3歳,5.0,0.0
令和6,青葉区,みどり乳児園,4歳,5.0,0.0
令和6,青葉区,みどり乳児園,5歳,5.0,0.0
令和6,青葉区,もみじ保育園,0歳,4.806576402321084,0.03868471953578337
令和6,青葉区,もみじ保育園,1歳,3.3484848484848486,0.3303030303030303
令和6,青葉区,もみじ保育園,2歳,3.674242424242424,0.26515151515151514
令和6,青葉区,もみじ保育園,3歳,3.8636363636363638,0.22727272727272727
令和6,青葉区,もみじ保育園,4歳,1.5151515151515154,0.696969696969697
令和6,青葉区,もみじ保育園,5歳,2.727272727272727,0.45454545454545453
令和6,青葉区,もみじ第二保育園,0歳,4.242424242424242,0.1515151515151515
令和6,青葉区,もみじ第二保育園,1歳,5.0,0.0
令和6,青葉区,もみじ第二保育園,2歳,3.257575757575758,0.34848484848484845
令和6,青葉区,もみじ第二保育園,3歳,4.090909090909091,0.18181818181818182
令和6,青葉区,もみじ第二保育園,4歳,5.0,0.0
令和6,青葉区,もみじ第二保育園,5歳,5.0,0.0
令和6,青葉区,りとる・ピッピ,0歳,5.0,0.0
令和6,青葉区,りとる・ピッピ,1歳,4.85096870342772,0.02980625931445604
令和6,青葉区,りとる・ピッピ,2歳,5.0,0.0
令和6,青葉区,りとる・ピッピ,3歳,5.0,0.0
令和6,青葉区,りとる・ピッピ,4歳,5.0,0.0
令和6,青葉区,りとる・ピッピ,5歳,5.0,0.0
令和6,青葉区,りんどう保育園,0歳,5.0,0.0
令和6,青葉区,りんどう保育園,1歳,2.2581168831168834,0.5483766233766234
令和6,青葉区,りんどう保育園,2歳,3.106060606060606,0.37878787878787884
令和6,青葉区,りんどう保育園,3歳,3.245137946630484,0.35097241067390317
令和6,青葉区,りんどう保育園,4歳,1.4745670995670996,0.7050865800865801
令和6,青葉区,りんどう保育園,5歳,2.878787878787879,0.42424242424242425
令和6,青葉区,わいわいＫｉｄｓつつじが丘保育室,0歳,5.0,0.0
令和6,青葉区,わいわいＫｉｄｓつつじが丘保育室,1歳,5.0,0.0
令和6,青葉区,わいわいＫｉｄｓつつじが丘保育室,2歳,5.0,0.0
令和6,青葉区,わいわいＫｉｄｓつつじが丘保育室,3歳,5.0,0.0
令和6,青葉区,わいわいＫｉｄｓつつじが丘保育室,4歳,5.0,0.0
令和6,青葉区,わいわいＫｉｄｓつつじが丘保育室,5歳,5.0,0.0
令和6,青葉区,アスクあざみ野保育園,0歳,5.0,0.0
令和6,青葉区,アスクあざみ野保育園,1歳,5.0,0.0
令和6,青葉区,アスクあざみ野保育園,2歳,5.0,0.0
令和6,青葉区,アスクあざみ野保育園,3歳,5.0,0.0
令和6,青葉区,アスクあざみ野保育園,4歳,2.3892294015814346,0.5221541196837131
令和6,青葉区,アスクあざみ野保育園,5歳,5.0,0.0
令和6,青葉区,アスク藤が丘保育園,0歳,5.0,0.0
令和6,青葉区,アスク藤が丘保育園,1歳,5.0,0.0
令和6,青葉区,アスク藤が丘保育園,2歳,4.613152804642167,0.07736943907156674
令和6,青葉区,アスク藤が丘保育園,3歳,2.9545454545454546,0.4090909090909091
令和6,青葉区,アスク藤が丘保育園,4歳,2.9545454545454546,0.4090909090909091
令和6,青葉区,アスク藤が丘保育園,5歳,5.0,0.0
令和6,青葉区,アートチャイルドケアろりぽっぷたまプラーザ,0歳,5.0,0.0
令和6,青葉区,アートチャイルドケアろりぽっぷたまプラーザ,1歳,4.7727272727272725,0.045454545454545456
令和6,青葉区,アートチャイルドケアろりぽっぷたまプラーザ,2歳,4.7727272727272725,0.045454545454545456
令和6,青葉区,アートチャイルドケアろりぽっぷたまプラーザ,3歳,1.4691558441558443,0.7061688311688311
令和6,青葉区,アートチャイルドケアろりぽっぷたまプラーザ,4歳,3.8636363636363638,0.22727272727272727
令和6,青葉区,アートチャイルドケアろりぽっぷたまプラーザ,5歳,3.7878787878787876,0.2424242424242424
令和6,青葉区,エンゼルベアあざみ野保育園,0歳,5.0,0.0
令和6,青葉区,エンゼルベアあざみ野保育園,1歳,4.889135254988914,0.022172949002217297
令和6,青葉区,エンゼルベアあざみ野保育園,2歳,5.0,0.0
令和6,青葉区,エンゼルベアあざみ野保育園,3歳,3.8636363636363638,0.22727272727272727
令和6,青葉区,エンゼルベアあざみ野保育園,4歳,4.341782384018014,0.1316435231963971
令和6,青葉区,エンゼルベアあざみ野保育園,5歳,1.666666666666667,0.6666666666666666
令和6,青葉区,エンゼルベア青葉台保育園,0歳,4.3939393939393945,0.1212121212121212
令和6,青葉区,エンゼルベア青葉台保育園,1歳,4.806576402321084,0.03868471953578337
令和6,青葉区,エンゼルベア青葉台保育園,2歳,3.1818181818181817,0.36363636363636365
令和6,青葉区,エンゼルベア青葉台保育園,3歳,1.8181818181818181,0.6363636363636364
令和6,青葉区,エンゼルベア青葉台保育園,4歳,1.549165120593692,0.6901669758812615
令和6,青葉区,エンゼルベア青葉台保育園,5歳,0.8333333333333331,0.8333333333333335
令和6,青葉区,オルタスそらいろ,0歳,4.7727272727272725,0.045454545454545456
令和6,青葉区,オルタスそらいろ,1歳,5.0,0.0
令和6,青葉区,オルタスそらいろ,2歳,4.613152804642167,0.07736943907156674
令和6,青葉区,オルタスそらいろ,3歳,4.090909090909091,0.18181818181818182
令和6,青葉区,オルタスそらいろ,4歳,4.318181818181818,0.13636363636363635
令和6,青葉区,オルタスそらいろ,5歳,1.666666666666667,0.6666666666666666
令和6,青葉区,グローバルキッズあざみ野園,0歳,5.0,0.0
令和6,青葉区,グローバルキッズあざみ野園,1歳,5.0,0.0
令和6,青葉区,グローバルキッズあざみ野園,2歳,4.303030303030304,0.13939393939393938
令和6,青葉区,グローバルキッズあざみ野園,3歳,4.545454545454546,0.09090909090909091
令和6,青葉区,グローバルキッズあざみ野園,4歳,5.0,0.0
令和6,青葉区,グローバルキッズあざみ野園,5歳,3.409090909090909,0.3181818181818182
令和6,青葉区,グローバルキッズたまプラーザ保育園,0歳,4.3939393939393945,0.1212121212121212
令和6,青葉区,グローバルキッズたまプラーザ保育園,1歳,5.0,0.0
令和6,青葉区,グローバルキッズたまプラーザ保育園,2歳,2.803030303030303,0.4393939393939394
令和6,青葉区,グローバルキッズたまプラーザ保育園,3歳,1.4285714285714286,0.7142857142857143
令和6,青葉区,グローバルキッズたまプラーザ保育園,4歳,1.7272727272727273,0.6545454545454545
令和6,青葉区,グローバルキッズたまプラーザ保育園,5歳,0.9999999999999999,0.8
令和6,青葉区,グローバルキッズ市が尾園,0歳,5.0,0.0
令和6,青葉区,グローバルキッズ市が尾園,1歳,4.809281627463445,0.03814367450731087
令和6,青葉区,グローバルキッズ市が尾園,2歳,5.0,0.0
令和6,青葉区,グローバルキッズ市が尾園,3歳,5.0,0.0
令和6,青葉区,グローバルキッズ市が尾園,4歳,5.0,0.0
令和6,青葉区,グローバルキッズ市が尾園,5歳,5.0,0.0
令和6,青葉区,グローバルキッズ美しが丘保育園,0歳,5.0,0.0
令和6,青葉区,グローバルキッズ美しが丘保育園,1歳,5.0,0.0
令和6,青葉区,グローバルキッズ美しが丘保育園,2歳,4.090909090909091,0.18181818181818182
令和6,青葉区,グローバルキッズ美しが丘保育園,3歳,4.242424242424242,0.1515151515151515
令和6,青葉区,グローバルキッズ美しが丘保育園,4歳,4.696969696969696,0.0606060606060606
令和6,青葉区,グローバルキッズ美しが丘保育園,5歳,4.7727272727272725,0.045454545454545456
令和6,青葉区,グローバルキッズ藤が丘一丁目園,0歳,5.0,0.0
令和6,青葉区,グローバルキッズ藤が丘一丁目園,1歳,4.75627173373075,0.04874565325384998
令和6,青葉区,グローバルキッズ藤が丘一丁目園,2歳,5.0,0.0
令和6,青葉区,グローバルキッズ藤が丘一丁目園,3歳,4.545454545454546,0.09090909090909091
令和6,青葉区,グローバルキッズ藤が丘一丁目園,4歳,2.575757575757576,0.4848484848484848
令和6,青葉区,グローバルキッズ藤が丘一丁目園,5歳,2.9545454545454546,0.4090909090909091
令和6,青葉区,サンキッズ荏田西保育園,0歳,3.8453284833087946,0.23093430333824108
令和6,青葉区,サンキッズ荏田西保育園,1歳,5.0,0.0
令和6,青葉区,サンキッズ荏田西保育園,2歳,5.0,0.0
令和6,青葉区,サンキッズ荏田西保育園,3歳,3.333333333333334,0.3333333333333333
令和6,青葉区,サンキッズ荏田西保育園,4歳,5.0,0.0
令和6,青葉区,サンキッズ荏田西保育園,5歳,4.318181818181818,0.13636363636363635
令和6,青葉区,シャローム保育園,0歳,5.0,0.0
令和6,青葉区,シャローム保育園,1歳,5.0,0.0
令和6,青葉区,シャローム保育園,2歳,2.9545454545454546,0.4090909090909091
令和6,青葉区,シャローム保育園,3歳,2.272727272727273,0.5454545454545454
令和6,青葉区,シャローム保育園,4歳,5.0,0.0
令和6,青葉区,シャローム保育園,5歳,4.545454545454546,0.09090909090909091
令和6,青葉区,スターチャイルド≪たまプラーザナーサリー≫,0歳,4.965564738292011,0.006887052341597796
令和6,青葉区,スターチャイルド≪たまプラーザナーサリー≫,1歳,4.866310160427807,0.026737967914438502
令和6,青葉区,スターチャイルド≪たまプラーザナーサリー≫,2歳,5.0,0.0
令和6,青葉区,スターチャイルド≪たまプラーザナーサリー≫,3歳,5.0,0.0
令和6,青葉区,スターチャイルド≪たまプラーザナーサリー≫,4歳,5.0,0.0
令和6,青葉区,スターチャイルド≪たまプラーザナーサリー≫,5歳,1.8939393939393943,0.6212121212121212
令和6,青葉区,スターチャイルド≪江田ナーサリー≫,0歳,4.922299922299922,0.01554001554001554
令和6,青葉区,スターチャイルド≪江田ナーサリー≫,1歳,5.0,0.0
令和6,青葉区,スターチャイルド≪江田ナーサリー≫,2歳,4.545454545454546,0.09090909090909091
令和6,青葉区,スターチャイルド≪江田ナーサリー≫,3歳,5.0,0.0
令和6,青葉区,スターチャイルド≪江田ナーサリー≫,4歳,5.0,0.0
令和6,青葉区,スターチャイルド≪江田ナーサリー≫,5歳,4.545454545454546,0.09090909090909091
令和6,青葉区,スターチャイルド≪荏田北ナーサリー≫,0歳,5.0,0.0
令和6,青葉区,スターチャイルド≪荏田北ナーサリー≫,1歳,5.0,0.0
令和6,青葉区,スターチャイルド≪荏田北ナーサリー≫,2歳,4.545454545454546,0.09090909090909091
令和6,青葉区,スターチャイルド≪荏田北ナーサリー≫,3歳,4.545454545454546,0.09090909090909091
令和6,青葉区,スターチャイルド≪荏田北ナーサリー≫,4歳,5.0,0.0
令和6,青葉区,スターチャイルド≪荏田北ナーサリー≫,5歳,3.106060606060606,0.37878787878787884
令和6,青葉区,スターチャイルド≪藤が丘ナーサリー≫,0歳,5.0,0.0
令和6,青葉区,スターチャイルド≪藤が丘ナーサリー≫,1歳,5.0,0.0
令和6,青葉区,スターチャイルド≪藤が丘ナーサリー≫,2歳,5.0,0.0
令和6,青葉区,スターチャイルド≪藤が丘ナーサリー≫,3歳,5.0,0.0
令和6,青葉区,スターチャイルド≪藤が丘ナーサリー≫,4歳,5.0,0.0
令和6,青葉区,スターチャイルド≪藤が丘ナーサリー≫,5歳,5.0,0.0
令和6,青葉区,スターチャイルド≪藤が丘小規模保育所≫,0歳,5.0,0.0
令和6,青葉区,スターチャイルド≪藤が丘小規模保育所≫,1歳,5.0,0.0
令和6,青葉区,スターチャイルド≪藤が丘小規模保育所≫,2歳,4.090909090909091,0.18181818181818182
令和6,青葉区,スターチャイルド≪藤が丘小規模保育所≫,3歳,5.0,0.0
令和6,青葉区,スターチャイルド≪藤が丘小規模保育所≫,4歳,5.0,0.0
令和6,青葉区,スターチャイルド≪藤が丘小規模保育所≫,5歳,5.0,0.0
令和6,青葉区,ニチイキッズ美しが丘保育園,0歳,5.0,0.0
令和6,青葉区,ニチイキッズ美しが丘保育園,1歳,4.831649831649832,0.03367003367003367
令和6,青葉区,ニチイキッズ美しが丘保育園,2歳,4.7727272727272725,0.045454545454545456
令和6,青葉区,ニチイキッズ美しが丘保育園,3歳,1.58008658008658,0.683982683982684
令和6,青葉区,ニチイキッズ美しが丘保育園,4歳,4.545454545454546,0.09090909090909091
令和6,青葉区,ニチイキッズ美しが丘保育園,5歳,4.090909090909091,0.18181818181818182
令和6,青葉区,パレット保育園・たまプラーザ,0歳,5.0,0.0
令和6,青葉区,パレット保育園・たまプラーザ,1歳,5.0,0.0
令和6,青葉区,パレット保育園・たまプラーザ,2歳,5.0,0.0
令和6,青葉区,パレット保育園・たまプラーザ,3歳,5.0,0.0
令和6,青葉区,パレット保育園・たまプラーザ,4歳,5.0,0.0
令和6,青葉区,パレット保育園・たまプラーザ,5歳,4.090909090909091,0.18181818181818182
令和6,青葉区,パレット家庭的保育室　なないろ,0歳,5.0,0.0
令和6,青葉区,パレット家庭的保育室　なないろ,1歳,4.166666666666667,0.16666666666666666
令和6,青葉区,パレット家庭的保育室　なないろ,2歳,5.0,0.0
令和6,青葉区,パレット家庭的保育室　なないろ,3歳,5.0,0.0
令和6,青葉区,パレット家庭的保育室　なないろ,4歳,5.0,0.0
令和6,青葉区,パレット家庭的保育室　なないろ,5歳,5.0,0.0
令和6,青葉区,ピッピみんなの保育園,0歳,5.0,0.0
令和6,青葉区,ピッピみんなの保育園,1歳,5.0,0.0
令和6,青葉区,ピッピみんなの保育園,2歳,5.0,0.0
令和6,青葉区,ピッピみんなの保育園,3歳,5.0,0.0
令和6,青葉区,ピッピみんなの保育園,4歳,5.0,0.0
令和6,青葉区,ピッピみんなの保育園,5歳,0.9999999999999999,0.8
令和6,青葉区,ピッピ保育園,0歳,5.0,0.0
令和6,青葉区,ピッピ保育園,1歳,5.0,0.0
令和6,青葉区,ピッピ保育園,2歳,4.318181818181818,0.13636363636363635
令和6,青葉区,ピッピ保育園,3歳,2.9545454545454546,0.4090909090909091
令和6,青葉区,ピッピ保育園,4歳,3.6363636363636362,0.2727272727272727
令和6,青葉区,ピッピ保育園,5歳,2.727272727272727,0.45454545454545453
令和6,青葉区,プレスクールあおば,0歳,4.318181818181818,0.13636363636363635
令和6,青葉区,プレスクールあおば,1歳,5.0,0.0
令和6,青葉区,プレスクールあおば,2歳,4.7727272727272725,0.045454545454545456
令和6,青葉区,プレスクールあおば,3歳,5.0,0.0
令和6,青葉区,プレスクールあおば,4歳,1.9318181818181819,0.6136363636363636
令和6,青葉区,プレスクールあおば,5歳,2.5,0.5
令和6,青葉区,ベネッセ　市ヶ尾駅前保育園,0歳,5.0,0.0
令和6,青葉区,ベネッセ　市ヶ尾駅前保育園,1歳,4.878787878787879,0.024242424242424242
令和6,青葉区,ベネッセ　市ヶ尾駅前保育園,2歳,5.0,0.0
令和6,青葉区,ベネッセ　市ヶ尾駅前保育園,3歳,5.0,0.0
令和6,青葉区,ベネッセ　市ヶ尾駅前保育園,4歳,5.0,0.0
令和6,青葉区,ベネッセ　市ヶ尾駅前保育園,5歳,3.8636363636363638,0.22727272727272727
令和6,青葉区,ベネッセ　青葉台保育園,0歳,5.0,0.0
令和6,青葉区,ベネッセ　青葉台保育園,1歳,5.0,0.0
令和6,青葉区,ベネッセ　青葉台保育園,2歳,5.0,0.0
令和6,青葉区,ベネッセ　青葉台保育園,3歳,4.090909090909091,0.18181818181818182
令和6,青葉区,ベネッセ　青葉台保育園,4歳,3.6363636363636362,0.2727272727272727
令和6,青葉区,ベネッセ　青葉台保育園,5歳,1.8181818181818186,0.6363636363636364
令和6,青葉区,ベビーぽけっと松風台,0歳,4.090909090909091,0.18181818181818182
令和6,青葉区,ベビーぽけっと松風台,1歳,4.806576402321084,0.03868471953578337
令和6,青葉区,ベビーぽけっと松風台,2歳,5.0,0.0
令和6,青葉区,ベビーぽけっと松風台,3歳,5.0,0.0
令和6,青葉区,ベビーぽけっと松風台,4歳,5.0,0.0
令和6,青葉区,ベビーぽけっと松風台,5歳,5.0,0.0
令和6,青葉区,ポピンズナーサリースクールあざみ野,0歳,5.0,0.0
令和6,青葉区,ポピンズナーサリースクールあざみ野,1歳,5.0,0.0
令和6,青葉区,ポピンズナーサリースクールあざみ野,2歳,4.7727272727272725,0.045454545454545456
令和6,青葉区,ポピンズナーサリースクールあざみ野,3歳,4.7727272727272725,0.045454545454545456
令和6,青葉区,ポピンズナーサリースクールあざみ野,4歳,4.032882011605416,0.19342359767891681
令和6,青葉区,ポピンズナーサリースクールあざみ野,5歳,1.325757575757576,0.7348484848484849
令和6,青葉区,ポピンズナーサリースクールたまプラーザ,0歳,5.0,0.0
令和6,青葉区,ポピンズナーサリースクールたまプラーザ,1歳,4.318181818181818,0.13636363636363635
令和6,青葉区,ポピンズナーサリースクールたまプラーザ,2歳,5.0,0.0
令和6,青葉区,ポピンズナーサリースクールたまプラーザ,3歳,3.8636363636363638,0.22727272727272727
令和6,青葉区,ポピンズナーサリースクールたまプラーザ,4歳,5.0,0.0
令和6,青葉区,ポピンズナーサリースクールたまプラーザ,5歳,2.5,0.5
令和6,青葉区,ミアヘルサ保育園ひびき市が尾,0歳,4.85096870342772,0.02980625931445604
令和6,青葉区,ミアヘルサ保育園ひびき市が尾,1歳,4.85096870342772,0.02980625931445604
令和6,青葉区,ミアヘルサ保育園ひびき市が尾,2歳,4.7727272727272725,0.045454545454545456
令和6,青葉区,ミアヘルサ保育園ひびき市が尾,3歳,5.0,0.0
令和6,青葉区,ミアヘルサ保育園ひびき市が尾,4歳,5.0,0.0
令和6,青葉区,ミアヘルサ保育園ひびき市が尾,5歳,5.0,0.0
令和6,青葉区,ミアヘルサ保育園ひびき江田,0歳,4.7727272727272725,0.045454545454545456
令和6,青葉区,ミアヘルサ保育園ひびき江田,1歳,4.579303675048356,0.08413926499032881
令和6,青葉区,ミアヘルサ保育園ひびき江田,2歳,2.100347446092127,0.5799305107815745
令和6,青葉区,ミアヘルサ保育園ひびき江田,3歳,5.0,0.0
令和6,青葉区,ミアヘルサ保育園ひびき江田,4歳,5.0,0.0
令和6,青葉区,ミアヘルサ保育園ひびき江田,5歳,5.0,0.0
令和6,青葉区,京進のほいくえんＨＯＰＰＡたまプラーザ,0歳,4.85096870342772,0.02980625931445604
令和6,青葉区,京進のほいくえんＨＯＰＰＡたまプラーザ,1歳,5.0,0.0
令和6,青葉区,京進のほいくえんＨＯＰＰＡたまプラーザ,2歳,4.806576402321084,0.03868471953578337
令和6,青葉区,京進のほいくえんＨＯＰＰＡたまプラーザ,3歳,2.9545454545454546,0.4090909090909091
令和6,青葉区,京進のほいくえんＨＯＰＰＡたまプラーザ,4歳,2.234848484848485,0.553030303030303
令和6,青葉区,京進のほいくえんＨＯＰＰＡたまプラーザ,5歳,0.7142857142857145,0.8571428571428572
令和6,青葉区,京進のほいくえんＨＯＰＰＡ青葉台園,0歳,4.242424242424242,0.1515151515151515
令和6,青葉区,京進のほいくえんＨＯＰＰＡ青葉台園,1歳,5.0,0.0
令和6,青葉区,京進のほいくえんＨＯＰＰＡ青葉台園,2歳,4.7727272727272725,0.045454545454545456
令和6,青葉区,京進のほいくえんＨＯＰＰＡ青葉台園,3歳,5.0,0.0
令和6,青葉区,京進のほいくえんＨＯＰＰＡ青葉台園,4歳,5.0,0.0
令和6,青葉区,京進のほいくえんＨＯＰＰＡ青葉台園,5歳,5.0,0.0
令和6,青葉区,保育所まぁむあざみ野園,0歳,4.806576402321084,0.03868471953578337
令和6,青葉区,保育所まぁむあざみ野園,1歳,4.352030947775629,0.12959381044487428
令和6,青葉区,保育所まぁむあざみ野園,2歳,5.0,0.0
令和6,青葉区,保育所まぁむあざみ野園,3歳,5.0,0.0
令和6,青葉区,保育所まぁむあざみ野園,4歳,5.0,0.0
令和6,青葉区,保育所まぁむあざみ野園,5歳,5.0,0.0
令和6,青葉区,大場りとる・ピッピ,0歳,5.0,0.0
令和6,青葉区,大場りとる・ピッピ,1歳,5.0,0.0
令和6,青葉区,大場りとる・ピッピ,2歳,5.0,0.0
令和6,青葉区,大場りとる・ピッピ,3歳,5.0,0.0
令和6,青葉区,大場りとる・ピッピ,4歳,5.0,0.0
令和6,青葉区,大場りとる・ピッピ,5歳,5.0,0.0
令和6,青葉区,天才キッズクラブ楽学館あざみ野園,0歳,5.0,0.0
令和6,青葉区,天才キッズクラブ楽学館あざみ野園,1歳,5.0,0.0
令和6,青葉区,天才キッズクラブ楽学館あざみ野園,2歳,5.0,0.0
令和6,青葉区,天才キッズクラブ楽学館あざみ野園,3歳,3.1818181818181817,0.36363636363636365
令和6,青葉区,天才キッズクラブ楽学館あざみ野園,4歳,5.0,0.0
令和6,青葉区,天才キッズクラブ楽学館あざみ野園,5歳,2.5,0.5
令和6,青葉区,太陽の子　桜台保育園,0歳,5.0,0.0
令和6,青葉区,太陽の子　桜台保育園,1歳,5.0,0.0
令和6,青葉区,太陽の子　桜台保育園,2歳,3.897485493230174,0.2205029013539652
令和6,青葉区,太陽の子　桜台保育園,3歳,2.94429689078784,0.41114062184243194
令和6,青葉区,太陽の子　桜台保育園,4歳,4.090909090909091,0.18181818181818182
令和6,青葉区,太陽の子　桜台保育園,5歳,5.0,0.0
令和6,青葉区,太陽の子　桜台第二保育園,0歳,5.0,0.0
令和6,青葉区,太陽の子　桜台第二保育園,1歳,5.0,0.0
令和6,青葉区,太陽の子　桜台第二保育園,2歳,4.7727272727272725,0.045454545454545456
令和6,青葉区,太陽の子　桜台第二保育園,3歳,5.0,0.0
令和6,青葉区,太陽の子　桜台第二保育園,4歳,4.7727272727272725,0.045454545454545456
令和6,青葉区,太陽の子　桜台第二保育園,5歳,5.0,0.0
令和6,青葉区,小学館アカデミーたまプラーザ保育園,0歳,5.0,0.0
令和6,青葉区,小学館アカデミーたまプラーザ保育園,1歳,5.0,0.0
令和6,青葉区,小学館アカデミーたまプラーザ保育園,2歳,5.0,0.0
令和6,青葉区,小学館アカデミーたまプラーザ保育園,3歳,1.8636363636363635,0.6272727272727273
令和6,青葉区,小学館アカデミーたまプラーザ保育園,4歳,1.8409090909090908,0.6318181818181818
令和6,青葉区,小学館アカデミーたまプラーザ保育園,5歳,0.8333333333333331,0.8333333333333335
令和6,青葉区,小桜愛児園,0歳,5.0,0.0
令和6,青葉区,小桜愛児園,1歳,4.318181818181818,0.13636363636363635
令和6,青葉区,小桜愛児園,2歳,3.257575757575758,0.34848484848484845
令和6,青葉区,小桜愛児園,3歳,4.545454545454546,0.09090909090909091
令和6,青葉区,小桜愛児園,4歳,1.452922077922078,0.7094155844155844
令和6,青葉区,小桜愛児園,5歳,5.0,0.0
令和6,青葉区,市が尾こどものいえ保育園,0歳,3.9545454545454546,0.20909090909090908
令和6,青葉区,市が尾こどものいえ保育園,1歳,4.85096870342772,0.02980625931445604
令和6,青葉区,市が尾こどものいえ保育園,2歳,3.409090909090909,0.3181818181818182
令和6,青葉区,市が尾こどものいえ保育園,3歳,2.3484848484848486,0.5303030303030303
令和6,青葉区,市が尾こどものいえ保育園,4歳,3.8636363636363638,0.22727272727272727
令和6,青葉区,市が尾こどものいえ保育園,5歳,4.545454545454546,0.09090909090909091
令和6,青葉区,市ヶ尾保育園,0歳,4.166666666666667,0.16666666666666666
令和6,青葉区,市ヶ尾保育園,1歳,5.0,0.0
令和6,青葉区,市ヶ尾保育園,2歳,5.0,0.0
令和6,青葉区,市ヶ尾保育園,3歳,3.409090909090909,0.3181818181818182
令和6,青葉区,市ヶ尾保育園,4歳,4.7727272727272725,0.045454545454545456
令和6,青葉区,市ヶ尾保育園,5歳,5.0,0.0
令和6,青葉区,幼保連携型認定こども園青葉台幼稚園,0歳,5.0,0.0
令和6,青葉区,幼保連携型認定こども園青葉台幼稚園,1歳,5.0,0.0
令和6,青葉区,幼保連携型認定こども園青葉台幼稚園,2歳,5.0,0.0
令和6,青葉区,幼保連携型認定こども園青葉台幼稚園,3歳,4.806576402321084,0.03868471953578337
令和6,青葉区,幼保連携型認定こども園青葉台幼稚園,4歳,5.0,0.0
令和6,青葉区,幼保連携型認定こども園青葉台幼稚園,5歳,4.545454545454546,0.09090909090909091
令和6,青葉区,明日葉保育園青葉台園,0歳,5.0,0.0
令和6,青葉区,明日葉保育園青葉台園,1歳,5.0,0.0
令和6,青葉区,明日葉保育園青葉台園,2歳,5.0,0.0
令和6,青葉区,明日葉保育園青葉台園,3歳,4.318181818181818,0.13636363636363635
令和6,青葉区,明日葉保育園青葉台園,4歳,3.9393939393939394,0.2121212121212121
令和6,青葉区,明日葉保育園青葉台園,5歳,3.1818181818181817,0.36363636363636365
令和6,青葉区,木下の保育園　たまプラーザ,0歳,5.0,0.0
令和6,青葉区,木下の保育園　たまプラーザ,1歳,3.855577047066409,0.22888459058671823
令和6,青葉区,木下の保育園　たまプラーザ,2歳,5.0,0.0
令和6,青葉区,木下の保育園　たまプラーザ,3歳,2.3106060606060606,0.5378787878787878
令和6,青葉区,木下の保育園　たまプラーザ,4歳,1.9318181818181819,0.6136363636363636
令和6,青葉区,木下の保育園　たまプラーザ,5歳,0.9999999999999999,0.8
令和6,青葉区,横浜ナザレ保育園,0歳,2.6287878787878785,0.47424242424242424
令和6,青葉区,横浜ナザレ保育園,1歳,5.0,0.0
令和6,青葉区,横浜ナザレ保育園,2歳,3.143939393939394,0.37121212121212116
令和6,青葉区,横浜ナザレ保育園,3歳,4.7727272727272725,0.045454545454545456
令和6,青葉区,横浜ナザレ保育園,4歳,2.988394584139265,0.40232108317214704
令和6,青葉区,横浜ナザレ保育園,5歳,1.5530303030303032,0.6893939393939393
令和6,青葉区,横浜市すすき野保育園,0歳,3.0346320346320343,0.3930735930735931
令和6,青葉区,横浜市すすき野保育園,1歳,3.409090909090909,0.3181818181818182
令和6,青葉区,横浜市すすき野保育園,2歳,4.7727272727272725,0.045454545454545456
令和6,青葉区,横浜市すすき野保育園,3歳,4.7727272727272725,0.045454545454545456
令和6,青葉区,横浜市すすき野保育園,4歳,1.4366883116883118,0.7126623376623377
令和6,青葉区,横浜市すすき野保育園,5歳,0.8971861471861473,0.8205627705627705
令和6,青葉区,横浜市奈良保育園,0歳,5.0,0.0
令和6,青葉区,横浜市奈良保育園,1歳,4.482929333675602,0.10341413326487951
令和6,青葉区,横浜市奈良保育園,2歳,5.0,0.0
令和6,青葉区,横浜市奈良保育園,3歳,2.4242424242424243,0.5151515151515151
令和6,青葉区,横浜市奈良保育園,4歳,1.2933884297520661,0.7413223140495867
令和6,青葉区,横浜市奈良保育園,5歳,0.49999999999999994,0.9
令和6,青葉区,横浜市美しが丘保育園,0歳,4.806576402321084,0.03868471953578337
令和6,青葉区,横浜市美しが丘保育園,1歳,5.0,0.0
令和6,青葉区,横浜市美しが丘保育園,2歳,4.46969696969697,0.10606060606060605
令和6,青葉区,横浜市美しが丘保育園,3歳,2.015151515151515,0.5969696969696969
令和6,青葉区,横浜市美しが丘保育園,4歳,1.2500000000000002,0.75
令和6,青葉区,横浜市美しが丘保育園,5歳,0.38461538461538436,0.9230769230769232
令和6,青葉区,横浜市荏田保育園,0歳,4.358696684715493,0.12826066305690131
令和6,青葉区,横浜市荏田保育園,1歳,4.831649831649832,0.03367003367003367
令和6,青葉区,横浜市荏田保育園,2歳,4.251379038613082,0.14972419227738376
令和6,青葉区,横浜市荏田保育園,3歳,5.0,0.0
令和6,青葉区,横浜市荏田保育園,4歳,2.6969696969696972,0.4606060606060606
令和6,青葉区,横浜市荏田保育園,5歳,0.8939393939393937,0.8212121212121212
令和6,青葉区,江田ひまわり保育園,0歳,4.7727272727272725,0.045454545454545456
令和6,青葉区,江田ひまわり保育園,1歳,5.0,0.0
令和6,青葉区,江田ひまわり保育園,2歳,3.6363636363636362,0.2727272727272727
令和6,青葉区,江田ひまわり保育園,3歳,5.0,0.0
令和6,青葉区,江田ひまわり保育園,4歳,5.0,0.0
令和6,青葉区,江田ひまわり保育園,5歳,5.0,0.0
令和6,青葉区,美しが丘どろんこ保育園,0歳,4.568602693602694,0.08627946127946128
令和6,青葉区,美しが丘どろんこ保育園,1歳,5.0,0.0
令和6,青葉区,美しが丘どろんこ保育園,2歳,5.0,0.0
令和6,青葉区,美しが丘どろんこ保育園,3歳,5.0,0.0
令和6,青葉区,美しが丘どろんこ保育園,4歳,5.0,0.0
令和6,青葉区,美しが丘どろんこ保育園,5歳,5.0,0.0
令和6,青葉区,荏田北幼保連携型認定こども園,0歳,4.889135254988914,0.022172949002217297
令和6,青葉区,荏田北幼保連携型認定こども園,1歳,4.831649831649832,0.03367003367003367
令和6,青葉区,荏田北幼保連携型認定こども園,2歳,3.748454196657894,0.25030916066842124
令和6,青葉区,荏田北幼保連携型認定こども園,3歳,2.0984848484848486,0.5803030303030302
令和6,青葉区,荏田北幼保連携型認定こども園,4歳,2.9545454545454546,0.4090909090909091
令和6,青葉区,荏田北幼保連携型認定こども園,5歳,0.9810606060606059,0.8037878787878788
令和6,青葉区,藤が丘もみじ保育センター,0歳,3.75,0.25
令和6,青葉区,藤が丘もみじ保育センター,1歳,4.878787878787879,0.024242424242424242
令和6,青葉区,藤が丘もみじ保育センター,2歳,4.090909090909091,0.18181818181818182
令和6,青葉区,藤が丘もみじ保育センター,3歳,2.6136363636363638,0.4772727272727273
令和6,青葉区,藤が丘もみじ保育センター,4歳,4.090909090909091,0.18181818181818182
令和6,青葉区,藤が丘もみじ保育センター,5歳,5.0,0.0
令和6,青葉区,認定こども園あざみ野白ゆり幼稚園,0歳,5.0,0.0
令和6,青葉区,認定こども園あざみ野白ゆり幼稚園,1歳,4.728629579375848,0.05427408412483039
令和6,青葉区,認定こども園あざみ野白ゆり幼稚園,2歳,1.4204545454545454,0.7159090909090909
令和6,青葉区,認定こども園あざみ野白ゆり幼稚園,3歳,1.388888888888889,0.7222222222222222
令和6,青葉区,認定こども園あざみ野白ゆり幼稚園,4歳,1.7272727272727273,0.6545454545454545
令和6,青葉区,認定こども園あざみ野白ゆり幼稚園,5歳,0.5555555555555558,0.8888888888888888
令和6,青葉区,認定こども園ナザレ幼稚園,0歳,5.0,0.0
令和6,青葉区,認定こども園ナザレ幼稚園,1歳,5.0,0.0
令和6,青葉区,認定こども園ナザレ幼稚園,2歳,5.0,0.0
令和6,青葉区,認定こども園ナザレ幼稚園,3歳,4.696969696969696,0.0606060606060606
令和6,青葉区,認定こども園ナザレ幼稚園,4歳,4.318181818181818,0.13636363636363635
令和6,青葉区,認定こども園ナザレ幼稚園,5歳,5.0,0.0
令和6,青葉区,認定こども園三陽幼稚園・三陽保育園,0歳,4.873737373737374,0.025252525252525252
令和6,青葉区,認定こども園三陽幼稚園・三陽保育園,1歳,4.7755331088664414,0.044893378226711564
令和6,青葉区,認定こども園三陽幼稚園・三陽保育園,2歳,3.5863958736299164,0.28272082527401676
令和6,青葉区,認定こども園三陽幼稚園・三陽保育園,3歳,5.0,0.0
令和6,青葉区,認定こども園三陽幼稚園・三陽保育園,4歳,5.0,0.0
令和6,青葉区,認定こども園三陽幼稚園・三陽保育園,5歳,5.0,0.0
令和6,青葉区,認定こども園大場白ゆり幼稚園,0歳,5.0,0.0
令和6,青葉区,認定こども園大場白ゆり幼稚園,1歳,5.0,0.0
令和6,青葉区,認定こども園大場白ゆり幼稚園,2歳,5.0,0.0
令和6,青葉区,認定こども園大場白ゆり幼稚園,3歳,1.9318181818181819,0.6136363636363636
令和6,青葉区,認定こども園大場白ゆり幼稚園,4歳,1.9318181818181819,0.6136363636363636
令和6,青葉区,認定こども園大場白ゆり幼稚園,5歳,1.25,0.75
令和6,青葉区,青葉ぽかぽか保育室,0歳,4.545454545454546,0.09090909090909091
令和6,青葉区,青葉ぽかぽか保育室,1歳,5.0,0.0
令和6,青葉区,青葉ぽかぽか保育室,2歳,5.0,0.0
令和6,青葉区,青葉ぽかぽか保育室,3歳,5.0,0.0
令和6,青葉区,青葉ぽかぽか保育室,4歳,5.0,0.0
令和6,青葉区,青葉ぽかぽか保育室,5歳,5.0,0.0
令和6,青葉区,青葉フレール保育園,0歳,4.76034626389446,0.047930747221107954
令和6,青葉区,青葉フレール保育園,1歳,4.878787878787879,0.024242424242424242
令和6,青葉区,青葉フレール保育園,2歳,4.613152804642167,0.07736943907156674
令和6,青葉区,青葉フレール保育園,3歳,2.0,0.6
令和6,青葉区,青葉フレール保育園,4歳,5.0,0.0
令和6,青葉区,青葉フレール保育園,5歳,1.7424242424242429,0.6515151515151515
令和6,青葉区,青葉保育園,0歳,4.020780483297883,0.19584390334042354
令和6,青葉区,青葉保育園,1歳,5.0,0.0
令和6,青葉区,青葉保育園,2歳,4.831649831649832,0.03367003367003367
令和6,青葉区,青葉保育園,3歳,1.6818181818181819,0.6636363636363637
令和6,青葉区,青葉保育園,4歳,2.272727272727273,0.5454545454545454
令和6,青葉区,青葉保育園,5歳,5.0,0.0
令和6,青葉区,ＭＩＷＡあかね台光の子保育園,0歳,5.0,0.0
令和6,青葉区,ＭＩＷＡあかね台光の子保育園,1歳,5.0,0.0
令和6,青葉区,ＭＩＷＡあかね台光の子保育園,2歳,5.0,0.0
令和6,青葉区,ＭＩＷＡあかね台光の子保育園,3歳,5.0,0.0
令和6,青葉区,ＭＩＷＡあかね台光の子保育園,4歳,3.8636363636363638,0.22727272727272727
令和6,青葉区,ＭＩＷＡあかね台光の子保育園,5歳,2.5,0.5
令和6,鶴見区,Gakkenほいくえん矢向,0歳,5.0,0.0
令和6,鶴見区,Gakkenほいくえん矢向,1歳,1.378787878787879,0.7242424242424242
令和6,鶴見区,Gakkenほいくえん矢向,2歳,4.090909090909091,0.18181818181818182
令和6,鶴見区,Gakkenほいくえん矢向,3歳,3.1818181818181817,0.36363636363636365
令和6,鶴見区,Gakkenほいくえん矢向,4歳,0.924242424242424,0.8151515151515152
令和6,鶴見区,Gakkenほいくえん矢向,5歳,5.0,0.0
令和6,鶴見区,あゆみ保育園　鶴見,0歳,3.227272727272727,0.35454545454545455
令和6,鶴見区,あゆみ保育園　鶴見,1歳,4.7727272727272725,0.045454545454545456
令和6,鶴見区,あゆみ保育園　鶴見,2歳,4.431818181818182,0.11363636363636363
令和6,鶴見区,あゆみ保育園　鶴見,3歳,5.0,0.0
令和6,鶴見区,あゆみ保育園　鶴見,4歳,5.0,0.0
令和6,鶴見区,あゆみ保育園　鶴見,5歳,5.0,0.0
令和6,鶴見区,あーす保育園鶴見中央,0歳,5.0,0.0
令和6,鶴見区,あーす保育園鶴見中央,1歳,3.592265943012212,0.28154681139755766
令和6,鶴見区,あーす保育園鶴見中央,2歳,4.50354609929078,0.09929078014184398
令和6,鶴見区,あーす保育園鶴見中央,3歳,3.7878787878787876,0.2424242424242424
令和6,鶴見区,あーす保育園鶴見中央,4歳,3.409090909090909,0.3181818181818182
令和6,鶴見区,あーす保育園鶴見中央,5歳,5.0,0.0
令和6,鶴見区,えみ保育園,0歳,4.3939393939393945,0.1212121212121212
令和6,鶴見区,えみ保育園,1歳,5.0,0.0
令和6,鶴見区,えみ保育園,2歳,5.0,0.0
令和6,鶴見区,えみ保育園,3歳,5.0,0.0
令和6,鶴見区,えみ保育園,4歳,4.318181818181818,0.13636363636363635
令和6,鶴見区,えみ保育園,5歳,5.0,0.0
令和6,鶴見区,おれんじハウス鶴見保育園,0歳,3.9732430689877494,0.20535138620245003
令和6,鶴見区,おれんじハウス鶴見保育園,1歳,5.0,0.0
令和6,鶴見区,おれんじハウス鶴見保育園,2歳,5.0,0.0
令和6,鶴見区,おれんじハウス鶴見保育園,3歳,5.0,0.0
令和6,鶴見区,おれんじハウス鶴見保育園,4歳,5.0,0.0
令和6,鶴見区,おれんじハウス鶴見保育園,5歳,5.0,0.0
令和6,鶴見区,かもめ保育園,0歳,4.545454545454546,0.09090909090909091
令和6,鶴見区,かもめ保育園,1歳,5.0,0.0
令和6,鶴見区,かもめ保育園,2歳,5.0,0.0
令和6,鶴見区,かもめ保育園,3歳,5.0,0.0
令和6,鶴見区,かもめ保育園,4歳,4.318181818181818,0.13636363636363635
令和6,鶴見区,かもめ保育園,5歳,4.696969696969696,0.0606060606060606
令和6,鶴見区,きくなハート保育園,0歳,5.0,0.0
令和6,鶴見区,きくなハート保育園,1歳,5.0,0.0
令和6,鶴見区,きくなハート保育園,2歳,5.0,0.0
令和6,鶴見区,きくなハート保育園,3歳,5.0,0.0
令和6,鶴見区,きくなハート保育園,4歳,5.0,0.0
令和6,鶴見区,きくなハート保育園,5歳,5.0,0.0
令和6,鶴見区,きらぼし保育園,0歳,3.257575757575758,0.34848484848484845
令和6,鶴見区,きらぼし保育園,1歳,2.5,0.5
令和6,鶴見区,きらぼし保育園,2歳,4.579303675048356,0.08413926499032881
令和6,鶴見区,きらぼし保育園,3歳,5.0,0.0
令和6,鶴見区,きらぼし保育園,4歳,5.0,0.0
令和6,鶴見区,きらぼし保育園,5歳,5.0,0.0
令和6,鶴見区,こあらっこはうす　ル・ソレイユ,0歳,5.0,0.0
令和6,鶴見区,こあらっこはうす　ル・ソレイユ,1歳,5.0,0.0
令和6,鶴見区,こあらっこはうす　ル・ソレイユ,2歳,5.0,0.0
令和6,鶴見区,こあらっこはうす　ル・ソレイユ,3歳,2.9545454545454546,0.4090909090909091
令和6,鶴見区,こあらっこはうす　ル・ソレイユ,4歳,5.0,0.0
令和6,鶴見区,こあらっこはうす　ル・ソレイユ,5歳,4.696969696969696,0.0606060606060606
令和6,鶴見区,しおつるばしハート保育園,0歳,3.446969696969697,0.3106060606060606
令和6,鶴見区,しおつるばしハート保育園,1歳,2.356060606060606,0.5287878787878788
令和6,鶴見区,しおつるばしハート保育園,2歳,3.9318181818181817,0.21363636363636365
令和6,鶴見区,しおつるばしハート保育園,3歳,5.0,0.0
令和6,鶴見区,しおつるばしハート保育園,4歳,5.0,0.0
令和6,鶴見区,しおつるばしハート保育園,5歳,5.0,0.0
令和6,鶴見区,にじいろ保育園駒岡,0歳,5.0,0.0
令和6,鶴見区,にじいろ保育園駒岡,1歳,4.806576402321084,0.03868471953578337
令和6,鶴見区,にじいろ保育園駒岡,2歳,5.0,0.0
令和6,鶴見区,にじいろ保育園駒岡,3歳,4.545454545454546,0.09090909090909091
令和6,鶴見区,にじいろ保育園駒岡,4歳,3.0303030303030307,0.3939393939393939
令和6,鶴見区,にじいろ保育園駒岡,5歳,4.659090909090909,0.06818181818181818
令和6,鶴見区,にじいろ保育園駒岡四丁目,0歳,5.0,0.0
令和6,鶴見区,にじいろ保育園駒岡四丁目,1歳,5.0,0.0
令和6,鶴見区,にじいろ保育園駒岡四丁目,2歳,1.4772727272727273,0.7045454545454546
令和6,鶴見区,にじいろ保育園駒岡四丁目,3歳,1.666666666666667,0.6666666666666666
令和6,鶴見区,にじいろ保育園駒岡四丁目,4歳,1.0909090909090908,0.7818181818181817
令和6,鶴見区,にじいろ保育園駒岡四丁目,5歳,0.6240981240981243,0.8751803751803752
令和6,鶴見区,にじの風保育園,0歳,5.0,0.0
令和6,鶴見区,にじの風保育園,1歳,4.806576402321084,0.03868471953578337
令和6,鶴見区,にじの風保育園,2歳,5.0,0.0
令和6,鶴見区,にじの風保育園,3歳,3.7878787878787885,0.2424242424242424
令和6,鶴見区,にじの風保育園,4歳,2.9545454545454546,0.4090909090909091
令和6,鶴見区,にじの風保育園,5歳,5.0,0.0
令和6,鶴見区,ねむの樹　元宮保育園,0歳,5.0,0.0
令和6,鶴見区,ねむの樹　元宮保育園,1歳,5.0,0.0
令和6,鶴見区,ねむの樹　元宮保育園,2歳,4.7727272727272725,0.045454545454545456
令和6,鶴見区,ねむの樹　元宮保育園,3歳,2.742424242424242,0.45151515151515154
令和6,鶴見区,ねむの樹　元宮保育園,4歳,3.6363636363636362,0.2727272727272727
令和6,鶴見区,ねむの樹　元宮保育園,5歳,5.0,0.0
令和6,鶴見区,ねむの樹　北寺尾保育園,0歳,5.0,0.0
令和6,鶴見区,ねむの樹　北寺尾保育園,1歳,4.85096870342772,0.02980625931445604
令和6,鶴見区,ねむの樹　北寺尾保育園,2歳,4.806576402321084,0.03868471953578337
令和6,鶴見区,ねむの樹　北寺尾保育園,3歳,4.579303675048356,0.08413926499032881
令和6,鶴見区,ねむの樹　北寺尾保育園,4歳,5.0,0.0
令和6,鶴見区,ねむの樹　北寺尾保育園,5歳,5.0,0.0
令和6,鶴見区,ひだまりの保育園,0歳,2.939393939393939,0.4121212121212121
令和6,鶴見区,ひだまりの保育園,1歳,5.0,0.0
令和6,鶴見区,ひだまりの保育園,2歳,4.318181818181818,0.13636363636363635
令和6,鶴見区,ひだまりの保育園,3歳,5.0,0.0
令和6,鶴見区,ひだまりの保育園,4歳,5.0,0.0
令和6,鶴見区,ひだまりの保育園,5歳,5.0,0.0
令和6,鶴見区,ひまわりニコニコ保育園,0歳,3.409090909090909,0.3181818181818182
令和6,鶴見区,ひまわりニコニコ保育園,1歳,3.8636363636363638,0.22727272727272727
令和6,鶴見区,ひまわりニコニコ保育園,2歳,2.5,0.5
令和6,鶴見区,ひまわりニコニコ保育園,3歳,5.0,0.0
令和6,鶴見区,ひまわりニコニコ保育園,4歳,5.0,0.0
令和6,鶴見区,ひまわりニコニコ保育園,5歳,5.0,0.0
令和6,鶴見区,ぶれすと尻手ほいくえん,0歳,3.594455190199871,0.28110896196002577
令和6,鶴見区,ぶれすと尻手ほいくえん,1歳,4.831649831649832,0.03367003367003367
令和6,鶴見区,ぶれすと尻手ほいくえん,2歳,5.0,0.0
令和6,鶴見区,ぶれすと尻手ほいくえん,3歳,5.0,0.0
令和6,鶴見区,ぶれすと尻手ほいくえん,4歳,3.409090909090909,0.3181818181818182
令和6,鶴見区,ぶれすと尻手ほいくえん,5歳,5.0,0.0
令和6,鶴見区,ぶれすと尻手ほいくえん附属元宮,0歳,3.7878787878787876,0.2424242424242424
令和6,鶴見区,ぶれすと尻手ほいくえん附属元宮,1歳,5.0,0.0
令和6,鶴見区,ぶれすと尻手ほいくえん附属元宮,2歳,5.0,0.0
令和6,鶴見区,ぶれすと尻手ほいくえん附属元宮,3歳,5.0,0.0
令和6,鶴見区,ぶれすと尻手ほいくえん附属元宮,4歳,5.0,0.0
令和6,鶴見区,ぶれすと尻手ほいくえん附属元宮,5歳,5.0,0.0
令和6,鶴見区,みつばち保育園,0歳,2.970369505769359,0.40592609884612824
令和6,鶴見区,みつばち保育園,1歳,2.878787878787879,0.42424242424242425
令和6,鶴見区,みつばち保育園,2歳,5.0,0.0
令和6,鶴見区,みつばち保育園,3歳,5.0,0.0
令和6,鶴見区,みつばち保育園,4歳,5.0,0.0
令和6,鶴見区,みつばち保育園,5歳,5.0,0.0
令和6,鶴見区,みつる保育園,0歳,5.0,0.0
令和6,鶴見区,みつる保育園,1歳,5.0,0.0
令和6,鶴見区,みつる保育園,2歳,5.0,0.0
令和6,鶴見区,みつる保育園,3歳,5.0,0.0
令和6,鶴見区,みつる保育園,4歳,5.0,0.0
令和6,鶴見区,みつる保育園,5歳,4.042580982236155,0.19148380355276906
令和6,鶴見区,みゆさと保育園,0歳,3.7045454545454546,0.2590909090909091
令和6,鶴見区,みゆさと保育園,1歳,4.7727272727272725,0.045454545454545456
令和6,鶴見区,みゆさと保育園,2歳,5.0,0.0
令和6,鶴見区,みゆさと保育園,3歳,5.0,0.0
令和6,鶴見区,みゆさと保育園,4歳,4.090909090909091,0.18181818181818182
令和6,鶴見区,みゆさと保育園,5歳,5.0,0.0
令和6,鶴見区,ゆめいろ保育園,0歳,4.947451392538098,0.010509721492380454
令和6,鶴見区,ゆめいろ保育園,1歳,5.0,0.0
令和6,鶴見区,ゆめいろ保育園,2歳,3.965183752417795,0.20696324951644102
令和6,鶴見区,ゆめいろ保育園,3歳,4.545454545454546,0.09090909090909091
令和6,鶴見区,ゆめいろ保育園,4歳,1.7575757575757578,0.6484848484848484
令和6,鶴見区,ゆめいろ保育園,5歳,3.8636363636363638,0.22727272727272727
令和6,鶴見区,わおわお保育園,0歳,3.522727272727273,0.29545454545454547
令和6,鶴見区,わおわお保育園,1歳,4.276273372018053,0.14474532559638942
令和6,鶴見区,わおわお保育園,2歳,4.7727272727272725,0.045454545454545456
令和6,鶴見区,わおわお保育園,3歳,2.537878787878788,0.4924242424242424
令和6,鶴見区,わおわお保育園,4歳,4.318181818181818,0.13636363636363635
令和6,鶴見区,わおわお保育園,5歳,1.2045454545454546,0.759090909090909
令和6,鶴見区,わおわお東寺尾保育園,0歳,5.0,0.0
令和6,鶴見区,わおわお東寺尾保育園,1歳,5.0,0.0
令和6,鶴見区,わおわお東寺尾保育園,2歳,5.0,0.0
令和6,鶴見区,わおわお東寺尾保育園,3歳,5.0,0.0
令和6,鶴見区,わおわお東寺尾保育園,4歳,5.0,0.0
令和6,鶴見区,わおわお東寺尾保育園,5歳,5.0,0.0
令和6,鶴見区,わおわお江ヶ崎保育園,0歳,5.0,0.0
令和6,鶴見区,わおわお江ヶ崎保育園,1歳,5.0,0.0
令和6,鶴見区,わおわお江ヶ崎保育園,2歳,4.7727272727272725,0.045454545454545456
令和6,鶴見区,わおわお江ヶ崎保育園,3歳,5.0,0.0
令和6,鶴見区,わおわお江ヶ崎保育園,4歳,4.7727272727272725,0.045454545454545456
令和6,鶴見区,わおわお江ヶ崎保育園,5歳,5.0,0.0
令和6,鶴見区,わくわくの森保育園,0歳,4.318181818181818,0.13636363636363635
令和6,鶴見区,わくわくの森保育園,1歳,5.0,0.0
令和6,鶴見区,わくわくの森保育園,2歳,4.545454545454546,0.09090909090909091
令和6,鶴見区,わくわくの森保育園,3歳,4.806576402321084,0.03868471953578337
令和6,鶴見区,わくわくの森保育園,4歳,2.0454545454545454,0.5909090909090909
令和6,鶴見区,わくわくの森保育園,5歳,5.0,0.0
令和6,鶴見区,オハナ鶴見保育園,0歳,5.0,0.0
令和6,鶴見区,オハナ鶴見保育園,1歳,4.878787878787879,0.024242424242424242
令和6,鶴見区,オハナ鶴見保育園,2歳,5.0,0.0
令和6,鶴見区,オハナ鶴見保育園,3歳,1.9318181818181819,0.6136363636363636
令和6,鶴見区,オハナ鶴見保育園,4歳,4.7727272727272725,0.045454545454545456
令和6,鶴見区,オハナ鶴見保育園,5歳,5.0,0.0
令和6,鶴見区,スターチャイルド≪生麦ナーサリー≫,0歳,2.2905844155844157,0.5418831168831169
令和6,鶴見区,スターチャイルド≪生麦ナーサリー≫,1歳,5.0,0.0
令和6,鶴見区,スターチャイルド≪生麦ナーサリー≫,2歳,4.090909090909091,0.18181818181818182
令和6,鶴見区,スターチャイルド≪生麦ナーサリー≫,3歳,2.5676982591876207,0.48646034816247585
令和6,鶴見区,スターチャイルド≪生麦ナーサリー≫,4歳,1.0909090909090908,0.7818181818181817
令和6,鶴見区,スターチャイルド≪生麦ナーサリー≫,5歳,2.1969696969696972,0.5606060606060606
令和6,鶴見区,スターチャイルド≪矢向ナーサリー≫,0歳,3.6363636363636362,0.2727272727272727
令和6,鶴見区,スターチャイルド≪矢向ナーサリー≫,1歳,5.0,0.0
令和6,鶴見区,スターチャイルド≪矢向ナーサリー≫,2歳,4.7727272727272725,0.045454545454545456
令和6,鶴見区,スターチャイルド≪矢向ナーサリー≫,3歳,5.0,0.0
令和6,鶴見区,スターチャイルド≪矢向ナーサリー≫,4歳,3.6363636363636362,0.2727272727272727
令和6,鶴見区,スターチャイルド≪矢向ナーサリー≫,5歳,2.727272727272727,0.45454545454545453
令和6,鶴見区,トライアングル　スマイル,0歳,2.659090909090909,0.4681818181818182
令和6,鶴見区,トライアングル　スマイル,1歳,2.3527329368450864,0.5294534126309828
令和6,鶴見区,トライアングル　スマイル,2歳,5.0,0.0
令和6,鶴見区,トライアングル　スマイル,3歳,4.276273372018053,0.14474532559638942
令和6,鶴見区,トライアングル　スマイル,4歳,5.0,0.0
令和6,鶴見区,トライアングル　スマイル,5歳,3.6363636363636362,0.2727272727272727
令和6,鶴見区,ナーサリーつるみ,0歳,3.257575757575758,0.34848484848484845
令和6,鶴見区,ナーサリーつるみ,1歳,1.119047619047619,0.7761904761904762
令和6,鶴見区,ナーサリーつるみ,2歳,1.8603896103896105,0.6279220779220779
令和6,鶴見区,ナーサリーつるみ,3歳,5.0,0.0
令和6,鶴見区,ナーサリーつるみ,4歳,2.4242424242424243,0.5151515151515151
令和6,鶴見区,ナーサリーつるみ,5歳,0.9437229437229436,0.8112554112554112
令和6,鶴見区,ビーンズ保育園,0歳,4.696969696969696,0.0606060606060606
令和6,鶴見区,ビーンズ保育園,1歳,4.85096870342772,0.02980625931445604
令和6,鶴見区,ビーンズ保育園,2歳,5.0,0.0
令和6,鶴見区,ビーンズ保育園,3歳,0.7683982683982684,0.8463203463203464
令和6,鶴見区,ビーンズ保育園,4歳,4.7727272727272725,0.045454545454545456
令和6,鶴見区,ビーンズ保育園,5歳,3.1818181818181817,0.36363636363636365
令和6,鶴見区,フェアリーテイルつばさ,0歳,4.333333333333333,0.13333333333333333
令和6,鶴見区,フェアリーテイルつばさ,1歳,4.806576402321084,0.03868471953578337
令和6,鶴見区,フェアリーテイルつばさ,2歳,4.545454545454546,0.09090909090909091
令和6,鶴見区,フェアリーテイルつばさ,3歳,2.537878787878788,0.49242424242424243
令和6,鶴見区,フェアリーテイルつばさ,4歳,2.3106060606060606,0.537878787878788
令和6,鶴見区,フェアリーテイルつばさ,5歳,2.575757575757576,0.4848484848484848
令和6,鶴見区,フェアリーテイルみらい,0歳,5.0,0.0
令和6,鶴見区,フェアリーテイルみらい,1歳,5.0,0.0
令和6,鶴見区,フェアリーテイルみらい,2歳,4.090909090909091,0.18181818181818182
令和6,鶴見区,フェアリーテイルみらい,3歳,3.409090909090909,0.3181818181818182
令和6,鶴見区,フェアリーテイルみらい,4歳,4.696969696969696,0.0606060606060606
令和6,鶴見区,フェアリーテイルみらい,5歳,4.7727272727272725,0.045454545454545456
令和6,鶴見区,フラッフィー小規模保育園,0歳,5.0,0.0
令和6,鶴見区,フラッフィー小規模保育園,1歳,5.0,0.0
令和6,鶴見区,フラッフィー小規模保育園,2歳,3.1818181818181817,0.36363636363636365
令和6,鶴見区,フラッフィー小規模保育園,3歳,5.0,0.0
令和6,鶴見区,フラッフィー小規模保育園,4歳,5.0,0.0
令和6,鶴見区,フラッフィー小規模保育園,5歳,5.0,0.0
令和6,鶴見区,ベネッセ　矢向保育園,0歳,4.090909090909091,0.18181818181818182
令和6,鶴見区,ベネッセ　矢向保育園,1歳,4.090909090909091,0.18181818181818182
令和6,鶴見区,ベネッセ　矢向保育園,2歳,4.545454545454546,0.09090909090909091
令和6,鶴見区,ベネッセ　矢向保育園,3歳,1.628787878787879,0.6742424242424242
令和6,鶴見区,ベネッセ　矢向保育園,4歳,1.8181818181818186,0.6363636363636364
令和6,鶴見区,ベネッセ　矢向保育園,5歳,5.0,0.0
令和6,鶴見区,ベネッセ菊名保育園,0歳,5.0,0.0
令和6,鶴見区,ベネッセ菊名保育園,1歳,5.0,0.0
令和6,鶴見区,ベネッセ菊名保育園,2歳,5.0,0.0
令和6,鶴見区,ベネッセ菊名保育園,3歳,5.0,0.0
令和6,鶴見区,ベネッセ菊名保育園,4歳,5.0,0.0
令和6,鶴見区,ベネッセ菊名保育園,5歳,5.0,0.0
令和6,鶴見区,ポピンズナーサリースクール鶴見,0歳,3.606060606060606,0.2787878787878788
令和6,鶴見区,ポピンズナーサリースクール鶴見,1歳,5.0,0.0
令和6,鶴見区,ポピンズナーサリースクール鶴見,2歳,4.318181818181818,0.13636363636363635
令和6,鶴見区,ポピンズナーサリースクール鶴見,3歳,3.1818181818181817,0.36363636363636365
令和6,鶴見区,ポピンズナーサリースクール鶴見,4歳,5.0,0.0
令和6,鶴見区,ポピンズナーサリースクール鶴見,5歳,1.666666666666667,0.6666666666666666
令和6,鶴見区,ミアヘルサ保育園ひびき矢向,0歳,3.4469696969696972,0.3106060606060606
令和6,鶴見区,ミアヘルサ保育園ひびき矢向,1歳,5.0,0.0
令和6,鶴見区,ミアヘルサ保育園ひびき矢向,2歳,5.0,0.0
令和6,鶴見区,ミアヘルサ保育園ひびき矢向,3歳,2.4242424242424243,0.5151515151515151
令和6,鶴見区,ミアヘルサ保育園ひびき矢向,4歳,4.090909090909091,0.18181818181818182
令和6,鶴見区,ミアヘルサ保育園ひびき矢向,5歳,0.9999999999999999,0.8
令和6,鶴見区,ユニコーン・キッズクラブ,0歳,3.484848484848485,0.303030303030303
令和6,鶴見区,ユニコーン・キッズクラブ,1歳,2.9545454545454546,0.4090909090909091
令和6,鶴見区,ユニコーン・キッズクラブ,2歳,2.878787878787879,0.4242424242424242
令和6,鶴見区,ユニコーン・キッズクラブ,3歳,5.0,0.0
令和6,鶴見区,ユニコーン・キッズクラブ,4歳,5.0,0.0
令和6,鶴見区,ユニコーン・キッズクラブ,5歳,5.0,0.0
令和6,鶴見区,ヨコハマさくら保育園,0歳,4.015151515151515,0.19696969696969696
令和6,鶴見区,ヨコハマさくら保育園,1歳,5.0,0.0
令和6,鶴見区,ヨコハマさくら保育園,2歳,4.318181818181818,0.13636363636363635
令和6,鶴見区,ヨコハマさくら保育園,3歳,2.0454545454545454,0.5909090909090909
令和6,鶴見区,ヨコハマさくら保育園,4歳,4.545454545454546,0.09090909090909091
令和6,鶴見区,ヨコハマさくら保育園,5歳,2.3484848484848486,0.5303030303030303
令和6,鶴見区,リュミエール小規模保育園,0歳,5.0,0.0
令和6,鶴見区,リュミエール小規模保育園,1歳,2.4545454545454546,0.5090909090909091
令和6,鶴見区,リュミエール小規模保育園,2歳,5.0,0.0
令和6,鶴見区,リュミエール小規模保育園,3歳,5.0,0.0
令和6,鶴見区,リュミエール小規模保育園,4歳,5.0,0.0
令和6,鶴見区,リュミエール小規模保育園,5歳,5.0,0.0
令和6,鶴見区,ルーチェ保育園　鶴見,0歳,5.0,0.0
令和6,鶴見区,ルーチェ保育園　鶴見,1歳,5.0,0.0
令和6,鶴見区,ルーチェ保育園　鶴見,2歳,4.831649831649832,0.03367003367003367
令和6,鶴見区,ルーチェ保育園　鶴見,3歳,4.7727272727272725,0.045454545454545456
令和6,鶴見区,ルーチェ保育園　鶴見,4歳,5.0,0.0
令和6,鶴見区,ルーチェ保育園　鶴見,5歳,5.0,0.0
令和6,鶴見区,三色えのぐの保育園,0歳,1.871753246753247,0.6256493506493507
令和6,鶴見区,三色えのぐの保育園,1歳,5.0,0.0
令和6,鶴見区,三色えのぐの保育園,2歳,5.0,0.0
令和6,鶴見区,三色えのぐの保育園,3歳,5.0,0.0
令和6,鶴見区,三色えのぐの保育園,4歳,5.0,0.0
令和6,鶴見区,三色えのぐの保育園,5歳,5.0,0.0
令和6,鶴見区,上末吉白百合保育園,0歳,4.242424242424242,0.1515151515151515
令和6,鶴見区,上末吉白百合保育園,1歳,4.831649831649832,0.03367003367003367
令和6,鶴見区,上末吉白百合保育園,2歳,3.8636363636363638,0.22727272727272727
令和6,鶴見区,上末吉白百合保育園,3歳,5.0,0.0
令和6,鶴見区,上末吉白百合保育園,4歳,5.0,0.0
令和6,鶴見区,上末吉白百合保育園,5歳,5.0,0.0
令和6,鶴見区,保育園スカイ・ウイング,0歳,3.056758557126651,0.38864828857466976
令和6,鶴見区,保育園スカイ・ウイング,1歳,3.315025453005765,0.33699490939884713
令和6,鶴見区,保育園スカイ・ウイング,2歳,4.604377104377105,0.07912457912457913
令和6,鶴見区,保育園スカイ・ウイング,3歳,2.9545454545454546,0.4090909090909091
令和6,鶴見区,保育園スカイ・ウイング,4歳,3.441558441558442,0.3116883116883117
令和6,鶴見区,保育園スカイ・ウイング,5歳,5.0,0.0
令和6,鶴見区,保育室ベルファミーユ,0歳,5.0,0.0
令和6,鶴見区,保育室ベルファミーユ,1歳,5.0,0.0
令和6,鶴見区,保育室ベルファミーユ,2歳,5.0,0.0
令和6,鶴見区,保育室ベルファミーユ,3歳,5.0,0.0
令和6,鶴見区,保育室ベルファミーユ,4歳,5.0,0.0
令和6,鶴見区,保育室ベルファミーユ,5歳,5.0,0.0
令和6,鶴見区,入船の森保育園,0歳,5.0,0.0
令和6,鶴見区,入船の森保育園,1歳,1.9277885235332044,0.6144422952933591
令和6,鶴見区,入船の森保育園,2歳,5.0,0.0
令和6,鶴見区,入船の森保育園,3歳,2.878787878787879,0.42424242424242425
令和6,鶴見区,入船の森保育園,4歳,5.0,0.0
令和6,鶴見区,入船の森保育園,5歳,2.0454545454545454,0.5909090909090909
令和6,鶴見区,北寺尾むつみ保育園,0歳,4.831649831649832,0.03367003367003367
令和6,鶴見区,北寺尾むつみ保育園,1歳,5.0,0.0
令和6,鶴見区,北寺尾むつみ保育園,2歳,5.0,0.0
令和6,鶴見区,北寺尾むつみ保育園,3歳,5.0,0.0
令和6,鶴見区,北寺尾むつみ保育園,4歳,5.0,0.0
令和6,鶴見区,北寺尾むつみ保育園,5歳,4.806576402321084,0.03868471953578337
令和6,鶴見区,北寺尾むつみ小規模保育施設,0歳,5.0,0.0
令和6,鶴見区,北寺尾むつみ小規模保育施設,1歳,5.0,0.0
令和6,鶴見区,北寺尾むつみ小規模保育施設,2歳,4.7727272727272725,0.045454545454545456
令和6,鶴見区,北寺尾むつみ小規模保育施設,3歳,5.0,0.0
令和6,鶴見区,北寺尾むつみ小規模保育施設,4歳,5.0,0.0
令和6,鶴見区,北寺尾むつみ小規模保育施設,5歳,5.0,0.0
令和6,鶴見区,北寺尾第二むつみ保育園,0歳,5.0,0.0
令和6,鶴見区,北寺尾第二むつみ保育園,1歳,5.0,0.0
令和6,鶴見区,北寺尾第二むつみ保育園,2歳,5.0,0.0
令和6,鶴見区,北寺尾第二むつみ保育園,3歳,4.318181818181818,0.13636363636363635
令和6,鶴見区,北寺尾第二むつみ保育園,4歳,5.0,0.0
令和6,鶴見区,北寺尾第二むつみ保育園,5歳,5.0,0.0
令和6,鶴見区,北寺尾４丁目むつみ小規模保育施設,0歳,5.0,0.0
令和6,鶴見区,北寺尾４丁目むつみ小規模保育施設,1歳,5.0,0.0
令和6,鶴見区,北寺尾４丁目むつみ小規模保育施設,2歳,5.0,0.0
令和6,鶴見区,北寺尾４丁目むつみ小規模保育施設,3歳,5.0,0.0
令和6,鶴見区,北寺尾４丁目むつみ小規模保育施設,4歳,5.0,0.0
令和6,鶴見区,北寺尾４丁目むつみ小規模保育施設,5歳,5.0,0.0
令和6,鶴見区,太陽の子　尻手保育園,0歳,4.46969696969697,0.10606060606060605
令和6,鶴見区,太陽の子　尻手保育園,1歳,4.015151515151515,0.19696969696969696
令和6,鶴見区,太陽の子　尻手保育園,2歳,5.0,0.0
令和6,鶴見区,太陽の子　尻手保育園,3歳,2.0454545454545454,0.5909090909090909
令和6,鶴見区,太陽の子　尻手保育園,4歳,1.038961038961039,0.7922077922077921
令和6,鶴見区,太陽の子　尻手保育園,5歳,2.878787878787879,0.4242424242424242
令和6,鶴見区,太陽の子　鶴見市場保育園,0歳,5.0,0.0
令和6,鶴見区,太陽の子　鶴見市場保育園,1歳,5.0,0.0
令和6,鶴見区,太陽の子　鶴見市場保育園,2歳,4.85096870342772,0.02980625931445604
令和6,鶴見区,太陽の子　鶴見市場保育園,3歳,5.0,0.0
令和6,鶴見区,太陽の子　鶴見市場保育園,4歳,2.878787878787879,0.4242424242424242
令和6,鶴見区,太陽の子　鶴見市場保育園,5歳,5.0,0.0
令和6,鶴見区,実遊中央保育園,0歳,3.3712121212121215,0.32575757575757575
令和6,鶴見区,実遊中央保育園,1歳,2.803030303030303,0.4393939393939394
令和6,鶴見区,実遊中央保育園,2歳,5.0,0.0
令和6,鶴見区,実遊中央保育園,3歳,2.575757575757576,0.4848484848484848
令和6,鶴見区,実遊中央保育園,4歳,4.6632996632996635,0.06734006734006734
令和6,鶴見区,実遊中央保育園,5歳,5.0,0.0
令和6,鶴見区,尻手すきっぷ保育園,0歳,3.522727272727273,0.29545454545454547
令和6,鶴見区,尻手すきっぷ保育園,1歳,5.0,0.0
令和6,鶴見区,尻手すきっぷ保育園,2歳,5.0,0.0
令和6,鶴見区,尻手すきっぷ保育園,3歳,4.7727272727272725,0.045454545454545456
令和6,鶴見区,尻手すきっぷ保育園,4歳,1.666666666666667,0.6666666666666666
令和6,鶴見区,尻手すきっぷ保育園,5歳,5.0,0.0
令和6,鶴見区,尻手スマイル保育園,0歳,4.318181818181818,0.13636363636363635
令和6,鶴見区,尻手スマイル保育園,1歳,3.8636363636363638,0.22727272727272727
令和6,鶴見区,尻手スマイル保育園,2歳,5.0,0.0
令和6,鶴見区,尻手スマイル保育園,3歳,5.0,0.0
令和6,鶴見区,尻手スマイル保育園,4歳,5.0,0.0
令和6,鶴見区,尻手スマイル保育園,5歳,5.0,0.0
令和6,鶴見区,市場ポケット保育園,0歳,3.333333333333334,0.3333333333333333
令和6,鶴見区,市場ポケット保育園,1歳,4.7727272727272725,0.045454545454545456
令和6,鶴見区,市場ポケット保育園,2歳,5.0,0.0
令和6,鶴見区,市場ポケット保育園,3歳,4.7727272727272725,0.045454545454545456
令和6,鶴見区,市場ポケット保育園,4歳,3.409090909090909,0.3181818181818182
令和6,鶴見区,市場ポケット保育園,5歳,4.242424242424242,0.1515151515151515
令和6,鶴見区,市場保育園,0歳,3.484848484848485,0.303030303030303
令和6,鶴見区,市場保育園,1歳,3.1641414141414144,0.36717171717171715
令和6,鶴見区,市場保育園,2歳,4.7727272727272725,0.045454545454545456
令和6,鶴見区,市場保育園,3歳,2.878787878787879,0.4242424242424242
令和6,鶴見区,市場保育園,4歳,3.9393939393939394,0.2121212121212121
令和6,鶴見区,市場保育園,5歳,5.0,0.0
令和6,鶴見区,幸いづみ保育園,0歳,2.4242424242424243,0.5151515151515151
令和6,鶴見区,幸いづみ保育園,1歳,3.484848484848485,0.303030303030303
令和6,鶴見区,幸いづみ保育園,2歳,2.159090909090909,0.5681818181818182
令和6,鶴見区,幸いづみ保育園,3歳,2.9545454545454546,0.4090909090909091
令和6,鶴見区,幸いづみ保育園,4歳,2.5,0.5
令和6,鶴見区,幸いづみ保育園,5歳,3.1818181818181817,0.36363636363636365
令和6,鶴見区,幼保連携型認定こども園　あさひ台幼稚園,0歳,5.0,0.0
令和6,鶴見区,幼保連携型認定こども園　あさひ台幼稚園,1歳,5.0,0.0
令和6,鶴見区,幼保連携型認定こども園　あさひ台幼稚園,2歳,5.0,0.0
令和6,鶴見区,幼保連携型認定こども園　あさひ台幼稚園,3歳,5.0,0.0
令和6,鶴見区,幼保連携型認定こども園　あさひ台幼稚園,4歳,5.0,0.0
令和6,鶴見区,幼保連携型認定こども園　あさひ台幼稚園,5歳,5.0,0.0
令和6,鶴見区,新鶴見はなかご保育園,0歳,4.659090909090909,0.06818181818181818
令和6,鶴見区,新鶴見はなかご保育園,1歳,4.754299754299755,0.04914004914004913
令和6,鶴見区,新鶴見はなかご保育園,2歳,4.318181818181818,0.13636363636363635
令和6,鶴見区,新鶴見はなかご保育園,3歳,4.015151515151515,0.19696969696969696
令和6,鶴見区,新鶴見はなかご保育園,4歳,5.0,0.0
令和6,鶴見区,新鶴見はなかご保育園,5歳,3.9393939393939394,0.2121212121212121
令和6,鶴見区,明日葉保育園駒岡園,0歳,5.0,0.0
令和6,鶴見区,明日葉保育園駒岡園,1歳,5.0,0.0
令和6,鶴見区,明日葉保育園駒岡園,2歳,4.318181818181818,0.13636363636363635
令和6,鶴見区,明日葉保育園駒岡園,3歳,5.0,0.0
令和6,鶴見区,明日葉保育園駒岡園,4歳,4.242424242424242,0.1515151515151515
令和6,鶴見区,明日葉保育園駒岡園,5歳,1.5909090909090908,0.6818181818181818
令和6,鶴見区,明日葉保育園鶴見園,0歳,5.0,0.0
令和6,鶴見区,明日葉保育園鶴見園,1歳,3.484848484848485,0.303030303030303
令和6,鶴見区,明日葉保育園鶴見園,2歳,3.7121212121212124,0.25757575757575757
令和6,鶴見区,明日葉保育園鶴見園,3歳,4.318181818181818,0.13636363636363635
令和6,鶴見区,明日葉保育園鶴見園,4歳,2.9545454545454546,0.4090909090909091
令和6,鶴見区,明日葉保育園鶴見園,5歳,4.659090909090909,0.06818181818181818
令和6,鶴見区,木下の保育園　江ヶ崎,0歳,5.0,0.0
令和6,鶴見区,木下の保育園　江ヶ崎,1歳,5.0,0.0
令和6,鶴見区,木下の保育園　江ヶ崎,2歳,5.0,0.0
令和6,鶴見区,木下の保育園　江ヶ崎,3歳,2.5,0.5
令和6,鶴見区,木下の保育園　江ヶ崎,4歳,1.9696969696969702,0.606060606060606
令和6,鶴見区,木下の保育園　江ヶ崎,5歳,3.6363636363636362,0.2727272727272727
令和6,鶴見区,末吉いづみ保育園,0歳,4.584575783061906,0.08308484338761883
令和6,鶴見区,末吉いづみ保育園,1歳,4.696969696969696,0.0606060606060606
令和6,鶴見区,末吉いづみ保育園,2歳,4.090909090909091,0.18181818181818182
令和6,鶴見区,末吉いづみ保育園,3歳,4.806576402321084,0.03868471953578337
令和6,鶴見区,末吉いづみ保育園,4歳,5.0,0.0
令和6,鶴見区,末吉いづみ保育園,5歳,5.0,0.0
令和6,鶴見区,末吉にこにこ保育園,0歳,3.6893939393939394,0.26212121212121214
令和6,鶴見区,末吉にこにこ保育園,1歳,5.0,0.0
令和6,鶴見区,末吉にこにこ保育園,2歳,4.545454545454546,0.09090909090909091
令和6,鶴見区,末吉にこにこ保育園,3歳,5.0,0.0
令和6,鶴見区,末吉にこにこ保育園,4歳,5.0,0.0
令和6,鶴見区,末吉にこにこ保育園,5歳,4.545454545454546,0.09090909090909091
令和6,鶴見区,東寺尾どろんこ保育園,0歳,4.696969696969696,0.0606060606060606
令和6,鶴見区,東寺尾どろんこ保育園,1歳,5.0,0.0
令和6,鶴見区,東寺尾どろんこ保育園,2歳,4.85096870342772,0.02980625931445604
令和6,鶴見区,東寺尾どろんこ保育園,3歳,5.0,0.0
令和6,鶴見区,東寺尾どろんこ保育園,4歳,4.090909090909091,0.18181818181818182
令和6,鶴見区,東寺尾どろんこ保育園,5歳,1.1818181818181819,0.7636363636363637
令和6,鶴見区,東漸保育園,0歳,5.0,0.0
令和6,鶴見区,東漸保育園,1歳,3.409090909090909,0.3181818181818182
令和6,鶴見区,東漸保育園,2歳,4.579303675048356,0.08413926499032881
令和6,鶴見区,東漸保育園,3歳,5.0,0.0
令和6,鶴見区,東漸保育園,4歳,5.0,0.0
令和6,鶴見区,東漸保育園,5歳,4.545454545454546,0.09090909090909091
令和6,鶴見区,桑の実馬場保育園,0歳,5.0,0.0
令和6,鶴見区,桑の実馬場保育園,1歳,5.0,0.0
令和6,鶴見区,桑の実馬場保育園,2歳,5.0,0.0
令和6,鶴見区,桑の実馬場保育園,3歳,5.0,0.0
令和6,鶴見区,桑の実馬場保育園,4歳,5.0,0.0
令和6,鶴見区,桑の実馬場保育園,5歳,5.0,0.0
令和6,鶴見区,桑の実鶴見保育園,0歳,5.0,0.0
令和6,鶴見区,桑の実鶴見保育園,1歳,5.0,0.0
令和6,鶴見区,桑の実鶴見保育園,2歳,4.806576402321084,0.03868471953578337
令和6,鶴見区,桑の実鶴見保育園,3歳,3.8636363636363638,0.22727272727272727
令和6,鶴見区,桑の実鶴見保育園,4歳,5.0,0.0
令和6,鶴見区,桑の実鶴見保育園,5歳,2.9545454545454546,0.4090909090909091
令和6,鶴見区,横浜山手モンテッソーリ保育園,0歳,3.2954545454545454,0.3409090909090909
令和6,鶴見区,横浜山手モンテッソーリ保育園,1歳,5.0,0.0
令和6,鶴見区,横浜山手モンテッソーリ保育園,2歳,4.7727272727272725,0.045454545454545456
令和6,鶴見区,横浜山手モンテッソーリ保育園,3歳,3.0303030303030307,0.3939393939393939
令和6,鶴見区,横浜山手モンテッソーリ保育園,4歳,4.090909090909091,0.18181818181818182
令和6,鶴見区,横浜山手モンテッソーリ保育園,5歳,2.9545454545454546,0.4090909090909091
令和6,鶴見区,横浜市潮田保育園,0歳,5.0,0.0
令和6,鶴見区,横浜市潮田保育園,1歳,3.771043771043771,0.24579124579124578
令和6,鶴見区,横浜市潮田保育園,2歳,5.0,0.0
令和6,鶴見区,横浜市潮田保育園,3歳,4.7727272727272725,0.045454545454545456
令和6,鶴見区,横浜市潮田保育園,4歳,4.696969696969696,0.0606060606060606
令和6,鶴見区,横浜市潮田保育園,5歳,3.1818181818181817,0.36363636363636365
令和6,鶴見区,横浜市芦穂崎保育園,0歳,4.696969696969696,0.0606060606060606
令和6,鶴見区,横浜市芦穂崎保育園,1歳,2.678571428571429,0.46428571428571425
令和6,鶴見区,横浜市芦穂崎保育園,2歳,4.318181818181818,0.13636363636363635
令和6,鶴見区,横浜市芦穂崎保育園,3歳,1.25,0.75
令和6,鶴見区,横浜市芦穂崎保育園,4歳,5.0,0.0
令和6,鶴見区,横浜市芦穂崎保育園,5歳,5.0,0.0
令和6,鶴見区,横浜市馬場保育園,0歳,5.0,0.0
令和6,鶴見区,横浜市馬場保育園,1歳,4.831649831649832,0.03367003367003367
令和6,鶴見区,横浜市馬場保育園,2歳,5.0,0.0
令和6,鶴見区,横浜市馬場保育園,3歳,4.579303675048356,0.08413926499032881
令和6,鶴見区,横浜市馬場保育園,4歳,4.7727272727272725,0.045454545454545456
令和6,鶴見区,横浜市馬場保育園,5歳,1.4772727272727273,0.7045454545454546
令和6,鶴見区,横浜市鶴見保育園,0歳,5.0,0.0
令和6,鶴見区,横浜市鶴見保育園,1歳,3.5606060606060606,0.28787878787878785
令和6,鶴見区,横浜市鶴見保育園,2歳,5.0,0.0
令和6,鶴見区,横浜市鶴見保育園,3歳,2.7803030303030307,0.4439393939393939
令和6,鶴見区,横浜市鶴見保育園,4歳,5.0,0.0
令和6,鶴見区,横浜市鶴見保育園,5歳,0.7575757575757577,0.8484848484848485
令和6,鶴見区,横浜矢向雲母保育園,0歳,4.46969696969697,0.10606060606060605
令和6,鶴見区,横浜矢向雲母保育園,1歳,1.4141414141414141,0.7171717171717172
令和6,鶴見区,横浜矢向雲母保育園,2歳,3.1399097356544163,0.37201805286911666
令和6,鶴見区,横浜矢向雲母保育園,3歳,1.2954545454545452,0.740909090909091
令和6,鶴見区,横浜矢向雲母保育園,4歳,1.038961038961039,0.7922077922077921
令和6,鶴見区,横浜矢向雲母保育園,5歳,2.9545454545454546,0.4090909090909091
令和6,鶴見区,生麦ポケット保育園,0歳,2.9039340257083315,0.41921319485833364
令和6,鶴見区,生麦ポケット保育園,1歳,5.0,0.0
令和6,鶴見区,生麦ポケット保育園,2歳,5.0,0.0
令和6,鶴見区,生麦ポケット保育園,3歳,5.0,0.0
令和6,鶴見区,生麦ポケット保育園,4歳,3.5984848484848486,0.2803030303030303
令和6,鶴見区,生麦ポケット保育園,5歳,2.727272727272727,0.45454545454545453
令和6,鶴見区,生麦保育園,0歳,5.0,0.0
令和6,鶴見区,生麦保育園,1歳,0.8791486291486293,0.8241702741702742
令和6,鶴見区,生麦保育園,2歳,5.0,0.0
令和6,鶴見区,生麦保育園,3歳,3.409090909090909,0.3181818181818182
令和6,鶴見区,生麦保育園,4歳,1.5530303030303032,0.6893939393939393
令和6,鶴見区,生麦保育園,5歳,1.7424242424242429,0.6515151515151515
令和6,鶴見区,矢向あけぼの保育園,0歳,3.0327868852459017,0.3934426229508197
令和6,鶴見区,矢向あけぼの保育園,1歳,2.621212121212121,0.47575757575757577
令和6,鶴見区,矢向あけぼの保育園,2歳,2.9545454545454546,0.4090909090909091
令和6,鶴見区,矢向あけぼの保育園,3歳,4.7727272727272725,0.045454545454545456
令和6,鶴見区,矢向あけぼの保育園,4歳,5.0,0.0
令和6,鶴見区,矢向あけぼの保育園,5歳,5.0,0.0
令和6,鶴見区,矢向つぼみ保育園,0歳,2.992424242424242,0.40151515151515155
令和6,鶴見区,矢向つぼみ保育園,1歳,5.0,0.0
令和6,鶴見区,矢向つぼみ保育園,2歳,4.318181818181818,0.13636363636363635
令和6,鶴見区,矢向つぼみ保育園,3歳,5.0,0.0
令和6,鶴見区,矢向つぼみ保育園,4歳,5.0,0.0
令和6,鶴見区,矢向つぼみ保育園,5歳,5.0,0.0
令和6,鶴見区,矢向保育園,0歳,3.8787878787878785,0.22424242424242424
令和6,鶴見区,矢向保育園,1歳,3.7878787878787885,0.2424242424242424
令和6,鶴見区,矢向保育園,2歳,4.46969696969697,0.10606060606060605
令和6,鶴見区,矢向保育園,3歳,0.8268398268398268,0.8346320346320346
令和6,鶴見区,矢向保育園,4歳,0.9141414141414139,0.8171717171717172
令和6,鶴見区,矢向保育園,5歳,5.0,0.0
令和6,鶴見区,總持寺保育園,0歳,3.4783549783549783,0.30432900432900434
令和6,鶴見区,總持寺保育園,1歳,3.674242424242424,0.26515151515151514
令和6,鶴見区,總持寺保育園,2歳,2.880591630591631,0.4238816738816739
令和6,鶴見区,總持寺保育園,3歳,2.715564738292011,0.45688705234159777
令和6,鶴見区,總持寺保育園,4歳,2.559437660183929,0.4881124679632142
令和6,鶴見区,總持寺保育園,5歳,1.7803030303030305,0.6439393939393939
令和6,鶴見区,總持寺本町通保育園,0歳,4.015151515151515,0.19696969696969696
令和6,鶴見区,總持寺本町通保育園,1歳,4.320305862361937,0.13593882752761258
令和6,鶴見区,總持寺本町通保育園,2歳,4.301181102362205,0.13976377952755906
令和6,鶴見区,總持寺本町通保育園,3歳,5.0,0.0
令和6,鶴見区,總持寺本町通保育園,4歳,5.0,0.0
令和6,鶴見区,總持寺本町通保育園,5歳,5.0,0.0
令和6,鶴見区,花園保育園ベビーホーム,0歳,3.5,0.30000000000000004
令和6,鶴見区,花園保育園ベビーホーム,1歳,3.143939393939394,0.37121212121212116
令和6,鶴見区,花園保育園ベビーホーム,2歳,4.090909090909091,0.18181818181818182
令和6,鶴見区,花園保育園ベビーホーム,3歳,1.5833333333333335,0.6833333333333333
令和6,鶴見区,花園保育園ベビーホーム,4歳,4.545454545454546,0.09090909090909091
令和6,鶴見区,花園保育園ベビーホーム,5歳,4.090909090909091,0.18181818181818182
令和6,鶴見区,花月園前ここわ保育園,0歳,5.0,0.0
令和6,鶴見区,花月園前ここわ保育園,1歳,5.0,0.0
令和6,鶴見区,花月園前ここわ保育園,2歳,5.0,0.0
令和6,鶴見区,花月園前ここわ保育園,3歳,4.696969696969696,0.0606060606060606
令和6,鶴見区,花月園前ここわ保育園,4歳,4.7727272727272725,0.045454545454545456
令和6,鶴見区,花月園前ここわ保育園,5歳,5.0,0.0
令和6,鶴見区,認定こども園　若葉幼稚園,0歳,5.0,0.0
令和6,鶴見区,認定こども園　若葉幼稚園,1歳,5.0,0.0
令和6,鶴見区,認定こども園　若葉幼稚園,2歳,5.0,0.0
令和6,鶴見区,認定こども園　若葉幼稚園,3歳,5.0,0.0
令和6,鶴見区,認定こども園　若葉幼稚園,4歳,5.0,0.0
令和6,鶴見区,認定こども園　若葉幼稚園,5歳,5.0,0.0
令和6,鶴見区,認定こども園　ＹＭＣＡつるみ保育園,0歳,3.541666666666667,0.29166666666666663
令和6,鶴見区,認定こども園　ＹＭＣＡつるみ保育園,1歳,4.7727272727272725,0.045454545454545456
令和6,鶴見区,認定こども園　ＹＭＣＡつるみ保育園,2歳,5.0,0.0
令和6,鶴見区,認定こども園　ＹＭＣＡつるみ保育園,3歳,5.0,0.0
令和6,鶴見区,認定こども園　ＹＭＣＡつるみ保育園,4歳,5.0,0.0
令和6,鶴見区,認定こども園　ＹＭＣＡつるみ保育園,5歳,5.0,0.0
令和6,鶴見区,豊岡ひまわり保育園,0歳,5.0,0.0
令和6,鶴見区,豊岡ひまわり保育園,1歳,5.0,0.0
令和6,鶴見区,豊岡ひまわり保育園,2歳,5.0,0.0
令和6,鶴見区,豊岡ひまわり保育園,3歳,5.0,0.0
令和6,鶴見区,豊岡ひまわり保育園,4歳,3.6363636363636362,0.2727272727272727
令和6,鶴見区,豊岡ひまわり保育園,5歳,5.0,0.0
令和6,鶴見区,馬場どろんこ保育園,0歳,5.0,0.0
令和6,鶴見区,馬場どろんこ保育園,1歳,4.866310160427807,0.026737967914438502
令和6,鶴見区,馬場どろんこ保育園,2歳,5.0,0.0
令和6,鶴見区,馬場どろんこ保育園,3歳,4.85096870342772,0.02980625931445604
令和6,鶴見区,馬場どろんこ保育園,4歳,5.0,0.0
令和6,鶴見区,馬場どろんこ保育園,5歳,2.1528720036182722,0.5694255992763455
令和6,鶴見区,駒岡げんきっず保育園,0歳,4.090909090909091,0.18181818181818182
令和6,鶴見区,駒岡げんきっず保育園,1歳,5.0,0.0
令和6,鶴見区,駒岡げんきっず保育園,2歳,2.0454545454545454,0.5909090909090909
令和6,鶴見区,駒岡げんきっず保育園,3歳,3.1060606060606064,0.37878787878787873
令和6,鶴見区,駒岡げんきっず保育園,4歳,2.227272727272727,0.5545454545454546
令和6,鶴見区,駒岡げんきっず保育園,5歳,1.666666666666667,0.6666666666666666
令和6,鶴見区,駒岡こども園,0歳,5.0,0.0
令和6,鶴見区,駒岡こども園,1歳,5.0,0.0
令和6,鶴見区,駒岡こども園,2歳,5.0,0.0
令和6,鶴見区,駒岡こども園,3歳,5.0,0.0
令和6,鶴見区,駒岡こども園,4歳,4.545454545454546,0.09090909090909091
令和6,鶴見区,駒岡こども園,5歳,3.484848484848485,0.303030303030303
令和6,鶴見区,駒岡保育園,0歳,5.0,0.0
令和6,鶴見区,駒岡保育園,1歳,4.545454545454546,0.09090909090909091
令和6,鶴見区,駒岡保育園,2歳,3.3084389999283617,0.3383122000143277
令和6,鶴見区,駒岡保育園,3歳,5.0,0.0
令和6,鶴見区,駒岡保育園,4歳,5.0,0.0
令和6,鶴見区,駒岡保育園,5歳,4.545454545454546,0.09090909090909091
令和6,鶴見区,鶴見あけぼの保育園,0歳,4.352030947775629,0.12959381044487428
令和6,鶴見区,鶴見あけぼの保育園,1歳,4.166666666666667,0.16666666666666666
令和6,鶴見区,鶴見あけぼの保育園,2歳,5.0,0.0
令和6,鶴見区,鶴見あけぼの保育園,3歳,4.806576402321084,0.03868471953578337
令和6,鶴見区,鶴見あけぼの保育園,4歳,5.0,0.0
令和6,鶴見区,鶴見あけぼの保育園,5歳,5.0,0.0
令和6,鶴見区,鶴見すずらん保育園,0歳,3.2240259740259742,0.3551948051948052
令和6,鶴見区,鶴見すずらん保育園,1歳,5.0,0.0
令和6,鶴見区,鶴見すずらん保育園,2歳,4.545454545454546,0.09090909090909091
令和6,鶴見区,鶴見すずらん保育園,3歳,4.090909090909091,0.18181818181818182
令和6,鶴見区,鶴見すずらん保育園,4歳,3.106060606060606,0.37878787878787884
令和6,鶴見区,鶴見すずらん保育園,5歳,5.0,0.0
令和6,鶴見区,鶴見どろんこ保育園,0歳,5.0,0.0
令和6,鶴見区,鶴見どろんこ保育園,1歳,5.0,0.0
令和6,鶴見区,鶴見どろんこ保育園,2歳,5.0,0.0
令和6,鶴見区,鶴見どろんこ保育園,3歳,4.090909090909091,0.18181818181818182
令和6,鶴見区,鶴見どろんこ保育園,4歳,5.0,0.0
令和6,鶴見区,鶴見どろんこ保育園,5歳,5.0,0.0
令和6,鶴見区,鶴見なのはな保育園,0歳,4.545454545454546,0.09090909090909091
令和6,鶴見区,鶴見なのはな保育園,1歳,4.46969696969697,0.10606060606060605
令和6,鶴見区,鶴見なのはな保育園,2歳,5.0,0.0
令和6,鶴見区,鶴見なのはな保育園,3歳,5.0,0.0
令和6,鶴見区,鶴見なのはな保育園,4歳,5.0,0.0
令和6,鶴見区,鶴見なのはな保育園,5歳,5.0,0.0
令和6,鶴見区,鶴見ぬくもり保育園,0歳,3.409090909090909,0.3181818181818182
令和6,鶴見区,鶴見ぬくもり保育園,1歳,2.575757575757576,0.4848484848484848
令和6,鶴見区,鶴見ぬくもり保育園,2歳,5.0,0.0
令和6,鶴見区,鶴見ぬくもり保育園,3歳,5.0,0.0
令和6,鶴見区,鶴見ぬくもり保育園,4歳,5.0,0.0
令和6,鶴見区,鶴見ぬくもり保育園,5歳,5.0,0.0
令和6,鶴見区,鶴見サンフラワー保育園,0歳,4.545454545454546,0.09090909090909091
令和6,鶴見区,鶴見サンフラワー保育園,1歳,1.4926031973276066,0.7014793605344787
令和6,鶴見区,鶴見サンフラワー保育園,2歳,5.0,0.0
令和6,鶴見区,鶴見サンフラワー保育園,3歳,5.0,0.0
令和6,鶴見区,鶴見サンフラワー保育園,4歳,5.0,0.0
令和6,鶴見区,鶴見サンフラワー保育園,5歳,5.0,0.0
令和6,鶴見区,鶴見ハート保育園,0歳,4.015151515151515,0.19696969696969696
令和6,鶴見区,鶴見ハート保育園,1歳,4.090909090909091,0.18181818181818182
令和6,鶴見区,鶴見ハート保育園,2歳,5.0,0.0
令和6,鶴見区,鶴見ハート保育園,3歳,5.0,0.0
令和6,鶴見区,鶴見ハート保育園,4歳,5.0,0.0
令和6,鶴見区,鶴見ハート保育園,5歳,5.0,0.0
令和6,鶴見区,鶴見ポケット保育園,0歳,4.7727272727272725,0.045454545454545456
令和6,鶴見区,鶴見ポケット保育園,1歳,4.318181818181818,0.13636363636363635
令和6,鶴見区,鶴見ポケット保育園,2歳,5.0,0.0
令和6,鶴見区,鶴見ポケット保育園,3歳,4.831649831649832,0.03367003367003367
令和6,鶴見区,鶴見ポケット保育園,4歳,3.213478064224333,0.3573043871551334
令和6,鶴見区,鶴見ポケット保育園,5歳,5.0,0.0
令和6,鶴見区,鶴見ルーナ保育園,0歳,5.0,0.0
令和6,鶴見区,鶴見ルーナ保育園,1歳,4.090909090909091,0.18181818181818182
令和6,鶴見区,鶴見ルーナ保育園,2歳,4.806576402321084,0.03868471953578337
令和6,鶴見区,鶴見ルーナ保育園,3歳,4.318181818181818,0.13636363636363635
令和6,鶴見区,鶴見ルーナ保育園,4歳,4.090909090909091,0.18181818181818182
令和6,鶴見区,鶴見ルーナ保育園,5歳,5.0,0.0
令和6,鶴見区,鶴見中央はなかご保育園,0歳,5.0,0.0
令和6,鶴見区,鶴見中央はなかご保育園,1歳,3.143939393939394,0.37121212121212116
令和6,鶴見区,鶴見中央はなかご保育園,2歳,4.545454545454546,0.09090909090909091
令和6,鶴見区,鶴見中央はなかご保育園,3歳,2.5,0.5
令和6,鶴見区,鶴見中央はなかご保育園,4歳,5.0,0.0
令和6,鶴見区,鶴見中央はなかご保育園,5歳,5.0,0.0
令和6,鶴見区,鶴見中央ハート保育園,0歳,2.649531024531025,0.47009379509379506
令和6,鶴見区,鶴見中央ハート保育園,1歳,4.545454545454546,0.09090909090909091
令和6,鶴見区,鶴見中央ハート保育園,2歳,5.0,0.0
令和6,鶴見区,鶴見中央ハート保育園,3歳,5.0,0.0
令和6,鶴見区,鶴見中央ハート保育園,4歳,5.0,0.0
令和6,鶴見区,鶴見中央ハート保育園,5歳,5.0,0.0
令和6,鶴見区,鶴見乳幼児福祉センター保育園,0歳,3.8636363636363638,0.22727272727272727
令和6,鶴見区,鶴見乳幼児福祉センター保育園,1歳,5.0,0.0
令和6,鶴見区,鶴見乳幼児福祉センター保育園,2歳,4.318181818181818,0.13636363636363635
令和6,鶴見区,鶴見乳幼児福祉センター保育園,3歳,2.348484848484848,0.5303030303030304
令和6,鶴見区,鶴見乳幼児福祉センター保育園,4歳,2.803030303030303,0.4393939393939394
令和6,鶴見区,鶴見乳幼児福祉センター保育園,5歳,5.0,0.0
令和6,鶴見区,鶴見Ａｓａ保育園,0歳,3.7878787878787876,0.2424242424242424
令和6,鶴見区,鶴見Ａｓａ保育園,1歳,5.0,0.0
令和6,鶴見区,鶴見Ａｓａ保育園,2歳,5.0,0.0
令和6,鶴見区,鶴見Ａｓａ保育園,3歳,5.0,0.0
令和6,鶴見区,鶴見Ａｓａ保育園,4歳,5.0,0.0
令和6,鶴見区,鶴見Ａｓａ保育園,5歳,5.0,0.0
令和6,鶴見区,Ｊキッズプラネット鶴見保育園,0歳,5.0,0.0
令和6,鶴見区,Ｊキッズプラネット鶴見保育園,1歳,5.0,0.0
令和6,鶴見区,Ｊキッズプラネット鶴見保育園,2歳,5.0,0.0
令和6,鶴見区,Ｊキッズプラネット鶴見保育園,3歳,3.7437810945273635,0.25124378109452733
令和6,鶴見区,Ｊキッズプラネット鶴見保育園,4歳,2.878787878787879,0.4242424242424242
令和6,鶴見区,Ｊキッズプラネット鶴見保育園,5歳,5.0,0.0
令和6,鶴見区,Ｐ’ｓスマイル保育園,0歳,5.0,0.0
令和6,鶴見区,Ｐ’ｓスマイル保育園,1歳,5.0,0.0
令和6,鶴見区,Ｐ’ｓスマイル保育園,2歳,4.242424242424242,0.1515151515151515
令和6,鶴見区,Ｐ’ｓスマイル保育園,3歳,2.878787878787879,0.4242424242424242
令和6,鶴見区,Ｐ’ｓスマイル保育園,4歳,3.6363636363636362,0.2727272727272727
令和6,鶴見区,Ｐ’ｓスマイル保育園,5歳,2.651515151515152,0.46969696969696967
令和6,鶴見区,ＳＡＩＬ　ＫＩＤ保育園,0歳,3.484848484848485,0.303030303030303
令和6,鶴見区,ＳＡＩＬ　ＫＩＤ保育園,1歳,5.0,0.0
令和6,鶴見区,ＳＡＩＬ　ＫＩＤ保育園,2歳,3.333333333333334,0.3333333333333333
令和6,鶴見区,ＳＡＩＬ　ＫＩＤ保育園,3歳,5.0,0.0
令和6,鶴見区,ＳＡＩＬ　ＫＩＤ保育園,4歳,5.0,0.0
令和6,鶴見区,ＳＡＩＬ　ＫＩＤ保育園,5歳,5.0,0.0
令和6,鶴見区,ＳＡＮＤＡ ＫＩＤ保育園,0歳,4.545454545454546,0.09090909090909091
令和6,鶴見区,ＳＡＮＤＡ ＫＩＤ保育園,1歳,5.0,0.0
令和6,鶴見区,ＳＡＮＤＡ ＫＩＤ保育園,2歳,4.545454545454546,0.09090909090909091
令和6,鶴見区,ＳＡＮＤＡ ＫＩＤ保育園,3歳,5.0,0.0
令和6,鶴見区,ＳＡＮＤＡ ＫＩＤ保育園,4歳,5.0,0.0
令和6,鶴見区,ＳＡＮＤＡ ＫＩＤ保育園,5歳,5.0,0.0
令和6,鶴見区,ＳＥＡ　ＫＩＤ保育園,0歳,3.3484848484848486,0.3303030303030303
令和6,鶴見区,ＳＥＡ　ＫＩＤ保育園,1歳,5.0,0.0
令和6,鶴見区,ＳＥＡ　ＫＩＤ保育園,2歳,5.0,0.0
令和6,鶴見区,ＳＥＡ　ＫＩＤ保育園,3歳,2.6136363636363638,0.4772727272727273
令和6,鶴見区,ＳＥＡ　ＫＩＤ保育園,4歳,2.090909090909091,0.5818181818181819
令和6,鶴見区,ＳＥＡ　ＫＩＤ保育園,5歳,3.1818181818181817,0.36363636363636365
令和7,中区,あいりす　新山下保育室,0歳,3.446969696969697,0.3106060606060606
令和7,中区,あいりす　新山下保育室,1歳,3.409090909090909,0.3181818181818182
令和7,中区,あいりす　新山下保育室,2歳,3.8636363636363638,0.22727272727272727
令和7,中区,あいりす　新山下保育室,3歳,5.0,0.0
令和7,中区,あいりす　新山下保育室,4歳,5.0,0.0
令和7,中区,あいりす　新山下保育室,5歳,5.0,0.0
令和7,中区,あいりす　本牧保育室,0歳,4.728629579375848,0.05427408412483039
令和7,中区,あいりす　本牧保育室,1歳,4.806576402321084,0.03868471953578337
令和7,中区,あいりす　本牧保育室,2歳,3.1818181818181817,0.36363636363636365
令和7,中区,あいりす　本牧保育室,3歳,5.0,0.0
令和7,中区,あいりす　本牧保育室,4歳,5.0,0.0
令和7,中区,あいりす　本牧保育室,5歳,5.0,0.0
令和7,中区,うちゅうこども園やまて,0歳,5.0,0.0
令和7,中区,うちゅうこども園やまて,1歳,5.0,0.0
令和7,中区,うちゅうこども園やまて,2歳,4.7727272727272725,0.045454545454545456
令和7,中区,うちゅうこども園やまて,3歳,4.318181818181818,0.13636363636363635
令和7,中区,うちゅうこども園やまて,4歳,4.545454545454546,0.09090909090909091
令和7,中区,うちゅうこども園やまて,5歳,5.0,0.0
令和7,中区,うちゅう保育園やました,0歳,4.3939393939393945,0.1212121212121212
令和7,中区,うちゅう保育園やました,1歳,5.0,0.0
令和7,中区,うちゅう保育園やました,2歳,4.7727272727272725,0.045454545454545456
令和7,中区,うちゅう保育園やました,3歳,3.8636363636363638,0.22727272727272727
令和7,中区,うちゅう保育園やました,4歳,5.0,0.0
令和7,中区,うちゅう保育園やました,5歳,5.0,0.0
令和7,中区,うみの風保育園,0歳,5.0,0.0
令和7,中区,うみの風保育園,1歳,4.7727272727272725,0.045454545454545456
令和7,中区,うみの風保育園,2歳,5.0,0.0
令和7,中区,うみの風保育園,3歳,5.0,0.0
令和7,中区,うみの風保育園,4歳,4.7727272727272725,0.045454545454545456
令和7,中区,うみの風保育園,5歳,4.7727272727272725,0.045454545454545456
令和7,中区,ことぶき保育園,0歳,2.8181818181818183,0.43636363636363645
令和7,中区,ことぶき保育園,1歳,4.831649831649832,0.03367003367003367
令和7,中区,ことぶき保育園,2歳,3.6363636363636362,0.2727272727272727
令和7,中区,ことぶき保育園,3歳,4.124758220502901,0.17504835589941972
令和7,中区,ことぶき保育園,4歳,1.3181818181818181,0.7363636363636363
令和7,中区,ことぶき保育園,5歳,3.6363636363636362,0.2727272727272727
令和7,中区,こもれび保育園根岸園,0歳,4.166666666666667,0.16666666666666666
令和7,中区,こもれび保育園根岸園,1歳,3.4469696969696972,0.3106060606060606
令和7,中区,こもれび保育園根岸園,2歳,4.090909090909091,0.18181818181818182
令和7,中区,こもれび保育園根岸園,3歳,5.0,0.0
令和7,中区,こもれび保育園根岸園,4歳,5.0,0.0
令和7,中区,こもれび保育園根岸園,5歳,5.0,0.0
令和7,中区,すいとぴー保育園,0歳,5.0,0.0
令和7,中区,すいとぴー保育園,1歳,4.897854954034729,0.02042900919305414
令和7,中区,すいとぴー保育園,2歳,4.318181818181818,0.13636363636363635
令和7,中区,すいとぴー保育園,3歳,1.4772727272727273,0.7045454545454546
令和7,中区,すいとぴー保育園,4歳,1.8181818181818186,0.6363636363636364
令和7,中区,すいとぴー保育園,5歳,2.3106060606060606,0.537878787878788
令和7,中区,にじいろ保育園関内,0歳,4.384994023851807,0.12300119522963868
令和7,中区,にじいろ保育園関内,1歳,5.0,0.0
令和7,中区,にじいろ保育園関内,2歳,5.0,0.0
令和7,中区,にじいろ保育園関内,3歳,5.0,0.0
令和7,中区,にじいろ保育園関内,4歳,5.0,0.0
令和7,中区,にじいろ保育園関内,5歳,5.0,0.0
令和7,中区,のぞみ山手駅前保育園,0歳,5.0,0.0
令和7,中区,のぞみ山手駅前保育園,1歳,4.85096870342772,0.02980625931445604
令和7,中区,のぞみ山手駅前保育園,2歳,3.646034816247582,0.27079303675048355
令和7,中区,のぞみ山手駅前保育園,3歳,5.0,0.0
令和7,中区,のぞみ山手駅前保育園,4歳,5.0,0.0
令和7,中区,のぞみ山手駅前保育園,5歳,5.0,0.0
令和7,中区,ほんもくはら保育園,0歳,4.545454545454546,0.09090909090909091
令和7,中区,ほんもくはら保育園,1歳,4.545454545454546,0.09090909090909091
令和7,中区,ほんもくはら保育園,2歳,5.0,0.0
令和7,中区,ほんもくはら保育園,3歳,5.0,0.0
令和7,中区,ほんもくはら保育園,4歳,5.0,0.0
令和7,中区,ほんもくはら保育園,5歳,5.0,0.0
令和7,中区,アスク山下町保育園,0歳,3.7121212121212124,0.25757575757575757
令和7,中区,アスク山下町保育園,1歳,4.7727272727272725,0.045454545454545456
令和7,中区,アスク山下町保育園,2歳,3.8636363636363638,0.22727272727272727
令和7,中区,アスク山下町保育園,3歳,1.9318181818181819,0.6136363636363636
令和7,中区,アスク山下町保育園,4歳,1.7045454545454546,0.6590909090909091
令和7,中区,アスク山下町保育園,5歳,4.090909090909091,0.18181818181818182
令和7,中区,アスク本牧保育園,0歳,5.0,0.0
令和7,中区,アスク本牧保育園,1歳,5.0,0.0
令和7,中区,アスク本牧保育園,2歳,5.0,0.0
令和7,中区,アスク本牧保育園,3歳,3.7878787878787885,0.2424242424242424
令和7,中区,アスク本牧保育園,4歳,3.3717774762550885,0.3256445047489823
令和7,中区,アスク本牧保育園,5歳,3.8636363636363638,0.22727272727272727
令和7,中区,アスク馬車道保育園,0歳,4.957716701902748,0.008456659619450317
令和7,中区,アスク馬車道保育園,1歳,4.806576402321084,0.03868471953578337
令和7,中区,アスク馬車道保育園,2歳,4.242424242424242,0.1515151515151515
令和7,中区,アスク馬車道保育園,3歳,4.831649831649832,0.03367003367003367
令和7,中区,アスク馬車道保育園,4歳,1.9696969696969697,0.6060606060606061
令和7,中区,アスク馬車道保育園,5歳,4.090909090909091,0.18181818181818182
令和7,中区,アメリカ山徳育こども園,0歳,5.0,0.0
令和7,中区,アメリカ山徳育こども園,1歳,5.0,0.0
令和7,中区,アメリカ山徳育こども園,2歳,4.831649831649832,0.03367003367003367
令和7,中区,アメリカ山徳育こども園,3歳,1.9696969696969702,0.606060606060606
令和7,中区,アメリカ山徳育こども園,4歳,1.931818181818182,0.6136363636363636
令和7,中区,アメリカ山徳育こども園,5歳,4.696969696969696,0.0606060606060606
令和7,中区,キッズパートナー横浜市役所,0歳,4.242424242424242,0.1515151515151515
令和7,中区,キッズパートナー横浜市役所,1歳,4.831649831649831,0.03367003367003367
令和7,中区,キッズパートナー横浜市役所,2歳,2.4242424242424243,0.5151515151515151
令和7,中区,キッズパートナー横浜市役所,3歳,5.0,0.0
令和7,中区,キッズパートナー横浜市役所,4歳,5.0,0.0
令和7,中区,キッズパートナー横浜市役所,5歳,5.0,0.0
令和7,中区,キディ石川町・横浜,0歳,5.0,0.0
令和7,中区,キディ石川町・横浜,1歳,5.0,0.0
令和7,中区,キディ石川町・横浜,2歳,5.0,0.0
令和7,中区,キディ石川町・横浜,3歳,3.8636363636363638,0.22727272727272727
令和7,中区,キディ石川町・横浜,4歳,4.545454545454546,0.09090909090909091
令和7,中区,キディ石川町・横浜,5歳,4.545454545454546,0.09090909090909091
令和7,中区,クラウン保育園,0歳,5.0,0.0
令和7,中区,クラウン保育園,1歳,5.0,0.0
令和7,中区,クラウン保育園,2歳,4.7727272727272725,0.045454545454545456
令和7,中区,クラウン保育園,3歳,4.806576402321084,0.03868471953578337
令和7,中区,クラウン保育園,4歳,4.090909090909091,0.18181818181818182
令和7,中区,クラウン保育園,5歳,4.46969696969697,0.10606060606060605
令和7,中区,シュハリィ本牧保育園,0歳,5.0,0.0
令和7,中区,シュハリィ本牧保育園,1歳,3.560606060606061,0.28787878787878785
令和7,中区,シュハリィ本牧保育園,2歳,4.090909090909091,0.18181818181818182
令和7,中区,シュハリィ本牧保育園,3歳,5.0,0.0
令和7,中区,シュハリィ本牧保育園,4歳,5.0,0.0
令和7,中区,シュハリィ本牧保育園,5歳,5.0,0.0
令和7,中区,スターチャイルド《桜木町ステーションナーサリー》,0歳,5.0,0.0
令和7,中区,スターチャイルド《桜木町ステーションナーサリー》,1歳,5.0,0.0
令和7,中区,スターチャイルド《桜木町ステーションナーサリー》,2歳,5.0,0.0
令和7,中区,スターチャイルド《桜木町ステーションナーサリー》,3歳,5.0,0.0
令和7,中区,スターチャイルド《桜木町ステーションナーサリー》,4歳,5.0,0.0
令和7,中区,スターチャイルド《桜木町ステーションナーサリー》,5歳,5.0,0.0
令和7,中区,ニチイキッズ桜木町保育園,0歳,5.0,0.0
令和7,中区,ニチイキッズ桜木町保育園,1歳,4.46969696969697,0.10606060606060605
令和7,中区,ニチイキッズ桜木町保育園,2歳,3.333333333333334,0.3333333333333333
令和7,中区,ニチイキッズ桜木町保育園,3歳,5.0,0.0
令和7,中区,ニチイキッズ桜木町保育園,4歳,5.0,0.0
令和7,中区,ニチイキッズ桜木町保育園,5歳,5.0,0.0
令和7,中区,ポピンズナーサリースクール馬車道,0歳,4.806576402321084,0.03868471953578337
令和7,中区,ポピンズナーサリースクール馬車道,1歳,5.0,0.0
令和7,中区,ポピンズナーサリースクール馬車道,2歳,5.0,0.0
令和7,中区,ポピンズナーサリースクール馬車道,3歳,4.204545454545454,0.1590909090909091
令和7,中区,ポピンズナーサリースクール馬車道,4歳,5.0,0.0
令和7,中区,ポピンズナーサリースクール馬車道,5歳,4.166666666666667,0.16666666666666666
令和7,中区,ヨコハマきぼう保育園,0歳,5.0,0.0
令和7,中区,ヨコハマきぼう保育園,1歳,5.0,0.0
令和7,中区,ヨコハマきぼう保育園,2歳,5.0,0.0
令和7,中区,ヨコハマきぼう保育園,3歳,3.359123146357189,0.3281753707285622
令和7,中区,ヨコハマきぼう保育園,4歳,2.072884012539185,0.585423197492163
令和7,中区,ヨコハマきぼう保育園,5歳,3.6363636363636362,0.2727272727272727
令和7,中区,ラフ・クルー元町保育園,0歳,4.613152804642167,0.07736943907156674
令和7,中区,ラフ・クルー元町保育園,1歳,5.0,0.0
令和7,中区,ラフ・クルー元町保育園,2歳,3.6363636363636362,0.2727272727272727
令和7,中区,ラフ・クルー元町保育園,3歳,1.5151515151515154,0.6969696969696969
令和7,中区,ラフ・クルー元町保育園,4歳,5.0,0.0
令和7,中区,ラフ・クルー元町保育園,5歳,5.0,0.0
令和7,中区,ララランド横浜伊勢佐木,0歳,4.318181818181818,0.13636363636363635
令和7,中区,ララランド横浜伊勢佐木,1歳,5.0,0.0
令和7,中区,ララランド横浜伊勢佐木,2歳,4.806576402321084,0.03868471953578337
令和7,中区,ララランド横浜伊勢佐木,3歳,5.0,0.0
令和7,中区,ララランド横浜伊勢佐木,4歳,5.0,0.0
令和7,中区,ララランド横浜伊勢佐木,5歳,5.0,0.0
令和7,中区,ル・ボワ保育園,0歳,4.672886562748891,0.06542268745022187
令和7,中区,ル・ボワ保育園,1歳,2.9803352675693104,0.403932946486138
令和7,中区,ル・ボワ保育園,2歳,2.272727272727273,0.5454545454545454
令和7,中区,ル・ボワ保育園,3歳,5.0,0.0
令和7,中区,ル・ボワ保育園,4歳,5.0,0.0
令和7,中区,ル・ボワ保育園,5歳,5.0,0.0
令和7,中区,伊勢佐木町保育園,0歳,3.6515151515151514,0.2696969696969697
令和7,中区,伊勢佐木町保育園,1歳,4.579303675048356,0.08413926499032881
令和7,中区,伊勢佐木町保育園,2歳,2.159090909090909,0.5681818181818182
令和7,中区,伊勢佐木町保育園,3歳,5.0,0.0
令和7,中区,伊勢佐木町保育園,4歳,5.0,0.0
令和7,中区,伊勢佐木町保育園,5歳,5.0,0.0
令和7,中区,保育園ころころキッズガーデン,0歳,2.840909090909091,0.4318181818181818
令和7,中区,保育園ころころキッズガーデン,1歳,5.0,0.0
令和7,中区,保育園ころころキッズガーデン,2歳,2.878787878787879,0.42424242424242425
令和7,中区,保育園ころころキッズガーデン,3歳,5.0,0.0
令和7,中区,保育園ころころキッズガーデン,4歳,5.0,0.0
令和7,中区,保育園ころころキッズガーデン,5歳,5.0,0.0
令和7,中区,保育園ばんびーな,0歳,5.0,0.0
令和7,中区,保育園ばんびーな,1歳,3.5606060606060606,0.28787878787878785
令和7,中区,保育園ばんびーな,2歳,5.0,0.0
令和7,中区,保育園ばんびーな,3歳,2.727272727272727,0.45454545454545453
令和7,中区,保育園ばんびーな,4歳,2.727272727272727,0.45454545454545453
令和7,中区,保育園ばんびーな,5歳,5.0,0.0
令和7,中区,保育園小紅,0歳,2.992424242424242,0.40151515151515155
令和7,中区,保育園小紅,1歳,5.0,0.0
令和7,中区,保育園小紅,2歳,4.579303675048356,0.08413926499032881
令和7,中区,保育園小紅,3歳,5.0,0.0
令和7,中区,保育園小紅,4歳,5.0,0.0
令和7,中区,保育園小紅,5歳,5.0,0.0
令和7,中区,太陽の子　不動下保育園,0歳,5.0,0.0
令和7,中区,太陽の子　不動下保育園,1歳,5.0,0.0
令和7,中区,太陽の子　不動下保育園,2歳,5.0,0.0
令和7,中区,太陽の子　不動下保育園,3歳,5.0,0.0
令和7,中区,太陽の子　不動下保育園,4歳,5.0,0.0
令和7,中区,太陽の子　不動下保育園,5歳,3.409090909090909,0.3181818181818182
令和7,中区,寿福祉センター保育所,0歳,4.015151515151515,0.19696969696969696
令和7,中区,寿福祉センター保育所,1歳,5.0,0.0
令和7,中区,寿福祉センター保育所,2歳,3.0303030303030307,0.3939393939393939
令和7,中区,寿福祉センター保育所,3歳,5.0,0.0
令和7,中区,寿福祉センター保育所,4歳,5.0,0.0
令和7,中区,寿福祉センター保育所,5歳,4.318181818181818,0.13636363636363635
令和7,中区,山元町保育園,0歳,5.0,0.0
令和7,中区,山元町保育園,1歳,1.3409090909090908,0.7318181818181819
令和7,中区,山元町保育園,2歳,0.9848484848484848,0.8030303030303031
令和7,中区,山元町保育園,3歳,3.819538670284939,0.23609226594301222
令和7,中区,山元町保育園,4歳,0.9523809523809524,0.8095238095238095
令和7,中区,山元町保育園,5歳,4.7727272727272725,0.045454545454545456
令和7,中区,徳育ナーサリー山下公園,0歳,3.560606060606061,0.28787878787878785
令和7,中区,徳育ナーサリー山下公園,1歳,5.0,0.0
令和7,中区,徳育ナーサリー山下公園,2歳,3.6363636363636362,0.2727272727272727
令和7,中区,徳育ナーサリー山下公園,3歳,5.0,0.0
令和7,中区,徳育ナーサリー山下公園,4歳,5.0,0.0
令和7,中区,徳育ナーサリー山下公園,5歳,5.0,0.0
令和7,中区,打越保育園,0歳,5.0,0.0
令和7,中区,打越保育園,1歳,3.1331168831168834,0.37337662337662336
令和7,中区,打越保育園,2歳,2.3484848484848486,0.5303030303030303
令和7,中区,打越保育園,3歳,5.0,0.0
令和7,中区,打越保育園,4歳,1.7803030303030305,0.6439393939393939
令和7,中区,打越保育園,5歳,4.7727272727272725,0.045454545454545456
令和7,中区,新山下二丁目保育所,0歳,4.455345807804824,0.10893083843903516
令和7,中区,新山下二丁目保育所,1歳,4.889135254988914,0.022172949002217297
令和7,中区,新山下二丁目保育所,2歳,5.0,0.0
令和7,中区,新山下二丁目保育所,3歳,5.0,0.0
令和7,中区,新山下二丁目保育所,4歳,3.7121212121212124,0.25757575757575757
令和7,中区,新山下二丁目保育所,5歳,5.0,0.0
令和7,中区,木下の保育園　山下町,0歳,4.545454545454546,0.09090909090909091
令和7,中区,木下の保育園　山下町,1歳,3.1377204884667576,0.37245590230664855
令和7,中区,木下の保育園　山下町,2歳,4.545454545454546,0.09090909090909091
令和7,中区,木下の保育園　山下町,3歳,3.8636363636363638,0.22727272727272727
令和7,中区,木下の保育園　山下町,4歳,1.3636363636363635,0.7272727272727273
令和7,中区,木下の保育園　山下町,5歳,1.7727272727272727,0.6454545454545454
令和7,中区,木下の保育園　本牧,0歳,4.454599454599454,0.10908010908010907
令和7,中区,木下の保育園　本牧,1歳,5.0,0.0
令和7,中区,木下の保育園　本牧,2歳,5.0,0.0
令和7,中区,木下の保育園　本牧,3歳,2.727272727272727,0.45454545454545453
令和7,中区,木下の保育園　本牧,4歳,2.9545454545454546,0.4090909090909091
令和7,中区,木下の保育園　本牧,5歳,5.0,0.0
令和7,中区,横浜市山手保育園,0歳,5.0,0.0
令和7,中区,横浜市山手保育園,1歳,4.46969696969697,0.10606060606060605
令和7,中区,横浜市山手保育園,2歳,4.545454545454546,0.09090909090909091
令和7,中区,横浜市山手保育園,3歳,1.5909090909090908,0.6818181818181818
令和7,中区,横浜市山手保育園,4歳,1.3636363636363635,0.7272727272727273
令和7,中区,横浜市山手保育園,5歳,3.1818181818181817,0.36363636363636365
令和7,中区,横浜市竹之丸保育園,0歳,4.7755331088664414,0.044893378226711564
令和7,中区,横浜市竹之丸保育園,1歳,5.0,0.0
令和7,中区,横浜市竹之丸保育園,2歳,4.85096870342772,0.02980625931445604
令和7,中区,横浜市竹之丸保育園,3歳,5.0,0.0
令和7,中区,横浜市竹之丸保育園,4歳,0.6033549783549785,0.8793290043290043
令和7,中区,横浜市竹之丸保育園,5歳,1.666666666666667,0.6666666666666666
令和7,中区,横浜市錦保育園,0歳,5.0,0.0
令和7,中区,横浜市錦保育園,1歳,2.265151515151515,0.546969696969697
令和7,中区,横浜市錦保育園,2歳,1.159090909090909,0.7681818181818183
令和7,中区,横浜市錦保育園,3歳,3.928571428571429,0.2142857142857143
令和7,中区,横浜市錦保育園,4歳,5.0,0.0
令和7,中区,横浜市錦保育園,5歳,4.7727272727272725,0.045454545454545456
令和7,中区,横濱中華幼保園,0歳,5.0,0.0
令和7,中区,横濱中華幼保園,1歳,4.545454545454546,0.09090909090909091
令和7,中区,横濱中華幼保園,2歳,5.0,0.0
令和7,中区,横濱中華幼保園,3歳,4.806576402321084,0.03868471953578337
令和7,中区,横濱中華幼保園,4歳,1.1136363636363635,0.7772727272727273
令和7,中区,横濱中華幼保園,5歳,4.166666666666667,0.16666666666666666
令和7,中区,高風保育園,0歳,5.0,0.0
令和7,中区,高風保育園,1歳,5.0,0.0
令和7,中区,高風保育園,2歳,4.806576402321084,0.03868471953578337
令和7,中区,高風保育園,3歳,1.1136363636363635,0.7772727272727273
令和7,中区,高風保育園,4歳,1.25,0.75
令和7,中区,高風保育園,5歳,1.1818181818181819,0.7636363636363637
令和7,保土ケ谷区,あーす保育園保土ケ谷,0歳,5.0,0.0
令和7,保土ケ谷区,あーす保育園保土ケ谷,1歳,4.046811397557667,0.19063772048846675
令和7,保土ケ谷区,あーす保育園保土ケ谷,2歳,1.9696969696969702,0.606060606060606
令和7,保土ケ谷区,あーす保育園保土ケ谷,3歳,0.8484848484848484,0.8303030303030302
令和7,保土ケ谷区,あーす保育園保土ケ谷,4歳,2.1212121212121215,0.5757575757575757
令和7,保土ケ谷区,あーす保育園保土ケ谷,5歳,1.666666666666667,0.6666666666666666
令和7,保土ケ谷区,えぶちにしや園（分園含む）,0歳,4.545454545454546,0.09090909090909091
令和7,保土ケ谷区,えぶちにしや園（分園含む）,1歳,5.0,0.0
令和7,保土ケ谷区,えぶちにしや園（分園含む）,2歳,5.0,0.0
令和7,保土ケ谷区,えぶちにしや園（分園含む）,3歳,2.878787878787879,0.42424242424242425
令和7,保土ケ谷区,えぶちにしや園（分園含む）,4歳,4.090909090909091,0.18181818181818182
令和7,保土ケ谷区,えぶちにしや園（分園含む）,5歳,3.2156673114119925,0.3568665377176016
令和7,保土ケ谷区,えぶち保育園（分園含む）,0歳,3.6388074291300097,0.272238514173998
令和7,保土ケ谷区,えぶち保育園（分園含む）,1歳,5.0,0.0
令和7,保土ケ谷区,えぶち保育園（分園含む）,2歳,5.0,0.0
令和7,保土ケ谷区,えぶち保育園（分園含む）,3歳,3.1818181818181817,0.36363636363636365
令和7,保土ケ谷区,えぶち保育園（分園含む）,4歳,2.045454545454546,0.5909090909090909
令和7,保土ケ谷区,えぶち保育園（分園含む）,5歳,2.4242424242424243,0.5151515151515151
令和7,保土ケ谷区,おおきくなぁ～れ　プチベベ保育室,0歳,5.0,0.0
令和7,保土ケ谷区,おおきくなぁ～れ　プチベベ保育室,1歳,4.318181818181818,0.13636363636363635
令和7,保土ケ谷区,おおきくなぁ～れ　プチベベ保育室,2歳,3.6363636363636362,0.2727272727272727
令和7,保土ケ谷区,おおきくなぁ～れ　プチベベ保育室,3歳,5.0,0.0
令和7,保土ケ谷区,おおきくなぁ～れ　プチベベ保育室,4歳,5.0,0.0
令和7,保土ケ谷区,おおきくなぁ～れ　プチベベ保育室,5歳,5.0,0.0
令和7,保土ケ谷区,おれんじハウス星川保育園,0歳,5.0,0.0
令和7,保土ケ谷区,おれんじハウス星川保育園,1歳,4.806576402321084,0.03868471953578337
令和7,保土ケ谷区,おれんじハウス星川保育園,2歳,4.7727272727272725,0.045454545454545456
令和7,保土ケ谷区,おれんじハウス星川保育園,3歳,5.0,0.0
令和7,保土ケ谷区,おれんじハウス星川保育園,4歳,5.0,0.0
令和7,保土ケ谷区,おれんじハウス星川保育園,5歳,5.0,0.0
令和7,保土ケ谷区,たしろ保育室,0歳,5.0,0.0
令和7,保土ケ谷区,たしろ保育室,1歳,5.0,0.0
令和7,保土ケ谷区,たしろ保育室,2歳,5.0,0.0
令和7,保土ケ谷区,たしろ保育室,3歳,5.0,0.0
令和7,保土ケ谷区,たしろ保育室,4歳,5.0,0.0
令和7,保土ケ谷区,たしろ保育室,5歳,5.0,0.0
令和7,保土ケ谷区,にじいろ保育園上星川,0歳,5.0,0.0
令和7,保土ケ谷区,にじいろ保育園上星川,1歳,5.0,0.0
令和7,保土ケ谷区,にじいろ保育園上星川,2歳,5.0,0.0
令和7,保土ケ谷区,にじいろ保育園上星川,3歳,3.6363636363636362,0.2727272727272727
令和7,保土ケ谷区,にじいろ保育園上星川,4歳,4.090909090909091,0.18181818181818182
令和7,保土ケ谷区,にじいろ保育園上星川,5歳,5.0,0.0
令和7,保土ケ谷区,にじいろ保育園和田町,0歳,5.0,0.0
令和7,保土ケ谷区,にじいろ保育園和田町,1歳,5.0,0.0
令和7,保土ケ谷区,にじいろ保育園和田町,2歳,4.7727272727272725,0.045454545454545456
令和7,保土ケ谷区,にじいろ保育園和田町,3歳,2.575757575757576,0.4848484848484848
令和7,保土ケ谷区,にじいろ保育園和田町,4歳,2.9545454545454546,0.4090909090909091
令和7,保土ケ谷区,にじいろ保育園和田町,5歳,5.0,0.0
令和7,保土ケ谷区,にじいろ保育園天王町,0歳,5.0,0.0
令和7,保土ケ谷区,にじいろ保育園天王町,1歳,5.0,0.0
令和7,保土ケ谷区,にじいろ保育園天王町,2歳,4.545454545454546,0.09090909090909091
令和7,保土ケ谷区,にじいろ保育園天王町,3歳,0.625,0.875
令和7,保土ケ谷区,にじいろ保育園天王町,4歳,3.1818181818181817,0.36363636363636365
令和7,保土ケ谷区,にじいろ保育園天王町,5歳,0.7267316017316019,0.8546536796536796
令和7,保土ケ谷区,ばばほいくしつ星川,0歳,5.0,0.0
令和7,保土ケ谷区,ばばほいくしつ星川,1歳,5.0,0.0
令和7,保土ケ谷区,ばばほいくしつ星川,2歳,2.651515151515152,0.46969696969696967
令和7,保土ケ谷区,ばばほいくしつ星川,3歳,5.0,0.0
令和7,保土ケ谷区,ばばほいくしつ星川,4歳,5.0,0.0
令和7,保土ケ谷区,ばばほいくしつ星川,5歳,5.0,0.0
令和7,保土ケ谷区,ひかりの風保育園,0歳,5.0,0.0
令和7,保土ケ谷区,ひかりの風保育園,1歳,5.0,0.0
令和7,保土ケ谷区,ひかりの風保育園,2歳,5.0,0.0
令和7,保土ケ谷区,ひかりの風保育園,3歳,1.9137931034482756,0.6172413793103448
令和7,保土ケ谷区,ひかりの風保育園,4歳,5.0,0.0
令和7,保土ケ谷区,ひかりの風保育園,5歳,3.7878787878787885,0.2424242424242424
令和7,保土ケ谷区,まなびの森　星川こども園,0歳,5.0,0.0
令和7,保土ケ谷区,まなびの森　星川こども園,1歳,5.0,0.0
令和7,保土ケ谷区,まなびの森　星川こども園,2歳,5.0,0.0
令和7,保土ケ谷区,まなびの森　星川こども園,3歳,5.0,0.0
令和7,保土ケ谷区,まなびの森　星川こども園,4歳,5.0,0.0
令和7,保土ケ谷区,まなびの森　星川こども園,5歳,5.0,0.0
令和7,保土ケ谷区,ゆめの樹保育園ほどがや,0歳,3.2059023066485755,0.35881953867028493
令和7,保土ケ谷区,ゆめの樹保育園ほどがや,1歳,3.803030303030303,0.23939393939393938
令和7,保土ケ谷区,ゆめの樹保育園ほどがや,2歳,4.166666666666667,0.16666666666666666
令和7,保土ケ谷区,ゆめの樹保育園ほどがや,3歳,0.9437229437229436,0.8112554112554112
令和7,保土ケ谷区,ゆめの樹保育園ほどがや,4歳,0.8116883116883116,0.8376623376623378
令和7,保土ケ谷区,ゆめの樹保育園ほどがや,5歳,1.5530303030303032,0.6893939393939393
令和7,保土ケ谷区,アスク和田町保育園,0歳,4.545454545454546,0.09090909090909091
令和7,保土ケ谷区,アスク和田町保育園,1歳,4.90530303030303,0.01893939393939394
令和7,保土ケ谷区,アスク和田町保育園,2歳,4.806576402321084,0.03868471953578337
令和7,保土ケ谷区,アスク和田町保育園,3歳,5.0,0.0
令和7,保土ケ谷区,アスク和田町保育園,4歳,5.0,0.0
令和7,保土ケ谷区,アスク和田町保育園,5歳,5.0,0.0
令和7,保土ケ谷区,アミー保育園　三ツ沢園,0歳,5.0,0.0
令和7,保土ケ谷区,アミー保育園　三ツ沢園,1歳,5.0,0.0
令和7,保土ケ谷区,アミー保育園　三ツ沢園,2歳,5.0,0.0
令和7,保土ケ谷区,アミー保育園　三ツ沢園,3歳,4.686520376175548,0.06269592476489029
令和7,保土ケ谷区,アミー保育園　三ツ沢園,4歳,4.696969696969696,0.0606060606060606
令和7,保土ケ谷区,アミー保育園　三ツ沢園,5歳,4.659090909090909,0.06818181818181818
令和7,保土ケ谷区,エルアンジュ保育園（分園含む）,0歳,5.0,0.0
令和7,保土ケ谷区,エルアンジュ保育園（分園含む）,1歳,5.0,0.0
令和7,保土ケ谷区,エルアンジュ保育園（分園含む）,2歳,4.318569906805201,0.1362860186389598
令和7,保土ケ谷区,エルアンジュ保育園（分園含む）,3歳,4.754299754299755,0.04914004914004913
令和7,保土ケ谷区,エルアンジュ保育園（分園含む）,4歳,2.5,0.5
令和7,保土ケ谷区,エルアンジュ保育園（分園含む）,5歳,5.0,0.0
令和7,保土ケ谷区,キッズハーモニー・ほどがや,0歳,4.905793688177107,0.01884126236457843
令和7,保土ケ谷区,キッズハーモニー・ほどがや,1歳,5.0,0.0
令和7,保土ケ谷区,キッズハーモニー・ほどがや,2歳,4.242424242424242,0.1515151515151515
令和7,保土ケ谷区,キッズハーモニー・ほどがや,3歳,5.0,0.0
令和7,保土ケ谷区,キッズハーモニー・ほどがや,4歳,4.659090909090909,0.06818181818181818
令和7,保土ケ谷区,キッズハーモニー・ほどがや,5歳,0.8225108225108223,0.8354978354978356
令和7,保土ケ谷区,ココアンジュ保育園,0歳,5.0,0.0
令和7,保土ケ谷区,ココアンジュ保育園,1歳,5.0,0.0
令和7,保土ケ谷区,ココアンジュ保育園,2歳,5.0,0.0
令和7,保土ケ谷区,ココアンジュ保育園,3歳,5.0,0.0
令和7,保土ケ谷区,ココアンジュ保育園,4歳,5.0,0.0
令和7,保土ケ谷区,ココアンジュ保育園,5歳,1.409090909090909,0.7181818181818183
令和7,保土ケ谷区,スターチャイルド≪和田町ナーサリー≫,0歳,5.0,0.0
令和7,保土ケ谷区,スターチャイルド≪和田町ナーサリー≫,1歳,5.0,0.0
令和7,保土ケ谷区,スターチャイルド≪和田町ナーサリー≫,2歳,5.0,0.0
令和7,保土ケ谷区,スターチャイルド≪和田町ナーサリー≫,3歳,2.9545454545454546,0.4090909090909091
令和7,保土ケ谷区,スターチャイルド≪和田町ナーサリー≫,4歳,5.0,0.0
令和7,保土ケ谷区,スターチャイルド≪和田町ナーサリー≫,5歳,5.0,0.0
令和7,保土ケ谷区,ダイアナ保育園,0歳,4.090909090909091,0.18181818181818182
令和7,保土ケ谷区,ダイアナ保育園,1歳,4.129849900877939,0.17403001982441235
令和7,保土ケ谷区,ダイアナ保育園,2歳,4.318181818181818,0.13636363636363635
令和7,保土ケ谷区,ダイアナ保育園,3歳,0.9166666666666665,0.8166666666666668
令和7,保土ケ谷区,ダイアナ保育園,4歳,1.666666666666667,0.6666666666666666
令和7,保土ケ谷区,ダイアナ保育園,5歳,2.4559023066485755,0.508819538670285
令和7,保土ケ谷区,プチアンジュ保育園,0歳,3.489177489177489,0.3021645021645022
令和7,保土ケ谷区,プチアンジュ保育園,1歳,4.7727272727272725,0.045454545454545456
令和7,保土ケ谷区,プチアンジュ保育園,2歳,4.318181818181818,0.13636363636363635
令和7,保土ケ谷区,プチアンジュ保育園,3歳,5.0,0.0
令和7,保土ケ谷区,プチアンジュ保育園,4歳,2.272727272727273,0.5454545454545454
令和7,保土ケ谷区,プチアンジュ保育園,5歳,2.5,0.5
令和7,保土ケ谷区,ベイキッズ　おりーぶ保育園,0歳,5.0,0.0
令和7,保土ケ谷区,ベイキッズ　おりーぶ保育園,1歳,5.0,0.0
令和7,保土ケ谷区,ベイキッズ　おりーぶ保育園,2歳,3.8636363636363638,0.22727272727272727
令和7,保土ケ谷区,ベイキッズ　おりーぶ保育園,3歳,5.0,0.0
令和7,保土ケ谷区,ベイキッズ　おりーぶ保育園,4歳,5.0,0.0
令和7,保土ケ谷区,ベイキッズ　おりーぶ保育園,5歳,5.0,0.0
令和7,保土ケ谷区,ベネッセ　保土ケ谷保育園,0歳,4.806576402321084,0.03868471953578337
令和7,保土ケ谷区,ベネッセ　保土ケ谷保育園,1歳,5.0,0.0
令和7,保土ケ谷区,ベネッセ　保土ケ谷保育園,2歳,5.0,0.0
令和7,保土ケ谷区,ベネッセ　保土ケ谷保育園,3歳,2.1969696969696972,0.5606060606060606
令和7,保土ケ谷区,ベネッセ　保土ケ谷保育園,4歳,2.878787878787879,0.42424242424242425
令和7,保土ケ谷区,ベネッセ　保土ケ谷保育園,5歳,1.666666666666667,0.6666666666666666
令和7,保土ケ谷区,ポポラー横浜和田町園,0歳,3.4153108051731333,0.31693783896537336
令和7,保土ケ谷区,ポポラー横浜和田町園,1歳,4.7727272727272725,0.045454545454545456
令和7,保土ケ谷区,ポポラー横浜和田町園,2歳,3.6363636363636362,0.2727272727272727
令和7,保土ケ谷区,ポポラー横浜和田町園,3歳,2.5,0.5
令和7,保土ケ谷区,ポポラー横浜和田町園,4歳,1.4393939393939397,0.712121212121212
令和7,保土ケ谷区,ポポラー横浜和田町園,5歳,2.761121856866538,0.44777562862669246
令和7,保土ケ谷区,ラフ・クルー星川保育園,0歳,3.398268398268398,0.3203463203463203
令和7,保土ケ谷区,ラフ・クルー星川保育園,1歳,5.0,0.0
令和7,保土ケ谷区,ラフ・クルー星川保育園,2歳,5.0,0.0
令和7,保土ケ谷区,ラフ・クルー星川保育園,3歳,2.3484848484848486,0.5303030303030303
令和7,保土ケ谷区,ラフ・クルー星川保育園,4歳,5.0,0.0
令和7,保土ケ谷区,ラフ・クルー星川保育園,5歳,5.0,0.0
令和7,保土ケ谷区,三丁目こども園,0歳,5.0,0.0
令和7,保土ケ谷区,三丁目こども園,1歳,5.0,0.0
令和7,保土ケ谷区,三丁目こども園,2歳,5.0,0.0
令和7,保土ケ谷区,三丁目こども園,3歳,5.0,0.0
令和7,保土ケ谷区,三丁目こども園,4歳,5.0,0.0
令和7,保土ケ谷区,三丁目こども園,5歳,5.0,0.0
令和7,保土ケ谷区,保土ケ谷保育園,0歳,5.0,0.0
令和7,保土ケ谷区,保土ケ谷保育園,1歳,5.0,0.0
令和7,保土ケ谷区,保土ケ谷保育園,2歳,4.7727272727272725,0.045454545454545456
令和7,保土ケ谷区,保土ケ谷保育園,3歳,5.0,0.0
令和7,保土ケ谷区,保土ケ谷保育園,4歳,2.5,0.5
令和7,保土ケ谷区,保土ケ谷保育園,5歳,2.5,0.5
令和7,保土ケ谷区,保育室ピア・ピア,0歳,3.7121212121212124,0.25757575757575757
令和7,保土ケ谷区,保育室ピア・ピア,1歳,5.0,0.0
令和7,保土ケ谷区,保育室ピア・ピア,2歳,4.3939393939393945,0.1212121212121212
令和7,保土ケ谷区,保育室ピア・ピア,3歳,5.0,0.0
令和7,保土ケ谷区,保育室ピア・ピア,4歳,5.0,0.0
令和7,保土ケ谷区,保育室ピア・ピア,5歳,5.0,0.0
令和7,保土ケ谷区,千丸台保育園,0歳,4.415149955551397,0.11697000888972067
令和7,保土ケ谷区,千丸台保育園,1歳,5.0,0.0
令和7,保土ケ谷区,千丸台保育園,2歳,5.0,0.0
令和7,保土ケ谷区,千丸台保育園,3歳,5.0,0.0
令和7,保土ケ谷区,千丸台保育園,4歳,3.8636363636363638,0.22727272727272727
令和7,保土ケ谷区,千丸台保育園,5歳,1.666666666666667,0.6666666666666666
令和7,保土ケ谷区,合歓の木保育園,0歳,5.0,0.0
令和7,保土ケ谷区,合歓の木保育園,1歳,4.7727272727272725,0.045454545454545456
令和7,保土ケ谷区,合歓の木保育園,2歳,4.46969696969697,0.10606060606060605
令和7,保土ケ谷区,合歓の木保育園,3歳,3.8636363636363638,0.22727272727272727
令和7,保土ケ谷区,合歓の木保育園,4歳,3.7878787878787885,0.2424242424242424
令和7,保土ケ谷区,合歓の木保育園,5歳,5.0,0.0
令和7,保土ケ谷区,向台保育園,0歳,5.0,0.0
令和7,保土ケ谷区,向台保育園,1歳,5.0,0.0
令和7,保土ケ谷区,向台保育園,2歳,4.728629579375848,0.05427408412483039
令和7,保土ケ谷区,向台保育園,3歳,4.090909090909091,0.18181818181818182
令和7,保土ケ谷区,向台保育園,4歳,0.8333333333333331,0.8333333333333335
令和7,保土ケ谷区,向台保育園,5歳,3.0303030303030307,0.3939393939393939
令和7,保土ケ谷区,境木保育園,0歳,3.265151515151515,0.346969696969697
令和7,保土ケ谷区,境木保育園,1歳,5.0,0.0
令和7,保土ケ谷区,境木保育園,2歳,5.0,0.0
令和7,保土ケ谷区,境木保育園,3歳,5.0,0.0
令和7,保土ケ谷区,境木保育園,4歳,5.0,0.0
令和7,保土ケ谷区,境木保育園,5歳,1.6983265490728179,0.6603346901854364
令和7,保土ケ谷区,天王町駅前もえぎ保育園,0歳,4.318181818181818,0.13636363636363635
令和7,保土ケ谷区,天王町駅前もえぎ保育園,1歳,5.0,0.0
令和7,保土ケ谷区,天王町駅前もえぎ保育園,2歳,1.5530303030303032,0.6893939393939393
令和7,保土ケ谷区,天王町駅前もえぎ保育園,3歳,5.0,0.0
令和7,保土ケ谷区,天王町駅前もえぎ保育園,4歳,5.0,0.0
令和7,保土ケ谷区,天王町駅前もえぎ保育園,5歳,5.0,0.0
令和7,保土ケ谷区,学校法人初音丘学園ＰＩＣＣＯＬＩＮＯ,0歳,4.3939393939393945,0.1212121212121212
令和7,保土ケ谷区,学校法人初音丘学園ＰＩＣＣＯＬＩＮＯ,1歳,5.0,0.0
令和7,保土ケ谷区,学校法人初音丘学園ＰＩＣＣＯＬＩＮＯ,2歳,5.0,0.0
令和7,保土ケ谷区,学校法人初音丘学園ＰＩＣＣＯＬＩＮＯ,3歳,5.0,0.0
令和7,保土ケ谷区,学校法人初音丘学園ＰＩＣＣＯＬＩＮＯ,4歳,5.0,0.0
令和7,保土ケ谷区,学校法人初音丘学園ＰＩＣＣＯＬＩＮＯ,5歳,5.0,0.0
令和7,保土ケ谷区,岩間保育園,0歳,5.0,0.0
令和7,保土ケ谷区,岩間保育園,1歳,5.0,0.0
令和7,保土ケ谷区,岩間保育園,2歳,5.0,0.0
令和7,保土ケ谷区,岩間保育園,3歳,2.3484848484848486,0.5303030303030303
令和7,保土ケ谷区,岩間保育園,4歳,5.0,0.0
令和7,保土ケ谷区,岩間保育園,5歳,0.9999999999999999,0.8
令和7,保土ケ谷区,新桜ケ丘保育園,0歳,5.0,0.0
令和7,保土ケ谷区,新桜ケ丘保育園,1歳,5.0,0.0
令和7,保土ケ谷区,新桜ケ丘保育園,2歳,4.090909090909091,0.18181818181818182
令和7,保土ケ谷区,新桜ケ丘保育園,3歳,4.318181818181818,0.13636363636363635
令和7,保土ケ谷区,新桜ケ丘保育園,4歳,2.533849129593811,0.4932301740812379
令和7,保土ケ谷区,新桜ケ丘保育園,5歳,5.0,0.0
令和7,保土ケ谷区,明神台保育園,0歳,3.343348194094463,0.3313303611811074
令和7,保土ケ谷区,明神台保育園,1歳,5.0,0.0
令和7,保土ケ谷区,明神台保育園,2歳,5.0,0.0
令和7,保土ケ谷区,明神台保育園,3歳,5.0,0.0
令和7,保土ケ谷区,明神台保育園,4歳,5.0,0.0
令和7,保土ケ谷区,明神台保育園,5歳,5.0,0.0
令和7,保土ケ谷区,星川もえぎ保育園,0歳,3.227272727272727,0.35454545454545455
令和7,保土ケ谷区,星川もえぎ保育園,1歳,5.0,0.0
令和7,保土ケ谷区,星川もえぎ保育園,2歳,5.0,0.0
令和7,保土ケ谷区,星川もえぎ保育園,3歳,4.090909090909091,0.18181818181818182
令和7,保土ケ谷区,星川もえぎ保育園,4歳,2.727272727272727,0.45454545454545453
令和7,保土ケ谷区,星川もえぎ保育園,5歳,5.0,0.0
令和7,保土ケ谷区,昴保育園,0歳,5.0,0.0
令和7,保土ケ谷区,昴保育園,1歳,5.0,0.0
令和7,保土ケ谷区,昴保育園,2歳,1.7085761034400193,0.6582847793119962
令和7,保土ケ谷区,昴保育園,3歳,5.0,0.0
令和7,保土ケ谷区,昴保育園,4歳,1.666666666666667,0.6666666666666666
令和7,保土ケ谷区,昴保育園,5歳,5.0,0.0
令和7,保土ケ谷区,東戸塚もえぎ保育室,0歳,4.015151515151515,0.19696969696969696
令和7,保土ケ谷区,東戸塚もえぎ保育室,1歳,5.0,0.0
令和7,保土ケ谷区,東戸塚もえぎ保育室,2歳,5.0,0.0
令和7,保土ケ谷区,東戸塚もえぎ保育室,3歳,5.0,0.0
令和7,保土ケ谷区,東戸塚もえぎ保育室,4歳,5.0,0.0
令和7,保土ケ谷区,東戸塚もえぎ保育室,5歳,5.0,0.0
令和7,保土ケ谷区,桜ヶ丘保育園,0歳,3.3863636363636362,0.3227272727272727
令和7,保土ケ谷区,桜ヶ丘保育園,1歳,5.0,0.0
令和7,保土ケ谷区,桜ヶ丘保育園,2歳,3.931334622823985,0.2137330754352031
令和7,保土ケ谷区,桜ヶ丘保育園,3歳,2.272727272727273,0.5454545454545454
令和7,保土ケ谷区,桜ヶ丘保育園,4歳,5.0,0.0
令和7,保土ケ谷区,桜ヶ丘保育園,5歳,2.9545454545454546,0.4090909090909091
令和7,保土ケ谷区,梅の木保育園,0歳,4.3939393939393945,0.1212121212121212
令和7,保土ケ谷区,梅の木保育園,1歳,5.0,0.0
令和7,保土ケ谷区,梅の木保育園,2歳,5.0,0.0
令和7,保土ケ谷区,梅の木保育園,3歳,5.0,0.0
令和7,保土ケ谷区,梅の木保育園,4歳,5.0,0.0
令和7,保土ケ谷区,梅の木保育園,5歳,4.696969696969696,0.0606060606060606
令和7,保土ケ谷区,横浜市天王町保育園,0歳,3.8217279174725984,0.23565441650548033
令和7,保土ケ谷区,横浜市天王町保育園,1歳,4.7755331088664414,0.044893378226711564
令和7,保土ケ谷区,横浜市天王町保育園,2歳,4.545454545454546,0.09090909090909091
令和7,保土ケ谷区,横浜市天王町保育園,3歳,2.765151515151515,0.446969696969697
令和7,保土ケ谷区,横浜市天王町保育園,4歳,0.5882034632034633,0.8823593073593073
令和7,保土ケ谷区,横浜市天王町保育園,5歳,0.7792207792207791,0.8441558441558442
令和7,保土ケ谷区,横浜市岩井保育園,0歳,3.1255411255411256,0.37489177489177494
令和7,保土ケ谷区,横浜市岩井保育園,1歳,4.806576402321084,0.03868471953578337
令和7,保土ケ谷区,横浜市岩井保育園,2歳,4.124758220502901,0.17504835589941972
令和7,保土ケ谷区,横浜市岩井保育園,3歳,1.4090909090909092,0.7181818181818183
令和7,保土ケ谷区,横浜市岩井保育園,4歳,1.174242424242424,0.7651515151515151
令和7,保土ケ谷区,横浜市岩井保育園,5歳,5.0,0.0
令和7,保土ケ谷区,横浜市神戸保育園,0歳,4.3939393939393945,0.1212121212121212
令和7,保土ケ谷区,横浜市神戸保育園,1歳,5.0,0.0
令和7,保土ケ谷区,横浜市神戸保育園,2歳,5.0,0.0
令和7,保土ケ谷区,横浜市神戸保育園,3歳,0.9444444444444445,0.8111111111111111
令和7,保土ケ谷区,横浜市神戸保育園,4歳,1.227272727272727,0.7545454545454546
令和7,保土ケ谷区,横浜市神戸保育園,5歳,5.0,0.0
令和7,保土ケ谷区,笹山保育園,0歳,4.3560606060606055,0.12878787878787878
令和7,保土ケ谷区,笹山保育園,1歳,4.911738746690204,0.0176522506619594
令和7,保土ケ谷区,笹山保育園,2歳,4.545454545454546,0.09090909090909091
令和7,保土ケ谷区,笹山保育園,3歳,3.5606060606060606,0.28787878787878785
令和7,保土ケ谷区,笹山保育園,4歳,1.3106060606060608,0.7378787878787879
令和7,保土ケ谷区,笹山保育園,5歳,1.25,0.75
令和7,保土ケ谷区,若葉保育園（分園含む）,0歳,5.0,0.0
令和7,保土ケ谷区,若葉保育園（分園含む）,1歳,5.0,0.0
令和7,保土ケ谷区,若葉保育園（分園含む）,2歳,5.0,0.0
令和7,保土ケ谷区,若葉保育園（分園含む）,3歳,5.0,0.0
令和7,保土ケ谷区,若葉保育園（分園含む）,4歳,1.666666666666667,0.6666666666666666
令和7,保土ケ谷区,若葉保育園（分園含む）,5歳,5.0,0.0
令和7,保土ケ谷区,西谷保育園,0歳,3.5315657096402235,0.29368685807195527
令和7,保土ケ谷区,西谷保育園,1歳,5.0,0.0
令和7,保土ケ谷区,西谷保育園,2歳,5.0,0.0
令和7,保土ケ谷区,西谷保育園,3歳,5.0,0.0
令和7,保土ケ谷区,西谷保育園,4歳,5.0,0.0
令和7,保土ケ谷区,西谷保育園,5歳,4.46969696969697,0.10606060606060605
令和7,保土ケ谷区,西谷保育園分園　きらり保育園,0歳,3.446969696969697,0.3106060606060606
令和7,保土ケ谷区,西谷保育園分園　きらり保育園,1歳,5.0,0.0
令和7,保土ケ谷区,西谷保育園分園　きらり保育園,2歳,4.318181818181818,0.13636363636363635
令和7,保土ケ谷区,西谷保育園分園　きらり保育園,3歳,5.0,0.0
令和7,保土ケ谷区,西谷保育園分園　きらり保育園,4歳,5.0,0.0
令和7,保土ケ谷区,西谷保育園分園　きらり保育園,5歳,5.0,0.0
令和7,保土ケ谷区,認定こども園　りとるルーナ,0歳,5.0,0.0
令和7,保土ケ谷区,認定こども園　りとるルーナ,1歳,5.0,0.0
令和7,保土ケ谷区,認定こども園　りとるルーナ,2歳,5.0,0.0
令和7,保土ケ谷区,認定こども園　りとるルーナ,3歳,5.0,0.0
令和7,保土ケ谷区,認定こども園　りとるルーナ,4歳,5.0,0.0
令和7,保土ケ谷区,認定こども園　りとるルーナ,5歳,5.0,0.0
令和7,保土ケ谷区,認定こども園　星川ルーナ,0歳,5.0,0.0
令和7,保土ケ谷区,認定こども園　星川ルーナ,1歳,4.874016073811273,0.02519678523774553
令和7,保土ケ谷区,認定こども園　星川ルーナ,2歳,5.0,0.0
令和7,保土ケ谷区,認定こども園　星川ルーナ,3歳,5.0,0.0
令和7,保土ケ谷区,認定こども園　星川ルーナ,4歳,5.0,0.0
令和7,保土ケ谷区,認定こども園　星川ルーナ,5歳,5.0,0.0
令和7,保土ケ谷区,認定こども園　森のルーナ,0歳,5.0,0.0
令和7,保土ケ谷区,認定こども園　森のルーナ,1歳,4.93060374739764,0.013879250520471896
令和7,保土ケ谷区,認定こども園　森のルーナ,2歳,4.85096870342772,0.02980625931445604
令和7,保土ケ谷区,認定こども園　森のルーナ,3歳,4.545454545454546,0.09090909090909091
令和7,保土ケ谷区,認定こども園　森のルーナ,4歳,2.0013568521031213,0.5997286295793759
令和7,保土ケ谷区,認定こども園　森のルーナ,5歳,5.0,0.0
令和7,保土ケ谷区,認定こども園　育和幼稚園,0歳,5.0,0.0
令和7,保土ケ谷区,認定こども園　育和幼稚園,1歳,5.0,0.0
令和7,保土ケ谷区,認定こども園　育和幼稚園,2歳,4.889135254988914,0.022172949002217297
令和7,保土ケ谷区,認定こども園　育和幼稚園,3歳,0.38752913752913726,0.9224941724941725
令和7,保土ケ谷区,認定こども園　育和幼稚園,4歳,0.4675974696630929,0.9064805060673815
令和7,保土ケ谷区,認定こども園　育和幼稚園,5歳,0.33333333333333326,0.9333333333333335
令和7,保土ケ谷区,認定こども園あかいとりこども園,0歳,5.0,0.0
令和7,保土ケ谷区,認定こども園あかいとりこども園,1歳,5.0,0.0
令和7,保土ケ谷区,認定こども園あかいとりこども園,2歳,4.494949494949495,0.10101010101010101
令和7,保土ケ谷区,認定こども園あかいとりこども園,3歳,5.0,0.0
令和7,保土ケ谷区,認定こども園あかいとりこども園,4歳,1.4710538218000906,0.7057892356399819
令和7,保土ケ谷区,認定こども園あかいとりこども園,5歳,0.4710743801652893,0.9057851239669421
令和7,保土ケ谷区,認定こども園和田愛児園,0歳,4.926686217008798,0.014662756598240472
令和7,保土ケ谷区,認定こども園和田愛児園,1歳,5.0,0.0
令和7,保土ケ谷区,認定こども園和田愛児園,2歳,4.806576402321084,0.03868471953578337
令和7,保土ケ谷区,認定こども園和田愛児園,3歳,4.7727272727272725,0.045454545454545456
令和7,保土ケ谷区,認定こども園和田愛児園,4歳,5.0,0.0
令和7,保土ケ谷区,認定こども園和田愛児園,5歳,5.0,0.0
令和7,保土ケ谷区,認定こども園峯岡幼稚園,0歳,5.0,0.0
令和7,保土ケ谷区,認定こども園峯岡幼稚園,1歳,5.0,0.0
令和7,保土ケ谷区,認定こども園峯岡幼稚園,2歳,5.0,0.0
令和7,保土ケ谷区,認定こども園峯岡幼稚園,3歳,2.1212121212121215,0.5757575757575757
令和7,保土ケ谷区,認定こども園峯岡幼稚園,4歳,2.5,0.5
令和7,保土ケ谷区,認定こども園峯岡幼稚園,5歳,2.5,0.5
令和7,保土ケ谷区,霞台保育園（分園含む）,0歳,4.068181818181818,0.18636363636363634
令和7,保土ケ谷区,霞台保育園（分園含む）,1歳,5.0,0.0
令和7,保土ケ谷区,霞台保育園（分園含む）,2歳,3.5606060606060606,0.28787878787878785
令和7,保土ケ谷区,霞台保育園（分園含む）,3歳,5.0,0.0
令和7,保土ケ谷区,霞台保育園（分園含む）,4歳,5.0,0.0
令和7,保土ケ谷区,霞台保育園（分園含む）,5歳,5.0,0.0
令和7,保土ケ谷区,ＧＥＮＫＩＤＳ星川保育園,0歳,5.0,0.0
令和7,保土ケ谷区,ＧＥＮＫＩＤＳ星川保育園,1歳,5.0,0.0
令和7,保土ケ谷区,ＧＥＮＫＩＤＳ星川保育園,2歳,5.0,0.0
令和7,保土ケ谷区,ＧＥＮＫＩＤＳ星川保育園,3歳,3.1818181818181817,0.36363636363636365
令和7,保土ケ谷区,ＧＥＮＫＩＤＳ星川保育園,4歳,4.090909090909091,0.18181818181818182
令和7,保土ケ谷区,ＧＥＮＫＩＤＳ星川保育園,5歳,5.0,0.0
令和7,南区,きらり保育園吉野町,0歳,5.0,0.0
令和7,南区,きらり保育園吉野町,1歳,5.0,0.0
令和7,南区,きらり保育園吉野町,2歳,5.0,0.0
令和7,南区,きらり保育園吉野町,3歳,5.0,0.0
令和7,南区,きらり保育園吉野町,4歳,5.0,0.0
令和7,南区,きらり保育園吉野町,5歳,5.0,0.0
令和7,南区,くらき永田保育園,0歳,3.863497358910203,0.2273005282179594
令和7,南区,くらき永田保育園,1歳,5.0,0.0
令和7,南区,くらき永田保育園,2歳,5.0,0.0
令和7,南区,くらき永田保育園,3歳,5.0,0.0
令和7,南区,くらき永田保育園,4歳,5.0,0.0
令和7,南区,くらき永田保育園,5歳,5.0,0.0
令和7,南区,こども園　よこはま風の遊育園,0歳,5.0,0.0
令和7,南区,こども園　よこはま風の遊育園,1歳,5.0,0.0
令和7,南区,こども園　よこはま風の遊育園,2歳,5.0,0.0
令和7,南区,こども園　よこはま風の遊育園,3歳,5.0,0.0
令和7,南区,こども園　よこはま風の遊育園,4歳,5.0,0.0
令和7,南区,こども園　よこはま風の遊育園,5歳,5.0,0.0
令和7,南区,たけのこ永田東保育園,0歳,5.0,0.0
令和7,南区,たけのこ永田東保育園,1歳,5.0,0.0
令和7,南区,たけのこ永田東保育園,2歳,5.0,0.0
令和7,南区,たけのこ永田東保育園,3歳,5.0,0.0
令和7,南区,たけのこ永田東保育園,4歳,5.0,0.0
令和7,南区,たけのこ永田東保育園,5歳,5.0,0.0
令和7,南区,つぼみの森保育室,0歳,5.0,0.0
令和7,南区,つぼみの森保育室,1歳,5.0,0.0
令和7,南区,つぼみの森保育室,2歳,5.0,0.0
令和7,南区,つぼみの森保育室,3歳,5.0,0.0
令和7,南区,つぼみの森保育室,4歳,5.0,0.0
令和7,南区,つぼみの森保育室,5歳,5.0,0.0
令和7,南区,ばばほいくしつ黄金町,0歳,3.484848484848485,0.303030303030303
令和7,南区,ばばほいくしつ黄金町,1歳,5.0,0.0
令和7,南区,ばばほいくしつ黄金町,2歳,4.226305609284332,0.15473887814313347
令和7,南区,ばばほいくしつ黄金町,3歳,5.0,0.0
令和7,南区,ばばほいくしつ黄金町,4歳,5.0,0.0
令和7,南区,ばばほいくしつ黄金町,5歳,5.0,0.0
令和7,南区,ひびき井土ヶ谷保育園,0歳,5.0,0.0
令和7,南区,ひびき井土ヶ谷保育園,1歳,5.0,0.0
令和7,南区,ひびき井土ヶ谷保育園,2歳,5.0,0.0
令和7,南区,ひびき井土ヶ谷保育園,3歳,5.0,0.0
令和7,南区,ひびき井土ヶ谷保育園,4歳,5.0,0.0
令和7,南区,ひびき井土ヶ谷保育園,5歳,5.0,0.0
令和7,南区,ぽかぽか保育園,0歳,5.0,0.0
令和7,南区,ぽかぽか保育園,1歳,5.0,0.0
令和7,南区,ぽかぽか保育園,2歳,5.0,0.0
令和7,南区,ぽかぽか保育園,3歳,5.0,0.0
令和7,南区,ぽかぽか保育園,4歳,5.0,0.0
令和7,南区,ぽかぽか保育園,5歳,5.0,0.0
令和7,南区,まなびの森　プチ・ナーサリー弘明寺,0歳,5.0,0.0
令和7,南区,まなびの森　プチ・ナーサリー弘明寺,1歳,5.0,0.0
令和7,南区,まなびの森　プチ・ナーサリー弘明寺,2歳,5.0,0.0
令和7,南区,まなびの森　プチ・ナーサリー弘明寺,3歳,5.0,0.0
令和7,南区,まなびの森　プチ・ナーサリー弘明寺,4歳,5.0,0.0
令和7,南区,まなびの森　プチ・ナーサリー弘明寺,5歳,5.0,0.0
令和7,南区,まなびの森　プチ・ナーサリー弘明寺寺(寺は一つです),0歳,5.0,0.0
令和7,南区,まなびの森　プチ・ナーサリー弘明寺寺(寺は一つです),1歳,5.0,0.0
令和7,南区,まなびの森　プチ・ナーサリー弘明寺寺(寺は一つです),2歳,5.0,0.0
令和7,南区,まなびの森　プチ・ナーサリー弘明寺寺(寺は一つです),3歳,5.0,0.0
令和7,南区,まなびの森　プチ・ナーサリー弘明寺寺(寺は一つです),4歳,5.0,0.0
令和7,南区,まなびの森　プチ・ナーサリー弘明寺寺(寺は一つです),5歳,5.0,0.0
令和7,南区,みなみマーノ保育園,0歳,5.0,0.0
令和7,南区,みなみマーノ保育園,1歳,5.0,0.0
令和7,南区,みなみマーノ保育園,2歳,4.806576402321084,0.03868471953578337
令和7,南区,みなみマーノ保育園,3歳,5.0,0.0
令和7,南区,みなみマーノ保育園,4歳,5.0,0.0
令和7,南区,みなみマーノ保育園,5歳,5.0,0.0
令和7,南区,めいとく保育園,0歳,3.1818181818181817,0.36363636363636365
令和7,南区,めいとく保育園,1歳,4.806576402321084,0.03868471953578337
令和7,南区,めいとく保育園,2歳,5.0,0.0
令和7,南区,めいとく保育園,3歳,5.0,0.0
令和7,南区,めいとく保育園,4歳,5.0,0.0
令和7,南区,めいとく保育園,5歳,5.0,0.0
令和7,南区,もりた保育室,0歳,5.0,0.0
令和7,南区,もりた保育室,1歳,5.0,0.0
令和7,南区,もりた保育室,2歳,5.0,0.0
令和7,南区,もりた保育室,3歳,5.0,0.0
令和7,南区,もりた保育室,4歳,5.0,0.0
令和7,南区,もりた保育室,5歳,5.0,0.0
令和7,南区,やすらぎ保育園,0歳,5.0,0.0
令和7,南区,やすらぎ保育園,1歳,4.579303675048356,0.08413926499032881
令和7,南区,やすらぎ保育園,2歳,4.7727272727272725,0.045454545454545456
令和7,南区,やすらぎ保育園,3歳,5.0,0.0
令和7,南区,やすらぎ保育園,4歳,4.352030947775629,0.12959381044487428
令和7,南区,やすらぎ保育園,5歳,5.0,0.0
令和7,南区,アイン弘明寺保育園,0歳,5.0,0.0
令和7,南区,アイン弘明寺保育園,1歳,5.0,0.0
令和7,南区,アイン弘明寺保育園,2歳,5.0,0.0
令和7,南区,アイン弘明寺保育園,3歳,5.0,0.0
令和7,南区,アイン弘明寺保育園,4歳,4.806576402321084,0.03868471953578337
令和7,南区,アイン弘明寺保育園,5歳,5.0,0.0
令和7,南区,アスクいどがや保育園,0歳,5.0,0.0
令和7,南区,アスクいどがや保育園,1歳,5.0,0.0
令和7,南区,アスクいどがや保育園,2歳,5.0,0.0
令和7,南区,アスクいどがや保育園,3歳,5.0,0.0
令和7,南区,アスクいどがや保育園,4歳,5.0,0.0
令和7,南区,アスクいどがや保育園,5歳,4.7727272727272725,0.045454545454545456
令和7,南区,アスク吉野町保育園,0歳,4.017538569777376,0.19649228604452482
令和7,南区,アスク吉野町保育園,1歳,5.0,0.0
令和7,南区,アスク吉野町保育園,2歳,5.0,0.0
令和7,南区,アスク吉野町保育園,3歳,5.0,0.0
令和7,南区,アスク吉野町保育園,4歳,5.0,0.0
令和7,南区,アスク吉野町保育園,5歳,5.0,0.0
令和7,南区,キッズパートナー井土ヶ谷,0歳,4.7727272727272725,0.045454545454545456
令和7,南区,キッズパートナー井土ヶ谷,1歳,4.878787878787879,0.024242424242424242
令和7,南区,キッズパートナー井土ヶ谷,2歳,4.613152804642167,0.07736943907156674
令和7,南区,キッズパートナー井土ヶ谷,3歳,5.0,0.0
令和7,南区,キッズパートナー井土ヶ谷,4歳,5.0,0.0
令和7,南区,キッズパートナー井土ヶ谷,5歳,5.0,0.0
令和7,南区,キッズパートナー弘明寺,0歳,5.0,0.0
令和7,南区,キッズパートナー弘明寺,1歳,5.0,0.0
令和7,南区,キッズパートナー弘明寺,2歳,5.0,0.0
令和7,南区,キッズパートナー弘明寺,3歳,5.0,0.0
令和7,南区,キッズパートナー弘明寺,4歳,4.806576402321084,0.03868471953578337
令和7,南区,キッズパートナー弘明寺,5歳,5.0,0.0
令和7,南区,キューピールームＰ-ｋａｂｏｏ園,0歳,5.0,0.0
令和7,南区,キューピールームＰ-ｋａｂｏｏ園,1歳,4.579303675048356,0.08413926499032881
令和7,南区,キューピールームＰ-ｋａｂｏｏ園,2歳,4.7727272727272725,0.045454545454545456
令和7,南区,キューピールームＰ-ｋａｂｏｏ園,3歳,5.0,0.0
令和7,南区,キューピールームＰ-ｋａｂｏｏ園,4歳,5.0,0.0
令和7,南区,キューピールームＰ-ｋａｂｏｏ園,5歳,5.0,0.0
令和7,南区,チームナーサリーＢｉｇＨｕｇ南太田,0歳,5.0,0.0
令和7,南区,チームナーサリーＢｉｇＨｕｇ南太田,1歳,5.0,0.0
令和7,南区,チームナーサリーＢｉｇＨｕｇ南太田,2歳,5.0,0.0
令和7,南区,チームナーサリーＢｉｇＨｕｇ南太田,3歳,5.0,0.0
令和7,南区,チームナーサリーＢｉｇＨｕｇ南太田,4歳,5.0,0.0
令和7,南区,チームナーサリーＢｉｇＨｕｇ南太田,5歳,5.0,0.0
令和7,南区,パナマリア保育園弘明寺園,0歳,5.0,0.0
令和7,南区,パナマリア保育園弘明寺園,1歳,5.0,0.0
令和7,南区,パナマリア保育園弘明寺園,2歳,5.0,0.0
令和7,南区,パナマリア保育園弘明寺園,3歳,5.0,0.0
令和7,南区,パナマリア保育園弘明寺園,4歳,5.0,0.0
令和7,南区,パナマリア保育園弘明寺園,5歳,5.0,0.0
令和7,南区,ペパンルーム,0歳,5.0,0.0
令和7,南区,ペパンルーム,1歳,5.0,0.0
令和7,南区,ペパンルーム,2歳,5.0,0.0
令和7,南区,ペパンルーム,3歳,5.0,0.0
令和7,南区,ペパンルーム,4歳,5.0,0.0
令和7,南区,ペパンルーム,5歳,5.0,0.0
令和7,南区,ララランド井土ヶ谷,0歳,5.0,0.0
令和7,南区,ララランド井土ヶ谷,1歳,5.0,0.0
令和7,南区,ララランド井土ヶ谷,2歳,5.0,0.0
令和7,南区,ララランド井土ヶ谷,3歳,5.0,0.0
令和7,南区,ララランド井土ヶ谷,4歳,5.0,0.0
令和7,南区,ララランド井土ヶ谷,5歳,5.0,0.0
令和7,南区,三春台保育園,0歳,5.0,0.0
令和7,南区,三春台保育園,1歳,4.85096870342772,0.02980625931445604
令和7,南区,三春台保育園,2歳,5.0,0.0
令和7,南区,三春台保育園,3歳,3.4429400386847195,0.3114119922630561
令和7,南区,三春台保育園,4歳,2.878787878787879,0.4242424242424242
令和7,南区,三春台保育園,5歳,1.3419913419913418,0.7316017316017316
令和7,南区,上大岡ラビット保育園,0歳,4.806576402321084,0.03868471953578337
令和7,南区,上大岡ラビット保育園,1歳,5.0,0.0
令和7,南区,上大岡ラビット保育園,2歳,5.0,0.0
令和7,南区,上大岡ラビット保育園,3歳,5.0,0.0
令和7,南区,上大岡ラビット保育園,4歳,5.0,0.0
令和7,南区,上大岡ラビット保育園,5歳,5.0,0.0
令和7,南区,中村愛児園,0歳,5.0,0.0
令和7,南区,中村愛児園,1歳,4.754299754299755,0.04914004914004913
令和7,南区,中村愛児園,2歳,4.579303675048356,0.08413926499032881
令和7,南区,中村愛児園,3歳,5.0,0.0
令和7,南区,中村愛児園,4歳,3.8636363636363638,0.22727272727272727
令和7,南区,中村愛児園,5歳,5.0,0.0
令和7,南区,久良岐保育園,0歳,5.0,0.0
令和7,南区,久良岐保育園,1歳,5.0,0.0
令和7,南区,久良岐保育園,2歳,5.0,0.0
令和7,南区,久良岐保育園,3歳,5.0,0.0
令和7,南区,久良岐保育園,4歳,5.0,0.0
令和7,南区,久良岐保育園,5歳,5.0,0.0
令和7,南区,京急キッズランド井土ケ谷駅保育園,0歳,5.0,0.0
令和7,南区,京急キッズランド井土ケ谷駅保育園,1歳,5.0,0.0
令和7,南区,京急キッズランド井土ケ谷駅保育園,2歳,5.0,0.0
令和7,南区,京急キッズランド井土ケ谷駅保育園,3歳,5.0,0.0
令和7,南区,京急キッズランド井土ケ谷駅保育園,4歳,4.7727272727272725,0.045454545454545456
令和7,南区,京急キッズランド井土ケ谷駅保育園,5歳,5.0,0.0
令和7,南区,京急キッズランド黄金町保育園,0歳,4.323017408123791,0.13539651837524178
令和7,南区,京急キッズランド黄金町保育園,1歳,5.0,0.0
令和7,南区,京急キッズランド黄金町保育園,2歳,5.0,0.0
令和7,南区,京急キッズランド黄金町保育園,3歳,5.0,0.0
令和7,南区,京急キッズランド黄金町保育園,4歳,5.0,0.0
令和7,南区,京急キッズランド黄金町保育園,5歳,5.0,0.0
令和7,南区,六ツ川みどり保育園,0歳,4.7727272727272725,0.045454545454545456
令和7,南区,六ツ川みどり保育園,1歳,5.0,0.0
令和7,南区,六ツ川みどり保育園,2歳,4.831649831649832,0.03367003367003367
令和7,南区,六ツ川みどり保育園,3歳,4.7727272727272725,0.045454545454545456
令和7,南区,六ツ川みどり保育園,4歳,5.0,0.0
令和7,南区,六ツ川みどり保育園,5歳,5.0,0.0
令和7,南区,六ツ川台保育園,0歳,5.0,0.0
令和7,南区,六ツ川台保育園,1歳,5.0,0.0
令和7,南区,六ツ川台保育園,2歳,5.0,0.0
令和7,南区,六ツ川台保育園,3歳,5.0,0.0
令和7,南区,六ツ川台保育園,4歳,5.0,0.0
令和7,南区,六ツ川台保育園,5歳,5.0,0.0
令和7,南区,六ツ川西保育園,0歳,4.068181818181818,0.18636363636363634
令和7,南区,六ツ川西保育園,1歳,5.0,0.0
令和7,南区,六ツ川西保育園,2歳,5.0,0.0
令和7,南区,六ツ川西保育園,3歳,5.0,0.0
令和7,南区,六ツ川西保育園,4歳,5.0,0.0
令和7,南区,六ツ川西保育園,5歳,5.0,0.0
令和7,南区,別所保育園,0歳,5.0,0.0
令和7,南区,別所保育園,1歳,5.0,0.0
令和7,南区,別所保育園,2歳,5.0,0.0
令和7,南区,別所保育園,3歳,5.0,0.0
令和7,南区,別所保育園,4歳,4.7727272727272725,0.045454545454545456
令和7,南区,別所保育園,5歳,5.0,0.0
令和7,南区,南愛児園,0歳,5.0,0.0
令和7,南区,南愛児園,1歳,5.0,0.0
令和7,南区,南愛児園,2歳,4.7727272727272725,0.045454545454545456
令和7,南区,南愛児園,3歳,5.0,0.0
令和7,南区,南愛児園,4歳,4.659090909090909,0.06818181818181818
令和7,南区,南愛児園,5歳,5.0,0.0
令和7,南区,大岡おひさま保育園,0歳,5.0,0.0
令和7,南区,大岡おひさま保育園,1歳,5.0,0.0
令和7,南区,大岡おひさま保育園,2歳,5.0,0.0
令和7,南区,大岡おひさま保育園,3歳,4.85096870342772,0.02980625931445604
令和7,南区,大岡おひさま保育園,4歳,5.0,0.0
令和7,南区,大岡おひさま保育園,5歳,2.272727272727273,0.5454545454545454
令和7,南区,大岡はるかぜ保育園,0歳,5.0,0.0
令和7,南区,大岡はるかぜ保育園,1歳,5.0,0.0
令和7,南区,大岡はるかぜ保育園,2歳,5.0,0.0
令和7,南区,大岡はるかぜ保育園,3歳,4.878787878787879,0.024242424242424242
令和7,南区,大岡はるかぜ保育園,4歳,5.0,0.0
令和7,南区,大岡はるかぜ保育園,5歳,5.0,0.0
令和7,南区,小さな足あと保育園,0歳,5.0,0.0
令和7,南区,小さな足あと保育園,1歳,5.0,0.0
令和7,南区,小さな足あと保育園,2歳,5.0,0.0
令和7,南区,小さな足あと保育園,3歳,4.22172635787248,0.15565472842550404
令和7,南区,小さな足あと保育園,4歳,5.0,0.0
令和7,南区,小さな足あと保育園,5歳,5.0,0.0
令和7,南区,小学館アカデミーまいた保育園,0歳,5.0,0.0
令和7,南区,小学館アカデミーまいた保育園,1歳,5.0,0.0
令和7,南区,小学館アカデミーまいた保育園,2歳,5.0,0.0
令和7,南区,小学館アカデミーまいた保育園,3歳,5.0,0.0
令和7,南区,小学館アカデミーまいた保育園,4歳,5.0,0.0
令和7,南区,小学館アカデミーまいた保育園,5歳,5.0,0.0
令和7,南区,弘明寺なぎさ保育園,0歳,5.0,0.0
令和7,南区,弘明寺なぎさ保育園,1歳,5.0,0.0
令和7,南区,弘明寺なぎさ保育園,2歳,5.0,0.0
令和7,南区,弘明寺なぎさ保育園,3歳,5.0,0.0
令和7,南区,弘明寺なぎさ保育園,4歳,5.0,0.0
令和7,南区,弘明寺なぎさ保育園,5歳,5.0,0.0
令和7,南区,木の花保育園,0歳,5.0,0.0
令和7,南区,木の花保育園,1歳,4.786990209023643,0.04260195819527144
令和7,南区,木の花保育園,2歳,4.7727272727272725,0.045454545454545456
令和7,南区,木の花保育園,3歳,5.0,0.0
令和7,南区,木の花保育園,4歳,5.0,0.0
令和7,南区,木の花保育園,5歳,5.0,0.0
令和7,南区,横浜みなみ薫保育園,0歳,3.9399227856159498,0.21201544287681004
令和7,南区,横浜みなみ薫保育園,1歳,5.0,0.0
令和7,南区,横浜みなみ薫保育園,2歳,5.0,0.0
令和7,南区,横浜みなみ薫保育園,3歳,5.0,0.0
令和7,南区,横浜みなみ薫保育園,4歳,3.771760154738878,0.24564796905222436
令和7,南区,横浜みなみ薫保育園,5歳,5.0,0.0
令和7,南区,横浜市しろばら保育園,0歳,5.0,0.0
令和7,南区,横浜市しろばら保育園,1歳,4.7727272727272725,0.045454545454545456
令和7,南区,横浜市しろばら保育園,2歳,4.7727272727272725,0.045454545454545456
令和7,南区,横浜市しろばら保育園,3歳,5.0,0.0
令和7,南区,横浜市しろばら保育園,4歳,4.204545454545454,0.1590909090909091
令和7,南区,横浜市しろばら保育園,5歳,5.0,0.0
令和7,南区,横浜市井土ケ谷保育園,0歳,3.635149201943095,0.272970159611381
令和7,南区,横浜市井土ケ谷保育園,1歳,4.945235487404163,0.010952902519167577
令和7,南区,横浜市井土ケ谷保育園,2歳,5.0,0.0
令和7,南区,横浜市井土ケ谷保育園,3歳,5.0,0.0
令和7,南区,横浜市井土ケ谷保育園,4歳,5.0,0.0
令和7,南区,横浜市井土ケ谷保育園,5歳,5.0,0.0
令和7,南区,横浜市永田保育園,0歳,5.0,0.0
令和7,南区,横浜市永田保育園,1歳,5.0,0.0
令和7,南区,横浜市永田保育園,2歳,5.0,0.0
令和7,南区,横浜市永田保育園,3歳,5.0,0.0
令和7,南区,横浜市永田保育園,4歳,5.0,0.0
令和7,南区,横浜市永田保育園,5歳,5.0,0.0
令和7,南区,清水ヶ丘保育園,0歳,3.1060606060606064,0.37878787878787873
令和7,南区,清水ヶ丘保育園,1歳,5.0,0.0
令和7,南区,清水ヶ丘保育園,2歳,3.61952861952862,0.2760942760942761
令和7,南区,清水ヶ丘保育園,3歳,3.9015151515151514,0.2196969696969697
令和7,南区,清水ヶ丘保育園,4歳,1.444805194805195,0.711038961038961
令和7,南区,清水ヶ丘保育園,5歳,1.924242424242424,0.6151515151515151
令和7,南区,睦町保育園,0歳,3.184624017957351,0.36307519640852975
令和7,南区,睦町保育園,1歳,5.0,0.0
令和7,南区,睦町保育園,2歳,5.0,0.0
令和7,南区,睦町保育園,3歳,4.535205981696931,0.09295880366061375
令和7,南区,睦町保育園,4歳,4.545454545454546,0.09090909090909091
令和7,南区,睦町保育園,5歳,4.638226233970915,0.07235475320581704
令和7,南区,竹の子共同保育園,0歳,5.0,0.0
令和7,南区,竹の子共同保育園,1歳,5.0,0.0
令和7,南区,竹の子共同保育園,2歳,4.831649831649832,0.03367003367003367
令和7,南区,竹の子共同保育園,3歳,5.0,0.0
令和7,南区,竹の子共同保育園,4歳,5.0,0.0
令和7,南区,竹の子共同保育園,5歳,5.0,0.0
令和7,南区,蒔田ひまわり保育園,0歳,3.227272727272727,0.35454545454545455
令和7,南区,蒔田ひまわり保育園,1歳,5.0,0.0
令和7,南区,蒔田ひまわり保育園,2歳,5.0,0.0
令和7,南区,蒔田ひまわり保育園,3歳,5.0,0.0
令和7,南区,蒔田ひまわり保育園,4歳,5.0,0.0
令和7,南区,蒔田ひまわり保育園,5歳,5.0,0.0
令和7,南区,認定こども園山王台幼稚園,0歳,5.0,0.0
令和7,南区,認定こども園山王台幼稚園,1歳,5.0,0.0
令和7,南区,認定こども園山王台幼稚園,2歳,5.0,0.0
令和7,南区,認定こども園山王台幼稚園,3歳,5.0,0.0
令和7,南区,認定こども園山王台幼稚園,4歳,5.0,0.0
令和7,南区,認定こども園山王台幼稚園,5歳,5.0,0.0
令和7,戸塚区,あおぞらみらい保育園,0歳,4.255656606402875,0.14886867871942497
令和7,戸塚区,あおぞらみらい保育園,1歳,4.579303675048356,0.08413926499032881
令和7,戸塚区,あおぞらみらい保育園,2歳,5.0,0.0
令和7,戸塚区,あおぞらみらい保育園,3歳,5.0,0.0
令和7,戸塚区,あおぞらみらい保育園,4歳,5.0,0.0
令和7,戸塚区,あおぞらみらい保育園,5歳,5.0,0.0
令和7,戸塚区,あきば幼保連携型認定こども園,0歳,5.0,0.0
令和7,戸塚区,あきば幼保連携型認定こども園,1歳,5.0,0.0
令和7,戸塚区,あきば幼保連携型認定こども園,2歳,5.0,0.0
令和7,戸塚区,あきば幼保連携型認定こども園,3歳,5.0,0.0
令和7,戸塚区,あきば幼保連携型認定こども園,4歳,5.0,0.0
令和7,戸塚区,あきば幼保連携型認定こども園,5歳,5.0,0.0
令和7,戸塚区,あきば第２保育園,0歳,5.0,0.0
令和7,戸塚区,あきば第２保育園,1歳,5.0,0.0
令和7,戸塚区,あきば第２保育園,2歳,5.0,0.0
令和7,戸塚区,あきば第２保育園,3歳,5.0,0.0
令和7,戸塚区,あきば第２保育園,4歳,5.0,0.0
令和7,戸塚区,あきば第２保育園,5歳,5.0,0.0
令和7,戸塚区,あけぼの保育園,0歳,5.0,0.0
令和7,戸塚区,あけぼの保育園,1歳,4.93060374739764,0.013879250520471896
令和7,戸塚区,あけぼの保育園,2歳,5.0,0.0
令和7,戸塚区,あけぼの保育園,3歳,5.0,0.0
令和7,戸塚区,あけぼの保育園,4歳,5.0,0.0
令和7,戸塚区,あけぼの保育園,5歳,4.545454545454546,0.09090909090909091
令和7,戸塚区,あーす保育園　横濱戸塚,0歳,5.0,0.0
令和7,戸塚区,あーす保育園　横濱戸塚,1歳,5.0,0.0
令和7,戸塚区,あーす保育園　横濱戸塚,2歳,5.0,0.0
令和7,戸塚区,あーす保育園　横濱戸塚,3歳,5.0,0.0
令和7,戸塚区,あーす保育園　横濱戸塚,4歳,5.0,0.0
令和7,戸塚区,あーす保育園　横濱戸塚,5歳,5.0,0.0
令和7,戸塚区,あーす保育園戸塚,0歳,4.85096870342772,0.02980625931445604
令和7,戸塚区,あーす保育園戸塚,1歳,5.0,0.0
令和7,戸塚区,あーす保育園戸塚,2歳,5.0,0.0
令和7,戸塚区,あーす保育園戸塚,3歳,5.0,0.0
令和7,戸塚区,あーす保育園戸塚,4歳,5.0,0.0
令和7,戸塚区,あーす保育園戸塚,5歳,5.0,0.0
令和7,戸塚区,あーす保育園戸塚Ａｎｎｅｘ,0歳,4.318181818181818,0.13636363636363635
令和7,戸塚区,あーす保育園戸塚Ａｎｎｅｘ,1歳,5.0,0.0
令和7,戸塚区,あーす保育園戸塚Ａｎｎｅｘ,2歳,5.0,0.0
令和7,戸塚区,あーす保育園戸塚Ａｎｎｅｘ,3歳,5.0,0.0
令和7,戸塚区,あーす保育園戸塚Ａｎｎｅｘ,4歳,5.0,0.0
令和7,戸塚区,あーす保育園戸塚Ａｎｎｅｘ,5歳,5.0,0.0
令和7,戸塚区,うみのくに保育園とつか,0歳,5.0,0.0
令和7,戸塚区,うみのくに保育園とつか,1歳,5.0,0.0
令和7,戸塚区,うみのくに保育園とつか,2歳,4.545454545454546,0.09090909090909091
令和7,戸塚区,うみのくに保育園とつか,3歳,5.0,0.0
令和7,戸塚区,うみのくに保育園とつか,4歳,4.7727272727272725,0.045454545454545456
令和7,戸塚区,うみのくに保育園とつか,5歳,4.659090909090909,0.06818181818181818
令和7,戸塚区,おおぞらどんぐり保育室,0歳,5.0,0.0
令和7,戸塚区,おおぞらどんぐり保育室,1歳,5.0,0.0
令和7,戸塚区,おおぞらどんぐり保育室,2歳,4.7727272727272725,0.045454545454545456
令和7,戸塚区,おおぞらどんぐり保育室,3歳,5.0,0.0
令和7,戸塚区,おおぞらどんぐり保育室,4歳,5.0,0.0
令和7,戸塚区,おおぞらどんぐり保育室,5歳,5.0,0.0
令和7,戸塚区,おおぞらひまわり保育園,0歳,5.0,0.0
令和7,戸塚区,おおぞらひまわり保育園,1歳,5.0,0.0
令和7,戸塚区,おおぞらひまわり保育園,2歳,5.0,0.0
令和7,戸塚区,おおぞらひまわり保育園,3歳,5.0,0.0
令和7,戸塚区,おおぞらひまわり保育園,4歳,4.659090909090909,0.06818181818181818
令和7,戸塚区,おおぞらひまわり保育園,5歳,5.0,0.0
令和7,戸塚区,おんぷ保育園,0歳,5.0,0.0
令和7,戸塚区,おんぷ保育園,1歳,4.85096870342772,0.02980625931445604
令和7,戸塚区,おんぷ保育園,2歳,5.0,0.0
令和7,戸塚区,おんぷ保育園,3歳,5.0,0.0
令和7,戸塚区,おんぷ保育園,4歳,5.0,0.0
令和7,戸塚区,おんぷ保育園,5歳,5.0,0.0
令和7,戸塚区,くすのき保育園,0歳,5.0,0.0
令和7,戸塚区,くすのき保育園,1歳,5.0,0.0
令和7,戸塚区,くすのき保育園,2歳,5.0,0.0
令和7,戸塚区,くすのき保育園,3歳,4.4197292069632494,0.1160541586073501
令和7,戸塚区,くすのき保育園,4歳,2.0454545454545454,0.5909090909090909
令和7,戸塚区,くすのき保育園,5歳,4.090909090909091,0.18181818181818182
令和7,戸塚区,くすのき第二保育園,0歳,5.0,0.0
令和7,戸塚区,くすのき第二保育園,1歳,5.0,0.0
令和7,戸塚区,くすのき第二保育園,2歳,5.0,0.0
令和7,戸塚区,くすのき第二保育園,3歳,4.7727272727272725,0.045454545454545456
令和7,戸塚区,くすのき第二保育園,4歳,4.545454545454546,0.09090909090909091
令和7,戸塚区,くすのき第二保育園,5歳,5.0,0.0
令和7,戸塚区,ことは保育園,0歳,5.0,0.0
令和7,戸塚区,ことは保育園,1歳,5.0,0.0
令和7,戸塚区,ことは保育園,2歳,4.806576402321084,0.03868471953578337
令和7,戸塚区,ことは保育園,3歳,2.9545454545454546,0.4090909090909091
令和7,戸塚区,ことは保育園,4歳,1.7272727272727273,0.6545454545454545
令和7,戸塚区,ことは保育園,5歳,1.712121212121212,0.6575757575757576
令和7,戸塚区,こんにちは・ありがとうえん,0歳,3.592265943012212,0.28154681139755766
令和7,戸塚区,こんにちは・ありがとうえん,1歳,5.0,0.0
令和7,戸塚区,こんにちは・ありがとうえん,2歳,5.0,0.0
令和7,戸塚区,こんにちは・ありがとうえん,3歳,4.545454545454546,0.09090909090909091
令和7,戸塚区,こんにちは・ありがとうえん,4歳,3.6363636363636362,0.2727272727272727
令和7,戸塚区,こんにちは・ありがとうえん,5歳,3.1818181818181817,0.36363636363636365
令和7,戸塚区,しんざわあゆみ保育室,0歳,5.0,0.0
令和7,戸塚区,しんざわあゆみ保育室,1歳,4.7727272727272725,0.045454545454545456
令和7,戸塚区,しんざわあゆみ保育室,2歳,4.545454545454546,0.09090909090909091
令和7,戸塚区,しんざわあゆみ保育室,3歳,5.0,0.0
令和7,戸塚区,しんざわあゆみ保育室,4歳,5.0,0.0
令和7,戸塚区,しんざわあゆみ保育室,5歳,5.0,0.0
令和7,戸塚区,ちゃいれっく前田町保育園,0歳,5.0,0.0
令和7,戸塚区,ちゃいれっく前田町保育園,1歳,4.545454545454546,0.09090909090909091
令和7,戸塚区,ちゃいれっく前田町保育園,2歳,5.0,0.0
令和7,戸塚区,ちゃいれっく前田町保育園,3歳,4.318181818181818,0.13636363636363635
令和7,戸塚区,ちゃいれっく前田町保育園,4歳,5.0,0.0
令和7,戸塚区,ちゃいれっく前田町保育園,5歳,2.5,0.5
令和7,戸塚区,ちゃいれっく平戸町保育室,0歳,3.257575757575758,0.34848484848484845
令和7,戸塚区,ちゃいれっく平戸町保育室,1歳,5.0,0.0
令和7,戸塚区,ちゃいれっく平戸町保育室,2歳,4.545454545454546,0.09090909090909091
令和7,戸塚区,ちゃいれっく平戸町保育室,3歳,5.0,0.0
令和7,戸塚区,ちゃいれっく平戸町保育室,4歳,5.0,0.0
令和7,戸塚区,ちゃいれっく平戸町保育室,5歳,5.0,0.0
令和7,戸塚区,ちゃいれっく戸塚保育園,0歳,5.0,0.0
令和7,戸塚区,ちゃいれっく戸塚保育園,1歳,5.0,0.0
令和7,戸塚区,ちゃいれっく戸塚保育園,2歳,5.0,0.0
令和7,戸塚区,ちゃいれっく戸塚保育園,3歳,5.0,0.0
令和7,戸塚区,ちゃいれっく戸塚保育園,4歳,5.0,0.0
令和7,戸塚区,ちゃいれっく戸塚保育園,5歳,4.7727272727272725,0.045454545454545456
令和7,戸塚区,ちゃいれっく東戸塚駅前保育園,0歳,4.068181818181818,0.18636363636363634
令和7,戸塚区,ちゃいれっく東戸塚駅前保育園,1歳,5.0,0.0
令和7,戸塚区,ちゃいれっく東戸塚駅前保育園,2歳,5.0,0.0
令和7,戸塚区,ちゃいれっく東戸塚駅前保育園,3歳,4.318181818181818,0.13636363636363635
令和7,戸塚区,ちゃいれっく東戸塚駅前保育園,4歳,5.0,0.0
令和7,戸塚区,ちゃいれっく東戸塚駅前保育園,5歳,5.0,0.0
令和7,戸塚区,つくし保育園　戸塚,0歳,4.806576402321084,0.03868471953578337
令和7,戸塚区,つくし保育園　戸塚,1歳,5.0,0.0
令和7,戸塚区,つくし保育園　戸塚,2歳,5.0,0.0
令和7,戸塚区,つくし保育園　戸塚,3歳,4.318181818181818,0.13636363636363635
令和7,戸塚区,つくし保育園　戸塚,4歳,4.7727272727272725,0.045454545454545456
令和7,戸塚区,つくし保育園　戸塚,5歳,3.1060606060606064,0.37878787878787873
令和7,戸塚区,つくし保育園　東戸塚,0歳,4.090909090909091,0.18181818181818182
令和7,戸塚区,つくし保育園　東戸塚,1歳,5.0,0.0
令和7,戸塚区,つくし保育園　東戸塚,2歳,4.806576402321084,0.03868471953578337
令和7,戸塚区,つくし保育園　東戸塚,3歳,4.166666666666667,0.16666666666666666
令和7,戸塚区,つくし保育園　東戸塚,4歳,4.318181818181818,0.13636363636363635
令和7,戸塚区,つくし保育園　東戸塚,5歳,5.0,0.0
令和7,戸塚区,とつかルーテル保育園,0歳,4.850538517707192,0.029892296458561517
令和7,戸塚区,とつかルーテル保育園,1歳,5.0,0.0
令和7,戸塚区,とつかルーテル保育園,2歳,5.0,0.0
令和7,戸塚区,とつかルーテル保育園,3歳,5.0,0.0
令和7,戸塚区,とつかルーテル保育園,4歳,5.0,0.0
令和7,戸塚区,とつかルーテル保育園,5歳,5.0,0.0
令和7,戸塚区,にじいろ保育園品濃町,0歳,4.9513855128828395,0.009722897423432183
令和7,戸塚区,にじいろ保育園品濃町,1歳,4.7727272727272725,0.045454545454545456
令和7,戸塚区,にじいろ保育園品濃町,2歳,5.0,0.0
令和7,戸塚区,にじいろ保育園品濃町,3歳,5.0,0.0
令和7,戸塚区,にじいろ保育園品濃町,4歳,5.0,0.0
令和7,戸塚区,にじいろ保育園品濃町,5歳,5.0,0.0
令和7,戸塚区,にじいろ保育園川上町,0歳,4.833194328607172,0.03336113427856547
令和7,戸塚区,にじいろ保育園川上町,1歳,5.0,0.0
令和7,戸塚区,にじいろ保育園川上町,2歳,5.0,0.0
令和7,戸塚区,にじいろ保育園川上町,3歳,4.7727272727272725,0.045454545454545456
令和7,戸塚区,にじいろ保育園川上町,4歳,5.0,0.0
令和7,戸塚区,にじいろ保育園川上町,5歳,5.0,0.0
令和7,戸塚区,にじいろ保育園戸塚,0歳,3.6363636363636362,0.2727272727272727
令和7,戸塚区,にじいろ保育園戸塚,1歳,4.922299922299922,0.01554001554001554
令和7,戸塚区,にじいろ保育園戸塚,2歳,5.0,0.0
令和7,戸塚区,にじいろ保育園戸塚,3歳,4.806576402321084,0.03868471953578337
令和7,戸塚区,にじいろ保育園戸塚,4歳,5.0,0.0
令和7,戸塚区,にじいろ保育園戸塚,5歳,5.0,0.0
令和7,戸塚区,にじいろ保育園戸塚駅前,0歳,5.0,0.0
令和7,戸塚区,にじいろ保育園戸塚駅前,1歳,5.0,0.0
令和7,戸塚区,にじいろ保育園戸塚駅前,2歳,5.0,0.0
令和7,戸塚区,にじいろ保育園戸塚駅前,3歳,5.0,0.0
令和7,戸塚区,にじいろ保育園戸塚駅前,4歳,5.0,0.0
令和7,戸塚区,にじいろ保育園戸塚駅前,5歳,3.8636363636363638,0.22727272727272727
令和7,戸塚区,にじいろ保育園東戸塚,0歳,3.2867560788121537,0.3426487842375693
令和7,戸塚区,にじいろ保育園東戸塚,1歳,5.0,0.0
令和7,戸塚区,にじいろ保育園東戸塚,2歳,5.0,0.0
令和7,戸塚区,にじいろ保育園東戸塚,3歳,5.0,0.0
令和7,戸塚区,にじいろ保育園東戸塚,4歳,5.0,0.0
令和7,戸塚区,にじいろ保育園東戸塚,5歳,5.0,0.0
令和7,戸塚区,ののはな保育園,0歳,4.7727272727272725,0.045454545454545456
令和7,戸塚区,ののはな保育園,1歳,5.0,0.0
令和7,戸塚区,ののはな保育園,2歳,5.0,0.0
令和7,戸塚区,ののはな保育園,3歳,5.0,0.0
令和7,戸塚区,ののはな保育園,4歳,5.0,0.0
令和7,戸塚区,ののはな保育園,5歳,2.1212121212121215,0.5757575757575757
令和7,戸塚区,はまっこ乳児ルーム,0歳,5.0,0.0
令和7,戸塚区,はまっこ乳児ルーム,1歳,5.0,0.0
令和7,戸塚区,はまっこ乳児ルーム,2歳,5.0,0.0
令和7,戸塚区,はまっこ乳児ルーム,3歳,5.0,0.0
令和7,戸塚区,はまっこ乳児ルーム,4歳,5.0,0.0
令和7,戸塚区,はまっこ乳児ルーム,5歳,5.0,0.0
令和7,戸塚区,ぱぷりか保育園　戸塚,0歳,5.0,0.0
令和7,戸塚区,ぱぷりか保育園　戸塚,1歳,5.0,0.0
令和7,戸塚区,ぱぷりか保育園　戸塚,2歳,5.0,0.0
令和7,戸塚区,ぱぷりか保育園　戸塚,3歳,5.0,0.0
令和7,戸塚区,ぱぷりか保育園　戸塚,4歳,5.0,0.0
令和7,戸塚区,ぱぷりか保育園　戸塚,5歳,5.0,0.0
令和7,戸塚区,まなびの森　ヴィラ東戸塚こども園,0歳,5.0,0.0
令和7,戸塚区,まなびの森　ヴィラ東戸塚こども園,1歳,4.7727272727272725,0.045454545454545456
令和7,戸塚区,まなびの森　ヴィラ東戸塚こども園,2歳,5.0,0.0
令和7,戸塚区,まなびの森　ヴィラ東戸塚こども園,3歳,5.0,0.0
令和7,戸塚区,まなびの森　ヴィラ東戸塚こども園,4歳,4.545454545454546,0.09090909090909091
令和7,戸塚区,まなびの森　ヴィラ東戸塚こども園,5歳,3.6363636363636362,0.2727272727272727
令和7,戸塚区,まなびの森　東戸塚こども園,0歳,5.0,0.0
令和7,戸塚区,まなびの森　東戸塚こども園,1歳,5.0,0.0
令和7,戸塚区,まなびの森　東戸塚こども園,2歳,5.0,0.0
令和7,戸塚区,まなびの森　東戸塚こども園,3歳,5.0,0.0
令和7,戸塚区,まなびの森　東戸塚こども園,4歳,5.0,0.0
令和7,戸塚区,まなびの森　東戸塚こども園,5歳,5.0,0.0
令和7,戸塚区,みんなのほいくえんａｔとつか,0歳,5.0,0.0
令和7,戸塚区,みんなのほいくえんａｔとつか,1歳,5.0,0.0
令和7,戸塚区,みんなのほいくえんａｔとつか,2歳,4.85096870342772,0.02980625931445604
令和7,戸塚区,みんなのほいくえんａｔとつか,3歳,5.0,0.0
令和7,戸塚区,みんなのほいくえんａｔとつか,4歳,5.0,0.0
令和7,戸塚区,みんなのほいくえんａｔとつか,5歳,5.0,0.0
令和7,戸塚区,わかば保育園,0歳,4.128787878787879,0.17424242424242423
令和7,戸塚区,わかば保育園,1歳,4.806576402321084,0.03868471953578337
令和7,戸塚区,わかば保育園,2歳,5.0,0.0
令和7,戸塚区,わかば保育園,3歳,4.015151515151515,0.19696969696969696
令和7,戸塚区,わかば保育園,4歳,4.318181818181818,0.13636363636363635
令和7,戸塚区,わかば保育園,5歳,5.0,0.0
令和7,戸塚区,アスク戸塚保育園,0歳,5.0,0.0
令和7,戸塚区,アスク戸塚保育園,1歳,5.0,0.0
令和7,戸塚区,アスク戸塚保育園,2歳,5.0,0.0
令和7,戸塚区,アスク戸塚保育園,3歳,5.0,0.0
令和7,戸塚区,アスク戸塚保育園,4歳,5.0,0.0
令和7,戸塚区,アスク戸塚保育園,5歳,5.0,0.0
令和7,戸塚区,アスノスひらと保育園東戸塚,0歳,4.754299754299755,0.04914004914004913
令和7,戸塚区,アスノスひらと保育園東戸塚,1歳,5.0,0.0
令和7,戸塚区,アスノスひらと保育園東戸塚,2歳,4.318181818181818,0.13636363636363635
令和7,戸塚区,アスノスひらと保育園東戸塚,3歳,5.0,0.0
令和7,戸塚区,アスノスひらと保育園東戸塚,4歳,5.0,0.0
令和7,戸塚区,アスノスひらと保育園東戸塚,5歳,5.0,0.0
令和7,戸塚区,アップルミントとつか保育園,0歳,5.0,0.0
令和7,戸塚区,アップルミントとつか保育園,1歳,4.717278863855527,0.05654422722889454
令和7,戸塚区,アップルミントとつか保育園,2歳,5.0,0.0
令和7,戸塚区,アップルミントとつか保育園,3歳,5.0,0.0
令和7,戸塚区,アップルミントとつか保育園,4歳,5.0,0.0
令和7,戸塚区,アップルミントとつか保育園,5歳,5.0,0.0
令和7,戸塚区,アネラ保育室,0歳,5.0,0.0
令和7,戸塚区,アネラ保育室,1歳,4.806576402321084,0.03868471953578337
令和7,戸塚区,アネラ保育室,2歳,5.0,0.0
令和7,戸塚区,アネラ保育室,3歳,5.0,0.0
令和7,戸塚区,アネラ保育室,4歳,5.0,0.0
令和7,戸塚区,アネラ保育室,5歳,5.0,0.0
令和7,戸塚区,アートチャイルドケア東戸塚,0歳,5.0,0.0
令和7,戸塚区,アートチャイルドケア東戸塚,1歳,5.0,0.0
令和7,戸塚区,アートチャイルドケア東戸塚,2歳,5.0,0.0
令和7,戸塚区,アートチャイルドケア東戸塚,3歳,5.0,0.0
令和7,戸塚区,アートチャイルドケア東戸塚,4歳,5.0,0.0
令和7,戸塚区,アートチャイルドケア東戸塚,5歳,5.0,0.0
令和7,戸塚区,エミールの森ひばり保育園,0歳,5.0,0.0
令和7,戸塚区,エミールの森ひばり保育園,1歳,5.0,0.0
令和7,戸塚区,エミールの森ひばり保育園,2歳,4.8086124401913874,0.03827751196172249
令和7,戸塚区,エミールの森ひばり保育園,3歳,3.0681818181818183,0.38636363636363635
令和7,戸塚区,エミールの森ひばり保育園,4歳,2.083333333333333,0.5833333333333334
令和7,戸塚区,エミールの森ひばり保育園,5歳,5.0,0.0
令和7,戸塚区,キッズパートナー東戸塚,0歳,5.0,0.0
令和7,戸塚区,キッズパートナー東戸塚,1歳,5.0,0.0
令和7,戸塚区,キッズパートナー東戸塚,2歳,5.0,0.0
令和7,戸塚区,キッズパートナー東戸塚,3歳,5.0,0.0
令和7,戸塚区,キッズパートナー東戸塚,4歳,4.7727272727272725,0.045454545454545456
令和7,戸塚区,キッズパートナー東戸塚,5歳,4.621212121212121,0.07575757575757576
令和7,戸塚区,キッズパートナー東戸塚第２,0歳,5.0,0.0
令和7,戸塚区,キッズパートナー東戸塚第２,1歳,5.0,0.0
令和7,戸塚区,キッズパートナー東戸塚第２,2歳,5.0,0.0
令和7,戸塚区,キッズパートナー東戸塚第２,3歳,4.090909090909091,0.18181818181818182
令和7,戸塚区,キッズパートナー東戸塚第２,4歳,4.318181818181818,0.13636363636363635
令和7,戸塚区,キッズパートナー東戸塚第２,5歳,2.272727272727273,0.5454545454545454
令和7,戸塚区,グロウアップモンテッソーリ子どもの家（戸塚園）,0歳,5.0,0.0
令和7,戸塚区,グロウアップモンテッソーリ子どもの家（戸塚園）,1歳,5.0,0.0
令和7,戸塚区,グロウアップモンテッソーリ子どもの家（戸塚園）,2歳,4.68383017163505,0.06323396567299006
令和7,戸塚区,グロウアップモンテッソーリ子どもの家（戸塚園）,3歳,5.0,0.0
令和7,戸塚区,グロウアップモンテッソーリ子どもの家（戸塚園）,4歳,5.0,0.0
令和7,戸塚区,グロウアップモンテッソーリ子どもの家（戸塚園）,5歳,5.0,0.0
令和7,戸塚区,グローバルキッズ戸塚吉田町保育園,0歳,4.186525994089954,0.16269480118200919
令和7,戸塚区,グローバルキッズ戸塚吉田町保育園,1歳,5.0,0.0
令和7,戸塚区,グローバルキッズ戸塚吉田町保育園,2歳,5.0,0.0
令和7,戸塚区,グローバルキッズ戸塚吉田町保育園,3歳,5.0,0.0
令和7,戸塚区,グローバルキッズ戸塚吉田町保育園,4歳,4.728629579375848,0.05427408412483039
令和7,戸塚区,グローバルキッズ戸塚吉田町保育園,5歳,4.318181818181818,0.13636363636363635
令和7,戸塚区,グローバルキッズ戸塚園,0歳,4.747474747474747,0.0505050505050505
令和7,戸塚区,グローバルキッズ戸塚園,1歳,5.0,0.0
令和7,戸塚区,グローバルキッズ戸塚園,2歳,4.897854954034729,0.02042900919305414
令和7,戸塚区,グローバルキッズ戸塚園,3歳,5.0,0.0
令和7,戸塚区,グローバルキッズ戸塚園,4歳,4.806576402321084,0.03868471953578337
令和7,戸塚区,グローバルキッズ戸塚園,5歳,3.1818181818181817,0.36363636363636365
令和7,戸塚区,グローバルキッズ戸塚第二保育園,0歳,4.7727272727272725,0.045454545454545456
令和7,戸塚区,グローバルキッズ戸塚第二保育園,1歳,5.0,0.0
令和7,戸塚区,グローバルキッズ戸塚第二保育園,2歳,5.0,0.0
令和7,戸塚区,グローバルキッズ戸塚第二保育園,3歳,4.831649831649832,0.03367003367003367
令和7,戸塚区,グローバルキッズ戸塚第二保育園,4歳,4.7727272727272725,0.045454545454545456
令和7,戸塚区,グローバルキッズ戸塚第二保育園,5歳,5.0,0.0
令和7,戸塚区,コアの木保育園,0歳,5.0,0.0
令和7,戸塚区,コアの木保育園,1歳,5.0,0.0
令和7,戸塚区,コアの木保育園,2歳,5.0,0.0
令和7,戸塚区,コアの木保育園,3歳,5.0,0.0
令和7,戸塚区,コアの木保育園,4歳,5.0,0.0
令和7,戸塚区,コアの木保育園,5歳,5.0,0.0
令和7,戸塚区,スターチャイルド≪戸塚ナーサリー≫,0歳,5.0,0.0
令和7,戸塚区,スターチャイルド≪戸塚ナーサリー≫,1歳,5.0,0.0
令和7,戸塚区,スターチャイルド≪戸塚ナーサリー≫,2歳,5.0,0.0
令和7,戸塚区,スターチャイルド≪戸塚ナーサリー≫,3歳,5.0,0.0
令和7,戸塚区,スターチャイルド≪戸塚ナーサリー≫,4歳,4.090909090909091,0.18181818181818182
令和7,戸塚区,スターチャイルド≪戸塚ナーサリー≫,5歳,3.1060606060606064,0.37878787878787873
令和7,戸塚区,ニチイキッズ東戸塚保育園,0歳,4.696969696969696,0.0606060606060606
令和7,戸塚区,ニチイキッズ東戸塚保育園,1歳,4.806576402321084,0.03868471953578337
令和7,戸塚区,ニチイキッズ東戸塚保育園,2歳,5.0,0.0
令和7,戸塚区,ニチイキッズ東戸塚保育園,3歳,4.806576402321084,0.03868471953578337
令和7,戸塚区,ニチイキッズ東戸塚保育園,4歳,4.090909090909091,0.18181818181818182
令和7,戸塚区,ニチイキッズ東戸塚保育園,5歳,5.0,0.0
令和7,戸塚区,ハートの森保育園,0歳,3.6444805194805197,0.2711038961038961
令和7,戸塚区,ハートの森保育園,1歳,5.0,0.0
令和7,戸塚区,ハートの森保育園,2歳,5.0,0.0
令和7,戸塚区,ハートの森保育園,3歳,3.7878787878787876,0.2424242424242424
令和7,戸塚区,ハートの森保育園,4歳,2.9545454545454546,0.4090909090909091
令和7,戸塚区,ハートの森保育園,5歳,2.9545454545454546,0.4090909090909091
令和7,戸塚区,ベイキッズひまわり保育園,0歳,5.0,0.0
令和7,戸塚区,ベイキッズひまわり保育園,1歳,4.806576402321084,0.03868471953578337
令和7,戸塚区,ベイキッズひまわり保育園,2歳,5.0,0.0
令和7,戸塚区,ベイキッズひまわり保育園,3歳,5.0,0.0
令和7,戸塚区,ベイキッズひまわり保育園,4歳,5.0,0.0
令和7,戸塚区,ベイキッズひまわり保育園,5歳,5.0,0.0
令和7,戸塚区,ベネッセ　東戸塚保育園,0歳,5.0,0.0
令和7,戸塚区,ベネッセ　東戸塚保育園,1歳,5.0,0.0
令和7,戸塚区,ベネッセ　東戸塚保育園,2歳,5.0,0.0
令和7,戸塚区,ベネッセ　東戸塚保育園,3歳,5.0,0.0
令和7,戸塚区,ベネッセ　東戸塚保育園,4歳,4.090909090909091,0.18181818181818182
令和7,戸塚区,ベネッセ　東戸塚保育園,5歳,5.0,0.0
令和7,戸塚区,メモリー保育園,0歳,4.50354609929078,0.09929078014184398
令和7,戸塚区,メモリー保育園,1歳,5.0,0.0
令和7,戸塚区,メモリー保育園,2歳,5.0,0.0
令和7,戸塚区,メモリー保育園,3歳,2.9696969696969693,0.40606060606060607
令和7,戸塚区,メモリー保育園,4歳,5.0,0.0
令和7,戸塚区,メモリー保育園,5歳,5.0,0.0
令和7,戸塚区,ララランド戸塚,0歳,5.0,0.0
令和7,戸塚区,ララランド戸塚,1歳,5.0,0.0
令和7,戸塚区,ララランド戸塚,2歳,5.0,0.0
令和7,戸塚区,ララランド戸塚,3歳,5.0,0.0
令和7,戸塚区,ララランド戸塚,4歳,5.0,0.0
令和7,戸塚区,ララランド戸塚,5歳,5.0,0.0
令和7,戸塚区,ララランド戸塚第２,0歳,4.7727272727272725,0.045454545454545456
令和7,戸塚区,ララランド戸塚第２,1歳,5.0,0.0
令和7,戸塚区,ララランド戸塚第２,2歳,5.0,0.0
令和7,戸塚区,ララランド戸塚第２,3歳,5.0,0.0
令和7,戸塚区,ララランド戸塚第２,4歳,5.0,0.0
令和7,戸塚区,ララランド戸塚第２,5歳,5.0,0.0
令和7,戸塚区,ララランド戸塚第３,0歳,5.0,0.0
令和7,戸塚区,ララランド戸塚第３,1歳,5.0,0.0
令和7,戸塚区,ララランド戸塚第３,2歳,5.0,0.0
令和7,戸塚区,ララランド戸塚第３,3歳,5.0,0.0
令和7,戸塚区,ララランド戸塚第３,4歳,5.0,0.0
令和7,戸塚区,ララランド戸塚第３,5歳,5.0,0.0
令和7,戸塚区,レインボー保育園,0歳,5.0,0.0
令和7,戸塚区,レインボー保育園,1歳,4.473493100944082,0.10530137981118375
令和7,戸塚区,レインボー保育園,2歳,4.7755331088664414,0.044893378226711564
令和7,戸塚区,レインボー保育園,3歳,4.124758220502901,0.17504835589941972
令和7,戸塚区,レインボー保育園,4歳,5.0,0.0
令和7,戸塚区,レインボー保育園,5歳,5.0,0.0
令和7,戸塚区,丘の上保育園,0歳,5.0,0.0
令和7,戸塚区,丘の上保育園,1歳,5.0,0.0
令和7,戸塚区,丘の上保育園,2歳,5.0,0.0
令和7,戸塚区,丘の上保育園,3歳,4.806576402321084,0.03868471953578337
令和7,戸塚区,丘の上保育園,4歳,5.0,0.0
令和7,戸塚区,丘の上保育園,5歳,5.0,0.0
令和7,戸塚区,俣野保育園,0歳,4.806576402321084,0.03868471953578337
令和7,戸塚区,俣野保育園,1歳,5.0,0.0
令和7,戸塚区,俣野保育園,2歳,4.889135254988914,0.022172949002217297
令和7,戸塚区,俣野保育園,3歳,5.0,0.0
令和7,戸塚区,俣野保育園,4歳,2.0378787878787876,0.5924242424242424
令和7,戸塚区,俣野保育園,5歳,2.537878787878788,0.4924242424242424
令和7,戸塚区,南戸塚保育園,0歳,4.778270509977827,0.04434589800443459
令和7,戸塚区,南戸塚保育園,1歳,5.0,0.0
令和7,戸塚区,南戸塚保育園,2歳,5.0,0.0
令和7,戸塚区,南戸塚保育園,3歳,5.0,0.0
令和7,戸塚区,南戸塚保育園,4歳,5.0,0.0
令和7,戸塚区,南戸塚保育園,5歳,5.0,0.0
令和7,戸塚区,名瀬いちい保育園,0歳,4.922299922299922,0.01554001554001554
令和7,戸塚区,名瀬いちい保育園,1歳,5.0,0.0
令和7,戸塚区,名瀬いちい保育園,2歳,5.0,0.0
令和7,戸塚区,名瀬いちい保育園,3歳,3.8636363636363638,0.22727272727272727
令和7,戸塚区,名瀬いちい保育園,4歳,4.090909090909091,0.18181818181818182
令和7,戸塚区,名瀬いちい保育園,5歳,3.1818181818181817,0.36363636363636365
令和7,戸塚区,小規模保育施設はまっこ,0歳,5.0,0.0
令和7,戸塚区,小規模保育施設はまっこ,1歳,5.0,0.0
令和7,戸塚区,小規模保育施設はまっこ,2歳,4.7727272727272725,0.045454545454545456
令和7,戸塚区,小規模保育施設はまっこ,3歳,5.0,0.0
令和7,戸塚区,小規模保育施設はまっこ,4歳,5.0,0.0
令和7,戸塚区,小規模保育施設はまっこ,5歳,5.0,0.0
令和7,戸塚区,小雀みどり保育園,0歳,5.0,0.0
令和7,戸塚区,小雀みどり保育園,1歳,4.85096870342772,0.02980625931445604
令和7,戸塚区,小雀みどり保育園,2歳,3.484848484848485,0.303030303030303
令和7,戸塚区,小雀みどり保育園,3歳,5.0,0.0
令和7,戸塚区,小雀みどり保育園,4歳,2.9545454545454546,0.4090909090909091
令和7,戸塚区,小雀みどり保育園,5歳,5.0,0.0
令和7,戸塚区,岩崎学園東戸塚保育園,0歳,5.0,0.0
令和7,戸塚区,岩崎学園東戸塚保育園,1歳,5.0,0.0
令和7,戸塚区,岩崎学園東戸塚保育園,2歳,5.0,0.0
令和7,戸塚区,岩崎学園東戸塚保育園,3歳,5.0,0.0
令和7,戸塚区,岩崎学園東戸塚保育園,4歳,5.0,0.0
令和7,戸塚区,岩崎学園東戸塚保育園,5歳,2.1969696969696972,0.5606060606060606
令和7,戸塚区,幼保連携型認定こども園　ひまわり幼稚園,0歳,5.0,0.0
令和7,戸塚区,幼保連携型認定こども園　ひまわり幼稚園,1歳,4.866310160427807,0.026737967914438502
令和7,戸塚区,幼保連携型認定こども園　ひまわり幼稚園,2歳,5.0,0.0
令和7,戸塚区,幼保連携型認定こども園　ひまわり幼稚園,3歳,5.0,0.0
令和7,戸塚区,幼保連携型認定こども園　ひまわり幼稚園,4歳,5.0,0.0
令和7,戸塚区,幼保連携型認定こども園　ひまわり幼稚園,5歳,5.0,0.0
令和7,戸塚区,幼保連携型認定こども園　みどり幼稚園,0歳,5.0,0.0
令和7,戸塚区,幼保連携型認定こども園　みどり幼稚園,1歳,5.0,0.0
令和7,戸塚区,幼保連携型認定こども園　みどり幼稚園,2歳,5.0,0.0
令和7,戸塚区,幼保連携型認定こども園　みどり幼稚園,3歳,5.0,0.0
令和7,戸塚区,幼保連携型認定こども園　みどり幼稚園,4歳,5.0,0.0
令和7,戸塚区,幼保連携型認定こども園　みどり幼稚園,5歳,5.0,0.0
令和7,戸塚区,幼保連携型認定こども園　南幼稚園,0歳,5.0,0.0
令和7,戸塚区,幼保連携型認定こども園　南幼稚園,1歳,5.0,0.0
令和7,戸塚区,幼保連携型認定こども園　南幼稚園,2歳,5.0,0.0
令和7,戸塚区,幼保連携型認定こども園　南幼稚園,3歳,5.0,0.0
令和7,戸塚区,幼保連携型認定こども園　南幼稚園,4歳,4.579303675048356,0.08413926499032881
令和7,戸塚区,幼保連携型認定こども園　南幼稚園,5歳,5.0,0.0
令和7,戸塚区,幼保連携型認定こども園　ＹＭＣＡとつか保育園,0歳,4.85096870342772,0.02980625931445604
令和7,戸塚区,幼保連携型認定こども園　ＹＭＣＡとつか保育園,1歳,5.0,0.0
令和7,戸塚区,幼保連携型認定こども園　ＹＭＣＡとつか保育園,2歳,5.0,0.0
令和7,戸塚区,幼保連携型認定こども園　ＹＭＣＡとつか保育園,3歳,5.0,0.0
令和7,戸塚区,幼保連携型認定こども園　ＹＭＣＡとつか保育園,4歳,5.0,0.0
令和7,戸塚区,幼保連携型認定こども園　ＹＭＣＡとつか保育園,5歳,5.0,0.0
令和7,戸塚区,幼保連携型認定こども園　ＹＭＣＡ東とつか保育園,0歳,3.4158637061862867,0.31682725876274265
令和7,戸塚区,幼保連携型認定こども園　ＹＭＣＡ東とつか保育園,1歳,5.0,0.0
令和7,戸塚区,幼保連携型認定こども園　ＹＭＣＡ東とつか保育園,2歳,5.0,0.0
令和7,戸塚区,幼保連携型認定こども園　ＹＭＣＡ東とつか保育園,3歳,5.0,0.0
令和7,戸塚区,幼保連携型認定こども園　ＹＭＣＡ東とつか保育園,4歳,5.0,0.0
令和7,戸塚区,幼保連携型認定こども園　ＹＭＣＡ東とつか保育園,5歳,5.0,0.0
令和7,戸塚区,幼稚園型認定こども園　しらかば幼稚園,0歳,5.0,0.0
令和7,戸塚区,幼稚園型認定こども園　しらかば幼稚園,1歳,5.0,0.0
令和7,戸塚区,幼稚園型認定こども園　しらかば幼稚園,2歳,5.0,0.0
令和7,戸塚区,幼稚園型認定こども園　しらかば幼稚園,3歳,5.0,0.0
令和7,戸塚区,幼稚園型認定こども園　しらかば幼稚園,4歳,5.0,0.0
令和7,戸塚区,幼稚園型認定こども園　しらかば幼稚園,5歳,1.666666666666667,0.6666666666666666
令和7,戸塚区,戸塚せせらぎ保育園,0歳,5.0,0.0
令和7,戸塚区,戸塚せせらぎ保育園,1歳,4.954771596562641,0.009045680687471733
令和7,戸塚区,戸塚せせらぎ保育園,2歳,5.0,0.0
令和7,戸塚区,戸塚せせらぎ保育園,3歳,5.0,0.0
令和7,戸塚区,戸塚せせらぎ保育園,4歳,5.0,0.0
令和7,戸塚区,戸塚せせらぎ保育園,5歳,5.0,0.0
令和7,戸塚区,戸塚ほしの木保育園,0歳,5.0,0.0
令和7,戸塚区,戸塚ほしの木保育園,1歳,5.0,0.0
令和7,戸塚区,戸塚ほしの木保育園,2歳,5.0,0.0
令和7,戸塚区,戸塚ほしの木保育園,3歳,5.0,0.0
令和7,戸塚区,戸塚ほしの木保育園,4歳,5.0,0.0
令和7,戸塚区,戸塚ほしの木保育園,5歳,5.0,0.0
令和7,戸塚区,戸塚みどり保育園,0歳,5.0,0.0
令和7,戸塚区,戸塚みどり保育園,1歳,5.0,0.0
令和7,戸塚区,戸塚みどり保育園,2歳,4.831649831649832,0.03367003367003367
令和7,戸塚区,戸塚みどり保育園,3歳,5.0,0.0
令和7,戸塚区,戸塚みどり保育園,4歳,5.0,0.0
令和7,戸塚区,戸塚みどり保育園,5歳,5.0,0.0
令和7,戸塚区,戸塚チューリップ保育園,0歳,4.494949494949495,0.10101010101010101
令和7,戸塚区,戸塚チューリップ保育園,1歳,5.0,0.0
令和7,戸塚区,戸塚チューリップ保育園,2歳,4.7727272727272725,0.045454545454545456
令和7,戸塚区,戸塚チューリップ保育園,3歳,5.0,0.0
令和7,戸塚区,戸塚チューリップ保育園,4歳,5.0,0.0
令和7,戸塚区,戸塚チューリップ保育園,5歳,5.0,0.0
令和7,戸塚区,戸塚愛児園,0歳,5.0,0.0
令和7,戸塚区,戸塚愛児園,1歳,4.889135254988914,0.022172949002217297
令和7,戸塚区,戸塚愛児園,2歳,5.0,0.0
令和7,戸塚区,戸塚愛児園,3歳,4.579303675048356,0.08413926499032881
令和7,戸塚区,戸塚愛児園,4歳,5.0,0.0
令和7,戸塚区,戸塚愛児園,5歳,2.575757575757576,0.4848484848484848
令和7,戸塚区,明日葉保育園戸塚西口園,0歳,5.0,0.0
令和7,戸塚区,明日葉保育園戸塚西口園,1歳,5.0,0.0
令和7,戸塚区,明日葉保育園戸塚西口園,2歳,5.0,0.0
令和7,戸塚区,明日葉保育園戸塚西口園,3歳,5.0,0.0
令和7,戸塚区,明日葉保育園戸塚西口園,4歳,4.7727272727272725,0.045454545454545456
令和7,戸塚区,明日葉保育園戸塚西口園,5歳,5.0,0.0
令和7,戸塚区,明日葉保育園東戸塚園,0歳,4.273530002006823,0.14529399959863534
令和7,戸塚区,明日葉保育園東戸塚園,1歳,5.0,0.0
令和7,戸塚区,明日葉保育園東戸塚園,2歳,5.0,0.0
令和7,戸塚区,明日葉保育園東戸塚園,3歳,5.0,0.0
令和7,戸塚区,明日葉保育園東戸塚園,4歳,5.0,0.0
令和7,戸塚区,明日葉保育園東戸塚園,5歳,5.0,0.0
令和7,戸塚区,明日葉保育園第三戸塚園,0歳,4.831649831649832,0.03367003367003367
令和7,戸塚区,明日葉保育園第三戸塚園,1歳,5.0,0.0
令和7,戸塚区,明日葉保育園第三戸塚園,2歳,5.0,0.0
令和7,戸塚区,明日葉保育園第三戸塚園,3歳,4.806576402321084,0.03868471953578337
令和7,戸塚区,明日葉保育園第三戸塚園,4歳,5.0,0.0
令和7,戸塚区,明日葉保育園第三戸塚園,5歳,5.0,0.0
令和7,戸塚区,明日葉保育園第二戸塚園,0歳,4.926686217008798,0.014662756598240472
令和7,戸塚区,明日葉保育園第二戸塚園,1歳,5.0,0.0
令和7,戸塚区,明日葉保育園第二戸塚園,2歳,5.0,0.0
令和7,戸塚区,明日葉保育園第二戸塚園,3歳,5.0,0.0
令和7,戸塚区,明日葉保育園第二戸塚園,4歳,5.0,0.0
令和7,戸塚区,明日葉保育園第二戸塚園,5歳,5.0,0.0
令和7,戸塚区,東戸塚かもめ保育園,0歳,5.0,0.0
令和7,戸塚区,東戸塚かもめ保育園,1歳,5.0,0.0
令和7,戸塚区,東戸塚かもめ保育園,2歳,5.0,0.0
令和7,戸塚区,東戸塚かもめ保育園,3歳,5.0,0.0
令和7,戸塚区,東戸塚かもめ保育園,4歳,5.0,0.0
令和7,戸塚区,東戸塚かもめ保育園,5歳,5.0,0.0
令和7,戸塚区,東戸塚かもめ第２保育園,0歳,5.0,0.0
令和7,戸塚区,東戸塚かもめ第２保育園,1歳,5.0,0.0
令和7,戸塚区,東戸塚かもめ第２保育園,2歳,5.0,0.0
令和7,戸塚区,東戸塚かもめ第２保育園,3歳,5.0,0.0
令和7,戸塚区,東戸塚かもめ第２保育園,4歳,5.0,0.0
令和7,戸塚区,東戸塚かもめ第２保育園,5歳,5.0,0.0
令和7,戸塚区,東戸塚かもめ第３保育園,0歳,5.0,0.0
令和7,戸塚区,東戸塚かもめ第３保育園,1歳,5.0,0.0
令和7,戸塚区,東戸塚かもめ第３保育園,2歳,4.352030947775629,0.12959381044487428
令和7,戸塚区,東戸塚かもめ第３保育園,3歳,5.0,0.0
令和7,戸塚区,東戸塚かもめ第３保育園,4歳,5.0,0.0
令和7,戸塚区,東戸塚かもめ第３保育園,5歳,5.0,0.0
令和7,戸塚区,東戸塚かもめ第４保育園,0歳,4.8226584022038566,0.03546831955922865
令和7,戸塚区,東戸塚かもめ第４保育園,1歳,5.0,0.0
令和7,戸塚区,東戸塚かもめ第４保育園,2歳,5.0,0.0
令和7,戸塚区,東戸塚かもめ第４保育園,3歳,5.0,0.0
令和7,戸塚区,東戸塚かもめ第４保育園,4歳,5.0,0.0
令和7,戸塚区,東戸塚かもめ第４保育園,5歳,5.0,0.0
令和7,戸塚区,東戸塚みもざ保育園,0歳,5.0,0.0
令和7,戸塚区,東戸塚みもざ保育園,1歳,5.0,0.0
令和7,戸塚区,東戸塚みもざ保育園,2歳,4.7727272727272725,0.045454545454545456
令和7,戸塚区,東戸塚みもざ保育園,3歳,5.0,0.0
令和7,戸塚区,東戸塚みもざ保育園,4歳,5.0,0.0
令和7,戸塚区,東戸塚みもざ保育園,5歳,5.0,0.0
令和7,戸塚区,東戸塚らびっと保育園,0歳,4.7727272727272725,0.045454545454545456
令和7,戸塚区,東戸塚らびっと保育園,1歳,5.0,0.0
令和7,戸塚区,東戸塚らびっと保育園,2歳,4.090909090909091,0.18181818181818182
令和7,戸塚区,東戸塚らびっと保育園,3歳,5.0,0.0
令和7,戸塚区,東戸塚らびっと保育園,4歳,5.0,0.0
令和7,戸塚区,東戸塚らびっと保育園,5歳,5.0,0.0
令和7,戸塚区,東戸塚わかば保育園,0歳,4.545454545454546,0.09090909090909091
令和7,戸塚区,東戸塚わかば保育園,1歳,4.124758220502901,0.17504835589941972
令和7,戸塚区,東戸塚わかば保育園,2歳,4.7727272727272725,0.045454545454545456
令和7,戸塚区,東戸塚わかば保育園,3歳,5.0,0.0
令和7,戸塚区,東戸塚わかば保育園,4歳,5.0,0.0
令和7,戸塚区,東戸塚わかば保育園,5歳,5.0,0.0
令和7,戸塚区,東戸塚赤ちゃん保育園,0歳,4.166666666666667,0.16666666666666666
令和7,戸塚区,東戸塚赤ちゃん保育園,1歳,4.7727272727272725,0.045454545454545456
令和7,戸塚区,東戸塚赤ちゃん保育園,2歳,4.090909090909091,0.18181818181818182
令和7,戸塚区,東戸塚赤ちゃん保育園,3歳,5.0,0.0
令和7,戸塚区,東戸塚赤ちゃん保育園,4歳,5.0,0.0
令和7,戸塚区,東戸塚赤ちゃん保育園,5歳,5.0,0.0
令和7,戸塚区,松みどり保育所,0歳,4.5103205972771185,0.09793588054457619
令和7,戸塚区,松みどり保育所,1歳,5.0,0.0
令和7,戸塚区,松みどり保育所,2歳,5.0,0.0
令和7,戸塚区,松みどり保育所,3歳,2.4242424242424243,0.5151515151515151
令和7,戸塚区,松みどり保育所,4歳,2.803030303030303,0.4393939393939394
令和7,戸塚区,松みどり保育所,5歳,2.1136363636363638,0.5772727272727273
令和7,戸塚区,柏尾スマイル保育園,0歳,4.1145096567452875,0.17709806865094257
令和7,戸塚区,柏尾スマイル保育園,1歳,5.0,0.0
令和7,戸塚区,柏尾スマイル保育園,2歳,4.85096870342772,0.02980625931445604
令和7,戸塚区,柏尾スマイル保育園,3歳,4.318181818181818,0.13636363636363635
令和7,戸塚区,柏尾スマイル保育園,4歳,3.6363636363636362,0.2727272727272727
令和7,戸塚区,柏尾スマイル保育園,5歳,3.409090909090909,0.3181818181818182
令和7,戸塚区,横浜市原宿保育園,0歳,5.0,0.0
令和7,戸塚区,横浜市原宿保育園,1歳,5.0,0.0
令和7,戸塚区,横浜市原宿保育園,2歳,4.831649831649832,0.03367003367003367
令和7,戸塚区,横浜市原宿保育園,3歳,5.0,0.0
令和7,戸塚区,横浜市原宿保育園,4歳,0.762987012987013,0.8474025974025974
令和7,戸塚区,横浜市原宿保育園,5歳,4.7727272727272725,0.045454545454545456
令和7,戸塚区,横浜市川上保育園,0歳,4.723931774221909,0.05521364515561808
令和7,戸塚区,横浜市川上保育園,1歳,5.0,0.0
令和7,戸塚区,横浜市川上保育園,2歳,5.0,0.0
令和7,戸塚区,横浜市川上保育園,3歳,5.0,0.0
令和7,戸塚区,横浜市川上保育園,4歳,4.46969696969697,0.10606060606060605
令和7,戸塚区,横浜市川上保育園,5歳,1.5909090909090913,0.6818181818181818
令和7,戸塚区,横浜市汲沢保育園,0歳,5.0,0.0
令和7,戸塚区,横浜市汲沢保育園,1歳,4.806576402321084,0.03868471953578337
令和7,戸塚区,横浜市汲沢保育園,2歳,5.0,0.0
令和7,戸塚区,横浜市汲沢保育園,3歳,4.090909090909091,0.18181818181818182
令和7,戸塚区,横浜市汲沢保育園,4歳,4.318181818181818,0.13636363636363635
令和7,戸塚区,横浜市汲沢保育園,5歳,5.0,0.0
令和7,戸塚区,横浜東戸塚雲母保育園,0歳,3.360762800417973,0.3278474399164054
令和7,戸塚区,横浜東戸塚雲母保育園,1歳,3.333333333333334,0.3333333333333333
令和7,戸塚区,横浜東戸塚雲母保育園,2歳,4.090909090909091,0.18181818181818182
令和7,戸塚区,横浜東戸塚雲母保育園,3歳,3.1060606060606064,0.37878787878787873
令和7,戸塚区,横浜東戸塚雲母保育園,4歳,5.0,0.0
令和7,戸塚区,横浜東戸塚雲母保育園,5歳,4.318181818181818,0.13636363636363635
令和7,戸塚区,正光寺保育園吉田町園,0歳,3.787035195863989,0.24259296082720228
令和7,戸塚区,正光寺保育園吉田町園,1歳,5.0,0.0
令和7,戸塚区,正光寺保育園吉田町園,2歳,5.0,0.0
令和7,戸塚区,正光寺保育園吉田町園,3歳,5.0,0.0
令和7,戸塚区,正光寺保育園吉田町園,4歳,5.0,0.0
令和7,戸塚区,正光寺保育園吉田町園,5歳,5.0,0.0
令和7,戸塚区,聖母の園保育園,0歳,5.0,0.0
令和7,戸塚区,聖母の園保育園,1歳,4.8086124401913874,0.03827751196172249
令和7,戸塚区,聖母の園保育園,2歳,4.545454545454546,0.09090909090909091
令和7,戸塚区,聖母の園保育園,3歳,5.0,0.0
令和7,戸塚区,聖母の園保育園,4歳,2.159090909090909,0.5681818181818182
令和7,戸塚区,聖母の園保育園,5歳,5.0,0.0
令和7,戸塚区,舞岡保育園,0歳,5.0,0.0
令和7,戸塚区,舞岡保育園,1歳,5.0,0.0
令和7,戸塚区,舞岡保育園,2歳,5.0,0.0
令和7,戸塚区,舞岡保育園,3歳,1.6983265490728179,0.6603346901854364
令和7,戸塚区,舞岡保育園,4歳,3.409090909090909,0.3181818181818182
令和7,戸塚区,舞岡保育園,5歳,5.0,0.0
令和7,戸塚区,芙蓉保育園,0歳,2.9337496149293902,0.4132500770141219
令和7,戸塚区,芙蓉保育園,1歳,4.831649831649832,0.03367003367003367
令和7,戸塚区,芙蓉保育園,2歳,4.85096870342772,0.02980625931445604
令和7,戸塚区,芙蓉保育園,3歳,4.806576402321084,0.03868471953578337
令和7,戸塚区,芙蓉保育園,4歳,4.090909090909091,0.18181818181818182
令和7,戸塚区,芙蓉保育園,5歳,5.0,0.0
令和7,戸塚区,銀杏保育園,0歳,4.696969696969696,0.0606060606060606
令和7,戸塚区,銀杏保育園,1歳,4.878787878787879,0.024242424242424242
令和7,戸塚区,銀杏保育園,2歳,5.0,0.0
令和7,戸塚区,銀杏保育園,3歳,3.8636363636363638,0.22727272727272727
令和7,戸塚区,銀杏保育園,4歳,4.7727272727272725,0.045454545454545456
令和7,戸塚区,銀杏保育園,5歳,4.090909090909091,0.18181818181818182
令和7,戸塚区,銀杏保育園　胡桃館,0歳,5.0,0.0
令和7,戸塚区,銀杏保育園　胡桃館,1歳,5.0,0.0
令和7,戸塚区,銀杏保育園　胡桃館,2歳,5.0,0.0
令和7,戸塚区,銀杏保育園　胡桃館,3歳,5.0,0.0
令和7,戸塚区,銀杏保育園　胡桃館,4歳,3.1818181818181817,0.36363636363636365
令和7,戸塚区,銀杏保育園　胡桃館,5歳,2.9545454545454546,0.4090909090909091
令和7,戸塚区,風の子保育室,0歳,5.0,0.0
令和7,戸塚区,風の子保育室,1歳,5.0,0.0
令和7,戸塚区,風の子保育室,2歳,5.0,0.0
令和7,戸塚区,風の子保育室,3歳,5.0,0.0
令和7,戸塚区,風の子保育室,4歳,5.0,0.0
令和7,戸塚区,風の子保育室,5歳,5.0,0.0
令和7,戸塚区,ＹＭＣＡとつか乳児保育園,0歳,4.866310160427807,0.026737967914438502
令和7,戸塚区,ＹＭＣＡとつか乳児保育園,1歳,5.0,0.0
令和7,戸塚区,ＹＭＣＡとつか乳児保育園,2歳,5.0,0.0
令和7,戸塚区,ＹＭＣＡとつか乳児保育園,3歳,5.0,0.0
令和7,戸塚区,ＹＭＣＡとつか乳児保育園,4歳,5.0,0.0
令和7,戸塚区,ＹＭＣＡとつか乳児保育園,5歳,5.0,0.0
令和7,旭区,あさひすまいる保育園,0歳,4.7727272727272725,0.045454545454545456
令和7,旭区,あさひすまいる保育園,1歳,5.0,0.0
令和7,旭区,あさひすまいる保育園,2歳,5.0,0.0
令和7,旭区,あさひすまいる保育園,3歳,5.0,0.0
令和7,旭区,あさひすまいる保育園,4歳,5.0,0.0
令和7,旭区,あさひすまいる保育園,5歳,5.0,0.0
令和7,旭区,あっぷる保育園鶴ヶ峰,0歳,5.0,0.0
令和7,旭区,あっぷる保育園鶴ヶ峰,1歳,5.0,0.0
令和7,旭区,あっぷる保育園鶴ヶ峰,2歳,5.0,0.0
令和7,旭区,あっぷる保育園鶴ヶ峰,3歳,5.0,0.0
令和7,旭区,あっぷる保育園鶴ヶ峰,4歳,3.249516441005803,0.35009671179883944
令和7,旭区,あっぷる保育園鶴ヶ峰,5歳,4.7727272727272725,0.045454545454545456
令和7,旭区,あゆみキッズ保育園,0歳,4.866310160427807,0.026737967914438502
令和7,旭区,あゆみキッズ保育園,1歳,5.0,0.0
令和7,旭区,あゆみキッズ保育園,2歳,5.0,0.0
令和7,旭区,あゆみキッズ保育園,3歳,5.0,0.0
令和7,旭区,あゆみキッズ保育園,4歳,5.0,0.0
令和7,旭区,あゆみキッズ保育園,5歳,5.0,0.0
令和7,旭区,あゆみ保育園,0歳,5.0,0.0
令和7,旭区,あゆみ保育園,1歳,5.0,0.0
令和7,旭区,あゆみ保育園,2歳,5.0,0.0
令和7,旭区,あゆみ保育園,3歳,5.0,0.0
令和7,旭区,あゆみ保育園,4歳,5.0,0.0
令和7,旭区,あゆみ保育園,5歳,5.0,0.0
令和7,旭区,あゆみ保育園第二,0歳,5.0,0.0
令和7,旭区,あゆみ保育園第二,1歳,5.0,0.0
令和7,旭区,あゆみ保育園第二,2歳,5.0,0.0
令和7,旭区,あゆみ保育園第二,3歳,5.0,0.0
令和7,旭区,あゆみ保育園第二,4歳,4.090909090909091,0.18181818181818182
令和7,旭区,あゆみ保育園第二,5歳,2.9545454545454546,0.4090909090909091
令和7,旭区,おれんじハウス二俣川保育園,0歳,5.0,0.0
令和7,旭区,おれんじハウス二俣川保育園,1歳,4.7727272727272725,0.045454545454545456
令和7,旭区,おれんじハウス二俣川保育園,2歳,4.124758220502901,0.17504835589941972
令和7,旭区,おれんじハウス二俣川保育園,3歳,5.0,0.0
令和7,旭区,おれんじハウス二俣川保育園,4歳,5.0,0.0
令和7,旭区,おれんじハウス二俣川保育園,5歳,5.0,0.0
令和7,旭区,すずらん二俣川保育園,0歳,5.0,0.0
令和7,旭区,すずらん二俣川保育園,1歳,4.866310160427807,0.026737967914438502
令和7,旭区,すずらん二俣川保育園,2歳,5.0,0.0
令和7,旭区,すずらん二俣川保育園,3歳,5.0,0.0
令和7,旭区,すずらん二俣川保育園,4歳,5.0,0.0
令和7,旭区,すずらん二俣川保育園,5歳,5.0,0.0
令和7,旭区,ちとせ保育園,0歳,5.0,0.0
令和7,旭区,ちとせ保育園,1歳,4.806576402321084,0.03868471953578337
令和7,旭区,ちとせ保育園,2歳,5.0,0.0
令和7,旭区,ちとせ保育園,3歳,5.0,0.0
令和7,旭区,ちとせ保育園,4歳,4.7727272727272725,0.045454545454545456
令和7,旭区,ちとせ保育園,5歳,0.8787878787878786,0.8242424242424242
令和7,旭区,ちゃいれっく　上白根保育室,0歳,3.7045454545454546,0.2590909090909091
令和7,旭区,ちゃいれっく　上白根保育室,1歳,5.0,0.0
令和7,旭区,ちゃいれっく　上白根保育室,2歳,4.7727272727272725,0.045454545454545456
令和7,旭区,ちゃいれっく　上白根保育室,3歳,5.0,0.0
令和7,旭区,ちゃいれっく　上白根保育室,4歳,5.0,0.0
令和7,旭区,ちゃいれっく　上白根保育室,5歳,5.0,0.0
令和7,旭区,つぼみ保育園,0歳,5.0,0.0
令和7,旭区,つぼみ保育園,1歳,5.0,0.0
令和7,旭区,つぼみ保育園,2歳,5.0,0.0
令和7,旭区,つぼみ保育園,3歳,5.0,0.0
令和7,旭区,つぼみ保育園,4歳,5.0,0.0
令和7,旭区,つぼみ保育園,5歳,5.0,0.0
令和7,旭区,とこちゃん☆みっつ保育園,0歳,4.806576402321084,0.03868471953578337
令和7,旭区,とこちゃん☆みっつ保育園,1歳,5.0,0.0
令和7,旭区,とこちゃん☆みっつ保育園,2歳,3.6363636363636362,0.2727272727272727
令和7,旭区,とこちゃん☆みっつ保育園,3歳,5.0,0.0
令和7,旭区,とこちゃん☆みっつ保育園,4歳,5.0,0.0
令和7,旭区,とこちゃん☆みっつ保育園,5歳,5.0,0.0
令和7,旭区,のぞみ保育園,0歳,4.166666666666667,0.16666666666666666
令和7,旭区,のぞみ保育園,1歳,4.85096870342772,0.02980625931445604
令和7,旭区,のぞみ保育園,2歳,2.651515151515152,0.46969696969696967
令和7,旭区,のぞみ保育園,3歳,5.0,0.0
令和7,旭区,のぞみ保育園,4歳,5.0,0.0
令和7,旭区,のぞみ保育園,5歳,5.0,0.0
令和7,旭区,ぱぷりか保育園　鶴ヶ峰,0歳,5.0,0.0
令和7,旭区,ぱぷりか保育園　鶴ヶ峰,1歳,5.0,0.0
令和7,旭区,ぱぷりか保育園　鶴ヶ峰,2歳,4.090909090909091,0.18181818181818182
令和7,旭区,ぱぷりか保育園　鶴ヶ峰,3歳,5.0,0.0
令和7,旭区,ぱぷりか保育園　鶴ヶ峰,4歳,5.0,0.0
令和7,旭区,ぱぷりか保育園　鶴ヶ峰,5歳,5.0,0.0
令和7,旭区,ひまわり愛児園,0歳,5.0,0.0
令和7,旭区,ひまわり愛児園,1歳,5.0,0.0
令和7,旭区,ひまわり愛児園,2歳,5.0,0.0
令和7,旭区,ひまわり愛児園,3歳,4.7727272727272725,0.045454545454545456
令和7,旭区,ひまわり愛児園,4歳,5.0,0.0
令和7,旭区,ひまわり愛児園,5歳,1.9832654907281777,0.6033469018543646
令和7,旭区,ひより保育室,0歳,5.0,0.0
令和7,旭区,ひより保育室,1歳,5.0,0.0
令和7,旭区,ひより保育室,2歳,5.0,0.0
令和7,旭区,ひより保育室,3歳,5.0,0.0
令和7,旭区,ひより保育室,4歳,5.0,0.0
令和7,旭区,ひより保育室,5歳,5.0,0.0
令和7,旭区,まきが原愛児園,0歳,5.0,0.0
令和7,旭区,まきが原愛児園,1歳,5.0,0.0
令和7,旭区,まきが原愛児園,2歳,4.545454545454546,0.09090909090909091
令和7,旭区,まきが原愛児園,3歳,5.0,0.0
令和7,旭区,まきが原愛児園,4歳,5.0,0.0
令和7,旭区,まきが原愛児園,5歳,2.803030303030303,0.4393939393939394
令和7,旭区,わかばの森保育園,0歳,5.0,0.0
令和7,旭区,わかばの森保育園,1歳,3.283849129593811,0.3432301740812379
令和7,旭区,わかばの森保育園,2歳,3.9393939393939394,0.2121212121212121
令和7,旭区,わかばの森保育園,3歳,3.1818181818181817,0.36363636363636365
令和7,旭区,わかばの森保育園,4歳,3.8636363636363638,0.22727272727272727
令和7,旭区,わかばの森保育園,5歳,2.4242424242424243,0.5151515151515151
令和7,旭区,オハナ鶴ヶ峰保育園,0歳,5.0,0.0
令和7,旭区,オハナ鶴ヶ峰保育園,1歳,5.0,0.0
令和7,旭区,オハナ鶴ヶ峰保育園,2歳,5.0,0.0
令和7,旭区,オハナ鶴ヶ峰保育園,3歳,5.0,0.0
令和7,旭区,オハナ鶴ヶ峰保育園,4歳,5.0,0.0
令和7,旭区,オハナ鶴ヶ峰保育園,5歳,5.0,0.0
令和7,旭区,キッズガーデン横浜鶴ヶ峰,0歳,5.0,0.0
令和7,旭区,キッズガーデン横浜鶴ヶ峰,1歳,5.0,0.0
令和7,旭区,キッズガーデン横浜鶴ヶ峰,2歳,5.0,0.0
令和7,旭区,キッズガーデン横浜鶴ヶ峰,3歳,3.9648255605702416,0.2070348878859517
令和7,旭区,キッズガーデン横浜鶴ヶ峰,4歳,5.0,0.0
令和7,旭区,キッズガーデン横浜鶴ヶ峰,5歳,2.272727272727273,0.5454545454545454
令和7,旭区,キッズビレッジつくし保育園,0歳,5.0,0.0
令和7,旭区,キッズビレッジつくし保育園,1歳,5.0,0.0
令和7,旭区,キッズビレッジつくし保育園,2歳,5.0,0.0
令和7,旭区,キッズビレッジつくし保育園,3歳,5.0,0.0
令和7,旭区,キッズビレッジつくし保育園,4歳,5.0,0.0
令和7,旭区,キッズビレッジつくし保育園,5歳,5.0,0.0
令和7,旭区,グローバルキッズ南万騎が原園,0歳,5.0,0.0
令和7,旭区,グローバルキッズ南万騎が原園,1歳,5.0,0.0
令和7,旭区,グローバルキッズ南万騎が原園,2歳,4.7755331088664414,0.044893378226711564
令和7,旭区,グローバルキッズ南万騎が原園,3歳,4.545454545454546,0.09090909090909091
令和7,旭区,グローバルキッズ南万騎が原園,4歳,4.7727272727272725,0.045454545454545456
令和7,旭区,グローバルキッズ南万騎が原園,5歳,5.0,0.0
令和7,旭区,グローバルキッズ白根保育園,0歳,5.0,0.0
令和7,旭区,グローバルキッズ白根保育園,1歳,5.0,0.0
令和7,旭区,グローバルキッズ白根保育園,2歳,5.0,0.0
令和7,旭区,グローバルキッズ白根保育園,3歳,5.0,0.0
令和7,旭区,グローバルキッズ白根保育園,4歳,5.0,0.0
令和7,旭区,グローバルキッズ白根保育園,5歳,5.0,0.0
令和7,旭区,コナミスポーツ保育園　希望が丘,0歳,5.0,0.0
令和7,旭区,コナミスポーツ保育園　希望が丘,1歳,5.0,0.0
令和7,旭区,コナミスポーツ保育園　希望が丘,2歳,5.0,0.0
令和7,旭区,コナミスポーツ保育園　希望が丘,3歳,3.7878787878787876,0.2424242424242424
令和7,旭区,コナミスポーツ保育園　希望が丘,4歳,3.333333333333333,0.3333333333333333
令和7,旭区,コナミスポーツ保育園　希望が丘,5歳,5.0,0.0
令和7,旭区,サクラフェリーチェ保育園　二俣川,0歳,5.0,0.0
令和7,旭区,サクラフェリーチェ保育園　二俣川,1歳,5.0,0.0
令和7,旭区,サクラフェリーチェ保育園　二俣川,2歳,3.446969696969697,0.3106060606060606
令和7,旭区,サクラフェリーチェ保育園　二俣川,3歳,5.0,0.0
令和7,旭区,サクラフェリーチェ保育園　二俣川,4歳,5.0,0.0
令和7,旭区,サクラフェリーチェ保育園　二俣川,5歳,5.0,0.0
令和7,旭区,サフォークキッズランド横浜園,0歳,5.0,0.0
令和7,旭区,サフォークキッズランド横浜園,1歳,5.0,0.0
令和7,旭区,サフォークキッズランド横浜園,2歳,2.272727272727273,0.5454545454545454
令和7,旭区,サフォークキッズランド横浜園,3歳,5.0,0.0
令和7,旭区,サフォークキッズランド横浜園,4歳,5.0,0.0
令和7,旭区,サフォークキッズランド横浜園,5歳,5.0,0.0
令和7,旭区,スターチャイルド《鶴ヶ峰ナーサリー》,0歳,5.0,0.0
令和7,旭区,スターチャイルド《鶴ヶ峰ナーサリー》,1歳,5.0,0.0
令和7,旭区,スターチャイルド《鶴ヶ峰ナーサリー》,2歳,5.0,0.0
令和7,旭区,スターチャイルド《鶴ヶ峰ナーサリー》,3歳,5.0,0.0
令和7,旭区,スターチャイルド《鶴ヶ峰ナーサリー》,4歳,3.6363636363636362,0.2727272727272727
令和7,旭区,スターチャイルド《鶴ヶ峰ナーサリー》,5歳,2.1363636363636362,0.5727272727272728
令和7,旭区,スマイルビー保育園,0歳,5.0,0.0
令和7,旭区,スマイルビー保育園,1歳,5.0,0.0
令和7,旭区,スマイルビー保育園,2歳,5.0,0.0
令和7,旭区,スマイルビー保育園,3歳,5.0,0.0
令和7,旭区,スマイルビー保育園,4歳,5.0,0.0
令和7,旭区,スマイルビー保育園,5歳,5.0,0.0
令和7,旭区,タドラーキッズ,0歳,5.0,0.0
令和7,旭区,タドラーキッズ,1歳,5.0,0.0
令和7,旭区,タドラーキッズ,2歳,5.0,0.0
令和7,旭区,タドラーキッズ,3歳,5.0,0.0
令和7,旭区,タドラーキッズ,4歳,5.0,0.0
令和7,旭区,タドラーキッズ,5歳,5.0,0.0
令和7,旭区,ハニービー保育園,0歳,5.0,0.0
令和7,旭区,ハニービー保育園,1歳,5.0,0.0
令和7,旭区,ハニービー保育園,2歳,5.0,0.0
令和7,旭区,ハニービー保育園,3歳,5.0,0.0
令和7,旭区,ハニービー保育園,4歳,5.0,0.0
令和7,旭区,ハニービー保育園,5歳,5.0,0.0
令和7,旭区,ポプラ保育園,0歳,5.0,0.0
令和7,旭区,ポプラ保育園,1歳,5.0,0.0
令和7,旭区,ポプラ保育園,2歳,5.0,0.0
令和7,旭区,ポプラ保育園,3歳,3.9397521312414927,0.2120495737517014
令和7,旭区,ポプラ保育園,4歳,4.1586073500967125,0.16827852998065762
令和7,旭区,ポプラ保育園,5歳,5.0,0.0
令和7,旭区,ポプラ第二保育園,0歳,5.0,0.0
令和7,旭区,ポプラ第二保育園,1歳,5.0,0.0
令和7,旭区,ポプラ第二保育園,2歳,5.0,0.0
令和7,旭区,ポプラ第二保育園,3歳,5.0,0.0
令和7,旭区,ポプラ第二保育園,4歳,3.6363636363636362,0.2727272727272727
令和7,旭区,ポプラ第二保育園,5歳,5.0,0.0
令和7,旭区,マミー保育園二俣川,0歳,4.7727272727272725,0.045454545454545456
令和7,旭区,マミー保育園二俣川,1歳,5.0,0.0
令和7,旭区,マミー保育園二俣川,2歳,2.4242424242424243,0.5151515151515151
令和7,旭区,マミー保育園二俣川,3歳,5.0,0.0
令和7,旭区,マミー保育園二俣川,4歳,5.0,0.0
令和7,旭区,マミー保育園二俣川,5歳,5.0,0.0
令和7,旭区,マヤ保育園,0歳,4.090909090909091,0.18181818181818182
令和7,旭区,マヤ保育園,1歳,5.0,0.0
令和7,旭区,マヤ保育園,2歳,5.0,0.0
令和7,旭区,マヤ保育園,3歳,3.333333333333333,0.3333333333333333
令和7,旭区,マヤ保育園,4歳,4.545454545454546,0.09090909090909091
令和7,旭区,マヤ保育園,5歳,1.25,0.75
令和7,旭区,三ツ境たんぽぽ保育園,0歳,4.7727272727272725,0.045454545454545456
令和7,旭区,三ツ境たんぽぽ保育園,1歳,5.0,0.0
令和7,旭区,三ツ境たんぽぽ保育園,2歳,5.0,0.0
令和7,旭区,三ツ境たんぽぽ保育園,3歳,5.0,0.0
令和7,旭区,三ツ境たんぽぽ保育園,4歳,5.0,0.0
令和7,旭区,三ツ境たんぽぽ保育園,5歳,5.0,0.0
令和7,旭区,上の原保育園,0歳,5.0,0.0
令和7,旭区,上の原保育園,1歳,5.0,0.0
令和7,旭区,上の原保育園,2歳,5.0,0.0
令和7,旭区,上の原保育園,3歳,5.0,0.0
令和7,旭区,上の原保育園,4歳,5.0,0.0
令和7,旭区,上の原保育園,5歳,5.0,0.0
令和7,旭区,中尾保育園,0歳,5.0,0.0
令和7,旭区,中尾保育園,1歳,5.0,0.0
令和7,旭区,中尾保育園,2歳,5.0,0.0
令和7,旭区,中尾保育園,3歳,5.0,0.0
令和7,旭区,中尾保育園,4歳,2.114698385726423,0.5770603228547154
令和7,旭区,中尾保育園,5歳,2.3484848484848486,0.5303030303030303
令和7,旭区,中希望が丘保育園,0歳,5.0,0.0
令和7,旭区,中希望が丘保育園,1歳,5.0,0.0
令和7,旭区,中希望が丘保育園,2歳,5.0,0.0
令和7,旭区,中希望が丘保育園,3歳,4.7727272727272725,0.045454545454545456
令和7,旭区,中希望が丘保育園,4歳,4.7727272727272725,0.045454545454545456
令和7,旭区,中希望が丘保育園,5歳,5.0,0.0
令和7,旭区,保育園スマイルキッズ二俣川駅前,0歳,5.0,0.0
令和7,旭区,保育園スマイルキッズ二俣川駅前,1歳,5.0,0.0
令和7,旭区,保育園スマイルキッズ二俣川駅前,2歳,3.6363636363636362,0.2727272727272727
令和7,旭区,保育園スマイルキッズ二俣川駅前,3歳,5.0,0.0
令和7,旭区,保育園スマイルキッズ二俣川駅前,4歳,5.0,0.0
令和7,旭区,保育園スマイルキッズ二俣川駅前,5歳,5.0,0.0
令和7,旭区,保育園夢未来二俣川園,0歳,5.0,0.0
令和7,旭区,保育園夢未来二俣川園,1歳,5.0,0.0
令和7,旭区,保育園夢未来二俣川園,2歳,5.0,0.0
令和7,旭区,保育園夢未来二俣川園,3歳,4.090909090909091,0.18181818181818182
令和7,旭区,保育園夢未来二俣川園,4歳,4.090909090909091,0.18181818181818182
令和7,旭区,保育園夢未来二俣川園,5歳,4.7727272727272725,0.045454545454545456
令和7,旭区,保育室　ひかり,0歳,3.143939393939394,0.37121212121212116
令和7,旭区,保育室　ひかり,1歳,4.7727272727272725,0.045454545454545456
令和7,旭区,保育室　ひかり,2歳,4.547938400397417,0.09041231992051664
令和7,旭区,保育室　ひかり,3歳,5.0,0.0
令和7,旭区,保育室　ひかり,4歳,5.0,0.0
令和7,旭区,保育室　ひかり,5歳,5.0,0.0
令和7,旭区,前島保育園,0歳,5.0,0.0
令和7,旭区,前島保育園,1歳,5.0,0.0
令和7,旭区,前島保育園,2歳,5.0,0.0
令和7,旭区,前島保育園,3歳,5.0,0.0
令和7,旭区,前島保育園,4歳,5.0,0.0
令和7,旭区,前島保育園,5歳,5.0,0.0
令和7,旭区,善部保育園,0歳,5.0,0.0
令和7,旭区,善部保育園,1歳,5.0,0.0
令和7,旭区,善部保育園,2歳,5.0,0.0
令和7,旭区,善部保育園,3歳,5.0,0.0
令和7,旭区,善部保育園,4歳,5.0,0.0
令和7,旭区,善部保育園,5歳,5.0,0.0
令和7,旭区,土と愛　子供の家保育所,0歳,5.0,0.0
令和7,旭区,土と愛　子供の家保育所,1歳,5.0,0.0
令和7,旭区,土と愛　子供の家保育所,2歳,5.0,0.0
令和7,旭区,土と愛　子供の家保育所,3歳,3.8636363636363638,0.22727272727272727
令和7,旭区,土と愛　子供の家保育所,4歳,4.545454545454546,0.09090909090909091
令和7,旭区,土と愛　子供の家保育所,5歳,5.0,0.0
令和7,旭区,土と愛　子供の家保育所第２,0歳,5.0,0.0
令和7,旭区,土と愛　子供の家保育所第２,1歳,4.831649831649832,0.03367003367003367
令和7,旭区,土と愛　子供の家保育所第２,2歳,4.545454545454546,0.09090909090909091
令和7,旭区,土と愛　子供の家保育所第２,3歳,5.0,0.0
令和7,旭区,土と愛　子供の家保育所第２,4歳,5.0,0.0
令和7,旭区,土と愛　子供の家保育所第２,5歳,5.0,0.0
令和7,旭区,夢のつぼみ保育園,0歳,5.0,0.0
令和7,旭区,夢のつぼみ保育園,1歳,4.917355371900826,0.01652892561983471
令和7,旭区,夢のつぼみ保育園,2歳,5.0,0.0
令和7,旭区,夢のつぼみ保育園,3歳,5.0,0.0
令和7,旭区,夢のつぼみ保育園,4歳,5.0,0.0
令和7,旭区,夢のつぼみ保育園,5歳,5.0,0.0
令和7,旭区,太陽の子　さちが丘保育園,0歳,5.0,0.0
令和7,旭区,太陽の子　さちが丘保育園,1歳,5.0,0.0
令和7,旭区,太陽の子　さちが丘保育園,2歳,4.85096870342772,0.02980625931445604
令和7,旭区,太陽の子　さちが丘保育園,3歳,5.0,0.0
令和7,旭区,太陽の子　さちが丘保育園,4歳,5.0,0.0
令和7,旭区,太陽の子　さちが丘保育園,5歳,5.0,0.0
令和7,旭区,太陽の子　二俣川駅保育園,0歳,5.0,0.0
令和7,旭区,太陽の子　二俣川駅保育園,1歳,5.0,0.0
令和7,旭区,太陽の子　二俣川駅保育園,2歳,4.911738746690204,0.0176522506619594
令和7,旭区,太陽の子　二俣川駅保育園,3歳,5.0,0.0
令和7,旭区,太陽の子　二俣川駅保育園,4歳,4.7727272727272725,0.045454545454545456
令和7,旭区,太陽の子　二俣川駅保育園,5歳,5.0,0.0
令和7,旭区,太陽の子　白根保育園,0歳,5.0,0.0
令和7,旭区,太陽の子　白根保育園,1歳,5.0,0.0
令和7,旭区,太陽の子　白根保育園,2歳,5.0,0.0
令和7,旭区,太陽の子　白根保育園,3歳,5.0,0.0
令和7,旭区,太陽の子　白根保育園,4歳,5.0,0.0
令和7,旭区,太陽の子　白根保育園,5歳,4.7727272727272725,0.045454545454545456
令和7,旭区,太陽の子　鶴ヶ峰保育園,0歳,5.0,0.0
令和7,旭区,太陽の子　鶴ヶ峰保育園,1歳,5.0,0.0
令和7,旭区,太陽の子　鶴ヶ峰保育園,2歳,5.0,0.0
令和7,旭区,太陽の子　鶴ヶ峰保育園,3歳,5.0,0.0
令和7,旭区,太陽の子　鶴ヶ峰保育園,4歳,5.0,0.0
令和7,旭区,太陽の子　鶴ヶ峰保育園,5歳,5.0,0.0
令和7,旭区,川井宿幼保連携型認定こども園,0歳,5.0,0.0
令和7,旭区,川井宿幼保連携型認定こども園,1歳,4.806576402321084,0.03868471953578337
令和7,旭区,川井宿幼保連携型認定こども園,2歳,5.0,0.0
令和7,旭区,川井宿幼保連携型認定こども園,3歳,5.0,0.0
令和7,旭区,川井宿幼保連携型認定こども園,4歳,3.409090909090909,0.3181818181818182
令和7,旭区,川井宿幼保連携型認定こども園,5歳,4.318181818181818,0.13636363636363635
令和7,旭区,希望ヶ丘プラス保育園,0歳,5.0,0.0
令和7,旭区,希望ヶ丘プラス保育園,1歳,4.93060374739764,0.013879250520471896
令和7,旭区,希望ヶ丘プラス保育園,2歳,5.0,0.0
令和7,旭区,希望ヶ丘プラス保育園,3歳,3.1818181818181817,0.36363636363636365
令和7,旭区,希望ヶ丘プラス保育園,4歳,4.090909090909091,0.18181818181818182
令和7,旭区,希望ヶ丘プラス保育園,5歳,4.7727272727272725,0.045454545454545456
令和7,旭区,旭あじさい保育園,0歳,5.0,0.0
令和7,旭区,旭あじさい保育園,1歳,5.0,0.0
令和7,旭区,旭あじさい保育園,2歳,5.0,0.0
令和7,旭区,旭あじさい保育園,3歳,5.0,0.0
令和7,旭区,旭あじさい保育園,4歳,3.7878787878787876,0.2424242424242424
令和7,旭区,旭あじさい保育園,5歳,5.0,0.0
令和7,旭区,旭はるかぜ保育園,0歳,5.0,0.0
令和7,旭区,旭はるかぜ保育園,1歳,5.0,0.0
令和7,旭区,旭はるかぜ保育園,2歳,5.0,0.0
令和7,旭区,旭はるかぜ保育園,3歳,5.0,0.0
令和7,旭区,旭はるかぜ保育園,4歳,5.0,0.0
令和7,旭区,旭はるかぜ保育園,5歳,5.0,0.0
令和7,旭区,旭ローズ保育園,0歳,5.0,0.0
令和7,旭区,旭ローズ保育園,1歳,5.0,0.0
令和7,旭区,旭ローズ保育園,2歳,5.0,0.0
令和7,旭区,旭ローズ保育園,3歳,5.0,0.0
令和7,旭区,旭ローズ保育園,4歳,5.0,0.0
令和7,旭区,旭ローズ保育園,5歳,5.0,0.0
令和7,旭区,明徳二俣川保育園,0歳,4.818181818181818,0.03636363636363637
令和7,旭区,明徳二俣川保育園,1歳,4.961479198767335,0.007704160246533129
令和7,旭区,明徳二俣川保育園,2歳,5.0,0.0
令和7,旭区,明徳二俣川保育園,3歳,4.7727272727272725,0.045454545454545456
令和7,旭区,明徳二俣川保育園,4歳,5.0,0.0
令和7,旭区,明徳二俣川保育園,5歳,4.090909090909091,0.18181818181818182
令和7,旭区,星の子白根保育園,0歳,5.0,0.0
令和7,旭区,星の子白根保育園,1歳,5.0,0.0
令和7,旭区,星の子白根保育園,2歳,5.0,0.0
令和7,旭区,星の子白根保育園,3歳,5.0,0.0
令和7,旭区,星の子白根保育園,4歳,5.0,0.0
令和7,旭区,星の子白根保育園,5歳,1.666666666666667,0.6666666666666666
令和7,旭区,横浜あさひ中央保育園,0歳,5.0,0.0
令和7,旭区,横浜あさひ中央保育園,1歳,5.0,0.0
令和7,旭区,横浜あさひ中央保育園,2歳,5.0,0.0
令和7,旭区,横浜あさひ中央保育園,3歳,3.2196969696969693,0.356060606060606
令和7,旭区,横浜あさひ中央保育園,4歳,4.015151515151515,0.19696969696969696
令和7,旭区,横浜あさひ中央保育園,5歳,4.7727272727272725,0.045454545454545456
令和7,旭区,横浜小谷かなりや保育園,0歳,4.545454545454546,0.09090909090909091
令和7,旭区,横浜小谷かなりや保育園,1歳,5.0,0.0
令和7,旭区,横浜小谷かなりや保育園,2歳,5.0,0.0
令和7,旭区,横浜小谷かなりや保育園,3歳,2.727272727272727,0.45454545454545453
令和7,旭区,横浜小谷かなりや保育園,4歳,3.1818181818181817,0.36363636363636365
令和7,旭区,横浜小谷かなりや保育園,5歳,2.5,0.5
令和7,旭区,横浜市ひかりが丘保育園,0歳,3.8787878787878785,0.22424242424242424
令和7,旭区,横浜市ひかりが丘保育園,1歳,4.385880077369439,0.12282398452611218
令和7,旭区,横浜市ひかりが丘保育園,2歳,5.0,0.0
令和7,旭区,横浜市ひかりが丘保育園,3歳,2.878787878787879,0.4242424242424242
令和7,旭区,横浜市ひかりが丘保育園,4歳,1.8766233766233766,0.6246753246753246
令和7,旭区,横浜市ひかりが丘保育園,5歳,0.8463203463203463,0.8307359307359307
令和7,旭区,横浜市今宿保育園,0歳,5.0,0.0
令和7,旭区,横浜市今宿保育園,1歳,4.806576402321084,0.03868471953578337
令和7,旭区,横浜市今宿保育園,2歳,5.0,0.0
令和7,旭区,横浜市今宿保育園,3歳,3.1818181818181817,0.36363636363636365
令和7,旭区,横浜市今宿保育園,4歳,5.0,0.0
令和7,旭区,横浜市今宿保育園,5歳,5.0,0.0
令和7,旭区,横浜市左近山保育園,0歳,3.8419913419913416,0.2316017316017316
令和7,旭区,横浜市左近山保育園,1歳,4.878787878787879,0.024242424242424242
令和7,旭区,横浜市左近山保育園,2歳,4.545454545454546,0.09090909090909091
令和7,旭区,横浜市左近山保育園,3歳,4.806576402321084,0.03868471953578337
令和7,旭区,横浜市左近山保育園,4歳,1.9480519480519478,0.6103896103896104
令和7,旭区,横浜市左近山保育園,5歳,0.8982683982683981,0.8203463203463204
令和7,旭区,横浜市柏保育園,0歳,4.579303675048356,0.08413926499032881
令和7,旭区,横浜市柏保育園,1歳,5.0,0.0
令和7,旭区,横浜市柏保育園,2歳,5.0,0.0
令和7,旭区,横浜市柏保育園,3歳,2.878787878787879,0.4242424242424242
令和7,旭区,横浜市柏保育園,4歳,2.3484848484848486,0.5303030303030303
令和7,旭区,横浜市柏保育園,5歳,3.9393939393939394,0.2121212121212121
令和7,旭区,横濱あんじゅ保育園,0歳,5.0,0.0
令和7,旭区,横濱あんじゅ保育園,1歳,5.0,0.0
令和7,旭区,横濱あんじゅ保育園,2歳,5.0,0.0
令和7,旭区,横濱あんじゅ保育園,3歳,3.1818181818181817,0.36363636363636365
令和7,旭区,横濱あんじゅ保育園,4歳,5.0,0.0
令和7,旭区,横濱あんじゅ保育園,5歳,4.545454545454546,0.09090909090909091
令和7,旭区,横濱あんじゅ小規模保育園,0歳,5.0,0.0
令和7,旭区,横濱あんじゅ小規模保育園,1歳,5.0,0.0
令和7,旭区,横濱あんじゅ小規模保育園,2歳,5.0,0.0
令和7,旭区,横濱あんじゅ小規模保育園,3歳,5.0,0.0
令和7,旭区,横濱あんじゅ小規模保育園,4歳,5.0,0.0
令和7,旭区,横濱あんじゅ小規模保育園,5歳,5.0,0.0
令和7,旭区,西川島保育園,0歳,4.318181818181818,0.13636363636363635
令和7,旭区,西川島保育園,1歳,5.0,0.0
令和7,旭区,西川島保育園,2歳,4.889135254988914,0.022172949002217297
令和7,旭区,西川島保育園,3歳,4.545454545454546,0.09090909090909091
令和7,旭区,西川島保育園,4歳,4.318181818181818,0.13636363636363635
令和7,旭区,西川島保育園,5歳,5.0,0.0
令和7,旭区,認定こども園　オーセルわかば幼稚園,0歳,5.0,0.0
令和7,旭区,認定こども園　オーセルわかば幼稚園,1歳,5.0,0.0
令和7,旭区,認定こども園　オーセルわかば幼稚園,2歳,5.0,0.0
令和7,旭区,認定こども園　オーセルわかば幼稚園,3歳,5.0,0.0
令和7,旭区,認定こども園　オーセルわかば幼稚園,4歳,5.0,0.0
令和7,旭区,認定こども園　オーセルわかば幼稚園,5歳,2.272727272727273,0.5454545454545454
令和7,旭区,認定こども園　上の原幼稚園,0歳,5.0,0.0
令和7,旭区,認定こども園　上の原幼稚園,1歳,4.128787878787879,0.17424242424242423
令和7,旭区,認定こども園　上の原幼稚園,2歳,5.0,0.0
令和7,旭区,認定こども園　上の原幼稚園,3歳,5.0,0.0
令和7,旭区,認定こども園　上の原幼稚園,4歳,5.0,0.0
令和7,旭区,認定こども園　上の原幼稚園,5歳,0.49999999999999994,0.9
令和7,旭区,認定こども園　希望ヶ丘幼稚園・希望ヶ丘保育園,0歳,5.0,0.0
令和7,旭区,認定こども園　希望ヶ丘幼稚園・希望ヶ丘保育園,1歳,5.0,0.0
令和7,旭区,認定こども園　希望ヶ丘幼稚園・希望ヶ丘保育園,2歳,5.0,0.0
令和7,旭区,認定こども園　希望ヶ丘幼稚園・希望ヶ丘保育園,3歳,5.0,0.0
令和7,旭区,認定こども園　希望ヶ丘幼稚園・希望ヶ丘保育園,4歳,2.7589326096788787,0.4482134780642243
令和7,旭区,認定こども園　希望ヶ丘幼稚園・希望ヶ丘保育園,5歳,4.545454545454546,0.09090909090909091
令和7,旭区,認定こども園　横浜三輪幼稚園,0歳,5.0,0.0
令和7,旭区,認定こども園　横浜三輪幼稚園,1歳,5.0,0.0
令和7,旭区,認定こども園　横浜三輪幼稚園,2歳,2.159090909090909,0.5681818181818182
令和7,旭区,認定こども園　横浜三輪幼稚園,3歳,1.8181818181818181,0.6363636363636364
令和7,旭区,認定こども園　横浜三輪幼稚園,4歳,1.8831168831168832,0.6233766233766234
令和7,旭区,認定こども園　横浜三輪幼稚園,5歳,0.7142857142857145,0.8571428571428572
令和7,旭区,認定こども園　若葉台こども園,0歳,3.6363636363636362,0.2727272727272727
令和7,旭区,認定こども園　若葉台こども園,1歳,3.560606060606061,0.28787878787878785
令和7,旭区,認定こども園　若葉台こども園,2歳,5.0,0.0
令和7,旭区,認定こども園　若葉台こども園,3歳,3.1060606060606064,0.37878787878787873
令和7,旭区,認定こども園　若葉台こども園,4歳,2.294372294372294,0.5411255411255411
令和7,旭区,認定こども園　若葉台こども園,5歳,0.9999999999999999,0.8
令和7,旭区,認定こども園やつはしキッズ　八ッ橋幼稚園,0歳,5.0,0.0
令和7,旭区,認定こども園やつはしキッズ　八ッ橋幼稚園,1歳,5.0,0.0
令和7,旭区,認定こども園やつはしキッズ　八ッ橋幼稚園,2歳,5.0,0.0
令和7,旭区,認定こども園やつはしキッズ　八ッ橋幼稚園,3歳,1.773989898989899,0.6452020202020201
令和7,旭区,認定こども園やつはしキッズ　八ッ橋幼稚園,4歳,4.579303675048356,0.08413926499032881
令和7,旭区,認定こども園やつはしキッズ　八ッ橋幼稚園,5歳,3.6363636363636362,0.2727272727272727
令和7,旭区,認定こども園二俣川幼稚園,0歳,5.0,0.0
令和7,旭区,認定こども園二俣川幼稚園,1歳,5.0,0.0
令和7,旭区,認定こども園二俣川幼稚園,2歳,5.0,0.0
令和7,旭区,認定こども園二俣川幼稚園,3歳,5.0,0.0
令和7,旭区,認定こども園二俣川幼稚園,4歳,5.0,0.0
令和7,旭区,認定こども園二俣川幼稚園,5歳,5.0,0.0
令和7,旭区,鶴ヶ峰保育園,0歳,5.0,0.0
令和7,旭区,鶴ヶ峰保育園,1歳,5.0,0.0
令和7,旭区,鶴ヶ峰保育園,2歳,5.0,0.0
令和7,旭区,鶴ヶ峰保育園,3歳,5.0,0.0
令和7,旭区,鶴ヶ峰保育園,4歳,5.0,0.0
令和7,旭区,鶴ヶ峰保育園,5歳,5.0,0.0
令和7,旭区,ＳＡＦＡＲＩ　ＫＩＤ保育園,0歳,4.7727272727272725,0.045454545454545456
令和7,旭区,ＳＡＦＡＲＩ　ＫＩＤ保育園,1歳,4.7727272727272725,0.045454545454545456
令和7,旭区,ＳＡＦＡＲＩ　ＫＩＤ保育園,2歳,5.0,0.0
令和7,旭区,ＳＡＦＡＲＩ　ＫＩＤ保育園,3歳,5.0,0.0
令和7,旭区,ＳＡＦＡＲＩ　ＫＩＤ保育園,4歳,5.0,0.0
令和7,旭区,ＳＡＦＡＲＩ　ＫＩＤ保育園,5歳,5.0,0.0
令和7,旭区,ＳＥＡＳＯＮ　ＫＩＤ保育園,0歳,5.0,0.0
令和7,旭区,ＳＥＡＳＯＮ　ＫＩＤ保育園,1歳,5.0,0.0
令和7,旭区,ＳＥＡＳＯＮ　ＫＩＤ保育園,2歳,5.0,0.0
令和7,旭区,ＳＥＡＳＯＮ　ＫＩＤ保育園,3歳,5.0,0.0
令和7,旭区,ＳＥＡＳＯＮ　ＫＩＤ保育園,4歳,5.0,0.0
令和7,旭区,ＳＥＡＳＯＮ　ＫＩＤ保育園,5歳,5.0,0.0
令和7,栄区,いいじまルーテル保育園,0歳,5.0,0.0
令和7,栄区,いいじまルーテル保育園,1歳,5.0,0.0
令和7,栄区,いいじまルーテル保育園,2歳,4.6632996632996635,0.06734006734006734
令和7,栄区,いいじまルーテル保育園,3歳,5.0,0.0
令和7,栄区,いいじまルーテル保育園,4歳,5.0,0.0
令和7,栄区,いいじまルーテル保育園,5歳,5.0,0.0
令和7,栄区,かさまの杜保育園,0歳,5.0,0.0
令和7,栄区,かさまの杜保育園,1歳,5.0,0.0
令和7,栄区,かさまの杜保育園,2歳,5.0,0.0
令和7,栄区,かさまの杜保育園,3歳,5.0,0.0
令和7,栄区,かさまの杜保育園,4歳,5.0,0.0
令和7,栄区,かさまの杜保育園,5歳,5.0,0.0
令和7,栄区,かつら愛児園,0歳,5.0,0.0
令和7,栄区,かつら愛児園,1歳,5.0,0.0
令和7,栄区,かつら愛児園,2歳,3.956408052152733,0.2087183895694534
令和7,栄区,かつら愛児園,3歳,5.0,0.0
令和7,栄区,かつら愛児園,4歳,2.727272727272727,0.45454545454545453
令和7,栄区,かつら愛児園,5歳,4.7727272727272725,0.045454545454545456
令和7,栄区,すずかけ保育園,0歳,4.831649831649832,0.03367003367003367
令和7,栄区,すずかけ保育園,1歳,5.0,0.0
令和7,栄区,すずかけ保育園,2歳,3.2707270026178055,0.34585459947643893
令和7,栄区,すずかけ保育園,3歳,5.0,0.0
令和7,栄区,すずかけ保育園,4歳,5.0,0.0
令和7,栄区,すずかけ保育園,5歳,5.0,0.0
令和7,栄区,すまいるおおふな保育園,0歳,5.0,0.0
令和7,栄区,すまいるおおふな保育園,1歳,5.0,0.0
令和7,栄区,すまいるおおふな保育園,2歳,5.0,0.0
令和7,栄区,すまいるおおふな保育園,3歳,5.0,0.0
令和7,栄区,すまいるおおふな保育園,4歳,5.0,0.0
令和7,栄区,すまいるおおふな保育園,5歳,5.0,0.0
令和7,栄区,なないろ保育室　,0歳,5.0,0.0
令和7,栄区,なないろ保育室　,1歳,5.0,0.0
令和7,栄区,なないろ保育室　,2歳,5.0,0.0
令和7,栄区,なないろ保育室　,3歳,5.0,0.0
令和7,栄区,なないろ保育室　,4歳,5.0,0.0
令和7,栄区,なないろ保育室　,5歳,5.0,0.0
令和7,栄区,ふぁみりーさぽーと　のあ,0歳,3.7210947198244755,0.2557810560351049
令和7,栄区,ふぁみりーさぽーと　のあ,1歳,5.0,0.0
令和7,栄区,ふぁみりーさぽーと　のあ,2歳,5.0,0.0
令和7,栄区,ふぁみりーさぽーと　のあ,3歳,5.0,0.0
令和7,栄区,ふぁみりーさぽーと　のあ,4歳,5.0,0.0
令和7,栄区,ふぁみりーさぽーと　のあ,5歳,2.727272727272727,0.45454545454545453
令和7,栄区,ふれあいの家　にこにこ保育園,0歳,3.674242424242424,0.26515151515151514
令和7,栄区,ふれあいの家　にこにこ保育園,1歳,4.806576402321084,0.03868471953578337
令和7,栄区,ふれあいの家　にこにこ保育園,2歳,5.0,0.0
令和7,栄区,ふれあいの家　にこにこ保育園,3歳,5.0,0.0
令和7,栄区,ふれあいの家　にこにこ保育園,4歳,5.0,0.0
令和7,栄区,ふれあいの家　にこにこ保育園,5歳,5.0,0.0
令和7,栄区,やまゆり保育園,0歳,5.0,0.0
令和7,栄区,やまゆり保育園,1歳,4.897854954034729,0.02042900919305414
令和7,栄区,やまゆり保育園,2歳,5.0,0.0
令和7,栄区,やまゆり保育園,3歳,5.0,0.0
令和7,栄区,やまゆり保育園,4歳,5.0,0.0
令和7,栄区,やまゆり保育園,5歳,5.0,0.0
令和7,栄区,アスク大船保育園,0歳,5.0,0.0
令和7,栄区,アスク大船保育園,1歳,5.0,0.0
令和7,栄区,アスク大船保育園,2歳,4.878787878787879,0.024242424242424242
令和7,栄区,アスク大船保育園,3歳,5.0,0.0
令和7,栄区,アスク大船保育園,4歳,5.0,0.0
令和7,栄区,アスク大船保育園,5歳,5.0,0.0
令和7,栄区,アップルミントおおふな保育園,0歳,5.0,0.0
令和7,栄区,アップルミントおおふな保育園,1歳,5.0,0.0
令和7,栄区,アップルミントおおふな保育園,2歳,5.0,0.0
令和7,栄区,アップルミントおおふな保育園,3歳,5.0,0.0
令和7,栄区,アップルミントおおふな保育園,4歳,5.0,0.0
令和7,栄区,アップルミントおおふな保育園,5歳,5.0,0.0
令和7,栄区,エミールの森ひよこ保育園,0歳,5.0,0.0
令和7,栄区,エミールの森ひよこ保育園,1歳,5.0,0.0
令和7,栄区,エミールの森ひよこ保育園,2歳,4.1586073500967125,0.16827852998065762
令和7,栄区,エミールの森ひよこ保育園,3歳,2.1742424242424243,0.5651515151515152
令和7,栄区,エミールの森ひよこ保育園,4歳,2.4621212121212124,0.5075757575757576
令和7,栄区,エミールの森ひよこ保育園,5歳,3.7878787878787876,0.2424242424242424
令和7,栄区,チューリップ保育室,0歳,5.0,0.0
令和7,栄区,チューリップ保育室,1歳,5.0,0.0
令和7,栄区,チューリップ保育室,2歳,5.0,0.0
令和7,栄区,チューリップ保育室,3歳,5.0,0.0
令和7,栄区,チューリップ保育室,4歳,5.0,0.0
令和7,栄区,チューリップ保育室,5歳,5.0,0.0
令和7,栄区,チームナーサリーBigHug本郷台,0歳,5.0,0.0
令和7,栄区,チームナーサリーBigHug本郷台,1歳,4.889135254988914,0.022172949002217297
令和7,栄区,チームナーサリーBigHug本郷台,2歳,3.314488165234434,0.33710236695311324
令和7,栄区,チームナーサリーBigHug本郷台,3歳,5.0,0.0
令和7,栄区,チームナーサリーBigHug本郷台,4歳,5.0,0.0
令和7,栄区,チームナーサリーBigHug本郷台,5歳,5.0,0.0
令和7,栄区,トモキッズナーサリーかさま園,0歳,5.0,0.0
令和7,栄区,トモキッズナーサリーかさま園,1歳,5.0,0.0
令和7,栄区,トモキッズナーサリーかさま園,2歳,5.0,0.0
令和7,栄区,トモキッズナーサリーかさま園,3歳,5.0,0.0
令和7,栄区,トモキッズナーサリーかさま園,4歳,4.4197292069632494,0.1160541586073501
令和7,栄区,トモキッズナーサリーかさま園,5歳,3.463203463203463,0.30735930735930733
令和7,栄区,ニチイキッズさくら本郷台保育園,0歳,5.0,0.0
令和7,栄区,ニチイキッズさくら本郷台保育園,1歳,4.871272623307234,0.02574547533855319
令和7,栄区,ニチイキッズさくら本郷台保育園,2歳,5.0,0.0
令和7,栄区,ニチイキッズさくら本郷台保育園,3歳,5.0,0.0
令和7,栄区,ニチイキッズさくら本郷台保育園,4歳,4.613152804642167,0.07736943907156674
令和7,栄区,ニチイキッズさくら本郷台保育園,5歳,5.0,0.0
令和7,栄区,ベネッセ　本郷台保育園,0歳,5.0,0.0
令和7,栄区,ベネッセ　本郷台保育園,1歳,5.0,0.0
令和7,栄区,ベネッセ　本郷台保育園,2歳,5.0,0.0
令和7,栄区,ベネッセ　本郷台保育園,3歳,5.0,0.0
令和7,栄区,ベネッセ　本郷台保育園,4歳,5.0,0.0
令和7,栄区,ベネッセ　本郷台保育園,5歳,5.0,0.0
令和7,栄区,マームゆりかごおおふな保育園,0歳,5.0,0.0
令和7,栄区,マームゆりかごおおふな保育園,1歳,5.0,0.0
令和7,栄区,マームゆりかごおおふな保育園,2歳,5.0,0.0
令和7,栄区,マームゆりかごおおふな保育園,3歳,5.0,0.0
令和7,栄区,マームゆりかごおおふな保育園,4歳,5.0,0.0
令和7,栄区,マームゆりかごおおふな保育園,5歳,5.0,0.0
令和7,栄区,上郷いちい保育園,0歳,5.0,0.0
令和7,栄区,上郷いちい保育園,1歳,5.0,0.0
令和7,栄区,上郷いちい保育園,2歳,5.0,0.0
令和7,栄区,上郷いちい保育園,3歳,5.0,0.0
令和7,栄区,上郷いちい保育園,4歳,5.0,0.0
令和7,栄区,上郷いちい保育園,5歳,5.0,0.0
令和7,栄区,大船わかば保育園,0歳,5.0,0.0
令和7,栄区,大船わかば保育園,1歳,5.0,0.0
令和7,栄区,大船わかば保育園,2歳,4.318181818181818,0.13636363636363635
令和7,栄区,大船わかば保育園,3歳,5.0,0.0
令和7,栄区,大船わかば保育園,4歳,5.0,0.0
令和7,栄区,大船わかば保育園,5歳,5.0,0.0
令和7,栄区,大船ルーテル保育園,0歳,4.469310440676877,0.10613791186462444
令和7,栄区,大船ルーテル保育園,1歳,4.700025735057582,0.05999485298848357
令和7,栄区,大船ルーテル保育園,2歳,4.786990209023643,0.04260195819527144
令和7,栄区,大船ルーテル保育園,3歳,5.0,0.0
令和7,栄区,大船ルーテル保育園,4歳,4.7727272727272725,0.045454545454545456
令和7,栄区,大船ルーテル保育園,5歳,4.7727272727272725,0.045454545454545456
令和7,栄区,杜ちゃいるど園,0歳,5.0,0.0
令和7,栄区,杜ちゃいるど園,1歳,5.0,0.0
令和7,栄区,杜ちゃいるど園,2歳,5.0,0.0
令和7,栄区,杜ちゃいるど園,3歳,5.0,0.0
令和7,栄区,杜ちゃいるど園,4歳,5.0,0.0
令和7,栄区,杜ちゃいるど園,5歳,5.0,0.0
令和7,栄区,横浜市公田保育園,0歳,5.0,0.0
令和7,栄区,横浜市公田保育園,1歳,5.0,0.0
令和7,栄区,横浜市公田保育園,2歳,4.579303675048356,0.08413926499032881
令和7,栄区,横浜市公田保育園,3歳,5.0,0.0
令和7,栄区,横浜市公田保育園,4歳,0.962121212121212,0.8075757575757575
令和7,栄区,横浜市公田保育園,5歳,1.25,0.75
令和7,栄区,横浜市桂台保育園,0歳,4.434899685212576,0.11302006295748473
令和7,栄区,横浜市桂台保育園,1歳,5.0,0.0
令和7,栄区,横浜市桂台保育園,2歳,5.0,0.0
令和7,栄区,横浜市桂台保育園,3歳,4.754299754299755,0.04914004914004913
令和7,栄区,横浜市桂台保育園,4歳,4.318181818181818,0.13636363636363635
令和7,栄区,横浜市桂台保育園,5歳,4.659090909090909,0.06818181818181818
令和7,栄区,横浜市飯島保育園,0歳,5.0,0.0
令和7,栄区,横浜市飯島保育園,1歳,4.889135254988914,0.022172949002217297
令和7,栄区,横浜市飯島保育園,2歳,4.831649831649832,0.03367003367003367
令和7,栄区,横浜市飯島保育園,3歳,4.7727272727272725,0.045454545454545456
令和7,栄区,横浜市飯島保育園,4歳,3.4767891682785304,0.304642166344294
令和7,栄区,横浜市飯島保育園,5歳,4.166666666666667,0.16666666666666666
令和7,栄区,芸術の森保育園,0歳,4.00709219858156,0.19858156028368795
令和7,栄区,芸術の森保育園,1歳,5.0,0.0
令和7,栄区,芸術の森保育園,2歳,5.0,0.0
令和7,栄区,芸術の森保育園,3歳,5.0,0.0
令和7,栄区,芸術の森保育園,4歳,5.0,0.0
令和7,栄区,芸術の森保育園,5歳,5.0,0.0
令和7,栄区,認定こども園　いのやま保育園,0歳,4.053030303030304,0.18939393939393936
令和7,栄区,認定こども園　いのやま保育園,1歳,5.0,0.0
令和7,栄区,認定こども園　いのやま保育園,2歳,4.889135254988914,0.022172949002217297
令和7,栄区,認定こども園　いのやま保育園,3歳,5.0,0.0
令和7,栄区,認定こども園　いのやま保育園,4歳,5.0,0.0
令和7,栄区,認定こども園　いのやま保育園,5歳,5.0,0.0
令和7,栄区,認定こども園　中野どんぐり保育園,0歳,5.0,0.0
令和7,栄区,認定こども園　中野どんぐり保育園,1歳,5.0,0.0
令和7,栄区,認定こども園　中野どんぐり保育園,2歳,5.0,0.0
令和7,栄区,認定こども園　中野どんぐり保育園,3歳,5.0,0.0
令和7,栄区,認定こども園　中野どんぐり保育園,4歳,5.0,0.0
令和7,栄区,認定こども園　中野どんぐり保育園,5歳,5.0,0.0
令和7,栄区,認定こども園　飯島東保育園,0歳,5.0,0.0
令和7,栄区,認定こども園　飯島東保育園,1歳,5.0,0.0
令和7,栄区,認定こども園　飯島東保育園,2歳,5.0,0.0
令和7,栄区,認定こども園　飯島東保育園,3歳,5.0,0.0
令和7,栄区,認定こども園　飯島東保育園,4歳,5.0,0.0
令和7,栄区,認定こども園　飯島東保育園,5歳,5.0,0.0
令和7,泉区,えんがわ,0歳,5.0,0.0
令和7,泉区,えんがわ,1歳,5.0,0.0
令和7,泉区,えんがわ,2歳,5.0,0.0
令和7,泉区,えんがわ,3歳,5.0,0.0
令和7,泉区,えんがわ,4歳,5.0,0.0
令和7,泉区,えんがわ,5歳,5.0,0.0
令和7,泉区,くるみ保育園,0歳,4.806576402321084,0.03868471953578337
令和7,泉区,くるみ保育園,1歳,5.0,0.0
令和7,泉区,くるみ保育園,2歳,5.0,0.0
令和7,泉区,くるみ保育園,3歳,3.409090909090909,0.3181818181818182
令和7,泉区,くるみ保育園,4歳,5.0,0.0
令和7,泉区,くるみ保育園,5歳,5.0,0.0
令和7,泉区,なかよしこども園,0歳,5.0,0.0
令和7,泉区,なかよしこども園,1歳,5.0,0.0
令和7,泉区,なかよしこども園,2歳,5.0,0.0
令和7,泉区,なかよしこども園,3歳,2.652376664665733,0.4695246670668535
令和7,泉区,なかよしこども園,4歳,5.0,0.0
令和7,泉区,なかよしこども園,5歳,5.0,0.0
令和7,泉区,にじいろ保育園いずみ中央,0歳,5.0,0.0
令和7,泉区,にじいろ保育園いずみ中央,1歳,5.0,0.0
令和7,泉区,にじいろ保育園いずみ中央,2歳,5.0,0.0
令和7,泉区,にじいろ保育園いずみ中央,3歳,5.0,0.0
令和7,泉区,にじいろ保育園いずみ中央,4歳,5.0,0.0
令和7,泉区,にじいろ保育園いずみ中央,5歳,4.7727272727272725,0.045454545454545456
令和7,泉区,ぬくもりの森しんばし　やよい台こども園,0歳,5.0,0.0
令和7,泉区,ぬくもりの森しんばし　やよい台こども園,1歳,4.579303675048356,0.08413926499032881
令和7,泉区,ぬくもりの森しんばし　やよい台こども園,2歳,5.0,0.0
令和7,泉区,ぬくもりの森しんばし　やよい台こども園,3歳,0.7142857142857145,0.8571428571428572
令和7,泉区,ぬくもりの森しんばし　やよい台こども園,4歳,1.5151515151515154,0.6969696969696969
令和7,泉区,ぬくもりの森しんばし　やよい台こども園,5歳,3.484848484848485,0.303030303030303
令和7,泉区,ふたば保育園,0歳,3.0929702496276055,0.38140595007447897
令和7,泉区,ふたば保育園,1歳,5.0,0.0
令和7,泉区,ふたば保育園,2歳,5.0,0.0
令和7,泉区,ふたば保育園,3歳,3.5606060606060606,0.28787878787878785
令和7,泉区,ふたば保育園,4歳,4.7727272727272725,0.045454545454545456
令和7,泉区,ふたば保育園,5歳,3.6363636363636362,0.2727272727272727
令和7,泉区,もも保育園,0歳,4.806576402321084,0.03868471953578337
令和7,泉区,もも保育園,1歳,5.0,0.0
令和7,泉区,もも保育園,2歳,5.0,0.0
令和7,泉区,もも保育園,3歳,5.0,0.0
令和7,泉区,もも保育園,4歳,5.0,0.0
令和7,泉区,もも保育園,5歳,5.0,0.0
令和7,泉区,エンゼルおおぞら保育園,0歳,5.0,0.0
令和7,泉区,エンゼルおおぞら保育園,1歳,5.0,0.0
令和7,泉区,エンゼルおおぞら保育園,2歳,5.0,0.0
令和7,泉区,エンゼルおおぞら保育園,3歳,5.0,0.0
令和7,泉区,エンゼルおおぞら保育園,4歳,5.0,0.0
令和7,泉区,エンゼルおおぞら保育園,5歳,5.0,0.0
令和7,泉区,グロウアップ  モンテッソーリ子どもの家　立場園,0歳,5.0,0.0
令和7,泉区,グロウアップ  モンテッソーリ子どもの家　立場園,1歳,5.0,0.0
令和7,泉区,グロウアップ  モンテッソーリ子どもの家　立場園,2歳,4.90530303030303,0.01893939393939394
令和7,泉区,グロウアップ  モンテッソーリ子どもの家　立場園,3歳,5.0,0.0
令和7,泉区,グロウアップ  モンテッソーリ子どもの家　立場園,4歳,5.0,0.0
令和7,泉区,グロウアップ  モンテッソーリ子どもの家　立場園,5歳,5.0,0.0
令和7,泉区,サクラフェリーチェ保育園,0歳,4.242424242424242,0.1515151515151515
令和7,泉区,サクラフェリーチェ保育園,1歳,5.0,0.0
令和7,泉区,サクラフェリーチェ保育園,2歳,5.0,0.0
令和7,泉区,サクラフェリーチェ保育園,3歳,5.0,0.0
令和7,泉区,サクラフェリーチェ保育園,4歳,5.0,0.0
令和7,泉区,サクラフェリーチェ保育園,5歳,5.0,0.0
令和7,泉区,ベイキッズおひさま保育園,0歳,4.090909090909091,0.18181818181818182
令和7,泉区,ベイキッズおひさま保育園,1歳,5.0,0.0
令和7,泉区,ベイキッズおひさま保育園,2歳,5.0,0.0
令和7,泉区,ベイキッズおひさま保育園,3歳,5.0,0.0
令和7,泉区,ベイキッズおひさま保育園,4歳,5.0,0.0
令和7,泉区,ベイキッズおひさま保育園,5歳,5.0,0.0
令和7,泉区,マーヤ保育園,0歳,3.7878787878787885,0.2424242424242424
令和7,泉区,マーヤ保育園,1歳,5.0,0.0
令和7,泉区,マーヤ保育園,2歳,4.85096870342772,0.02980625931445604
令和7,泉区,マーヤ保育園,3歳,5.0,0.0
令和7,泉区,マーヤ保育園,4歳,5.0,0.0
令和7,泉区,マーヤ保育園,5歳,5.0,0.0
令和7,泉区,中田いちご保育園,0歳,5.0,0.0
令和7,泉区,中田いちご保育園,1歳,5.0,0.0
令和7,泉区,中田いちご保育園,2歳,5.0,0.0
令和7,泉区,中田いちご保育園,3歳,5.0,0.0
令和7,泉区,中田いちご保育園,4歳,5.0,0.0
令和7,泉区,中田いちご保育園,5歳,5.0,0.0
令和7,泉区,中田ひまわり保育室,0歳,4.545454545454546,0.09090909090909091
令和7,泉区,中田ひまわり保育室,1歳,5.0,0.0
令和7,泉区,中田ひまわり保育室,2歳,5.0,0.0
令和7,泉区,中田ひまわり保育室,3歳,5.0,0.0
令和7,泉区,中田ひまわり保育室,4歳,5.0,0.0
令和7,泉区,中田ひまわり保育室,5歳,5.0,0.0
令和7,泉区,中田保育園,0歳,3.6363636363636362,0.2727272727272727
令和7,泉区,中田保育園,1歳,5.0,0.0
令和7,泉区,中田保育園,2歳,5.0,0.0
令和7,泉区,中田保育園,3歳,5.0,0.0
令和7,泉区,中田保育園,4歳,5.0,0.0
令和7,泉区,中田保育園,5歳,5.0,0.0
令和7,泉区,中田駅前　はまっこ保育園,0歳,4.7727272727272725,0.045454545454545456
令和7,泉区,中田駅前　はまっこ保育園,1歳,5.0,0.0
令和7,泉区,中田駅前　はまっこ保育園,2歳,5.0,0.0
令和7,泉区,中田駅前　はまっこ保育園,3歳,5.0,0.0
令和7,泉区,中田駅前　はまっこ保育園,4歳,5.0,0.0
令和7,泉区,中田駅前　はまっこ保育園,5歳,5.0,0.0
令和7,泉区,小学館アカデミーりょくえんとし保育園,0歳,4.090909090909091,0.18181818181818182
令和7,泉区,小学館アカデミーりょくえんとし保育園,1歳,5.0,0.0
令和7,泉区,小学館アカデミーりょくえんとし保育園,2歳,5.0,0.0
令和7,泉区,小学館アカデミーりょくえんとし保育園,3歳,3.75,0.25
令和7,泉区,小学館アカデミーりょくえんとし保育園,4歳,5.0,0.0
令和7,泉区,小学館アカデミーりょくえんとし保育園,5歳,5.0,0.0
令和7,泉区,御霊神社保育園,0歳,5.0,0.0
令和7,泉区,御霊神社保育園,1歳,5.0,0.0
令和7,泉区,御霊神社保育園,2歳,5.0,0.0
令和7,泉区,御霊神社保育園,3歳,5.0,0.0
令和7,泉区,御霊神社保育園,4歳,5.0,0.0
令和7,泉区,御霊神社保育園,5歳,5.0,0.0
令和7,泉区,横浜ルンビニー保育園,0歳,5.0,0.0
令和7,泉区,横浜ルンビニー保育園,1歳,5.0,0.0
令和7,泉区,横浜ルンビニー保育園,2歳,5.0,0.0
令和7,泉区,横浜ルンビニー保育園,3歳,5.0,0.0
令和7,泉区,横浜ルンビニー保育園,4歳,5.0,0.0
令和7,泉区,横浜ルンビニー保育園,5歳,5.0,0.0
令和7,泉区,横浜市北上飯田保育園,0歳,3.1162724422912507,0.3767455115417498
令和7,泉区,横浜市北上飯田保育園,1歳,4.866310160427807,0.026737967914438502
令和7,泉区,横浜市北上飯田保育園,2歳,4.46969696969697,0.10606060606060605
令和7,泉区,横浜市北上飯田保育園,3歳,3.8636363636363638,0.22727272727272727
令和7,泉区,横浜市北上飯田保育園,4歳,1.0454545454545452,0.790909090909091
令和7,泉区,横浜市北上飯田保育園,5歳,0.5303030303030304,0.893939393939394
令和7,泉区,横浜市和泉保育園,0歳,5.0,0.0
令和7,泉区,横浜市和泉保育園,1歳,4.7805642633228835,0.0438871473354232
令和7,泉区,横浜市和泉保育園,2歳,4.911738746690204,0.0176522506619594
令和7,泉区,横浜市和泉保育園,3歳,1.4772727272727273,0.7045454545454546
令和7,泉区,横浜市和泉保育園,4歳,3.1060606060606064,0.37878787878787873
令和7,泉区,横浜市和泉保育園,5歳,0.58300395256917,0.883399209486166
令和7,泉区,横浜文化保育園,0歳,3.3295454545454546,0.33409090909090905
令和7,泉区,横浜文化保育園,1歳,5.0,0.0
令和7,泉区,横浜文化保育園,2歳,5.0,0.0
令和7,泉区,横浜文化保育園,3歳,0.6655844155844157,0.8668831168831168
令和7,泉区,横浜文化保育園,4歳,5.0,0.0
令和7,泉区,横浜文化保育園,5歳,2.0833333333333335,0.5833333333333333
令和7,泉区,泉の郷保育園いずみ,0歳,5.0,0.0
令和7,泉区,泉の郷保育園いずみ,1歳,5.0,0.0
令和7,泉区,泉の郷保育園いずみ,2歳,5.0,0.0
令和7,泉区,泉の郷保育園いずみ,3歳,4.053030303030304,0.18939393939393936
令和7,泉区,泉の郷保育園いずみ,4歳,4.7727272727272725,0.045454545454545456
令和7,泉区,泉の郷保育園いずみ,5歳,1.25,0.75
令和7,泉区,泉の郷保育園なかだ,0歳,5.0,0.0
令和7,泉区,泉の郷保育園なかだ,1歳,5.0,0.0
令和7,泉区,泉の郷保育園なかだ,2歳,5.0,0.0
令和7,泉区,泉の郷保育園なかだ,3歳,5.0,0.0
令和7,泉区,泉の郷保育園なかだ,4歳,5.0,0.0
令和7,泉区,泉の郷保育園なかだ,5歳,5.0,0.0
令和7,泉区,白梅いずみ保育園,0歳,5.0,0.0
令和7,泉区,白梅いずみ保育園,1歳,4.93060374739764,0.013879250520471896
令和7,泉区,白梅いずみ保育園,2歳,5.0,0.0
令和7,泉区,白梅いずみ保育園,3歳,1.1590909090909092,0.7681818181818181
令和7,泉区,白梅いずみ保育園,4歳,2.727272727272727,0.45454545454545453
令和7,泉区,白梅いずみ保育園,5歳,5.0,0.0
令和7,泉区,白梅保育園,0歳,5.0,0.0
令和7,泉区,白梅保育園,1歳,5.0,0.0
令和7,泉区,白梅保育園,2歳,5.0,0.0
令和7,泉区,白梅保育園,3歳,5.0,0.0
令和7,泉区,白梅保育園,4歳,4.090909090909091,0.18181818181818182
令和7,泉区,白梅保育園,5歳,5.0,0.0
令和7,泉区,白百合愛児園,0歳,5.0,0.0
令和7,泉区,白百合愛児園,1歳,5.0,0.0
令和7,泉区,白百合愛児園,2歳,5.0,0.0
令和7,泉区,白百合愛児園,3歳,4.090909090909091,0.18181818181818182
令和7,泉区,白百合愛児園,4歳,5.0,0.0
令和7,泉区,白百合愛児園,5歳,5.0,0.0
令和7,泉区,立場らびっと保育園,0歳,5.0,0.0
令和7,泉区,立場らびっと保育園,1歳,5.0,0.0
令和7,泉区,立場らびっと保育園,2歳,5.0,0.0
令和7,泉区,立場らびっと保育園,3歳,5.0,0.0
令和7,泉区,立場らびっと保育園,4歳,5.0,0.0
令和7,泉区,立場らびっと保育園,5歳,5.0,0.0
令和7,泉区,立場エンゼル保育園,0歳,5.0,0.0
令和7,泉区,立場エンゼル保育園,1歳,4.942824471126358,0.011435105774728416
令和7,泉区,立場エンゼル保育園,2歳,5.0,0.0
令和7,泉区,立場エンゼル保育園,3歳,5.0,0.0
令和7,泉区,立場エンゼル保育園,4歳,5.0,0.0
令和7,泉区,立場エンゼル保育園,5歳,5.0,0.0
令和7,泉区,緑園なえば保育園,0歳,5.0,0.0
令和7,泉区,緑園なえば保育園,1歳,5.0,0.0
令和7,泉区,緑園なえば保育園,2歳,5.0,0.0
令和7,泉区,緑園なえば保育園,3歳,5.0,0.0
令和7,泉区,緑園なえば保育園,4歳,1.666666666666667,0.6666666666666666
令和7,泉区,緑園なえば保育園,5歳,5.0,0.0
令和7,泉区,苗場保育園,0歳,3.8217279174725984,0.23565441650548033
令和7,泉区,苗場保育園,1歳,4.411248114453399,0.1177503771093201
令和7,泉区,苗場保育園,2歳,5.0,0.0
令和7,泉区,苗場保育園,3歳,3.106060606060606,0.37878787878787884
令和7,泉区,苗場保育園,4歳,2.5,0.5
令和7,泉区,苗場保育園,5歳,4.090909090909091,0.18181818181818182
令和7,泉区,認定こども園  いづみ幼稚園,0歳,5.0,0.0
令和7,泉区,認定こども園  いづみ幼稚園,1歳,5.0,0.0
令和7,泉区,認定こども園  いづみ幼稚園,2歳,5.0,0.0
令和7,泉区,認定こども園  いづみ幼稚園,3歳,5.0,0.0
令和7,泉区,認定こども園  いづみ幼稚園,4歳,5.0,0.0
令和7,泉区,認定こども園  いづみ幼稚園,5歳,5.0,0.0
令和7,泉区,認定こども園  泉ヶ丘幼稚園,0歳,5.0,0.0
令和7,泉区,認定こども園  泉ヶ丘幼稚園,1歳,5.0,0.0
令和7,泉区,認定こども園  泉ヶ丘幼稚園,2歳,5.0,0.0
令和7,泉区,認定こども園  泉ヶ丘幼稚園,3歳,5.0,0.0
令和7,泉区,認定こども園  泉ヶ丘幼稚園,4歳,5.0,0.0
令和7,泉区,認定こども園  泉ヶ丘幼稚園,5歳,5.0,0.0
令和7,泉区,認定こども園　上飯田幼稚園,0歳,5.0,0.0
令和7,泉区,認定こども園　上飯田幼稚園,1歳,5.0,0.0
令和7,泉区,認定こども園　上飯田幼稚園,2歳,5.0,0.0
令和7,泉区,認定こども園　上飯田幼稚園,3歳,3.6121856866537714,0.2775628626692457
令和7,泉区,認定こども園　上飯田幼稚園,4歳,5.0,0.0
令和7,泉区,認定こども園　上飯田幼稚園,5歳,5.0,0.0
令和7,泉区,認定こども園　宮の台幼稚園,0歳,5.0,0.0
令和7,泉区,認定こども園　宮の台幼稚園,1歳,5.0,0.0
令和7,泉区,認定こども園　宮の台幼稚園,2歳,5.0,0.0
令和7,泉区,認定こども園　宮の台幼稚園,3歳,5.0,0.0
令和7,泉区,認定こども園　宮の台幼稚園,4歳,5.0,0.0
令和7,泉区,認定こども園　宮の台幼稚園,5歳,5.0,0.0
令和7,泉区,認定こども園　富士塚幼稚園・保育園,0歳,5.0,0.0
令和7,泉区,認定こども園　富士塚幼稚園・保育園,1歳,5.0,0.0
令和7,泉区,認定こども園　富士塚幼稚園・保育園,2歳,5.0,0.0
令和7,泉区,認定こども園　富士塚幼稚園・保育園,3歳,5.0,0.0
令和7,泉区,認定こども園　富士塚幼稚園・保育園,4歳,5.0,0.0
令和7,泉区,認定こども園　富士塚幼稚園・保育園,5歳,5.0,0.0
令和7,泉区,認定こども園　岡津幼稚園,0歳,5.0,0.0
令和7,泉区,認定こども園　岡津幼稚園,1歳,5.0,0.0
令和7,泉区,認定こども園　岡津幼稚園,2歳,5.0,0.0
令和7,泉区,認定こども園　岡津幼稚園,3歳,1.2272727272727273,0.7545454545454546
令和7,泉区,認定こども園　岡津幼稚園,4歳,0.7683982683982684,0.8463203463203464
令和7,泉区,認定こども園　岡津幼稚園,5歳,0.8333333333333331,0.8333333333333335
令和7,泉区,認定こども園　明成幼稚園,0歳,5.0,0.0
令和7,泉区,認定こども園　明成幼稚園,1歳,5.0,0.0
令和7,泉区,認定こども園　明成幼稚園,2歳,5.0,0.0
令和7,泉区,認定こども園　明成幼稚園,3歳,5.0,0.0
令和7,泉区,認定こども園　明成幼稚園,4歳,1.666666666666667,0.6666666666666666
令和7,泉区,認定こども園　明成幼稚園,5歳,5.0,0.0
令和7,泉区,認定こども園　ＹＭＣＡいずみ,0歳,5.0,0.0
令和7,泉区,認定こども園　ＹＭＣＡいずみ,1歳,5.0,0.0
令和7,泉区,認定こども園　ＹＭＣＡいずみ,2歳,4.069309811631157,0.1861380376737688
令和7,泉区,認定こども園　ＹＭＣＡいずみ,3歳,3.1818181818181817,0.36363636363636365
令和7,泉区,認定こども園　ＹＭＣＡいずみ,4歳,4.696969696969696,0.0606060606060606
令和7,泉区,認定こども園　ＹＭＣＡいずみ,5歳,5.0,0.0
令和7,泉区,領家キッズ保育園,0歳,4.694214876033058,0.06115702479338843
令和7,泉区,領家キッズ保育園,1歳,5.0,0.0
令和7,泉区,領家キッズ保育園,2歳,5.0,0.0
令和7,泉区,領家キッズ保育園,3歳,5.0,0.0
令和7,泉区,領家キッズ保育園,4歳,5.0,0.0
令和7,泉区,領家キッズ保育園,5歳,5.0,0.0
令和7,泉区,鳩の森愛の詩あすなろ保育園,0歳,4.116350067842605,0.17672998643147897
令和7,泉区,鳩の森愛の詩あすなろ保育園,1歳,5.0,0.0
令和7,泉区,鳩の森愛の詩あすなろ保育園,2歳,5.0,0.0
令和7,泉区,鳩の森愛の詩あすなろ保育園,3歳,2.878787878787879,0.42424242424242425
令和7,泉区,鳩の森愛の詩あすなろ保育園,4歳,5.0,0.0
令和7,泉区,鳩の森愛の詩あすなろ保育園,5歳,5.0,0.0
令和7,泉区,鳩の森愛の詩とことこ保育園,0歳,5.0,0.0
令和7,泉区,鳩の森愛の詩とことこ保育園,1歳,5.0,0.0
令和7,泉区,鳩の森愛の詩とことこ保育園,2歳,5.0,0.0
令和7,泉区,鳩の森愛の詩とことこ保育園,3歳,5.0,0.0
令和7,泉区,鳩の森愛の詩とことこ保育園,4歳,5.0,0.0
令和7,泉区,鳩の森愛の詩とことこ保育園,5歳,5.0,0.0
令和7,泉区,鳩の森愛の詩保育園,0歳,5.0,0.0
令和7,泉区,鳩の森愛の詩保育園,1歳,5.0,0.0
令和7,泉区,鳩の森愛の詩保育園,2歳,4.800423590746171,0.039915281850765726
令和7,泉区,鳩の森愛の詩保育園,3歳,5.0,0.0
令和7,泉区,鳩の森愛の詩保育園,4歳,5.0,0.0
令和7,泉区,鳩の森愛の詩保育園,5歳,5.0,0.0
令和7,泉区,ＧＥＮＫＩＤＳいずみ中央保育園,0歳,5.0,0.0
令和7,泉区,ＧＥＮＫＩＤＳいずみ中央保育園,1歳,5.0,0.0
令和7,泉区,ＧＥＮＫＩＤＳいずみ中央保育園,2歳,5.0,0.0
令和7,泉区,ＧＥＮＫＩＤＳいずみ中央保育園,3歳,5.0,0.0
令和7,泉区,ＧＥＮＫＩＤＳいずみ中央保育園,4歳,4.7727272727272725,0.045454545454545456
令和7,泉区,ＧＥＮＫＩＤＳいずみ中央保育園,5歳,5.0,0.0
令和7,泉区,ＧＥＮＫＩＤＳ緑園都市保育園,0歳,5.0,0.0
令和7,泉区,ＧＥＮＫＩＤＳ緑園都市保育園,1歳,5.0,0.0
令和7,泉区,ＧＥＮＫＩＤＳ緑園都市保育園,2歳,4.90530303030303,0.01893939393939394
令和7,泉区,ＧＥＮＫＩＤＳ緑園都市保育園,3歳,5.0,0.0
令和7,泉区,ＧＥＮＫＩＤＳ緑園都市保育園,4歳,3.8636363636363638,0.22727272727272727
令和7,泉区,ＧＥＮＫＩＤＳ緑園都市保育園,5歳,5.0,0.0
令和7,泉区,ＹＭＣＡ山手台保育園アルク,0歳,4.10873440285205,0.17825311942959002
令和7,泉区,ＹＭＣＡ山手台保育園アルク,1歳,5.0,0.0
令和7,泉区,ＹＭＣＡ山手台保育園アルク,2歳,5.0,0.0
令和7,泉区,ＹＭＣＡ山手台保育園アルク,3歳,4.7727272727272725,0.045454545454545456
令和7,泉区,ＹＭＣＡ山手台保育園アルク,4歳,5.0,0.0
令和7,泉区,ＹＭＣＡ山手台保育園アルク,5歳,5.0,0.0
令和7,港北区,Gakkenほいくえん日吉本町,0歳,5.0,0.0
令和7,港北区,Gakkenほいくえん日吉本町,1歳,5.0,0.0
令和7,港北区,Gakkenほいくえん日吉本町,2歳,4.7727272727272725,0.045454545454545456
令和7,港北区,Gakkenほいくえん日吉本町,3歳,4.318181818181818,0.13636363636363635
令和7,港北区,Gakkenほいくえん日吉本町,4歳,4.7727272727272725,0.045454545454545456
令和7,港北区,Gakkenほいくえん日吉本町,5歳,1.4318181818181817,0.7136363636363637
令和7,港北区,Gakkenほいくえん綱島,0歳,5.0,0.0
令和7,港北区,Gakkenほいくえん綱島,1歳,5.0,0.0
令和7,港北区,Gakkenほいくえん綱島,2歳,5.0,0.0
令和7,港北区,Gakkenほいくえん綱島,3歳,4.7727272727272725,0.045454545454545456
令和7,港北区,Gakkenほいくえん綱島,4歳,5.0,0.0
令和7,港北区,Gakkenほいくえん綱島,5歳,2.5,0.5
令和7,港北区,preschool ALICE Clover,0歳,5.0,0.0
令和7,港北区,preschool ALICE Clover,1歳,5.0,0.0
令和7,港北区,preschool ALICE Clover,2歳,5.0,0.0
令和7,港北区,preschool ALICE Clover,3歳,5.0,0.0
令和7,港北区,preschool ALICE Clover,4歳,5.0,0.0
令和7,港北区,preschool ALICE Clover,5歳,5.0,0.0
令和7,港北区,うみのくに保育園きくな,0歳,5.0,0.0
令和7,港北区,うみのくに保育園きくな,1歳,4.831649831649832,0.03367003367003367
令和7,港北区,うみのくに保育園きくな,2歳,3.6363636363636362,0.2727272727272727
令和7,港北区,うみのくに保育園きくな,3歳,3.9393939393939394,0.2121212121212121
令和7,港北区,うみのくに保育園きくな,4歳,3.897485493230174,0.2205029013539652
令和7,港北区,うみのくに保育園きくな,5歳,1.666666666666667,0.6666666666666666
令和7,港北区,おおくらやまえきまえのぞみ保育園,0歳,5.0,0.0
令和7,港北区,おおくらやまえきまえのぞみ保育園,1歳,5.0,0.0
令和7,港北区,おおくらやまえきまえのぞみ保育園,2歳,5.0,0.0
令和7,港北区,おおくらやまえきまえのぞみ保育園,3歳,5.0,0.0
令和7,港北区,おおくらやまえきまえのぞみ保育園,4歳,5.0,0.0
令和7,港北区,おおくらやまえきまえのぞみ保育園,5歳,1.4772727272727273,0.7045454545454546
令和7,港北区,おおつな保育園,0歳,4.128787878787879,0.17424242424242423
令和7,港北区,おおつな保育園,1歳,4.85096870342772,0.02980625931445604
令和7,港北区,おおつな保育園,2歳,3.931334622823985,0.2137330754352031
令和7,港北区,おおつな保育園,3歳,4.806576402321084,0.03868471953578337
令和7,港北区,おおつな保育園,4歳,3.1818181818181817,0.36363636363636365
令和7,港北区,おおつな保育園,5歳,2.6893939393939394,0.4621212121212121
令和7,港北区,おおつな森の保育園,0歳,5.0,0.0
令和7,港北区,おおつな森の保育園,1歳,5.0,0.0
令和7,港北区,おおつな森の保育園,2歳,5.0,0.0
令和7,港北区,おおつな森の保育園,3歳,5.0,0.0
令和7,港北区,おおつな森の保育園,4歳,2.575757575757576,0.4848484848484848
令和7,港北区,おおつな森の保育園,5歳,5.0,0.0
令和7,港北区,きゅーぴーるーむ大倉山園,0歳,3.761491317671093,0.24770173646578142
令和7,港北区,きゅーぴーるーむ大倉山園,1歳,2.083333333333333,0.5833333333333334
令和7,港北区,きゅーぴーるーむ大倉山園,2歳,5.0,0.0
令和7,港北区,きゅーぴーるーむ大倉山園,3歳,5.0,0.0
令和7,港北区,きゅーぴーるーむ大倉山園,4歳,5.0,0.0
令和7,港北区,きゅーぴーるーむ大倉山園,5歳,5.0,0.0
令和7,港北区,くじら保育園,0歳,5.0,0.0
令和7,港北区,くじら保育園,1歳,3.6363636363636362,0.2727272727272727
令和7,港北区,くじら保育園,2歳,4.545454545454546,0.09090909090909091
令和7,港北区,くじら保育園,3歳,5.0,0.0
令和7,港北区,くじら保育園,4歳,5.0,0.0
令和7,港北区,くじら保育園,5歳,5.0,0.0
令和7,港北区,くっくおさんぽ保育園,0歳,4.831649831649832,0.03367003367003367
令和7,港北区,くっくおさんぽ保育園,1歳,5.0,0.0
令和7,港北区,くっくおさんぽ保育園,2歳,5.0,0.0
令和7,港北区,くっくおさんぽ保育園,3歳,3.1818181818181817,0.36363636363636365
令和7,港北区,くっくおさんぽ保育園,4歳,3.249516441005803,0.35009671179883944
令和7,港北区,くっくおさんぽ保育園,5歳,1.6287878787878791,0.6742424242424242
令和7,港北区,くっくおさんぽ保育園ふとお,0歳,5.0,0.0
令和7,港北区,くっくおさんぽ保育園ふとお,1歳,5.0,0.0
令和7,港北区,くっくおさんぽ保育園ふとお,2歳,5.0,0.0
令和7,港北区,くっくおさんぽ保育園ふとお,3歳,5.0,0.0
令和7,港北区,くっくおさんぽ保育園ふとお,4歳,2.1136363636363638,0.5772727272727273
令和7,港北区,くっくおさんぽ保育園ふとお,5歳,1.666666666666667,0.6666666666666666
令和7,港北区,くっくおさんぽ保育園大倉山,0歳,3.54978354978355,0.29004329004329005
令和7,港北区,くっくおさんぽ保育園大倉山,1歳,3.272727272727273,0.34545454545454546
令和7,港北区,くっくおさんぽ保育園大倉山,2歳,1.8603896103896105,0.627922077922078
令和7,港北区,くっくおさんぽ保育園大倉山,3歳,1.696969696969697,0.6606060606060606
令和7,港北区,くっくおさんぽ保育園大倉山,4歳,1.4277885235332042,0.7144422952933591
令和7,港北区,くっくおさんぽ保育園大倉山,5歳,2.4242424242424243,0.5151515151515151
令和7,港北区,こどものまち綱島西保育園,0歳,5.0,0.0
令和7,港北区,こどものまち綱島西保育園,1歳,3.825757575757576,0.23484848484848483
令和7,港北区,こどものまち綱島西保育園,2歳,4.090909090909091,0.18181818181818182
令和7,港北区,こどものまち綱島西保育園,3歳,2.803030303030303,0.4393939393939394
令和7,港北区,こどものまち綱島西保育園,4歳,4.090909090909091,0.18181818181818182
令和7,港北区,こどものまち綱島西保育園,5歳,0.6450216450216449,0.870995670995671
令和7,港北区,さくらんぼ保育園,0歳,4.85096870342772,0.02980625931445604
令和7,港北区,さくらんぼ保育園,1歳,5.0,0.0
令和7,港北区,さくらんぼ保育園,2歳,2.9924242424242427,0.40151515151515144
令和7,港北区,さくらんぼ保育園,3歳,2.272727272727273,0.5454545454545454
令和7,港北区,さくらんぼ保育園,4歳,2.575757575757576,0.4848484848484848
令和7,港北区,さくらんぼ保育園,5歳,5.0,0.0
令和7,港北区,しんよしだこども園（保育所部分）,0歳,5.0,0.0
令和7,港北区,しんよしだこども園（保育所部分）,1歳,5.0,0.0
令和7,港北区,しんよしだこども園（保育所部分）,2歳,5.0,0.0
令和7,港北区,しんよしだこども園（保育所部分）,3歳,2.537878787878788,0.4924242424242424
令和7,港北区,しんよしだこども園（保育所部分）,4歳,5.0,0.0
令和7,港北区,しんよしだこども園（保育所部分）,5歳,5.0,0.0
令和7,港北区,たかた保育園,0歳,5.0,0.0
令和7,港北区,たかた保育園,1歳,5.0,0.0
令和7,港北区,たかた保育園,2歳,4.377104377104377,0.12457912457912457
令和7,港北区,たかた保育園,3歳,5.0,0.0
令和7,港北区,たかた保育園,4歳,2.4895506792058515,0.5020898641588297
令和7,港北区,たかた保育園,5歳,4.545454545454546,0.09090909090909091
令和7,港北区,たんぽぽ保育園,0歳,5.0,0.0
令和7,港北区,たんぽぽ保育園,1歳,4.377104377104377,0.12457912457912457
令和7,港北区,たんぽぽ保育園,2歳,4.7727272727272725,0.045454545454545456
令和7,港北区,たんぽぽ保育園,3歳,5.0,0.0
令和7,港北区,たんぽぽ保育園,4歳,4.7727272727272725,0.045454545454545456
令和7,港北区,たんぽぽ保育園,5歳,5.0,0.0
令和7,港北区,ちいさなたね保育園,0歳,5.0,0.0
令和7,港北区,ちいさなたね保育園,1歳,5.0,0.0
令和7,港北区,ちいさなたね保育園,2歳,4.545454545454546,0.09090909090909091
令和7,港北区,ちいさなたね保育園,3歳,5.0,0.0
令和7,港北区,ちいさなたね保育園,4歳,3.1818181818181817,0.36363636363636365
令和7,港北区,ちいさなたね保育園,5歳,2.0454545454545454,0.5909090909090909
令和7,港北区,つばき駅前保育園,0歳,5.0,0.0
令和7,港北区,つばき駅前保育園,1歳,5.0,0.0
令和7,港北区,つばき駅前保育園,2歳,2.3106060606060606,0.537878787878788
令和7,港北区,つばき駅前保育園,3歳,2.1893939393939394,0.5621212121212121
令和7,港北区,つばき駅前保育園,4歳,2.4621212121212124,0.5075757575757576
令和7,港北区,つばき駅前保育園,5歳,5.0,0.0
令和7,港北区,なあな保育園,0歳,5.0,0.0
令和7,港北区,なあな保育園,1歳,5.0,0.0
令和7,港北区,なあな保育園,2歳,5.0,0.0
令和7,港北区,なあな保育園,3歳,4.7727272727272725,0.045454545454545456
令和7,港北区,なあな保育園,4歳,5.0,0.0
令和7,港北区,なあな保育園,5歳,5.0,0.0
令和7,港北区,にじいろ保育園日吉,0歳,4.8226584022038566,0.03546831955922865
令和7,港北区,にじいろ保育園日吉,1歳,5.0,0.0
令和7,港北区,にじいろ保育園日吉,2歳,4.583589024283335,0.08328219514333304
令和7,港北区,にじいろ保育園日吉,3歳,5.0,0.0
令和7,港北区,にじいろ保育園日吉,4歳,4.696969696969696,0.0606060606060606
令和7,港北区,にじいろ保育園日吉,5歳,4.7727272727272725,0.045454545454545456
令和7,港北区,にじいろ保育園箕輪町,0歳,5.0,0.0
令和7,港北区,にじいろ保育園箕輪町,1歳,5.0,0.0
令和7,港北区,にじいろ保育園箕輪町,2歳,4.545454545454546,0.09090909090909091
令和7,港北区,にじいろ保育園箕輪町,3歳,3.106060606060606,0.37878787878787884
令和7,港北区,にじいろ保育園箕輪町,4歳,2.1818181818181817,0.5636363636363636
令和7,港北区,にじいろ保育園箕輪町,5歳,0.38461538461538436,0.9230769230769232
令和7,港北区,にじいろ保育園綱島,0歳,5.0,0.0
令和7,港北区,にじいろ保育園綱島,1歳,5.0,0.0
令和7,港北区,にじいろ保育園綱島,2歳,3.1818181818181817,0.36363636363636365
令和7,港北区,にじいろ保育園綱島,3歳,5.0,0.0
令和7,港北区,にじいろ保育園綱島,4歳,2.272727272727273,0.5454545454545454
令和7,港北区,にじいろ保育園綱島,5歳,0.7359307359307361,0.8528138528138528
令和7,港北区,にじいろ保育園綱島東,0歳,5.0,0.0
令和7,港北区,にじいろ保育園綱島東,1歳,5.0,0.0
令和7,港北区,にじいろ保育園綱島東,2歳,5.0,0.0
令和7,港北区,にじいろ保育園綱島東,3歳,4.090909090909091,0.18181818181818182
令和7,港北区,にじいろ保育園綱島東,4歳,1.9632034632034632,0.6073593073593074
令和7,港北区,にじいろ保育園綱島東,5歳,0.4545454545454547,0.9090909090909091
令和7,港北区,はなまる保育園,0歳,4.678030303030304,0.06439393939393939
令和7,港北区,はなまる保育園,1歳,4.831649831649832,0.03367003367003367
令和7,港北区,はなまる保育園,2歳,2.8636363636363638,0.4272727272727273
令和7,港北区,はなまる保育園,3歳,5.0,0.0
令和7,港北区,はなまる保育園,4歳,5.0,0.0
令和7,港北区,はなまる保育園,5歳,5.0,0.0
令和7,港北区,ばばほいくしつ綱島,0歳,5.0,0.0
令和7,港北区,ばばほいくしつ綱島,1歳,4.545454545454546,0.09090909090909091
令和7,港北区,ばばほいくしつ綱島,2歳,1.5454545454545459,0.6909090909090909
令和7,港北区,ばばほいくしつ綱島,3歳,5.0,0.0
令和7,港北区,ばばほいくしつ綱島,4歳,5.0,0.0
令和7,港北区,ばばほいくしつ綱島,5歳,5.0,0.0
令和7,港北区,ぶれすと新横浜ほいくえん,0歳,5.0,0.0
令和7,港北区,ぶれすと新横浜ほいくえん,1歳,5.0,0.0
令和7,港北区,ぶれすと新横浜ほいくえん,2歳,5.0,0.0
令和7,港北区,ぶれすと新横浜ほいくえん,3歳,5.0,0.0
令和7,港北区,ぶれすと新横浜ほいくえん,4歳,5.0,0.0
令和7,港北区,ぶれすと新横浜ほいくえん,5歳,5.0,0.0
令和7,港北区,ぶれすと綱島ほいくえん,0歳,5.0,0.0
令和7,港北区,ぶれすと綱島ほいくえん,1歳,5.0,0.0
令和7,港北区,ぶれすと綱島ほいくえん,2歳,4.7727272727272725,0.045454545454545456
令和7,港北区,ぶれすと綱島ほいくえん,3歳,3.1818181818181817,0.36363636363636365
令和7,港北区,ぶれすと綱島ほいくえん,4歳,4.545454545454546,0.09090909090909091
令和7,港北区,ぶれすと綱島ほいくえん,5歳,1.325757575757576,0.7348484848484849
令和7,港北区,ぶれすと綱島二階ほいくえん,0歳,5.0,0.0
令和7,港北区,ぶれすと綱島二階ほいくえん,1歳,5.0,0.0
令和7,港北区,ぶれすと綱島二階ほいくえん,2歳,4.545454545454546,0.09090909090909091
令和7,港北区,ぶれすと綱島二階ほいくえん,3歳,2.651515151515152,0.46969696969696967
令和7,港北区,ぶれすと綱島二階ほいくえん,4歳,2.803030303030303,0.4393939393939394
令和7,港北区,ぶれすと綱島二階ほいくえん,5歳,1.287878787878788,0.7424242424242423
令和7,港北区,まなびの森　ヴィラ日吉こども園,0歳,5.0,0.0
令和7,港北区,まなびの森　ヴィラ日吉こども園,1歳,5.0,0.0
令和7,港北区,まなびの森　ヴィラ日吉こども園,2歳,5.0,0.0
令和7,港北区,まなびの森　ヴィラ日吉こども園,3歳,4.090909090909091,0.18181818181818182
令和7,港北区,まなびの森　ヴィラ日吉こども園,4歳,3.1818181818181817,0.36363636363636365
令和7,港北区,まなびの森　ヴィラ日吉こども園,5歳,1.628787878787879,0.6742424242424243
令和7,港北区,まなびの森　日吉こども園,0歳,5.0,0.0
令和7,港北区,まなびの森　日吉こども園,1歳,5.0,0.0
令和7,港北区,まなびの森　日吉こども園,2歳,4.545454545454546,0.09090909090909091
令和7,港北区,まなびの森　日吉こども園,3歳,5.0,0.0
令和7,港北区,まなびの森　日吉こども園,4歳,3.931334622823985,0.2137330754352031
令和7,港北区,まなびの森　日吉こども園,5歳,5.0,0.0
令和7,港北区,まなびの森　綱島こども園,0歳,5.0,0.0
令和7,港北区,まなびの森　綱島こども園,1歳,5.0,0.0
令和7,港北区,まなびの森　綱島こども園,2歳,3.670212765957447,0.26595744680851063
令和7,港北区,まなびの森　綱島こども園,3歳,5.0,0.0
令和7,港北区,まなびの森　綱島こども園,4歳,4.090909090909091,0.18181818181818182
令和7,港北区,まなびの森　綱島こども園,5歳,5.0,0.0
令和7,港北区,まなびの森　菊名こども園,0歳,5.0,0.0
令和7,港北区,まなびの森　菊名こども園,1歳,5.0,0.0
令和7,港北区,まなびの森　菊名こども園,2歳,5.0,0.0
令和7,港北区,まなびの森　菊名こども園,3歳,3.8636363636363638,0.22727272727272727
令和7,港北区,まなびの森　菊名こども園,4歳,5.0,0.0
令和7,港北区,まなびの森　菊名こども園,5歳,5.0,0.0
令和7,港北区,まめどくれっしゅ,0歳,5.0,0.0
令和7,港北区,まめどくれっしゅ,1歳,5.0,0.0
令和7,港北区,まめどくれっしゅ,2歳,4.545454545454546,0.09090909090909091
令和7,港北区,まめどくれっしゅ,3歳,4.7727272727272725,0.045454545454545456
令和7,港北区,まめどくれっしゅ,4歳,5.0,0.0
令和7,港北区,まめどくれっしゅ,5歳,2.5,0.5
令和7,港北区,みのわのぞみ保育園,0歳,5.0,0.0
令和7,港北区,みのわのぞみ保育園,1歳,5.0,0.0
令和7,港北区,みのわのぞみ保育園,2歳,4.545454545454546,0.09090909090909091
令和7,港北区,みのわのぞみ保育園,3歳,2.25,0.5499999999999999
令和7,港北区,みのわのぞみ保育園,4歳,2.090909090909091,0.5818181818181819
令和7,港北区,みのわのぞみ保育園,5歳,3.8636363636363638,0.22727272727272727
令和7,港北区,みらいく日吉本町園,0歳,4.7727272727272725,0.045454545454545456
令和7,港北区,みらいく日吉本町園,1歳,3.2471264367816093,0.3505747126436782
令和7,港北区,みらいく日吉本町園,2歳,1.2586580086580088,0.7482683982683983
令和7,港北区,みらいく日吉本町園,3歳,5.0,0.0
令和7,港北区,みらいく日吉本町園,4歳,5.0,0.0
令和7,港北区,みらいく日吉本町園,5歳,5.0,0.0
令和7,港北区,みらいく矢上園,0歳,4.169150521609538,0.1661698956780924
令和7,港北区,みらいく矢上園,1歳,5.0,0.0
令和7,港北区,みらいく矢上園,2歳,3.0303030303030307,0.3939393939393939
令和7,港北区,みらいく矢上園,3歳,3.5606060606060606,0.28787878787878785
令和7,港北区,みらいく矢上園,4歳,2.015151515151515,0.596969696969697
令和7,港北区,みらいく矢上園,5歳,3.8636363636363638,0.22727272727272727
令和7,港北区,みらいく高田園,0歳,5.0,0.0
令和7,港北区,みらいく高田園,1歳,4.831649831649832,0.03367003367003367
令和7,港北区,みらいく高田園,2歳,5.0,0.0
令和7,港北区,みらいく高田園,3歳,1.9480519480519478,0.6103896103896104
令和7,港北区,みらいく高田園,4歳,3.2156673114119925,0.3568665377176016
令和7,港北区,みらいく高田園,5歳,4.7727272727272725,0.045454545454545456
令和7,港北区,みらいこうほく保育園,0歳,4.659090909090909,0.06818181818181818
令和7,港北区,みらいこうほく保育園,1歳,4.242424242424242,0.1515151515151515
令和7,港北区,みらいこうほく保育園,2歳,2.621212121212121,0.47575757575757577
令和7,港北区,みらいこうほく保育園,3歳,5.0,0.0
令和7,港北区,みらいこうほく保育園,4歳,5.0,0.0
令和7,港北区,みらいこうほく保育園,5歳,5.0,0.0
令和7,港北区,めぐみ保育園,0歳,3.5984848484848486,0.2803030303030303
令和7,港北区,めぐみ保育園,1歳,5.0,0.0
令和7,港北区,めぐみ保育園,2歳,5.0,0.0
令和7,港北区,めぐみ保育園,3歳,3.1818181818181817,0.36363636363636365
令和7,港北区,めぐみ保育園,4歳,4.806576402321084,0.03868471953578337
令和7,港北区,めぐみ保育園,5歳,5.0,0.0
令和7,港北区,もしもしのほし日吉保育園,0歳,5.0,0.0
令和7,港北区,もしもしのほし日吉保育園,1歳,3.8636363636363638,0.22727272727272727
令和7,港北区,もしもしのほし日吉保育園,2歳,2.3484848484848486,0.5303030303030303
令和7,港北区,もしもしのほし日吉保育園,3歳,5.0,0.0
令和7,港北区,もしもしのほし日吉保育園,4歳,5.0,0.0
令和7,港北区,もしもしのほし日吉保育園,5歳,5.0,0.0
令和7,港北区,わおわお大倉山保育園,0歳,5.0,0.0
令和7,港北区,わおわお大倉山保育園,1歳,2.878787878787879,0.4242424242424242
令和7,港北区,わおわお大倉山保育園,2歳,4.090909090909091,0.18181818181818182
令和7,港北区,わおわお大倉山保育園,3歳,2.3106060606060606,0.537878787878788
令和7,港北区,わおわお大倉山保育園,4歳,2.090909090909091,0.5818181818181819
令和7,港北区,わおわお大倉山保育園,5歳,1.3636363636363635,0.7272727272727273
令和7,港北区,わかさと保育園,0歳,4.166666666666667,0.16666666666666666
令和7,港北区,わかさと保育園,1歳,5.0,0.0
令和7,港北区,わかさと保育園,2歳,5.0,0.0
令和7,港北区,わかさと保育園,3歳,5.0,0.0
令和7,港北区,わかさと保育園,4歳,3.1818181818181817,0.36363636363636365
令和7,港北区,わかさと保育園,5歳,2.5,0.5
令和7,港北区,アイグラン保育園高田東,0歳,5.0,0.0
令和7,港北区,アイグラン保育園高田東,1歳,5.0,0.0
令和7,港北区,アイグラン保育園高田東,2歳,4.444802636291998,0.1110394727416004
令和7,港北区,アイグラン保育園高田東,3歳,5.0,0.0
令和7,港北区,アイグラン保育園高田東,4歳,4.545454545454546,0.09090909090909091
令和7,港北区,アイグラン保育園高田東,5歳,3.2196969696969693,0.356060606060606
令和7,港北区,アスクみのわ保育園,0歳,5.0,0.0
令和7,港北区,アスクみのわ保育園,1歳,5.0,0.0
令和7,港北区,アスクみのわ保育園,2歳,5.0,0.0
令和7,港北区,アスクみのわ保育園,3歳,5.0,0.0
令和7,港北区,アスクみのわ保育園,4歳,5.0,0.0
令和7,港北区,アスクみのわ保育園,5歳,5.0,0.0
令和7,港北区,アスクバイリンガル保育園ゆめみらい,0歳,4.866310160427807,0.026737967914438502
令和7,港北区,アスクバイリンガル保育園ゆめみらい,1歳,4.917355371900826,0.01652892561983471
令和7,港北区,アスクバイリンガル保育園ゆめみらい,2歳,4.318181818181818,0.13636363636363635
令和7,港北区,アスクバイリンガル保育園ゆめみらい,3歳,4.7727272727272725,0.045454545454545456
令和7,港北区,アスクバイリンガル保育園ゆめみらい,4歳,5.0,0.0
令和7,港北区,アスクバイリンガル保育園ゆめみらい,5歳,2.1969696969696972,0.5606060606060606
令和7,港北区,アスク大倉山保育園,0歳,5.0,0.0
令和7,港北区,アスク大倉山保育園,1歳,5.0,0.0
令和7,港北区,アスク大倉山保育園,2歳,5.0,0.0
令和7,港北区,アスク大倉山保育園,3歳,3.2156673114119925,0.3568665377176016
令和7,港北区,アスク大倉山保育園,4歳,5.0,0.0
令和7,港北区,アスク大倉山保育園,5歳,5.0,0.0
令和7,港北区,アスク日吉本町第二保育園,0歳,5.0,0.0
令和7,港北区,アスク日吉本町第二保育園,1歳,4.889135254988914,0.022172949002217297
令和7,港北区,アスク日吉本町第二保育園,2歳,5.0,0.0
令和7,港北区,アスク日吉本町第二保育園,3歳,5.0,0.0
令和7,港北区,アスク日吉本町第二保育園,4歳,5.0,0.0
令和7,港北区,アスク日吉本町第二保育園,5歳,5.0,0.0
令和7,港北区,アスク日吉本町開善保育園,0歳,4.831649831649832,0.03367003367003367
令和7,港北区,アスク日吉本町開善保育園,1歳,4.85096870342772,0.02980625931445604
令和7,港北区,アスク日吉本町開善保育園,2歳,4.579303675048356,0.08413926499032881
令和7,港北区,アスク日吉本町開善保育園,3歳,2.0,0.6000000000000001
令和7,港北区,アスク日吉本町開善保育園,4歳,5.0,0.0
令和7,港北区,アスク日吉本町開善保育園,5歳,4.545454545454546,0.09090909090909091
令和7,港北区,アスク日吉東保育園,0歳,5.0,0.0
令和7,港北区,アスク日吉東保育園,1歳,5.0,0.0
令和7,港北区,アスク日吉東保育園,2歳,5.0,0.0
令和7,港北区,アスク日吉東保育園,3歳,2.575757575757576,0.4848484848484848
令和7,港北区,アスク日吉東保育園,4歳,2.575757575757576,0.4848484848484848
令和7,港北区,アスク日吉東保育園,5歳,4.7727272727272725,0.045454545454545456
令和7,港北区,イルカ保育園,0歳,4.545454545454546,0.09090909090909091
令和7,港北区,イルカ保育園,1歳,2.064935064935065,0.587012987012987
令和7,港北区,イルカ保育園,2歳,1.628787878787879,0.6742424242424243
令和7,港北区,イルカ保育園,3歳,5.0,0.0
令和7,港北区,イルカ保育園,4歳,5.0,0.0
令和7,港北区,イルカ保育園,5歳,5.0,0.0
令和7,港北区,ウッズ保育園,0歳,5.0,0.0
令和7,港北区,ウッズ保育園,1歳,5.0,0.0
令和7,港北区,ウッズ保育園,2歳,3.0303030303030307,0.3939393939393939
令和7,港北区,ウッズ保育園,3歳,5.0,0.0
令和7,港北区,ウッズ保育園,4歳,5.0,0.0
令和7,港北区,ウッズ保育園,5歳,5.0,0.0
令和7,港北区,オハナ新羽保育園,0歳,5.0,0.0
令和7,港北区,オハナ新羽保育園,1歳,5.0,0.0
令和7,港北区,オハナ新羽保育園,2歳,4.4197292069632494,0.1160541586073501
令和7,港北区,オハナ新羽保育園,3歳,4.696969696969696,0.0606060606060606
令和7,港北区,オハナ新羽保育園,4歳,4.090909090909091,0.18181818181818182
令和7,港北区,オハナ新羽保育園,5歳,1.7424242424242429,0.6515151515151515
令和7,港北区,キッズパートナー大倉山,0歳,5.0,0.0
令和7,港北区,キッズパートナー大倉山,1歳,5.0,0.0
令和7,港北区,キッズパートナー大倉山,2歳,5.0,0.0
令和7,港北区,キッズパートナー大倉山,3歳,5.0,0.0
令和7,港北区,キッズパートナー大倉山,4歳,5.0,0.0
令和7,港北区,キッズパートナー大倉山,5歳,5.0,0.0
令和7,港北区,キッズパートナー小机,0歳,5.0,0.0
令和7,港北区,キッズパートナー小机,1歳,5.0,0.0
令和7,港北区,キッズパートナー小机,2歳,5.0,0.0
令和7,港北区,キッズパートナー小机,3歳,5.0,0.0
令和7,港北区,キッズパートナー小机,4歳,3.409090909090909,0.3181818181818182
令和7,港北区,キッズパートナー小机,5歳,5.0,0.0
令和7,港北区,キッズパートナー日吉,0歳,5.0,0.0
令和7,港北区,キッズパートナー日吉,1歳,4.090909090909091,0.18181818181818182
令和7,港北区,キッズパートナー日吉,2歳,5.0,0.0
令和7,港北区,キッズパートナー日吉,3歳,5.0,0.0
令和7,港北区,キッズパートナー日吉,4歳,5.0,0.0
令和7,港北区,キッズパートナー日吉,5歳,5.0,0.0
令和7,港北区,キッズパートナー綱島,0歳,4.318181818181818,0.13636363636363635
令和7,港北区,キッズパートナー綱島,1歳,2.0454545454545454,0.5909090909090909
令和7,港北区,キッズパートナー綱島,2歳,2.272727272727273,0.5454545454545454
令和7,港北区,キッズパートナー綱島,3歳,5.0,0.0
令和7,港北区,キッズパートナー綱島,4歳,5.0,0.0
令和7,港北区,キッズパートナー綱島,5歳,5.0,0.0
令和7,港北区,キッズパートナー綱島東,0歳,5.0,0.0
令和7,港北区,キッズパートナー綱島東,1歳,5.0,0.0
令和7,港北区,キッズパートナー綱島東,2歳,5.0,0.0
令和7,港北区,キッズパートナー綱島東,3歳,2.575757575757576,0.4848484848484848
令和7,港北区,キッズパートナー綱島東,4歳,3.1818181818181817,0.36363636363636365
令和7,港北区,キッズパートナー綱島東,5歳,2.0454545454545454,0.5909090909090909
令和7,港北区,キッズフォレ綱島,0歳,5.0,0.0
令和7,港北区,キッズフォレ綱島,1歳,5.0,0.0
令和7,港北区,キッズフォレ綱島,2歳,3.409090909090909,0.3181818181818182
令和7,港北区,キッズフォレ綱島,3歳,5.0,0.0
令和7,港北区,キッズフォレ綱島,4歳,5.0,0.0
令和7,港北区,キッズフォレ綱島,5歳,2.5,0.5
令和7,港北区,キッズラディ,0歳,5.0,0.0
令和7,港北区,キッズラディ,1歳,4.831649831649832,0.03367003367003367
令和7,港北区,キッズラディ,2歳,5.0,0.0
令和7,港北区,キッズラディ,3歳,2.575757575757576,0.4848484848484848
令和7,港北区,キッズラディ,4歳,2.272727272727273,0.5454545454545454
令和7,港北区,キッズラディ,5歳,0.9999999999999999,0.8
令和7,港北区,キッズラボ菊名園,0歳,4.7727272727272725,0.045454545454545456
令和7,港北区,キッズラボ菊名園,1歳,5.0,0.0
令和7,港北区,キッズラボ菊名園,2歳,4.545454545454546,0.09090909090909091
令和7,港北区,キッズラボ菊名園,3歳,5.0,0.0
令和7,港北区,キッズラボ菊名園,4歳,5.0,0.0
令和7,港北区,キッズラボ菊名園,5歳,5.0,0.0
令和7,港北区,キディ大倉山・横浜,0歳,5.0,0.0
令和7,港北区,キディ大倉山・横浜,1歳,5.0,0.0
令和7,港北区,キディ大倉山・横浜,2歳,4.7727272727272725,0.045454545454545456
令和7,港北区,キディ大倉山・横浜,3歳,5.0,0.0
令和7,港北区,キディ大倉山・横浜,4歳,2.537878787878788,0.4924242424242424
令和7,港北区,キディ大倉山・横浜,5歳,0.8787878787878786,0.8242424242424242
令和7,港北区,クレシュ新横浜,0歳,5.0,0.0
令和7,港北区,クレシュ新横浜,1歳,4.829094118591029,0.03418117628179411
令和7,港北区,クレシュ新横浜,2歳,4.514268366727383,0.09714632665452339
令和7,港北区,クレシュ新横浜,3歳,3.7121212121212124,0.25757575757575757
令和7,港北区,クレシュ新横浜,4歳,2.1818181818181817,0.5636363636363636
令和7,港北区,クレシュ新横浜,5歳,0.9318181818181817,0.8136363636363637
令和7,港北区,グローバルキッズ下田町園,0歳,5.0,0.0
令和7,港北区,グローバルキッズ下田町園,1歳,5.0,0.0
令和7,港北区,グローバルキッズ下田町園,2歳,5.0,0.0
令和7,港北区,グローバルキッズ下田町園,3歳,5.0,0.0
令和7,港北区,グローバルキッズ下田町園,4歳,2.575757575757576,0.4848484848484848
令和7,港北区,グローバルキッズ下田町園,5歳,5.0,0.0
令和7,港北区,グローバルキッズ大倉山園,0歳,4.090909090909091,0.18181818181818182
令和7,港北区,グローバルキッズ大倉山園,1歳,4.7727272727272725,0.045454545454545456
令和7,港北区,グローバルキッズ大倉山園,2歳,5.0,0.0
令和7,港北区,グローバルキッズ大倉山園,3歳,4.545454545454546,0.09090909090909091
令和7,港北区,グローバルキッズ大倉山園,4歳,4.545454545454546,0.09090909090909091
令和7,港北区,グローバルキッズ大倉山園,5歳,0.625,0.875
令和7,港北区,グローバルキッズ日吉五丁目園,0歳,5.0,0.0
令和7,港北区,グローバルキッズ日吉五丁目園,1歳,5.0,0.0
令和7,港北区,グローバルキッズ日吉五丁目園,2歳,5.0,0.0
令和7,港北区,グローバルキッズ日吉五丁目園,3歳,2.575757575757576,0.4848484848484848
令和7,港北区,グローバルキッズ日吉五丁目園,4歳,5.0,0.0
令和7,港北区,グローバルキッズ日吉五丁目園,5歳,2.5,0.5
令和7,港北区,グローバルキッズ日吉園,0歳,4.604377104377105,0.07912457912457913
令和7,港北区,グローバルキッズ日吉園,1歳,5.0,0.0
令和7,港北区,グローバルキッズ日吉園,2歳,4.318181818181818,0.13636363636363635
令和7,港北区,グローバルキッズ日吉園,3歳,4.090909090909091,0.18181818181818182
令和7,港北区,グローバルキッズ日吉園,4歳,2.5,0.5
令和7,港北区,グローバルキッズ日吉園,5歳,2.5,0.5
令和7,港北区,グローバルキッズ綱島園,0歳,4.3939393939393945,0.1212121212121212
令和7,港北区,グローバルキッズ綱島園,1歳,4.866310160427807,0.026737967914438502
令和7,港北区,グローバルキッズ綱島園,2歳,4.545454545454546,0.09090909090909091
令和7,港北区,グローバルキッズ綱島園,3歳,1.9368429189857763,0.6126314162028448
令和7,港北区,グローバルキッズ綱島園,4歳,1.9588744588744589,0.6082251082251082
令和7,港北区,グローバルキッズ綱島園,5歳,3.409090909090909,0.3181818181818182
令和7,港北区,グローバルキッズ綱島ＳＳＴ保育園,0歳,5.0,0.0
令和7,港北区,グローバルキッズ綱島ＳＳＴ保育園,1歳,5.0,0.0
令和7,港北区,グローバルキッズ綱島ＳＳＴ保育園,2歳,2.727272727272727,0.45454545454545453
令和7,港北区,グローバルキッズ綱島ＳＳＴ保育園,3歳,5.0,0.0
令和7,港北区,グローバルキッズ綱島ＳＳＴ保育園,4歳,5.0,0.0
令和7,港北区,グローバルキッズ綱島ＳＳＴ保育園,5歳,5.0,0.0
令和7,港北区,グローバルキッズ菊名園,0歳,4.806576402321084,0.03868471953578337
令和7,港北区,グローバルキッズ菊名園,1歳,4.494949494949495,0.10101010101010101
令和7,港北区,グローバルキッズ菊名園,2歳,4.352030947775629,0.12959381044487428
令和7,港北区,グローバルキッズ菊名園,3歳,4.545454545454546,0.09090909090909091
令和7,港北区,グローバルキッズ菊名園,4歳,2.272727272727273,0.5454545454545454
令和7,港北区,グローバルキッズ菊名園,5歳,4.46969696969697,0.10606060606060605
令和7,港北区,ケンパ高田,0歳,5.0,0.0
令和7,港北区,ケンパ高田,1歳,4.911738746690204,0.0176522506619594
令和7,港北区,ケンパ高田,2歳,5.0,0.0
令和7,港北区,ケンパ高田,3歳,5.0,0.0
令和7,港北区,ケンパ高田,4歳,3.2156673114119925,0.3568665377176016
令和7,港北区,ケンパ高田,5歳,1.666666666666667,0.6666666666666666
令和7,港北区,コビープリスクールつなしま,0歳,4.7727272727272725,0.045454545454545456
令和7,港北区,コビープリスクールつなしま,1歳,5.0,0.0
令和7,港北区,コビープリスクールつなしま,2歳,5.0,0.0
令和7,港北区,コビープリスクールつなしま,3歳,5.0,0.0
令和7,港北区,コビープリスクールつなしま,4歳,5.0,0.0
令和7,港北区,コビープリスクールつなしま,5歳,5.0,0.0
令和7,港北区,ジャンプ保育園,0歳,5.0,0.0
令和7,港北区,ジャンプ保育園,1歳,2.5,0.5
令和7,港北区,ジャンプ保育園,2歳,4.545454545454546,0.09090909090909091
令和7,港北区,ジャンプ保育園,3歳,5.0,0.0
令和7,港北区,ジャンプ保育園,4歳,5.0,0.0
令和7,港北区,ジャンプ保育園,5歳,5.0,0.0
令和7,港北区,スターチス日吉保育園,0歳,5.0,0.0
令和7,港北区,スターチス日吉保育園,1歳,1.8522727272727273,0.6295454545454545
令和7,港北区,スターチス日吉保育園,2歳,5.0,0.0
令和7,港北区,スターチス日吉保育園,3歳,5.0,0.0
令和7,港北区,スターチス日吉保育園,4歳,5.0,0.0
令和7,港北区,スターチス日吉保育園,5歳,5.0,0.0
令和7,港北区,スターチャイルド≪大倉山ナーサリー≫,0歳,5.0,0.0
令和7,港北区,スターチャイルド≪大倉山ナーサリー≫,1歳,5.0,0.0
令和7,港北区,スターチャイルド≪大倉山ナーサリー≫,2歳,2.3106060606060606,0.537878787878788
令和7,港北区,スターチャイルド≪大倉山ナーサリー≫,3歳,3.409090909090909,0.3181818181818182
令和7,港北区,スターチャイルド≪大倉山ナーサリー≫,4歳,2.0075757575757573,0.5984848484848485
令和7,港北区,スターチャイルド≪大倉山ナーサリー≫,5歳,1.25,0.75
令和7,港北区,スターチャイルド≪新吉田ナーサリー≫,0歳,4.318181818181818,0.13636363636363635
令和7,港北区,スターチャイルド≪新吉田ナーサリー≫,1歳,5.0,0.0
令和7,港北区,スターチャイルド≪新吉田ナーサリー≫,2歳,5.0,0.0
令和7,港北区,スターチャイルド≪新吉田ナーサリー≫,3歳,3.0303030303030307,0.3939393939393939
令和7,港北区,スターチャイルド≪新吉田ナーサリー≫,4歳,2.1136363636363638,0.5772727272727273
令和7,港北区,スターチャイルド≪新吉田ナーサリー≫,5歳,4.431818181818182,0.11363636363636363
令和7,港北区,スターチャイルド≪日吉本町駅前ナーサリー≫,0歳,5.0,0.0
令和7,港北区,スターチャイルド≪日吉本町駅前ナーサリー≫,1歳,4.545454545454546,0.09090909090909091
令和7,港北区,スターチャイルド≪日吉本町駅前ナーサリー≫,2歳,2.2954545454545454,0.5409090909090909
令和7,港北区,スターチャイルド≪日吉本町駅前ナーサリー≫,3歳,2.159090909090909,0.5681818181818182
令和7,港北区,スターチャイルド≪日吉本町駅前ナーサリー≫,4歳,2.0378787878787876,0.5924242424242424
令和7,港北区,スターチャイルド≪日吉本町駅前ナーサリー≫,5歳,5.0,0.0
令和7,港北区,スターチャイルド≪綱島ナーサリー≫,0歳,5.0,0.0
令和7,港北区,スターチャイルド≪綱島ナーサリー≫,1歳,5.0,0.0
令和7,港北区,スターチャイルド≪綱島ナーサリー≫,2歳,5.0,0.0
令和7,港北区,スターチャイルド≪綱島ナーサリー≫,3歳,5.0,0.0
令和7,港北区,スターチャイルド≪綱島ナーサリー≫,4歳,5.0,0.0
令和7,港北区,スターチャイルド≪綱島ナーサリー≫,5歳,5.0,0.0
令和7,港北区,スターチャイルド《日吉本町ナーサリー》,0歳,5.0,0.0
令和7,港北区,スターチャイルド《日吉本町ナーサリー》,1歳,4.7727272727272725,0.045454545454545456
令和7,港北区,スターチャイルド《日吉本町ナーサリー》,2歳,5.0,0.0
令和7,港北区,スターチャイルド《日吉本町ナーサリー》,3歳,2.575757575757576,0.4848484848484848
令和7,港北区,スターチャイルド《日吉本町ナーサリー》,4歳,5.0,0.0
令和7,港北区,スターチャイルド《日吉本町ナーサリー》,5歳,0.4669421487603307,0.9066115702479339
令和7,港北区,テンダーラビング保育園綱島東,0歳,5.0,0.0
令和7,港北区,テンダーラビング保育園綱島東,1歳,5.0,0.0
令和7,港北区,テンダーラビング保育園綱島東,2歳,5.0,0.0
令和7,港北区,テンダーラビング保育園綱島東,3歳,2.515151515151515,0.496969696969697
令和7,港北区,テンダーラビング保育園綱島東,4歳,5.0,0.0
令和7,港北区,テンダーラビング保育園綱島東,5歳,5.0,0.0
令和7,港北区,トゥインクルキッズ高田保育園,0歳,5.0,0.0
令和7,港北区,トゥインクルキッズ高田保育園,1歳,5.0,0.0
令和7,港北区,トゥインクルキッズ高田保育園,2歳,5.0,0.0
令和7,港北区,トゥインクルキッズ高田保育園,3歳,5.0,0.0
令和7,港北区,トゥインクルキッズ高田保育園,4歳,5.0,0.0
令和7,港北区,トゥインクルキッズ高田保育園,5歳,5.0,0.0
令和7,港北区,パレット保育園・大倉山,0歳,5.0,0.0
令和7,港北区,パレット保育園・大倉山,1歳,5.0,0.0
令和7,港北区,パレット保育園・大倉山,2歳,3.6158665088484074,0.2768266982303184
令和7,港北区,パレット保育園・大倉山,3歳,4.831649831649832,0.03367003367003367
令和7,港北区,パレット保育園・大倉山,4歳,4.090909090909091,0.18181818181818182
令和7,港北区,パレット保育園・大倉山,5歳,1.8181818181818186,0.6363636363636364
令和7,港北区,パレット保育園・大豆戸,0歳,3.484848484848485,0.303030303030303
令和7,港北区,パレット保育園・大豆戸,1歳,5.0,0.0
令和7,港北区,パレット保育園・大豆戸,2歳,5.0,0.0
令和7,港北区,パレット保育園・大豆戸,3歳,3.257575757575758,0.34848484848484845
令和7,港北区,パレット保育園・大豆戸,4歳,5.0,0.0
令和7,港北区,パレット保育園・大豆戸,5歳,1.628787878787879,0.6742424242424243
令和7,港北区,パレット保育園・妙蓮寺,0歳,5.0,0.0
令和7,港北区,パレット保育園・妙蓮寺,1歳,5.0,0.0
令和7,港北区,パレット保育園・妙蓮寺,2歳,5.0,0.0
令和7,港北区,パレット保育園・妙蓮寺,3歳,5.0,0.0
令和7,港北区,パレット保育園・妙蓮寺,4歳,3.6363636363636362,0.2727272727272727
令和7,港北区,パレット保育園・妙蓮寺,5歳,5.0,0.0
令和7,港北区,パレット保育園・綱島,0歳,5.0,0.0
令和7,港北区,パレット保育園・綱島,1歳,5.0,0.0
令和7,港北区,パレット保育園・綱島,2歳,3.1818181818181817,0.36363636363636365
令和7,港北区,パレット保育園・綱島,3歳,5.0,0.0
令和7,港北区,パレット保育園・綱島,4歳,2.803030303030303,0.4393939393939394
令和7,港北区,パレット保育園・綱島,5歳,2.1969696969696972,0.5606060606060606
令和7,港北区,パレット保育園・高田,0歳,5.0,0.0
令和7,港北区,パレット保育園・高田,1歳,5.0,0.0
令和7,港北区,パレット保育園・高田,2歳,5.0,0.0
令和7,港北区,パレット保育園・高田,3歳,3.6363636363636362,0.2727272727272727
令和7,港北区,パレット保育園・高田,4歳,5.0,0.0
令和7,港北区,パレット保育園・高田,5歳,4.545454545454546,0.09090909090909091
令和7,港北区,ヒューマンアカデミー大倉山保育園,0歳,5.0,0.0
令和7,港北区,ヒューマンアカデミー大倉山保育園,1歳,5.0,0.0
令和7,港北区,ヒューマンアカデミー大倉山保育園,2歳,4.124758220502901,0.17504835589941972
令和7,港北区,ヒューマンアカデミー大倉山保育園,3歳,5.0,0.0
令和7,港北区,ヒューマンアカデミー大倉山保育園,4歳,5.0,0.0
令和7,港北区,ヒューマンアカデミー大倉山保育園,5歳,2.3484848484848486,0.5303030303030303
令和7,港北区,ピッコロ・グランデ新横浜,0歳,5.0,0.0
令和7,港北区,ピッコロ・グランデ新横浜,1歳,4.7727272727272725,0.045454545454545456
令和7,港北区,ピッコロ・グランデ新横浜,2歳,4.7727272727272725,0.045454545454545456
令和7,港北区,ピッコロ・グランデ新横浜,3歳,5.0,0.0
令和7,港北区,ピッコロ・グランデ新横浜,4歳,5.0,0.0
令和7,港北区,ピッコロ・グランデ新横浜,5歳,5.0,0.0
令和7,港北区,フェアリーテイルそら,0歳,4.46969696969697,0.10606060606060605
令和7,港北区,フェアリーテイルそら,1歳,5.0,0.0
令和7,港北区,フェアリーテイルそら,2歳,4.831649831649832,0.03367003367003367
令和7,港北区,フェアリーテイルそら,3歳,5.0,0.0
令和7,港北区,フェアリーテイルそら,4歳,5.0,0.0
令和7,港北区,フェアリーテイルそら,5歳,5.0,0.0
令和7,港北区,ブライト保育園横浜日吉,0歳,5.0,0.0
令和7,港北区,ブライト保育園横浜日吉,1歳,5.0,0.0
令和7,港北区,ブライト保育園横浜日吉,2歳,4.46969696969697,0.10606060606060605
令和7,港北区,ブライト保育園横浜日吉,3歳,4.090909090909091,0.18181818181818182
令和7,港北区,ブライト保育園横浜日吉,4歳,5.0,0.0
令和7,港北区,ブライト保育園横浜日吉,5歳,3.333333333333333,0.3333333333333333
令和7,港北区,ブライト保育園横浜綱島,0歳,5.0,0.0
令和7,港北区,ブライト保育園横浜綱島,1歳,5.0,0.0
令和7,港北区,ブライト保育園横浜綱島,2歳,5.0,0.0
令和7,港北区,ブライト保育園横浜綱島,3歳,5.0,0.0
令和7,港北区,ブライト保育園横浜綱島,4歳,2.090909090909091,0.5818181818181819
令和7,港北区,ブライト保育園横浜綱島,5歳,1.4090909090909092,0.7181818181818183
令和7,港北区,ベイキッズ星の森保育園,0歳,5.0,0.0
令和7,港北区,ベイキッズ星の森保育園,1歳,2.3484848484848486,0.5303030303030303
令和7,港北区,ベイキッズ星の森保育園,2歳,2.5,0.5
令和7,港北区,ベイキッズ星の森保育園,3歳,5.0,0.0
令和7,港北区,ベイキッズ星の森保育園,4歳,5.0,0.0
令和7,港北区,ベイキッズ星の森保育園,5歳,5.0,0.0
令和7,港北区,ベネッセ　新横浜保育園,0歳,5.0,0.0
令和7,港北区,ベネッセ　新横浜保育園,1歳,5.0,0.0
令和7,港北区,ベネッセ　新横浜保育園,2歳,5.0,0.0
令和7,港北区,ベネッセ　新横浜保育園,3歳,5.0,0.0
令和7,港北区,ベネッセ　新横浜保育園,4歳,3.6363636363636362,0.2727272727272727
令和7,港北区,ベネッセ　新横浜保育園,5歳,5.0,0.0
令和7,港北区,ベネッセ　日吉保育園,0歳,5.0,0.0
令和7,港北区,ベネッセ　日吉保育園,1歳,4.983501072430292,0.003299785513941594
令和7,港北区,ベネッセ　日吉保育園,2歳,5.0,0.0
令和7,港北区,ベネッセ　日吉保育園,3歳,5.0,0.0
令和7,港北区,ベネッセ　日吉保育園,4歳,5.0,0.0
令和7,港北区,ベネッセ　日吉保育園,5歳,4.251379038613082,0.14972419227738376
令和7,港北区,ベネッセ　綱島台保育園,0歳,4.831649831649832,0.03367003367003367
令和7,港北区,ベネッセ　綱島台保育園,1歳,5.0,0.0
令和7,港北区,ベネッセ　綱島台保育園,2歳,5.0,0.0
令和7,港北区,ベネッセ　綱島台保育園,3歳,2.575757575757576,0.4848484848484848
令和7,港北区,ベネッセ　綱島台保育園,4歳,5.0,0.0
令和7,港北区,ベネッセ　綱島台保育園,5歳,1.25,0.75
令和7,港北区,ペガサスベビー保育園,0歳,3.7885475947273695,0.242290481054526
令和7,港北区,ペガサスベビー保育園,1歳,3.75,0.25
令和7,港北区,ペガサスベビー保育園,2歳,5.0,0.0
令和7,港北区,ペガサスベビー保育園,3歳,5.0,0.0
令和7,港北区,ペガサスベビー保育園,4歳,5.0,0.0
令和7,港北区,ペガサスベビー保育園,5歳,5.0,0.0
令和7,港北区,ペガサス夜間保育園,0歳,4.7727272727272725,0.045454545454545456
令和7,港北区,ペガサス夜間保育園,1歳,2.3484848484848486,0.5303030303030303
令和7,港北区,ペガサス夜間保育園,2歳,5.0,0.0
令和7,港北区,ペガサス夜間保育園,3歳,3.409090909090909,0.3181818181818182
令和7,港北区,ペガサス夜間保育園,4歳,3.409090909090909,0.3181818181818182
令和7,港北区,ペガサス夜間保育園,5歳,1.25,0.75
令和7,港北区,ペガサス新横浜保育園,0歳,4.068181818181818,0.18636363636363634
令和7,港北区,ペガサス新横浜保育園,1歳,5.0,0.0
令和7,港北区,ペガサス新横浜保育園,2歳,4.806576402321084,0.03868471953578337
令和7,港北区,ペガサス新横浜保育園,3歳,2.272727272727273,0.5454545454545454
令和7,港北区,ペガサス新横浜保育園,4歳,2.401515151515152,0.5196969696969697
令和7,港北区,ペガサス新横浜保育園,5歳,1.666666666666667,0.6666666666666666
令和7,港北区,ポピンズナーサリースクール小机,0歳,5.0,0.0
令和7,港北区,ポピンズナーサリースクール小机,1歳,5.0,0.0
令和7,港北区,ポピンズナーサリースクール小机,2歳,5.0,0.0
令和7,港北区,ポピンズナーサリースクール小机,3歳,5.0,0.0
令和7,港北区,ポピンズナーサリースクール小机,4歳,2.575757575757576,0.4848484848484848
令和7,港北区,ポピンズナーサリースクール小机,5歳,5.0,0.0
令和7,港北区,ポピンズナーサリースクール綱島,0歳,5.0,0.0
令和7,港北区,ポピンズナーサリースクール綱島,1歳,5.0,0.0
令和7,港北区,ポピンズナーサリースクール綱島,2歳,5.0,0.0
令和7,港北区,ポピンズナーサリースクール綱島,3歳,3.8636363636363638,0.22727272727272727
令和7,港北区,ポピンズナーサリースクール綱島,4歳,3.0303030303030307,0.3939393939393939
令和7,港北区,ポピンズナーサリースクール綱島,5歳,5.0,0.0
令和7,港北区,マイ・ハート綱島東保育園,0歳,5.0,0.0
令和7,港北区,マイ・ハート綱島東保育園,1歳,5.0,0.0
令和7,港北区,マイ・ハート綱島東保育園,2歳,5.0,0.0
令和7,港北区,マイ・ハート綱島東保育園,3歳,4.7727272727272725,0.045454545454545456
令和7,港北区,マイ・ハート綱島東保育園,4歳,5.0,0.0
令和7,港北区,マイ・ハート綱島東保育園,5歳,5.0,0.0
令和7,港北区,マーマしのはら保育園,0歳,5.0,0.0
令和7,港北区,マーマしのはら保育園,1歳,4.599964832073149,0.08000703358537015
令和7,港北区,マーマしのはら保育園,2歳,4.7727272727272725,0.045454545454545456
令和7,港北区,マーマしのはら保育園,3歳,2.8899097356544163,0.4220180528691167
令和7,港北区,マーマしのはら保育園,4歳,4.46969696969697,0.10606060606060605
令和7,港北区,マーマしのはら保育園,5歳,2.4559023066485755,0.508819538670285
令和7,港北区,ミアヘルサ保育園ひびき綱島,0歳,5.0,0.0
令和7,港北区,ミアヘルサ保育園ひびき綱島,1歳,5.0,0.0
令和7,港北区,ミアヘルサ保育園ひびき綱島,2歳,4.696969696969696,0.0606060606060606
令和7,港北区,ミアヘルサ保育園ひびき綱島,3歳,5.0,0.0
令和7,港北区,ミアヘルサ保育園ひびき綱島,4歳,2.3484848484848486,0.5303030303030303
令和7,港北区,ミアヘルサ保育園ひびき綱島,5歳,1.25,0.75
令和7,港北区,ララランド大倉山,0歳,5.0,0.0
令和7,港北区,ララランド大倉山,1歳,5.0,0.0
令和7,港北区,ララランド大倉山,2歳,3.1818181818181817,0.36363636363636365
令和7,港北区,ララランド大倉山,3歳,5.0,0.0
令和7,港北区,ララランド大倉山,4歳,2.272727272727273,0.5454545454545454
令和7,港北区,ララランド大倉山,5歳,0.9999999999999999,0.8
令和7,港北区,リトルスカラー妙蓮寺保育園,0歳,3.7878787878787885,0.2424242424242424
令和7,港北区,リトルスカラー妙蓮寺保育園,1歳,3.4680134680134684,0.3063973063973064
令和7,港北区,リトルスカラー妙蓮寺保育園,2歳,2.340909090909091,0.5318181818181817
令和7,港北区,リトルスカラー妙蓮寺保育園,3歳,1.767676767676768,0.6464646464646464
令和7,港北区,リトルスカラー妙蓮寺保育園,4歳,2.1136363636363638,0.5772727272727273
令和7,港北区,リトルスカラー妙蓮寺保育園,5歳,1.4772727272727273,0.7045454545454546
令和7,港北区,リトルスカラー綱島保育園,0歳,4.204545454545454,0.1590909090909091
令和7,港北区,リトルスカラー綱島保育園,1歳,3.194444444444444,0.3611111111111111
令和7,港北区,リトルスカラー綱島保育園,2歳,0.9823232323232322,0.8035353535353535
令和7,港北区,リトルスカラー綱島保育園,3歳,5.0,0.0
令和7,港北区,リトルスカラー綱島保育園,4歳,5.0,0.0
令和7,港北区,リトルスカラー綱島保育園,5歳,5.0,0.0
令和7,港北区,ルリ保育園日吉,0歳,5.0,0.0
令和7,港北区,ルリ保育園日吉,1歳,4.806576402321084,0.03868471953578337
令和7,港北区,ルリ保育園日吉,2歳,2.5,0.5
令和7,港北区,ルリ保育園日吉,3歳,5.0,0.0
令和7,港北区,ルリ保育園日吉,4歳,5.0,0.0
令和7,港北区,ルリ保育園日吉,5歳,5.0,0.0
令和7,港北区,ローズ保育園,0歳,5.0,0.0
令和7,港北区,ローズ保育園,1歳,3.6363636363636362,0.2727272727272727
令和7,港北区,ローズ保育園,2歳,1.8181818181818186,0.6363636363636364
令和7,港北区,ローズ保育園,3歳,5.0,0.0
令和7,港北区,ローズ保育園,4歳,5.0,0.0
令和7,港北区,ローズ保育園,5歳,5.0,0.0
令和7,港北区,下田みんなの保育園,0歳,5.0,0.0
令和7,港北区,下田みんなの保育園,1歳,5.0,0.0
令和7,港北区,下田みんなの保育園,2歳,4.6022727272727275,0.07954545454545454
令和7,港北区,下田みんなの保育園,3歳,5.0,0.0
令和7,港北区,下田みんなの保育園,4歳,5.0,0.0
令和7,港北区,下田みんなの保育園,5歳,5.0,0.0
令和7,港北区,佐藤保育室,0歳,3.1818181818181817,0.36363636363636365
令和7,港北区,佐藤保育室,1歳,5.0,0.0
令和7,港北区,佐藤保育室,2歳,5.0,0.0
令和7,港北区,佐藤保育室,3歳,5.0,0.0
令和7,港北区,佐藤保育室,4歳,5.0,0.0
令和7,港北区,佐藤保育室,5歳,5.0,0.0
令和7,港北区,保育室テックテックROOM,0歳,5.0,0.0
令和7,港北区,保育室テックテックROOM,1歳,5.0,0.0
令和7,港北区,保育室テックテックROOM,2歳,5.0,0.0
令和7,港北区,保育室テックテックROOM,3歳,5.0,0.0
令和7,港北区,保育室テックテックROOM,4歳,5.0,0.0
令和7,港北区,保育室テックテックROOM,5歳,5.0,0.0
令和7,港北区,保育室プリンプリンROOM,0歳,5.0,0.0
令和7,港北区,保育室プリンプリンROOM,1歳,5.0,0.0
令和7,港北区,保育室プリンプリンROOM,2歳,5.0,0.0
令和7,港北区,保育室プリンプリンROOM,3歳,5.0,0.0
令和7,港北区,保育室プリンプリンROOM,4歳,2.303030303030303,0.5393939393939394
令和7,港北区,保育室プリンプリンROOM,5歳,1.25,0.75
令和7,港北区,光の園アンティー保育園,0歳,5.0,0.0
令和7,港北区,光の園アンティー保育園,1歳,5.0,0.0
令和7,港北区,光の園アンティー保育園,2歳,4.878787878787879,0.024242424242424242
令和7,港北区,光の園アンティー保育園,3歳,5.0,0.0
令和7,港北区,光の園アンティー保育園,4歳,5.0,0.0
令和7,港北区,光の園アンティー保育園,5歳,2.727272727272727,0.45454545454545453
令和7,港北区,光の園保育園,0歳,5.0,0.0
令和7,港北区,光の園保育園,1歳,4.897854954034729,0.02042900919305414
令和7,港北区,光の園保育園,2歳,4.831649831649832,0.03367003367003367
令和7,港北区,光の園保育園,3歳,5.0,0.0
令和7,港北区,光の園保育園,4歳,5.0,0.0
令和7,港北区,光の園保育園,5歳,2.9124579124579126,0.4175084175084175
令和7,港北区,光の園第二保育園,0歳,5.0,0.0
令和7,港北区,光の園第二保育園,1歳,5.0,0.0
令和7,港北区,光の園第二保育園,2歳,5.0,0.0
令和7,港北区,光の園第二保育園,3歳,5.0,0.0
令和7,港北区,光の園第二保育園,4歳,5.0,0.0
令和7,港北区,光の園第二保育園,5歳,5.0,0.0
令和7,港北区,大倉山きずな保育園,0歳,5.0,0.0
令和7,港北区,大倉山きずな保育園,1歳,4.7727272727272725,0.045454545454545456
令和7,港北区,大倉山きずな保育園,2歳,4.806576402321084,0.03868471953578337
令和7,港北区,大倉山きずな保育園,3歳,5.0,0.0
令和7,港北区,大倉山きずな保育園,4歳,4.545454545454546,0.09090909090909091
令和7,港北区,大倉山きずな保育園,5歳,0.9545454545454544,0.8090909090909091
令和7,港北区,大倉山保育園,0歳,4.831649831649832,0.03367003367003367
令和7,港北区,大倉山保育園,1歳,4.831649831649832,0.03367003367003367
令和7,港北区,大倉山保育園,2歳,5.0,0.0
令和7,港北区,大倉山保育園,3歳,3.3172147001934236,0.33655705996131524
令和7,港北区,大倉山保育園,4歳,4.7727272727272725,0.045454545454545456
令和7,港北区,大倉山保育園,5歳,2.5,0.5
令和7,港北区,大倉山元気の泉保育園,0歳,2.623015873015873,0.47539682539682543
令和7,港北区,大倉山元気の泉保育園,1歳,4.7727272727272725,0.045454545454545456
令和7,港北区,大倉山元気の泉保育園,2歳,4.318181818181818,0.13636363636363635
令和7,港北区,大倉山元気の泉保育園,3歳,2.3863636363636362,0.5227272727272727
令和7,港北区,大倉山元気の泉保育園,4歳,2.272727272727273,0.5454545454545454
令和7,港北区,大倉山元気の泉保育園,5歳,1.666666666666667,0.6666666666666666
令和7,港北区,大曽根コスモス保育園,0歳,2.5,0.5
令和7,港北区,大曽根コスモス保育園,1歳,5.0,0.0
令和7,港北区,大曽根コスモス保育園,2歳,3.8636363636363638,0.22727272727272727
令和7,港北区,大曽根コスモス保育園,3歳,3.1818181818181817,0.36363636363636365
令和7,港北区,大曽根コスモス保育園,4歳,5.0,0.0
令和7,港北区,大曽根コスモス保育園,5歳,1.666666666666667,0.6666666666666666
令和7,港北区,大豆戸どろんこ保育園,0歳,5.0,0.0
令和7,港北区,大豆戸どろんこ保育園,1歳,5.0,0.0
令和7,港北区,大豆戸どろんこ保育園,2歳,4.701937406855439,0.05961251862891208
令和7,港北区,大豆戸どろんこ保育園,3歳,3.8636363636363638,0.22727272727272727
令和7,港北区,大豆戸どろんこ保育園,4歳,4.090909090909091,0.18181818181818182
令和7,港北区,大豆戸どろんこ保育園,5歳,5.0,0.0
令和7,港北区,天才キッズクラブ楽学館大倉山園,0歳,5.0,0.0
令和7,港北区,天才キッズクラブ楽学館大倉山園,1歳,4.866310160427807,0.026737967914438502
令和7,港北区,天才キッズクラブ楽学館大倉山園,2歳,4.7727272727272725,0.045454545454545456
令和7,港北区,天才キッズクラブ楽学館大倉山園,3歳,4.7727272727272725,0.045454545454545456
令和7,港北区,天才キッズクラブ楽学館大倉山園,4歳,3.409090909090909,0.3181818181818182
令和7,港北区,天才キッズクラブ楽学館大倉山園,5歳,2.5,0.5
令和7,港北区,天才キッズクラブ楽遊館綱島園,0歳,5.0,0.0
令和7,港北区,天才キッズクラブ楽遊館綱島園,1歳,5.0,0.0
令和7,港北区,天才キッズクラブ楽遊館綱島園,2歳,2.5,0.5
令和7,港北区,天才キッズクラブ楽遊館綱島園,3歳,5.0,0.0
令和7,港北区,天才キッズクラブ楽遊館綱島園,4歳,5.0,0.0
令和7,港北区,天才キッズクラブ楽遊館綱島園,5歳,5.0,0.0
令和7,港北区,太陽の子　日吉保育園,0歳,5.0,0.0
令和7,港北区,太陽の子　日吉保育園,1歳,4.85096870342772,0.02980625931445604
令和7,港北区,太陽の子　日吉保育園,2歳,5.0,0.0
令和7,港北区,太陽の子　日吉保育園,3歳,5.0,0.0
令和7,港北区,太陽の子　日吉保育園,4歳,3.1818181818181817,0.36363636363636365
令和7,港北区,太陽の子　日吉保育園,5歳,5.0,0.0
令和7,港北区,小学館アカデミーつなしま保育園,0歳,4.7727272727272725,0.045454545454545456
令和7,港北区,小学館アカデミーつなしま保育園,1歳,5.0,0.0
令和7,港北区,小学館アカデミーつなしま保育園,2歳,4.7727272727272725,0.045454545454545456
令和7,港北区,小学館アカデミーつなしま保育園,3歳,3.6363636363636362,0.2727272727272727
令和7,港北区,小学館アカデミーつなしま保育園,4歳,2.856060606060606,0.4287878787878788
令和7,港北区,小学館アカデミーつなしま保育園,5歳,5.0,0.0
令和7,港北区,小学館アカデミーひよし保育園,0歳,4.897854954034729,0.02042900919305414
令和7,港北区,小学館アカデミーひよし保育園,1歳,5.0,0.0
令和7,港北区,小学館アカデミーひよし保育園,2歳,3.240740740740741,0.35185185185185186
令和7,港北区,小学館アカデミーひよし保育園,3歳,2.1136363636363638,0.5772727272727273
令和7,港北区,小学館アカデミーひよし保育園,4歳,5.0,0.0
令和7,港北区,小学館アカデミーひよし保育園,5歳,2.5,0.5
令和7,港北区,小規模保育事業ＭＩＲＡｉｏ新横浜,0歳,5.0,0.0
令和7,港北区,小規模保育事業ＭＩＲＡｉｏ新横浜,1歳,4.697959992077639,0.06040800158447217
令和7,港北区,小規模保育事業ＭＩＲＡｉｏ新横浜,2歳,4.806576402321084,0.03868471953578337
令和7,港北区,小規模保育事業ＭＩＲＡｉｏ新横浜,3歳,5.0,0.0
令和7,港北区,小規模保育事業ＭＩＲＡｉｏ新横浜,4歳,5.0,0.0
令和7,港北区,小規模保育事業ＭＩＲＡｉｏ新横浜,5歳,5.0,0.0
令和7,港北区,尚花ぞうさん保育室,0歳,5.0,0.0
令和7,港北区,尚花ぞうさん保育室,1歳,5.0,0.0
令和7,港北区,尚花ぞうさん保育室,2歳,5.0,0.0
令和7,港北区,尚花ぞうさん保育室,3歳,5.0,0.0
令和7,港北区,尚花ぞうさん保育室,4歳,5.0,0.0
令和7,港北区,尚花ぞうさん保育室,5歳,5.0,0.0
令和7,港北区,尚花愛児園,0歳,5.0,0.0
令和7,港北区,尚花愛児園,1歳,5.0,0.0
令和7,港北区,尚花愛児園,2歳,5.0,0.0
令和7,港北区,尚花愛児園,3歳,4.831649831649832,0.03367003367003367
令和7,港北区,尚花愛児園,4歳,2.272727272727273,0.5454545454545454
令和7,港北区,尚花愛児園,5歳,5.0,0.0
令和7,港北区,岩崎学園新横浜保育園,0歳,5.0,0.0
令和7,港北区,岩崎学園新横浜保育園,1歳,5.0,0.0
令和7,港北区,岩崎学園新横浜保育園,2歳,4.866310160427807,0.026737967914438502
令和7,港北区,岩崎学園新横浜保育園,3歳,3.0303030303030307,0.3939393939393939
令和7,港北区,岩崎学園新横浜保育園,4歳,2.2045454545454546,0.5590909090909091
令和7,港北区,岩崎学園新横浜保育園,5歳,1.25,0.75
令和7,港北区,岩崎学園新横浜第二保育園,0歳,4.205788208458933,0.15884235830821336
令和7,港北区,岩崎学園新横浜第二保育園,1歳,4.880128546361468,0.023974290727706474
令和7,港北区,岩崎学園新横浜第二保育園,2歳,4.85096870342772,0.02980625931445604
令和7,港北区,岩崎学園新横浜第二保育園,3歳,4.128787878787879,0.17424242424242423
令和7,港北区,岩崎学園新横浜第二保育園,4歳,2.575757575757576,0.4848484848484848
令和7,港北区,岩崎学園新横浜第二保育園,5歳,2.5,0.5
令和7,港北区,新横浜めぶき保育園,0歳,5.0,0.0
令和7,港北区,新横浜めぶき保育園,1歳,3.7581168831168834,0.2483766233766234
令和7,港北区,新横浜めぶき保育園,2歳,4.004329004329005,0.19913419913419916
令和7,港北区,新横浜めぶき保育園,3歳,5.0,0.0
令和7,港北区,新横浜めぶき保育園,4歳,5.0,0.0
令和7,港北区,新横浜めぶき保育園,5歳,5.0,0.0
令和7,港北区,新羽どろんこ保育園,0歳,5.0,0.0
令和7,港北区,新羽どろんこ保育園,1歳,5.0,0.0
令和7,港北区,新羽どろんこ保育園,2歳,5.0,0.0
令和7,港北区,新羽どろんこ保育園,3歳,4.318181818181818,0.13636363636363635
令和7,港北区,新羽どろんこ保育園,4歳,4.7727272727272725,0.045454545454545456
令和7,港北区,新羽どろんこ保育園,5歳,2.727272727272727,0.45454545454545453
令和7,港北区,日吉ちとせ保育園,0歳,5.0,0.0
令和7,港北区,日吉ちとせ保育園,1歳,5.0,0.0
令和7,港北区,日吉ちとせ保育園,2歳,5.0,0.0
令和7,港北区,日吉ちとせ保育園,3歳,3.8636363636363638,0.22727272727272727
令和7,港北区,日吉ちとせ保育園,4歳,5.0,0.0
令和7,港北区,日吉ちとせ保育園,5歳,5.0,0.0
令和7,港北区,日吉みんなの保育園,0歳,5.0,0.0
令和7,港北区,日吉みんなの保育園,1歳,5.0,0.0
令和7,港北区,日吉みんなの保育園,2歳,3.409090909090909,0.3181818181818182
令和7,港北区,日吉みんなの保育園,3歳,3.8636363636363638,0.22727272727272727
令和7,港北区,日吉みんなの保育園,4歳,2.651515151515152,0.46969696969696967
令和7,港北区,日吉みんなの保育園,5歳,5.0,0.0
令和7,港北区,日吉チューリップルーム,0歳,3.9393939393939394,0.2121212121212121
令和7,港北区,日吉チューリップルーム,1歳,3.560606060606061,0.28787878787878785
令和7,港北区,日吉チューリップルーム,2歳,5.0,0.0
令和7,港北区,日吉チューリップルーム,3歳,5.0,0.0
令和7,港北区,日吉チューリップルーム,4歳,5.0,0.0
令和7,港北区,日吉チューリップルーム,5歳,5.0,0.0
令和7,港北区,日吉夢保育園,0歳,4.9513855128828395,0.009722897423432183
令和7,港北区,日吉夢保育園,1歳,5.0,0.0
令和7,港北区,日吉夢保育園,2歳,4.701937406855439,0.05961251862891208
令和7,港北区,日吉夢保育園,3歳,4.604377104377105,0.07912457912457913
令和7,港北区,日吉夢保育園,4歳,5.0,0.0
令和7,港北区,日吉夢保育園,5歳,5.0,0.0
令和7,港北区,日吉箕輪えほんの森保育園,0歳,5.0,0.0
令和7,港北区,日吉箕輪えほんの森保育園,1歳,5.0,0.0
令和7,港北区,日吉箕輪えほんの森保育園,2歳,5.0,0.0
令和7,港北区,日吉箕輪えほんの森保育園,3歳,1.8587662337662338,0.6282467532467533
令和7,港北区,日吉箕輪えほんの森保育園,4歳,2.2045454545454546,0.5590909090909091
令和7,港北区,日吉箕輪えほんの森保育園,5歳,0.5952380952380953,0.8809523809523809
令和7,港北区,明日葉保育園大倉山園,0歳,5.0,0.0
令和7,港北区,明日葉保育園大倉山園,1歳,5.0,0.0
令和7,港北区,明日葉保育園大倉山園,2歳,2.607417458163727,0.47851650836725457
令和7,港北区,明日葉保育園大倉山園,3歳,3.1818181818181817,0.36363636363636365
令和7,港北区,明日葉保育園大倉山園,4歳,3.5783365570599615,0.28433268858800775
令和7,港北区,明日葉保育園大倉山園,5歳,2.5,0.5
令和7,港北区,明日葉保育園綱島園,0歳,5.0,0.0
令和7,港北区,明日葉保育園綱島園,1歳,5.0,0.0
令和7,港北区,明日葉保育園綱島園,2歳,5.0,0.0
令和7,港北区,明日葉保育園綱島園,3歳,4.090909090909091,0.18181818181818182
令和7,港北区,明日葉保育園綱島園,4歳,3.1818181818181817,0.36363636363636365
令和7,港北区,明日葉保育園綱島園,5歳,1.25,0.75
令和7,港北区,木下の保育園　綱島東,0歳,5.0,0.0
令和7,港北区,木下の保育園　綱島東,1歳,5.0,0.0
令和7,港北区,木下の保育園　綱島東,2歳,4.545454545454546,0.09090909090909091
令和7,港北区,木下の保育園　綱島東,3歳,4.545454545454546,0.09090909090909091
令和7,港北区,木下の保育園　綱島東,4歳,3.1818181818181817,0.36363636363636365
令和7,港北区,木下の保育園　綱島東,5歳,5.0,0.0
令和7,港北区,木下の保育園日吉,0歳,5.0,0.0
令和7,港北区,木下の保育園日吉,1歳,5.0,0.0
令和7,港北区,木下の保育園日吉,2歳,5.0,0.0
令和7,港北区,木下の保育園日吉,3歳,3.1818181818181817,0.36363636363636365
令和7,港北区,木下の保育園日吉,4歳,3.1818181818181817,0.36363636363636365
令和7,港北区,木下の保育園日吉,5歳,5.0,0.0
令和7,港北区,森のエルマー保育園,0歳,3.977272727272727,0.20454545454545456
令和7,港北区,森のエルマー保育園,1歳,4.831649831649832,0.03367003367003367
令和7,港北区,森のエルマー保育園,2歳,5.0,0.0
令和7,港北区,森のエルマー保育園,3歳,4.696969696969696,0.0606060606060606
令和7,港北区,森のエルマー保育園,4歳,5.0,0.0
令和7,港北区,森のエルマー保育園,5歳,5.0,0.0
令和7,港北区,森の樹保育園,0歳,4.7727272727272725,0.045454545454545456
令和7,港北区,森の樹保育園,1歳,5.0,0.0
令和7,港北区,森の樹保育園,2歳,5.0,0.0
令和7,港北区,森の樹保育園,3歳,5.0,0.0
令和7,港北区,森の樹保育園,4歳,5.0,0.0
令和7,港北区,森の樹保育園,5歳,5.0,0.0
令和7,港北区,横浜りとるぱんぷきんず(保育所部分),0歳,5.0,0.0
令和7,港北区,横浜りとるぱんぷきんず(保育所部分),1歳,5.0,0.0
令和7,港北区,横浜りとるぱんぷきんず(保育所部分),2歳,4.889135254988914,0.022172949002217297
令和7,港北区,横浜りとるぱんぷきんず(保育所部分),3歳,5.0,0.0
令和7,港北区,横浜りとるぱんぷきんず(保育所部分),4歳,4.7727272727272725,0.045454545454545456
令和7,港北区,横浜りとるぱんぷきんず(保育所部分),5歳,4.7727272727272725,0.045454545454545456
令和7,港北区,横浜市南日吉保育園,0歳,5.0,0.0
令和7,港北区,横浜市南日吉保育園,1歳,5.0,0.0
令和7,港北区,横浜市南日吉保育園,2歳,4.7727272727272725,0.045454545454545456
令和7,港北区,横浜市南日吉保育園,3歳,3.0649467129301997,0.38701065741396
令和7,港北区,横浜市南日吉保育園,4歳,2.575757575757576,0.4848484848484848
令和7,港北区,横浜市南日吉保育園,5歳,4.015151515151515,0.19696969696969696
令和7,港北区,横浜市大曽根保育園,0歳,5.0,0.0
令和7,港北区,横浜市大曽根保育園,1歳,5.0,0.0
令和7,港北区,横浜市大曽根保育園,2歳,5.0,0.0
令和7,港北区,横浜市大曽根保育園,3歳,2.778154681139756,0.4443690637720488
令和7,港北区,横浜市大曽根保育園,4歳,2.878787878787879,0.4242424242424242
令和7,港北区,横浜市大曽根保育園,5歳,0.4166666666666669,0.9166666666666665
令和7,港北区,横浜市太尾保育園,0歳,4.045454545454546,0.19090909090909092
令和7,港北区,横浜市太尾保育園,1歳,4.7727272727272725,0.045454545454545456
令和7,港北区,横浜市太尾保育園,2歳,5.0,0.0
令和7,港北区,横浜市太尾保育園,3歳,3.333333333333333,0.3333333333333333
令和7,港北区,横浜市太尾保育園,4歳,1.9534632034632038,0.6093073593073594
令和7,港北区,横浜市太尾保育園,5歳,2.4242424242424243,0.5151515151515151
令和7,港北区,横浜市港北保育園,0歳,5.0,0.0
令和7,港北区,横浜市港北保育園,1歳,5.0,0.0
令和7,港北区,横浜市港北保育園,2歳,4.623695976154992,0.07526080476900149
令和7,港北区,横浜市港北保育園,3歳,2.090909090909091,0.5818181818181819
令和7,港北区,横浜市港北保育園,4歳,3.7878787878787876,0.2424242424242424
令和7,港北区,横浜市港北保育園,5歳,0.8333333333333331,0.8333333333333335
令和7,港北区,横浜市菊名保育園,0歳,5.0,0.0
令和7,港北区,横浜市菊名保育園,1歳,4.878787878787879,0.024242424242424242
令和7,港北区,横浜市菊名保育園,2歳,2.6136363636363638,0.4772727272727273
令和7,港北区,横浜市菊名保育園,3歳,3.2954545454545454,0.3409090909090909
令和7,港北区,横浜市菊名保育園,4歳,4.46969696969697,0.10606060606060605
令和7,港北区,横浜市菊名保育園,5歳,2.0454545454545454,0.5909090909090909
令和7,港北区,港北こども園,0歳,3.7878787878787885,0.2424242424242424
令和7,港北区,港北こども園,1歳,5.0,0.0
令和7,港北区,港北こども園,2歳,4.545454545454546,0.09090909090909091
令和7,港北区,港北こども園,3歳,5.0,0.0
令和7,港北区,港北こども園,4歳,5.0,0.0
令和7,港北区,港北こども園,5歳,5.0,0.0
令和7,港北区,港北コスモス保育園,0歳,5.0,0.0
令和7,港北区,港北コスモス保育園,1歳,5.0,0.0
令和7,港北区,港北コスモス保育園,2歳,4.831649831649832,0.03367003367003367
令和7,港北区,港北コスモス保育園,3歳,5.0,0.0
令和7,港北区,港北コスモス保育園,4歳,3.1818181818181817,0.36363636363636365
令和7,港北区,港北コスモス保育園,5歳,5.0,0.0
令和7,港北区,第二尚花愛児園,0歳,5.0,0.0
令和7,港北区,第二尚花愛児園,1歳,5.0,0.0
令和7,港北区,第二尚花愛児園,2歳,5.0,0.0
令和7,港北区,第二尚花愛児園,3歳,4.7727272727272725,0.045454545454545456
令和7,港北区,第二尚花愛児園,4歳,5.0,0.0
令和7,港北区,第二尚花愛児園,5歳,5.0,0.0
令和7,港北区,第二福澤保育センター,0歳,4.46969696969697,0.10606060606060605
令和7,港北区,第二福澤保育センター,1歳,4.831649831649832,0.03367003367003367
令和7,港北区,第二福澤保育センター,2歳,4.806576402321084,0.03868471953578337
令和7,港北区,第二福澤保育センター,3歳,4.806576402321084,0.03868471953578337
令和7,港北区,第二福澤保育センター,4歳,5.0,0.0
令和7,港北区,第二福澤保育センター,5歳,5.0,0.0
令和7,港北区,聖保育園,0歳,3.9015151515151514,0.2196969696969697
令和7,港北区,聖保育園,1歳,4.7727272727272725,0.045454545454545456
令和7,港北区,聖保育園,2歳,2.2196969696969693,0.5560606060606061
令和7,港北区,聖保育園,3歳,2.272727272727273,0.5454545454545454
令和7,港北区,聖保育園,4歳,2.4242424242424243,0.5151515151515151
令和7,港北区,聖保育園,5歳,0.7142857142857145,0.8571428571428572
令和7,港北区,聖保育園第二,0歳,5.0,0.0
令和7,港北区,聖保育園第二,1歳,5.0,0.0
令和7,港北区,聖保育園第二,2歳,4.318181818181818,0.13636363636363635
令和7,港北区,聖保育園第二,3歳,3.1818181818181817,0.36363636363636365
令和7,港北区,聖保育園第二,4歳,2.575757575757576,0.4848484848484848
令和7,港北区,聖保育園第二,5歳,1.0757575757575757,0.7848484848484848
令和7,港北区,聖愛クロス保育園　きくな,0歳,5.0,0.0
令和7,港北区,聖愛クロス保育園　きくな,1歳,5.0,0.0
令和7,港北区,聖愛クロス保育園　きくな,2歳,4.166666666666667,0.16666666666666666
令和7,港北区,聖愛クロス保育園　きくな,3歳,5.0,0.0
令和7,港北区,聖愛クロス保育園　きくな,4歳,5.0,0.0
令和7,港北区,聖愛クロス保育園　きくな,5歳,5.0,0.0
令和7,港北区,菊名愛児園,0歳,5.0,0.0
令和7,港北区,菊名愛児園,1歳,5.0,0.0
令和7,港北区,菊名愛児園,2歳,5.0,0.0
令和7,港北区,菊名愛児園,3歳,4.686520376175548,0.06269592476489029
令和7,港北区,菊名愛児園,4歳,5.0,0.0
令和7,港北区,菊名愛児園,5歳,2.6818181818181817,0.4636363636363636
令和7,港北区,認定こども園しのはら幼稚園（保育所部分）,0歳,5.0,0.0
令和7,港北区,認定こども園しのはら幼稚園（保育所部分）,1歳,5.0,0.0
令和7,港北区,認定こども園しのはら幼稚園（保育所部分）,2歳,5.0,0.0
令和7,港北区,認定こども園しのはら幼稚園（保育所部分）,3歳,4.7727272727272725,0.045454545454545456
令和7,港北区,認定こども園しのはら幼稚園（保育所部分）,4歳,5.0,0.0
令和7,港北区,認定こども園しのはら幼稚園（保育所部分）,5歳,5.0,0.0
令和7,港北区,認定こども園岸根こども園（保育所部分）,0歳,5.0,0.0
令和7,港北区,認定こども園岸根こども園（保育所部分）,1歳,5.0,0.0
令和7,港北区,認定こども園岸根こども園（保育所部分）,2歳,3.8645318432552473,0.22709363134895047
令和7,港北区,認定こども園岸根こども園（保育所部分）,3歳,4.545454545454546,0.09090909090909091
令和7,港北区,認定こども園岸根こども園（保育所部分）,4歳,3.1818181818181817,0.36363636363636365
令和7,港北区,認定こども園岸根こども園（保育所部分）,5歳,2.4242424242424243,0.5151515151515151
令和7,港北区,認定こども園新羽幼稚園（保育所部分）,0歳,5.0,0.0
令和7,港北区,認定こども園新羽幼稚園（保育所部分）,1歳,5.0,0.0
令和7,港北区,認定こども園新羽幼稚園（保育所部分）,2歳,5.0,0.0
令和7,港北区,認定こども園新羽幼稚園（保育所部分）,3歳,4.7727272727272725,0.045454545454545456
令和7,港北区,認定こども園新羽幼稚園（保育所部分）,4歳,5.0,0.0
令和7,港北区,認定こども園新羽幼稚園（保育所部分）,5歳,5.0,0.0
令和7,港北区,認定こども園高木学園附属幼稚園（保育所部分）,0歳,5.0,0.0
令和7,港北区,認定こども園高木学園附属幼稚園（保育所部分）,1歳,5.0,0.0
令和7,港北区,認定こども園高木学園附属幼稚園（保育所部分）,2歳,5.0,0.0
令和7,港北区,認定こども園高木学園附属幼稚園（保育所部分）,3歳,5.0,0.0
令和7,港北区,認定こども園高木学園附属幼稚園（保育所部分）,4歳,2.651515151515152,0.4696969696969697
令和7,港北区,認定こども園高木学園附属幼稚園（保育所部分）,5歳,2.5,0.5
令和7,港北区,Ｌｕｃｅ陽だまりの家保育園,0歳,3.484848484848485,0.303030303030303
令和7,港北区,Ｌｕｃｅ陽だまりの家保育園,1歳,5.0,0.0
令和7,港北区,Ｌｕｃｅ陽だまりの家保育園,2歳,5.0,0.0
令和7,港北区,Ｌｕｃｅ陽だまりの家保育園,3歳,5.0,0.0
令和7,港北区,Ｌｕｃｅ陽だまりの家保育園,4歳,5.0,0.0
令和7,港北区,Ｌｕｃｅ陽だまりの家保育園,5歳,5.0,0.0
令和7,港北区,Ｌｕｃｅ陽だまりの家保育園綱島,0歳,3.484848484848485,0.303030303030303
令和7,港北区,Ｌｕｃｅ陽だまりの家保育園綱島,1歳,2.6893939393939394,0.4621212121212121
令和7,港北区,Ｌｕｃｅ陽だまりの家保育園綱島,2歳,3.1818181818181817,0.36363636363636365
令和7,港北区,Ｌｕｃｅ陽だまりの家保育園綱島,3歳,5.0,0.0
令和7,港北区,Ｌｕｃｅ陽だまりの家保育園綱島,4歳,5.0,0.0
令和7,港北区,Ｌｕｃｅ陽だまりの家保育園綱島,5歳,5.0,0.0
令和7,港南区,こどもっと保育園,0歳,4.090909090909091,0.18181818181818182
令和7,港南区,こどもっと保育園,1歳,4.940191387559809,0.011961722488038277
令和7,港南区,こどもっと保育園,2歳,5.0,0.0
令和7,港南区,こどもっと保育園,3歳,5.0,0.0
令和7,港南区,こどもっと保育園,4歳,5.0,0.0
令和7,港南区,こどもっと保育園,5歳,5.0,0.0
令和7,港南区,ちゅーりっぷキッズ,0歳,5.0,0.0
令和7,港南区,ちゅーりっぷキッズ,1歳,4.806576402321084,0.03868471953578337
令和7,港南区,ちゅーりっぷキッズ,2歳,4.242424242424242,0.1515151515151515
令和7,港南区,ちゅーりっぷキッズ,3歳,5.0,0.0
令和7,港南区,ちゅーりっぷキッズ,4歳,5.0,0.0
令和7,港南区,ちゅーりっぷキッズ,5歳,5.0,0.0
令和7,港南区,ちゅーりっぷハウス,0歳,5.0,0.0
令和7,港南区,ちゅーりっぷハウス,1歳,4.77804890711801,0.044390218576397904
令和7,港南区,ちゅーりっぷハウス,2歳,5.0,0.0
令和7,港南区,ちゅーりっぷハウス,3歳,5.0,0.0
令和7,港南区,ちゅーりっぷハウス,4歳,5.0,0.0
令和7,港南区,ちゅーりっぷハウス,5歳,5.0,0.0
令和7,港南区,つくし保育園　上大岡,0歳,5.0,0.0
令和7,港南区,つくし保育園　上大岡,1歳,5.0,0.0
令和7,港南区,つくし保育園　上大岡,2歳,5.0,0.0
令和7,港南区,つくし保育園　上大岡,3歳,5.0,0.0
令和7,港南区,つくし保育園　上大岡,4歳,4.090909090909091,0.18181818181818182
令和7,港南区,つくし保育園　上大岡,5歳,4.7727272727272725,0.045454545454545456
令和7,港南区,つばさ保育園,0歳,5.0,0.0
令和7,港南区,つばさ保育園,1歳,5.0,0.0
令和7,港南区,つばさ保育園,2歳,4.889135254988914,0.022172949002217297
令和7,港南区,つばさ保育園,3歳,4.745098039215686,0.050980392156862744
令和7,港南区,つばさ保育園,4歳,4.7727272727272725,0.045454545454545456
令和7,港南区,つばさ保育園,5歳,5.0,0.0
令和7,港南区,にじいろ保育園上大岡,0歳,5.0,0.0
令和7,港南区,にじいろ保育園上大岡,1歳,4.93060374739764,0.013879250520471896
令和7,港南区,にじいろ保育園上大岡,2歳,5.0,0.0
令和7,港南区,にじいろ保育園上大岡,3歳,5.0,0.0
令和7,港南区,にじいろ保育園上大岡,4歳,0.3821178821178819,0.9235764235764237
令和7,港南区,にじいろ保育園上大岡,5歳,0.38461538461538436,0.9230769230769232
令和7,港南区,ぱぷりか保育園　上大岡,0歳,5.0,0.0
令和7,港南区,ぱぷりか保育園　上大岡,1歳,5.0,0.0
令和7,港南区,ぱぷりか保育園　上大岡,2歳,5.0,0.0
令和7,港南区,ぱぷりか保育園　上大岡,3歳,5.0,0.0
令和7,港南区,ぱぷりか保育園　上大岡,4歳,5.0,0.0
令和7,港南区,ぱぷりか保育園　上大岡,5歳,5.0,0.0
令和7,港南区,みなみひの保育園,0歳,5.0,0.0
令和7,港南区,みなみひの保育園,1歳,5.0,0.0
令和7,港南区,みなみひの保育園,2歳,5.0,0.0
令和7,港南区,みなみひの保育園,3歳,5.0,0.0
令和7,港南区,みなみひの保育園,4歳,5.0,0.0
令和7,港南区,みなみひの保育園,5歳,5.0,0.0
令和7,港南区,めぐみ保育園,0歳,5.0,0.0
令和7,港南区,めぐみ保育園,1歳,4.625038261401897,0.07499234771962043
令和7,港南区,めぐみ保育園,2歳,4.696969696969696,0.0606060606060606
令和7,港南区,めぐみ保育園,3歳,5.0,0.0
令和7,港南区,めぐみ保育園,4歳,5.0,0.0
令和7,港南区,めぐみ保育園,5歳,5.0,0.0
令和7,港南区,アスクさいど保育園,0歳,5.0,0.0
令和7,港南区,アスクさいど保育園,1歳,4.940191387559809,0.011961722488038277
令和7,港南区,アスクさいど保育園,2歳,5.0,0.0
令和7,港南区,アスクさいど保育園,3歳,5.0,0.0
令和7,港南区,アスクさいど保育園,4歳,5.0,0.0
令和7,港南区,アスクさいど保育園,5歳,5.0,0.0
令和7,港南区,アスク上大岡保育園,0歳,5.0,0.0
令和7,港南区,アスク上大岡保育園,1歳,5.0,0.0
令和7,港南区,アスク上大岡保育園,2歳,5.0,0.0
令和7,港南区,アスク上大岡保育園,3歳,5.0,0.0
令和7,港南区,アスク上大岡保育園,4歳,4.7727272727272725,0.045454545454545456
令和7,港南区,アスク上大岡保育園,5歳,5.0,0.0
令和7,港南区,アスク港南中央保育園,0歳,5.0,0.0
令和7,港南区,アスク港南中央保育園,1歳,4.889135254988914,0.022172949002217297
令和7,港南区,アスク港南中央保育園,2歳,5.0,0.0
令和7,港南区,アスク港南中央保育園,3歳,5.0,0.0
令和7,港南区,アスク港南中央保育園,4歳,5.0,0.0
令和7,港南区,アスク港南中央保育園,5歳,4.7727272727272725,0.045454545454545456
令和7,港南区,オハナ上永谷保育園,0歳,5.0,0.0
令和7,港南区,オハナ上永谷保育園,1歳,5.0,0.0
令和7,港南区,オハナ上永谷保育園,2歳,4.866310160427807,0.026737967914438502
令和7,港南区,オハナ上永谷保育園,3歳,5.0,0.0
令和7,港南区,オハナ上永谷保育園,4歳,5.0,0.0
令和7,港南区,オハナ上永谷保育園,5歳,5.0,0.0
令和7,港南区,キッズアミ,0歳,5.0,0.0
令和7,港南区,キッズアミ,1歳,5.0,0.0
令和7,港南区,キッズアミ,2歳,4.326599326599327,0.13468013468013468
令和7,港南区,キッズアミ,3歳,5.0,0.0
令和7,港南区,キッズアミ,4歳,5.0,0.0
令和7,港南区,キッズアミ,5歳,5.0,0.0
令和7,港南区,キッズガーデン横浜最戸,0歳,5.0,0.0
令和7,港南区,キッズガーデン横浜最戸,1歳,5.0,0.0
令和7,港南区,キッズガーデン横浜最戸,2歳,5.0,0.0
令和7,港南区,キッズガーデン横浜最戸,3歳,5.0,0.0
令和7,港南区,キッズガーデン横浜最戸,4歳,5.0,0.0
令和7,港南区,キッズガーデン横浜最戸,5歳,5.0,0.0
令和7,港南区,クオリスキッズ上大岡西保育園,0歳,4.46969696969697,0.10606060606060605
令和7,港南区,クオリスキッズ上大岡西保育園,1歳,5.0,0.0
令和7,港南区,クオリスキッズ上大岡西保育園,2歳,5.0,0.0
令和7,港南区,クオリスキッズ上大岡西保育園,3歳,5.0,0.0
令和7,港南区,クオリスキッズ上大岡西保育園,4歳,5.0,0.0
令和7,港南区,クオリスキッズ上大岡西保育園,5歳,5.0,0.0
令和7,港南区,クオリスキッズ上大岡駅前保育園,0歳,5.0,0.0
令和7,港南区,クオリスキッズ上大岡駅前保育園,1歳,4.831649831649832,0.03367003367003367
令和7,港南区,クオリスキッズ上大岡駅前保育園,2歳,2.295052782509118,0.5409894434981765
令和7,港南区,クオリスキッズ上大岡駅前保育園,3歳,5.0,0.0
令和7,港南区,クオリスキッズ上大岡駅前保育園,4歳,5.0,0.0
令和7,港南区,クオリスキッズ上大岡駅前保育園,5歳,5.0,0.0
令和7,港南区,クオリスキッズ港南中央保育園,0歳,5.0,0.0
令和7,港南区,クオリスキッズ港南中央保育園,1歳,5.0,0.0
令和7,港南区,クオリスキッズ港南中央保育園,2歳,5.0,0.0
令和7,港南区,クオリスキッズ港南中央保育園,3歳,5.0,0.0
令和7,港南区,クオリスキッズ港南中央保育園,4歳,3.1818181818181817,0.36363636363636365
令和7,港南区,クオリスキッズ港南中央保育園,5歳,4.090909090909091,0.18181818181818182
令和7,港南区,グローバルキッズ上大岡園,0歳,5.0,0.0
令和7,港南区,グローバルキッズ上大岡園,1歳,5.0,0.0
令和7,港南区,グローバルキッズ上大岡園,2歳,5.0,0.0
令和7,港南区,グローバルキッズ上大岡園,3歳,5.0,0.0
令和7,港南区,グローバルキッズ上大岡園,4歳,5.0,0.0
令和7,港南区,グローバルキッズ上大岡園,5歳,2.727272727272727,0.45454545454545453
令和7,港南区,サイド・サン保育園,0歳,5.0,0.0
令和7,港南区,サイド・サン保育園,1歳,5.0,0.0
令和7,港南区,サイド・サン保育園,2歳,5.0,0.0
令和7,港南区,サイド・サン保育園,3歳,5.0,0.0
令和7,港南区,サイド・サン保育園,4歳,4.46969696969697,0.10606060606060605
令和7,港南区,サイド・サン保育園,5歳,2.5,0.5
令和7,港南区,スクルドエンジェル保育園上大岡園,0歳,5.0,0.0
令和7,港南区,スクルドエンジェル保育園上大岡園,1歳,4.234292976614321,0.1531414046771358
令和7,港南区,スクルドエンジェル保育園上大岡園,2歳,2.803030303030303,0.4393939393939394
令和7,港南区,スクルドエンジェル保育園上大岡園,3歳,5.0,0.0
令和7,港南区,スクルドエンジェル保育園上大岡園,4歳,5.0,0.0
令和7,港南区,スクルドエンジェル保育園上大岡園,5歳,5.0,0.0
令和7,港南区,チェリーガーデン保育園,0歳,5.0,0.0
令和7,港南区,チェリーガーデン保育園,1歳,5.0,0.0
令和7,港南区,チェリーガーデン保育園,2歳,4.878787878787879,0.024242424242424242
令和7,港南区,チェリーガーデン保育園,3歳,5.0,0.0
令和7,港南区,チェリーガーデン保育園,4歳,5.0,0.0
令和7,港南区,チェリーガーデン保育園,5歳,5.0,0.0
令和7,港南区,ニコニコ保育園,0歳,3.9393939393939394,0.2121212121212121
令和7,港南区,ニコニコ保育園,1歳,4.889135254988914,0.022172949002217297
令和7,港南区,ニコニコ保育園,2歳,3.1818181818181817,0.36363636363636365
令和7,港南区,ニコニコ保育園,3歳,5.0,0.0
令和7,港南区,ニコニコ保育園,4歳,5.0,0.0
令和7,港南区,ニコニコ保育園,5歳,5.0,0.0
令和7,港南区,ベネッセ 上大岡保育園,0歳,5.0,0.0
令和7,港南区,ベネッセ 上大岡保育園,1歳,5.0,0.0
令和7,港南区,ベネッセ 上大岡保育園,2歳,5.0,0.0
令和7,港南区,ベネッセ 上大岡保育園,3歳,5.0,0.0
令和7,港南区,ベネッセ 上大岡保育園,4歳,0.4338842975206613,0.9132231404958677
令和7,港南区,ベネッセ 上大岡保育園,5歳,0.4222292858656495,0.9155541428268701
令和7,港南区,上大岡はるかぜ保育園,0歳,5.0,0.0
令和7,港南区,上大岡はるかぜ保育園,1歳,5.0,0.0
令和7,港南区,上大岡はるかぜ保育園,2歳,4.806576402321084,0.03868471953578337
令和7,港南区,上大岡はるかぜ保育園,3歳,5.0,0.0
令和7,港南区,上大岡はるかぜ保育園,4歳,5.0,0.0
令和7,港南区,上大岡はるかぜ保育園,5歳,5.0,0.0
令和7,港南区,上大岡ゆう保育園,0歳,4.988269794721408,0.002346041055718475
令和7,港南区,上大岡ゆう保育園,1歳,5.0,0.0
令和7,港南区,上大岡ゆう保育園,2歳,4.93060374739764,0.013879250520471896
令和7,港南区,上大岡ゆう保育園,3歳,5.0,0.0
令和7,港南区,上大岡ゆう保育園,4歳,5.0,0.0
令和7,港南区,上大岡ゆう保育園,5歳,5.0,0.0
令和7,港南区,上大岡ラビット保育園ＴＷＩＮＳ,0歳,5.0,0.0
令和7,港南区,上大岡ラビット保育園ＴＷＩＮＳ,1歳,5.0,0.0
令和7,港南区,上大岡ラビット保育園ＴＷＩＮＳ,2歳,5.0,0.0
令和7,港南区,上大岡ラビット保育園ＴＷＩＮＳ,3歳,5.0,0.0
令和7,港南区,上大岡ラビット保育園ＴＷＩＮＳ,4歳,5.0,0.0
令和7,港南区,上大岡ラビット保育園ＴＷＩＮＳ,5歳,5.0,0.0
令和7,港南区,上永谷保育園,0歳,5.0,0.0
令和7,港南区,上永谷保育園,1歳,5.0,0.0
令和7,港南区,上永谷保育園,2歳,4.545454545454546,0.09090909090909091
令和7,港南区,上永谷保育園,3歳,5.0,0.0
令和7,港南区,上永谷保育園,4歳,5.0,0.0
令和7,港南区,上永谷保育園,5歳,5.0,0.0
令和7,港南区,上永谷西保育園,0歳,5.0,0.0
令和7,港南区,上永谷西保育園,1歳,5.0,0.0
令和7,港南区,上永谷西保育園,2歳,5.0,0.0
令和7,港南区,上永谷西保育園,3歳,5.0,0.0
令和7,港南区,上永谷西保育園,4歳,5.0,0.0
令和7,港南区,上永谷西保育園,5歳,5.0,0.0
令和7,港南区,丸山台保育園,0歳,3.261904761904762,0.34761904761904766
令和7,港南区,丸山台保育園,1歳,5.0,0.0
令和7,港南区,丸山台保育園,2歳,4.124758220502901,0.17504835589941972
令和7,港南区,丸山台保育園,3歳,5.0,0.0
令和7,港南区,丸山台保育園,4歳,4.318181818181818,0.13636363636363635
令和7,港南区,丸山台保育園,5歳,4.545454545454546,0.09090909090909091
令和7,港南区,京急キッズランド上大岡保育園,0歳,5.0,0.0
令和7,港南区,京急キッズランド上大岡保育園,1歳,4.897854954034729,0.02042900919305414
令和7,港南区,京急キッズランド上大岡保育園,2歳,5.0,0.0
令和7,港南区,京急キッズランド上大岡保育園,3歳,5.0,0.0
令和7,港南区,京急キッズランド上大岡保育園,4歳,5.0,0.0
令和7,港南区,京急キッズランド上大岡保育園,5歳,5.0,0.0
令和7,港南区,京急キッズランド上永谷保育園,0歳,4.090909090909091,0.18181818181818182
令和7,港南区,京急キッズランド上永谷保育園,1歳,5.0,0.0
令和7,港南区,京急キッズランド上永谷保育園,2歳,4.7727272727272725,0.045454545454545456
令和7,港南区,京急キッズランド上永谷保育園,3歳,5.0,0.0
令和7,港南区,京急キッズランド上永谷保育園,4歳,5.0,0.0
令和7,港南区,京急キッズランド上永谷保育園,5歳,4.545454545454546,0.09090909090909091
令和7,港南区,保育室アーモ,0歳,3.8636363636363638,0.22727272727272727
令和7,港南区,保育室アーモ,1歳,5.0,0.0
令和7,港南区,保育室アーモ,2歳,4.7727272727272725,0.045454545454545456
令和7,港南区,保育室アーモ,3歳,5.0,0.0
令和7,港南区,保育室アーモ,4歳,5.0,0.0
令和7,港南区,保育室アーモ,5歳,5.0,0.0
令和7,港南区,太陽の子　港南台保育園,0歳,4.878787878787879,0.024242424242424242
令和7,港南区,太陽の子　港南台保育園,1歳,5.0,0.0
令和7,港南区,太陽の子　港南台保育園,2歳,4.831649831649832,0.03367003367003367
令和7,港南区,太陽の子　港南台保育園,3歳,4.85096870342772,0.02980625931445604
令和7,港南区,太陽の子　港南台保育園,4歳,5.0,0.0
令和7,港南区,太陽の子　港南台保育園,5歳,5.0,0.0
令和7,港南区,小学館アカデミーかみおおおか保育園,0歳,5.0,0.0
令和7,港南区,小学館アカデミーかみおおおか保育園,1歳,5.0,0.0
令和7,港南区,小学館アカデミーかみおおおか保育園,2歳,4.917355371900826,0.01652892561983471
令和7,港南区,小学館アカデミーかみおおおか保育園,3歳,4.71043771043771,0.057912457912457915
令和7,港南区,小学館アカデミーかみおおおか保育園,4歳,5.0,0.0
令和7,港南区,小学館アカデミーかみおおおか保育園,5歳,5.0,0.0
令和7,港南区,小学館アカデミーかみながや保育園,0歳,4.911738746690204,0.0176522506619594
令和7,港南区,小学館アカデミーかみながや保育園,1歳,5.0,0.0
令和7,港南区,小学館アカデミーかみながや保育園,2歳,4.545454545454546,0.09090909090909091
令和7,港南区,小学館アカデミーかみながや保育園,3歳,5.0,0.0
令和7,港南区,小学館アカデミーかみながや保育園,4歳,4.015151515151515,0.19696969696969696
令和7,港南区,小学館アカデミーかみながや保育園,5歳,2.5,0.5
令和7,港南区,日野保育園,0歳,5.0,0.0
令和7,港南区,日野保育園,1歳,5.0,0.0
令和7,港南区,日野保育園,2歳,5.0,0.0
令和7,港南区,日野保育園,3歳,4.7727272727272725,0.045454545454545456
令和7,港南区,日野保育園,4歳,5.0,0.0
令和7,港南区,日野保育園,5歳,5.0,0.0
令和7,港南区,横浜こども保育園,0歳,4.831649831649832,0.03367003367003367
令和7,港南区,横浜こども保育園,1歳,4.866310160427807,0.026737967914438502
令和7,港南区,横浜こども保育園,2歳,4.318181818181818,0.13636363636363635
令和7,港南区,横浜こども保育園,3歳,5.0,0.0
令和7,港南区,横浜こども保育園,4歳,4.015151515151515,0.19696969696969696
令和7,港南区,横浜こども保育園,5歳,3.6363636363636362,0.2727272727272727
令和7,港南区,横浜大谷保育園,0歳,5.0,0.0
令和7,港南区,横浜大谷保育園,1歳,4.90530303030303,0.01893939393939394
令和7,港南区,横浜大谷保育園,2歳,1.5530303030303032,0.6893939393939393
令和7,港南区,横浜大谷保育園,3歳,5.0,0.0
令和7,港南区,横浜大谷保育園,4歳,5.0,0.0
令和7,港南区,横浜大谷保育園,5歳,5.0,0.0
令和7,港南区,横浜市大久保保育園,0歳,4.579303675048356,0.08413926499032881
令和7,港南区,横浜市大久保保育園,1歳,5.0,0.0
令和7,港南区,横浜市大久保保育園,2歳,4.878787878787879,0.024242424242424242
令和7,港南区,横浜市大久保保育園,3歳,4.831649831649832,0.03367003367003367
令和7,港南区,横浜市大久保保育園,4歳,4.090909090909091,0.18181818181818182
令和7,港南区,横浜市大久保保育園,5歳,5.0,0.0
令和7,港南区,横浜市港南台第二保育園,0歳,5.0,0.0
令和7,港南区,横浜市港南台第二保育園,1歳,4.897854954034729,0.02042900919305414
令和7,港南区,横浜市港南台第二保育園,2歳,4.7727272727272725,0.045454545454545456
令和7,港南区,横浜市港南台第二保育園,3歳,4.7727272727272725,0.045454545454545456
令和7,港南区,横浜市港南台第二保育園,4歳,4.545454545454546,0.09090909090909091
令和7,港南区,横浜市港南台第二保育園,5歳,5.0,0.0
令和7,港南区,横浜市野庭第二保育園,0歳,2.929112554112554,0.4141774891774892
令和7,港南区,横浜市野庭第二保育園,1歳,5.0,0.0
令和7,港南区,横浜市野庭第二保育園,2歳,3.897485493230174,0.2205029013539652
令和7,港南区,横浜市野庭第二保育園,3歳,4.754299754299755,0.04914004914004913
令和7,港南区,横浜市野庭第二保育園,4歳,4.090909090909091,0.18181818181818182
令和7,港南区,横浜市野庭第二保育園,5歳,1.25,0.75
令和7,港南区,港南あひる保育園,0歳,5.0,0.0
令和7,港南区,港南あひる保育園,1歳,5.0,0.0
令和7,港南区,港南あひる保育園,2歳,5.0,0.0
令和7,港南区,港南あひる保育園,3歳,5.0,0.0
令和7,港南区,港南あひる保育園,4歳,5.0,0.0
令和7,港南区,港南あひる保育園,5歳,5.0,0.0
令和7,港南区,港南つくしんぼ保育園,0歳,5.0,0.0
令和7,港南区,港南つくしんぼ保育園,1歳,5.0,0.0
令和7,港南区,港南つくしんぼ保育園,2歳,5.0,0.0
令和7,港南区,港南つくしんぼ保育園,3歳,5.0,0.0
令和7,港南区,港南つくしんぼ保育園,4歳,5.0,0.0
令和7,港南区,港南つくしんぼ保育園,5歳,5.0,0.0
令和7,港南区,港南はるかぜ保育園,0歳,4.747474747474747,0.0505050505050505
令和7,港南区,港南はるかぜ保育園,1歳,5.0,0.0
令和7,港南区,港南はるかぜ保育園,2歳,5.0,0.0
令和7,港南区,港南はるかぜ保育園,3歳,5.0,0.0
令和7,港南区,港南はるかぜ保育園,4歳,5.0,0.0
令和7,港南区,港南はるかぜ保育園,5歳,5.0,0.0
令和7,港南区,港南ひまわり保育園,0歳,3.452380952380952,0.30952380952380953
令和7,港南区,港南ひまわり保育園,1歳,5.0,0.0
令和7,港南区,港南ひまわり保育園,2歳,4.7727272727272725,0.045454545454545456
令和7,港南区,港南ひまわり保育園,3歳,5.0,0.0
令和7,港南区,港南ひまわり保育園,4歳,5.0,0.0
令和7,港南区,港南ひまわり保育園,5歳,4.7727272727272725,0.045454545454545456
令和7,港南区,港南中央サンフラワー保育園,0歳,5.0,0.0
令和7,港南区,港南中央サンフラワー保育園,1歳,5.0,0.0
令和7,港南区,港南中央サンフラワー保育園,2歳,2.575757575757576,0.4848484848484848
令和7,港南区,港南中央サンフラワー保育園,3歳,5.0,0.0
令和7,港南区,港南中央サンフラワー保育園,4歳,5.0,0.0
令和7,港南区,港南中央サンフラワー保育園,5歳,5.0,0.0
令和7,港南区,港南台きらきら保育園,0歳,5.0,0.0
令和7,港南区,港南台きらきら保育園,1歳,5.0,0.0
令和7,港南区,港南台きらきら保育園,2歳,4.545454545454546,0.09090909090909091
令和7,港南区,港南台きらきら保育園,3歳,5.0,0.0
令和7,港南区,港南台きらきら保育園,4歳,5.0,0.0
令和7,港南区,港南台きらきら保育園,5歳,5.0,0.0
令和7,港南区,港南台つばさ保育園,0歳,5.0,0.0
令和7,港南区,港南台つばさ保育園,1歳,5.0,0.0
令和7,港南区,港南台つばさ保育園,2歳,5.0,0.0
令和7,港南区,港南台つばさ保育園,3歳,5.0,0.0
令和7,港南区,港南台つばさ保育園,4歳,5.0,0.0
令和7,港南区,港南台つばさ保育園,5歳,2.9545454545454546,0.4090909090909091
令和7,港南区,港南台保育センター,0歳,4.124758220502901,0.17504835589941972
令和7,港南区,港南台保育センター,1歳,4.917355371900826,0.01652892561983471
令和7,港南区,港南台保育センター,2歳,5.0,0.0
令和7,港南区,港南台保育センター,3歳,4.579303675048356,0.08413926499032881
令和7,港南区,港南台保育センター,4歳,4.318181818181818,0.13636363636363635
令和7,港南区,港南台保育センター,5歳,4.318181818181818,0.13636363636363635
令和7,港南区,港南台保育園,0歳,4.90530303030303,0.01893939393939394
令和7,港南区,港南台保育園,1歳,5.0,0.0
令和7,港南区,港南台保育園,2歳,5.0,0.0
令和7,港南区,港南台保育園,3歳,4.85096870342772,0.02980625931445604
令和7,港南区,港南台保育園,4歳,5.0,0.0
令和7,港南区,港南台保育園,5歳,5.0,0.0
令和7,港南区,白峰保育園,0歳,5.0,0.0
令和7,港南区,白峰保育園,1歳,5.0,0.0
令和7,港南区,白峰保育園,2歳,4.729756582215599,0.054048683556880285
令和7,港南区,白峰保育園,3歳,5.0,0.0
令和7,港南区,白峰保育園,4歳,3.6363636363636362,0.2727272727272727
令和7,港南区,白峰保育園,5歳,5.0,0.0
令和7,港南区,笹下保育園,0歳,4.7755331088664414,0.044893378226711564
令和7,港南区,笹下保育園,1歳,5.0,0.0
令和7,港南区,笹下保育園,2歳,3.9732430689877494,0.20535138620245003
令和7,港南区,笹下保育園,3歳,4.806576402321084,0.03868471953578337
令和7,港南区,笹下保育園,4歳,5.0,0.0
令和7,港南区,笹下保育園,5歳,5.0,0.0
令和7,港南区,笹下南つくしんぼ保育園,0歳,4.7727272727272725,0.045454545454545456
令和7,港南区,笹下南つくしんぼ保育園,1歳,5.0,0.0
令和7,港南区,笹下南つくしんぼ保育園,2歳,5.0,0.0
令和7,港南区,笹下南つくしんぼ保育園,3歳,5.0,0.0
令和7,港南区,笹下南つくしんぼ保育園,4歳,2.9545454545454546,0.4090909090909091
令和7,港南区,笹下南つくしんぼ保育園,5歳,1.25,0.75
令和7,港南区,芹が谷ぴよっこ保育園,0歳,4.7727272727272725,0.045454545454545456
令和7,港南区,芹が谷ぴよっこ保育園,1歳,5.0,0.0
令和7,港南区,芹が谷ぴよっこ保育園,2歳,5.0,0.0
令和7,港南区,芹が谷ぴよっこ保育園,3歳,5.0,0.0
令和7,港南区,芹が谷ぴよっこ保育園,4歳,5.0,0.0
令和7,港南区,芹が谷ぴよっこ保育園,5歳,5.0,0.0
令和7,港南区,認定こども園　大谷幼稚園,0歳,5.0,0.0
令和7,港南区,認定こども園　大谷幼稚園,1歳,5.0,0.0
令和7,港南区,認定こども園　大谷幼稚園,2歳,5.0,0.0
令和7,港南区,認定こども園　大谷幼稚園,3歳,5.0,0.0
令和7,港南区,認定こども園　大谷幼稚園,4歳,4.806576402321084,0.03868471953578337
令和7,港南区,認定こども園　大谷幼稚園,5歳,5.0,0.0
令和7,港南区,認定こども園　日野幼稚園,0歳,5.0,0.0
令和7,港南区,認定こども園　日野幼稚園,1歳,5.0,0.0
令和7,港南区,認定こども園　日野幼稚園,2歳,5.0,0.0
令和7,港南区,認定こども園　日野幼稚園,3歳,4.7727272727272725,0.045454545454545456
令和7,港南区,認定こども園　日野幼稚園,4歳,2.5,0.5
令和7,港南区,認定こども園　日野幼稚園,5歳,4.7727272727272725,0.045454545454545456
令和7,港南区,認定こども園　森が丘幼稚園,0歳,5.0,0.0
令和7,港南区,認定こども園　森が丘幼稚園,1歳,5.0,0.0
令和7,港南区,認定こども園　森が丘幼稚園,2歳,3.8636363636363638,0.22727272727272727
令和7,港南区,認定こども園　森が丘幼稚園,3歳,5.0,0.0
令和7,港南区,認定こども園　森が丘幼稚園,4歳,2.3863636363636362,0.5227272727272727
令和7,港南区,認定こども園　森が丘幼稚園,5歳,4.7727272727272725,0.045454545454545456
令和7,港南区,認定こども園　竹の子幼稚園,0歳,5.0,0.0
令和7,港南区,認定こども園　竹の子幼稚園,1歳,5.0,0.0
令和7,港南区,認定こども園　竹の子幼稚園,2歳,5.0,0.0
令和7,港南区,認定こども園　竹の子幼稚園,3歳,4.090909090909091,0.18181818181818182
令和7,港南区,認定こども園　竹の子幼稚園,4歳,5.0,0.0
令和7,港南区,認定こども園　竹の子幼稚園,5歳,1.25,0.75
令和7,港南区,認定こども園　野庭聖佳幼稚園,0歳,5.0,0.0
令和7,港南区,認定こども園　野庭聖佳幼稚園,1歳,5.0,0.0
令和7,港南区,認定こども園　野庭聖佳幼稚園,2歳,5.0,0.0
令和7,港南区,認定こども園　野庭聖佳幼稚園,3歳,3.560606060606061,0.28787878787878785
令和7,港南区,認定こども園　野庭聖佳幼稚園,4歳,3.3484848484848486,0.3303030303030303
令和7,港南区,認定こども園　野庭聖佳幼稚園,5歳,4.090909090909091,0.18181818181818182
令和7,港南区,認定こども園ムロノキッズ　室の木幼稚園・プリスクール室の木,0歳,5.0,0.0
令和7,港南区,認定こども園ムロノキッズ　室の木幼稚園・プリスクール室の木,1歳,5.0,0.0
令和7,港南区,認定こども園ムロノキッズ　室の木幼稚園・プリスクール室の木,2歳,3.8808295723189343,0.2238340855362132
令和7,港南区,認定こども園ムロノキッズ　室の木幼稚園・プリスクール室の木,3歳,5.0,0.0
令和7,港南区,認定こども園ムロノキッズ　室の木幼稚園・プリスクール室の木,4歳,5.0,0.0
令和7,港南区,認定こども園ムロノキッズ　室の木幼稚園・プリスクール室の木,5歳,5.0,0.0
令和7,港南区,認定こども園関東学院のびのびのば園,0歳,5.0,0.0
令和7,港南区,認定こども園関東学院のびのびのば園,1歳,5.0,0.0
令和7,港南区,認定こども園関東学院のびのびのば園,2歳,3.6363636363636362,0.2727272727272727
令和7,港南区,認定こども園関東学院のびのびのば園,3歳,5.0,0.0
令和7,港南区,認定こども園関東学院のびのびのば園,4歳,5.0,0.0
令和7,港南区,認定こども園関東学院のびのびのば園,5歳,5.0,0.0
令和7,港南区,赤い屋根保育園,0歳,5.0,0.0
令和7,港南区,赤い屋根保育園,1歳,4.953139643861293,0.009372071227741332
令和7,港南区,赤い屋根保育園,2歳,5.0,0.0
令和7,港南区,赤い屋根保育園,3歳,4.2239967239967235,0.15520065520065518
令和7,港南区,赤い屋根保育園,4歳,5.0,0.0
令和7,港南区,赤い屋根保育園,5歳,4.545454545454546,0.09090909090909091
令和7,港南区,野庭保育園,0歳,5.0,0.0
令和7,港南区,野庭保育園,1歳,4.793388429752066,0.04132231404958678
令和7,港南区,野庭保育園,2歳,4.696969696969696,0.0606060606060606
令和7,港南区,野庭保育園,3歳,3.7878787878787876,0.2424242424242424
令和7,港南区,野庭保育園,4歳,4.318181818181818,0.13636363636363635
令和7,港南区,野庭保育園,5歳,4.696969696969696,0.0606060606060606
令和7,港南区,風の丘・上大岡東保育園,0歳,5.0,0.0
令和7,港南区,風の丘・上大岡東保育園,1歳,5.0,0.0
令和7,港南区,風の丘・上大岡東保育園,2歳,5.0,0.0
令和7,港南区,風の丘・上大岡東保育園,3歳,4.85096870342772,0.02980625931445604
令和7,港南区,風の丘・上大岡東保育園,4歳,5.0,0.0
令和7,港南区,風の丘・上大岡東保育園,5歳,5.0,0.0
令和7,港南区,ＣＯＳＭＯＳ保育園,0歳,5.0,0.0
令和7,港南区,ＣＯＳＭＯＳ保育園,1歳,5.0,0.0
令和7,港南区,ＣＯＳＭＯＳ保育園,2歳,5.0,0.0
令和7,港南区,ＣＯＳＭＯＳ保育園,3歳,5.0,0.0
令和7,港南区,ＣＯＳＭＯＳ保育園,4歳,5.0,0.0
令和7,港南区,ＣＯＳＭＯＳ保育園,5歳,5.0,0.0
令和7,港南区,Ｐｏｃｏ　ａ　Ｐｏｃｏ保育園,0歳,4.090909090909091,0.18181818181818182
令和7,港南区,Ｐｏｃｏ　ａ　Ｐｏｃｏ保育園,1歳,5.0,0.0
令和7,港南区,Ｐｏｃｏ　ａ　Ｐｏｃｏ保育園,2歳,3.8636363636363638,0.22727272727272727
令和7,港南区,Ｐｏｃｏ　ａ　Ｐｏｃｏ保育園,3歳,5.0,0.0
令和7,港南区,Ｐｏｃｏ　ａ　Ｐｏｃｏ保育園,4歳,5.0,0.0
令和7,港南区,Ｐｏｃｏ　ａ　Ｐｏｃｏ保育園,5歳,5.0,0.0
令和7,港南区,ＳＵＮはるかぜ保育園,0歳,5.0,0.0
令和7,港南区,ＳＵＮはるかぜ保育園,1歳,5.0,0.0
令和7,港南区,ＳＵＮはるかぜ保育園,2歳,5.0,0.0
令和7,港南区,ＳＵＮはるかぜ保育園,3歳,5.0,0.0
令和7,港南区,ＳＵＮはるかぜ保育園,4歳,3.8636363636363638,0.22727272727272727
令和7,港南区,ＳＵＮはるかぜ保育園,5歳,5.0,0.0
令和7,瀬谷区,Gakkenほいくえん二ツ橋,0歳,5.0,0.0
令和7,瀬谷区,Gakkenほいくえん二ツ橋,1歳,5.0,0.0
令和7,瀬谷区,Gakkenほいくえん二ツ橋,2歳,5.0,0.0
令和7,瀬谷区,Gakkenほいくえん二ツ橋,3歳,1.372568973315242,0.7254862053369515
令和7,瀬谷区,Gakkenほいくえん二ツ橋,4歳,5.0,0.0
令和7,瀬谷区,Gakkenほいくえん二ツ橋,5歳,1.4318181818181817,0.7136363636363637
令和7,瀬谷区,NPO法人ちびっこハウス,0歳,5.0,0.0
令和7,瀬谷区,NPO法人ちびっこハウス,1歳,5.0,0.0
令和7,瀬谷区,NPO法人ちびっこハウス,2歳,4.545454545454546,0.09090909090909091
令和7,瀬谷区,NPO法人ちびっこハウス,3歳,5.0,0.0
令和7,瀬谷区,NPO法人ちびっこハウス,4歳,5.0,0.0
令和7,瀬谷区,NPO法人ちびっこハウス,5歳,5.0,0.0
令和7,瀬谷区,preschool COCO ALICE,0歳,5.0,0.0
令和7,瀬谷区,preschool COCO ALICE,1歳,5.0,0.0
令和7,瀬谷区,preschool COCO ALICE,2歳,1.287878787878788,0.7424242424242423
令和7,瀬谷区,preschool COCO ALICE,3歳,5.0,0.0
令和7,瀬谷区,preschool COCO ALICE,4歳,5.0,0.0
令和7,瀬谷区,preschool COCO ALICE,5歳,5.0,0.0
令和7,瀬谷区,stellar education garden阿久和小規模保育園,0歳,5.0,0.0
令和7,瀬谷区,stellar education garden阿久和小規模保育園,1歳,4.878787878787879,0.024242424242424242
令和7,瀬谷区,stellar education garden阿久和小規模保育園,2歳,4.090909090909091,0.18181818181818182
令和7,瀬谷区,stellar education garden阿久和小規模保育園,3歳,5.0,0.0
令和7,瀬谷区,stellar education garden阿久和小規模保育園,4歳,5.0,0.0
令和7,瀬谷区,stellar education garden阿久和小規模保育園,5歳,5.0,0.0
令和7,瀬谷区,てぃんく２＠ねすと,0歳,5.0,0.0
令和7,瀬谷区,てぃんく２＠ねすと,1歳,5.0,0.0
令和7,瀬谷区,てぃんく２＠ねすと,2歳,5.0,0.0
令和7,瀬谷区,てぃんく２＠ねすと,3歳,5.0,0.0
令和7,瀬谷区,てぃんく２＠ねすと,4歳,5.0,0.0
令和7,瀬谷区,てぃんく２＠ねすと,5歳,5.0,0.0
令和7,瀬谷区,はぐ＠ねすと,0歳,5.0,0.0
令和7,瀬谷区,はぐ＠ねすと,1歳,5.0,0.0
令和7,瀬谷区,はぐ＠ねすと,2歳,5.0,0.0
令和7,瀬谷区,はぐ＠ねすと,3歳,5.0,0.0
令和7,瀬谷区,はぐ＠ねすと,4歳,5.0,0.0
令和7,瀬谷区,はぐ＠ねすと,5歳,5.0,0.0
令和7,瀬谷区,ほうゆう保育園,0歳,5.0,0.0
令和7,瀬谷区,ほうゆう保育園,1歳,5.0,0.0
令和7,瀬谷区,ほうゆう保育園,2歳,5.0,0.0
令和7,瀬谷区,ほうゆう保育園,3歳,5.0,0.0
令和7,瀬谷区,ほうゆう保育園,4歳,5.0,0.0
令和7,瀬谷区,ほうゆう保育園,5歳,5.0,0.0
令和7,瀬谷区,ゆたか保育園,0歳,5.0,0.0
令和7,瀬谷区,ゆたか保育園,1歳,5.0,0.0
令和7,瀬谷区,ゆたか保育園,2歳,5.0,0.0
令和7,瀬谷区,ゆたか保育園,3歳,4.7727272727272725,0.045454545454545456
令和7,瀬谷区,ゆたか保育園,4歳,5.0,0.0
令和7,瀬谷区,ゆたか保育園,5歳,5.0,0.0
令和7,瀬谷区,わらべ細谷戸保育園,0歳,5.0,0.0
令和7,瀬谷区,わらべ細谷戸保育園,1歳,5.0,0.0
令和7,瀬谷区,わらべ細谷戸保育園,2歳,3.409090909090909,0.3181818181818182
令和7,瀬谷区,わらべ細谷戸保育園,3歳,4.545454545454546,0.09090909090909091
令和7,瀬谷区,わらべ細谷戸保育園,4歳,4.015151515151515,0.19696969696969696
令和7,瀬谷区,わらべ細谷戸保育園,5歳,4.318181818181818,0.13636363636363635
令和7,瀬谷区,グローバルキッズ三ツ境園,0歳,5.0,0.0
令和7,瀬谷区,グローバルキッズ三ツ境園,1歳,5.0,0.0
令和7,瀬谷区,グローバルキッズ三ツ境園,2歳,5.0,0.0
令和7,瀬谷区,グローバルキッズ三ツ境園,3歳,4.090909090909091,0.18181818181818182
令和7,瀬谷区,グローバルキッズ三ツ境園,4歳,2.878787878787879,0.4242424242424242
令和7,瀬谷区,グローバルキッズ三ツ境園,5歳,2.727272727272727,0.45454545454545453
令和7,瀬谷区,シャローム三育保育園,0歳,4.445613835476164,0.11087723290476732
令和7,瀬谷区,シャローム三育保育園,1歳,4.884925201380898,0.023014959723820484
令和7,瀬谷区,シャローム三育保育園,2歳,5.0,0.0
令和7,瀬谷区,シャローム三育保育園,3歳,1.5868794326241136,0.6826241134751773
令和7,瀬谷区,シャローム三育保育園,4歳,4.545454545454546,0.09090909090909091
令和7,瀬谷区,シャローム三育保育園,5歳,5.0,0.0
令和7,瀬谷区,ティンクル瀬谷保育園,0歳,5.0,0.0
令和7,瀬谷区,ティンクル瀬谷保育園,1歳,5.0,0.0
令和7,瀬谷区,ティンクル瀬谷保育園,2歳,5.0,0.0
令和7,瀬谷区,ティンクル瀬谷保育園,3歳,4.26383556107278,0.14723288778544413
令和7,瀬谷区,ティンクル瀬谷保育園,4歳,5.0,0.0
令和7,瀬谷区,ティンクル瀬谷保育園,5歳,4.318181818181818,0.13636363636363635
令和7,瀬谷区,ネストうーたん,0歳,5.0,0.0
令和7,瀬谷区,ネストうーたん,1歳,5.0,0.0
令和7,瀬谷区,ネストうーたん,2歳,5.0,0.0
令和7,瀬谷区,ネストうーたん,3歳,5.0,0.0
令和7,瀬谷区,ネストうーたん,4歳,5.0,0.0
令和7,瀬谷区,ネストうーたん,5歳,5.0,0.0
令和7,瀬谷区,ネストぽぽ,0歳,4.696969696969696,0.0606060606060606
令和7,瀬谷区,ネストぽぽ,1歳,5.0,0.0
令和7,瀬谷区,ネストぽぽ,2歳,4.090909090909091,0.18181818181818182
令和7,瀬谷区,ネストぽぽ,3歳,5.0,0.0
令和7,瀬谷区,ネストぽぽ,4歳,5.0,0.0
令和7,瀬谷区,ネストぽぽ,5歳,5.0,0.0
令和7,瀬谷区,ネスト瀬谷,0歳,5.0,0.0
令和7,瀬谷区,ネスト瀬谷,1歳,5.0,0.0
令和7,瀬谷区,ネスト瀬谷,2歳,5.0,0.0
令和7,瀬谷区,ネスト瀬谷,3歳,5.0,0.0
令和7,瀬谷区,ネスト瀬谷,4歳,5.0,0.0
令和7,瀬谷区,ネスト瀬谷,5歳,5.0,0.0
令和7,瀬谷区,下瀬谷保育園,0歳,5.0,0.0
令和7,瀬谷区,下瀬谷保育園,1歳,5.0,0.0
令和7,瀬谷区,下瀬谷保育園,2歳,5.0,0.0
令和7,瀬谷区,下瀬谷保育園,3歳,5.0,0.0
令和7,瀬谷区,下瀬谷保育園,4歳,2.727272727272727,0.45454545454545453
令和7,瀬谷区,下瀬谷保育園,5歳,3.1818181818181817,0.36363636363636365
令和7,瀬谷区,保育室「ネスト」,0歳,4.9513855128828395,0.009722897423432183
令和7,瀬谷区,保育室「ネスト」,1歳,5.0,0.0
令和7,瀬谷区,保育室「ネスト」,2歳,5.0,0.0
令和7,瀬谷区,保育室「ネスト」,3歳,3.819538670284939,0.23609226594301222
令和7,瀬谷区,保育室「ネスト」,4歳,5.0,0.0
令和7,瀬谷区,保育室「ネスト」,5歳,5.0,0.0
令和7,瀬谷区,横浜市中屋敷保育園,0歳,4.8096144693003335,0.03807710613993336
令和7,瀬谷区,横浜市中屋敷保育園,1歳,4.93060374739764,0.013879250520471896
令和7,瀬谷区,横浜市中屋敷保育園,2歳,3.84086769332671,0.23182646133465806
令和7,瀬谷区,横浜市中屋敷保育園,3歳,1.5476190476190477,0.6904761904761905
令和7,瀬谷区,横浜市中屋敷保育園,4歳,4.545454545454546,0.09090909090909091
令和7,瀬谷区,横浜市中屋敷保育園,5歳,1.2809917355371903,0.743801652892562
令和7,瀬谷区,横浜市二ツ橋保育園,0歳,5.0,0.0
令和7,瀬谷区,横浜市二ツ橋保育園,1歳,5.0,0.0
令和7,瀬谷区,横浜市二ツ橋保育園,2歳,5.0,0.0
令和7,瀬谷区,横浜市二ツ橋保育園,3歳,2.3106060606060606,0.5378787878787878
令和7,瀬谷区,横浜市二ツ橋保育園,4歳,1.6818181818181819,0.6636363636363637
令和7,瀬谷区,横浜市二ツ橋保育園,5歳,0.9141414141414139,0.8171717171717172
令和7,瀬谷区,横浜市瀬谷第二保育園,0歳,4.348090837452539,0.13038183250949206
令和7,瀬谷区,横浜市瀬谷第二保育園,1歳,5.0,0.0
令和7,瀬谷区,横浜市瀬谷第二保育園,2歳,5.0,0.0
令和7,瀬谷区,横浜市瀬谷第二保育園,3歳,5.0,0.0
令和7,瀬谷区,横浜市瀬谷第二保育園,4歳,1.6277056277056277,0.6744588744588745
令和7,瀬谷区,横浜市瀬谷第二保育園,5歳,4.7727272727272725,0.045454545454545456
令和7,瀬谷区,瀬谷すくすく保育園,0歳,5.0,0.0
令和7,瀬谷区,瀬谷すくすく保育園,1歳,5.0,0.0
令和7,瀬谷区,瀬谷すくすく保育園,2歳,5.0,0.0
令和7,瀬谷区,瀬谷すくすく保育園,3歳,5.0,0.0
令和7,瀬谷区,瀬谷すくすく保育園,4歳,5.0,0.0
令和7,瀬谷区,瀬谷すくすく保育園,5歳,5.0,0.0
令和7,瀬谷区,瀬谷そらいろ保育園,0歳,5.0,0.0
令和7,瀬谷区,瀬谷そらいろ保育園,1歳,5.0,0.0
令和7,瀬谷区,瀬谷そらいろ保育園,2歳,4.545454545454546,0.09090909090909091
令和7,瀬谷区,瀬谷そらいろ保育園,3歳,5.0,0.0
令和7,瀬谷区,瀬谷そらいろ保育園,4歳,5.0,0.0
令和7,瀬谷区,瀬谷そらいろ保育園,5歳,5.0,0.0
令和7,瀬谷区,瀬谷みらい保育園,0歳,5.0,0.0
令和7,瀬谷区,瀬谷みらい保育園,1歳,5.0,0.0
令和7,瀬谷区,瀬谷みらい保育園,2歳,2.1969696969696972,0.5606060606060606
令和7,瀬谷区,瀬谷みらい保育園,3歳,5.0,0.0
令和7,瀬谷区,瀬谷みらい保育園,4歳,5.0,0.0
令和7,瀬谷区,瀬谷みらい保育園,5歳,5.0,0.0
令和7,瀬谷区,瀬谷中央保育園,0歳,5.0,0.0
令和7,瀬谷区,瀬谷中央保育園,1歳,4.9603017070265985,0.00793965859468043
令和7,瀬谷区,瀬谷中央保育園,2歳,5.0,0.0
令和7,瀬谷区,瀬谷中央保育園,3歳,5.0,0.0
令和7,瀬谷区,瀬谷中央保育園,4歳,5.0,0.0
令和7,瀬谷区,瀬谷中央保育園,5歳,5.0,0.0
令和7,瀬谷区,瀬谷愛児園,0歳,4.074240864642306,0.18515182707153885
令和7,瀬谷区,瀬谷愛児園,1歳,4.831649831649832,0.03367003367003367
令和7,瀬谷区,瀬谷愛児園,2歳,4.128787878787879,0.17424242424242423
令和7,瀬谷区,瀬谷愛児園,3歳,3.8419913419913416,0.2316017316017316
令和7,瀬谷区,瀬谷愛児園,4歳,3.977272727272727,0.20454545454545456
令和7,瀬谷区,瀬谷愛児園,5歳,3.6363636363636362,0.2727272727272727
令和7,瀬谷区,瀬谷駅前保育園,0歳,5.0,0.0
令和7,瀬谷区,瀬谷駅前保育園,1歳,5.0,0.0
令和7,瀬谷区,瀬谷駅前保育園,2歳,2.803030303030303,0.4393939393939394
令和7,瀬谷区,瀬谷駅前保育園,3歳,5.0,0.0
令和7,瀬谷区,瀬谷駅前保育園,4歳,5.0,0.0
令和7,瀬谷区,瀬谷駅前保育園,5歳,5.0,0.0
令和7,瀬谷区,認定こども園　あづまの幼稚園・あづまのナーサリー,0歳,5.0,0.0
令和7,瀬谷区,認定こども園　あづまの幼稚園・あづまのナーサリー,1歳,5.0,0.0
令和7,瀬谷区,認定こども園　あづまの幼稚園・あづまのナーサリー,2歳,5.0,0.0
令和7,瀬谷区,認定こども園　あづまの幼稚園・あづまのナーサリー,3歳,5.0,0.0
令和7,瀬谷区,認定こども園　あづまの幼稚園・あづまのナーサリー,4歳,5.0,0.0
令和7,瀬谷区,認定こども園　あづまの幼稚園・あづまのナーサリー,5歳,5.0,0.0
令和7,瀬谷区,認定こども園　みなみ幼稚園,0歳,5.0,0.0
令和7,瀬谷区,認定こども園　みなみ幼稚園,1歳,5.0,0.0
令和7,瀬谷区,認定こども園　みなみ幼稚園,2歳,5.0,0.0
令和7,瀬谷区,認定こども園　みなみ幼稚園,3歳,5.0,0.0
令和7,瀬谷区,認定こども園　みなみ幼稚園,4歳,2.4242424242424243,0.5151515151515151
令和7,瀬谷区,認定こども園　みなみ幼稚園,5歳,0.9848484848484845,0.8030303030303031
令和7,瀬谷区,認定こども園はらのこ　原幼稚園,0歳,5.0,0.0
令和7,瀬谷区,認定こども園はらのこ　原幼稚園,1歳,5.0,0.0
令和7,瀬谷区,認定こども園はらのこ　原幼稚園,2歳,5.0,0.0
令和7,瀬谷区,認定こども園はらのこ　原幼稚園,3歳,4.7727272727272725,0.045454545454545456
令和7,瀬谷区,認定こども園はらのこ　原幼稚園,4歳,4.806576402321084,0.03868471953578337
令和7,瀬谷区,認定こども園はらのこ　原幼稚園,5歳,5.0,0.0
令和7,瀬谷区,認定こども園二ツ橋あいりん幼稚園,0歳,5.0,0.0
令和7,瀬谷区,認定こども園二ツ橋あいりん幼稚園,1歳,4.093013468013468,0.1813973063973064
令和7,瀬谷区,認定こども園二ツ橋あいりん幼稚園,2歳,2.3030303030303028,0.5393939393939394
令和7,瀬谷区,認定こども園二ツ橋あいりん幼稚園,3歳,0.8471074380165291,0.8305785123966942
令和7,瀬谷区,認定こども園二ツ橋あいりん幼稚園,4歳,0.9440559440559443,0.8111888111888113
令和7,瀬谷区,認定こども園二ツ橋あいりん幼稚園,5歳,0.7922077922077921,0.8415584415584416
令和7,瀬谷区,阿久和キッズ,0歳,5.0,0.0
令和7,瀬谷区,阿久和キッズ,1歳,5.0,0.0
令和7,瀬谷区,阿久和キッズ,2歳,5.0,0.0
令和7,瀬谷区,阿久和キッズ,3歳,5.0,0.0
令和7,瀬谷区,阿久和キッズ,4歳,5.0,0.0
令和7,瀬谷区,阿久和キッズ,5歳,5.0,0.0
令和7,瀬谷区,阿久和保育園,0歳,5.0,0.0
令和7,瀬谷区,阿久和保育園,1歳,5.0,0.0
令和7,瀬谷区,阿久和保育園,2歳,5.0,0.0
令和7,瀬谷区,阿久和保育園,3歳,5.0,0.0
令和7,瀬谷区,阿久和保育園,4歳,2.803030303030303,0.4393939393939394
令和7,瀬谷区,阿久和保育園,5歳,2.272727272727273,0.5454545454545454
令和7,瀬谷区,鳩の森愛の詩　宮沢保育園,0歳,5.0,0.0
令和7,瀬谷区,鳩の森愛の詩　宮沢保育園,1歳,5.0,0.0
令和7,瀬谷区,鳩の森愛の詩　宮沢保育園,2歳,5.0,0.0
令和7,瀬谷区,鳩の森愛の詩　宮沢保育園,3歳,5.0,0.0
令和7,瀬谷区,鳩の森愛の詩　宮沢保育園,4歳,5.0,0.0
令和7,瀬谷区,鳩の森愛の詩　宮沢保育園,5歳,1.25,0.75
令和7,瀬谷区,鳩の森愛の詩瀬谷保育園,0歳,5.0,0.0
令和7,瀬谷区,鳩の森愛の詩瀬谷保育園,1歳,5.0,0.0
令和7,瀬谷区,鳩の森愛の詩瀬谷保育園,2歳,5.0,0.0
令和7,瀬谷区,鳩の森愛の詩瀬谷保育園,3歳,5.0,0.0
令和7,瀬谷区,鳩の森愛の詩瀬谷保育園,4歳,5.0,0.0
令和7,瀬谷区,鳩の森愛の詩瀬谷保育園,5歳,5.0,0.0
令和7,瀬谷区,ＧＥＮＫＩＤＳ瀬谷保育園,0歳,5.0,0.0
令和7,瀬谷区,ＧＥＮＫＩＤＳ瀬谷保育園,1歳,4.976689976689976,0.004662004662004662
令和7,瀬谷区,ＧＥＮＫＩＤＳ瀬谷保育園,2歳,4.7727272727272725,0.045454545454545456
令和7,瀬谷区,ＧＥＮＫＩＤＳ瀬谷保育園,3歳,5.0,0.0
令和7,瀬谷区,ＧＥＮＫＩＤＳ瀬谷保育園,4歳,5.0,0.0
令和7,瀬谷区,ＧＥＮＫＩＤＳ瀬谷保育園,5歳,5.0,0.0
令和7,磯子区,あっぷる滝頭保育園,0歳,4.7727272727272725,0.045454545454545456
令和7,磯子区,あっぷる滝頭保育園,1歳,4.806576402321084,0.03868471953578337
令和7,磯子区,あっぷる滝頭保育園,2歳,5.0,0.0
令和7,磯子区,あっぷる滝頭保育園,3歳,4.7727272727272725,0.045454545454545456
令和7,磯子区,あっぷる滝頭保育園,4歳,2.25,0.5499999999999999
令和7,磯子区,あっぷる滝頭保育園,5歳,5.0,0.0
令和7,磯子区,つくしんぼ保育園,0歳,4.2239967239967235,0.15520065520065518
令和7,磯子区,つくしんぼ保育園,1歳,5.0,0.0
令和7,磯子区,つくしんぼ保育園,2歳,5.0,0.0
令和7,磯子区,つくしんぼ保育園,3歳,5.0,0.0
令和7,磯子区,つくしんぼ保育園,4歳,5.0,0.0
令和7,磯子区,つくしんぼ保育園,5歳,5.0,0.0
令和7,磯子区,にじいろ保育園　新杉田,0歳,5.0,0.0
令和7,磯子区,にじいろ保育園　新杉田,1歳,5.0,0.0
令和7,磯子区,にじいろ保育園　新杉田,2歳,5.0,0.0
令和7,磯子区,にじいろ保育園　新杉田,3歳,5.0,0.0
令和7,磯子区,にじいろ保育園　新杉田,4歳,5.0,0.0
令和7,磯子区,にじいろ保育園　新杉田,5歳,5.0,0.0
令和7,磯子区,にじいろ保育園　洋光台,0歳,4.953139643861293,0.009372071227741332
令和7,磯子区,にじいろ保育園　洋光台,1歳,4.93060374739764,0.013879250520471896
令和7,磯子区,にじいろ保育園　洋光台,2歳,4.85096870342772,0.02980625931445604
令和7,磯子区,にじいろ保育園　洋光台,3歳,5.0,0.0
令和7,磯子区,にじいろ保育園　洋光台,4歳,5.0,0.0
令和7,磯子区,にじいろ保育園　洋光台,5歳,4.806576402321084,0.03868471953578337
令和7,磯子区,にじいろ保育園　磯子,0歳,3.7045454545454546,0.2590909090909091
令和7,磯子区,にじいろ保育園　磯子,1歳,5.0,0.0
令和7,磯子区,にじいろ保育園　磯子,2歳,5.0,0.0
令和7,磯子区,にじいろ保育園　磯子,3歳,5.0,0.0
令和7,磯子区,にじいろ保育園　磯子,4歳,3.1818181818181817,0.36363636363636365
令和7,磯子区,にじいろ保育園　磯子,5歳,5.0,0.0
令和7,磯子区,みらいつばさ新杉田保育園,0歳,4.090909090909091,0.18181818181818182
令和7,磯子区,みらいつばさ新杉田保育園,1歳,4.889135254988914,0.022172949002217297
令和7,磯子区,みらいつばさ新杉田保育園,2歳,4.545454545454546,0.09090909090909091
令和7,磯子区,みらいつばさ新杉田保育園,3歳,5.0,0.0
令和7,磯子区,みらいつばさ新杉田保育園,4歳,5.0,0.0
令和7,磯子区,みらいつばさ新杉田保育園,5歳,5.0,0.0
令和7,磯子区,やべのファミリールーム,0歳,5.0,0.0
令和7,磯子区,やべのファミリールーム,1歳,5.0,0.0
令和7,磯子区,やべのファミリールーム,2歳,5.0,0.0
令和7,磯子区,やべのファミリールーム,3歳,5.0,0.0
令和7,磯子区,やべのファミリールーム,4歳,5.0,0.0
令和7,磯子区,やべのファミリールーム,5歳,1.666666666666667,0.6666666666666666
令和7,磯子区,アスク新杉田保育園,0歳,4.579598282803568,0.08408034343928643
令和7,磯子区,アスク新杉田保育園,1歳,4.911738746690204,0.0176522506619594
令和7,磯子区,アスク新杉田保育園,2歳,5.0,0.0
令和7,磯子区,アスク新杉田保育園,3歳,5.0,0.0
令和7,磯子区,アスク新杉田保育園,4歳,4.806576402321084,0.03868471953578337
令和7,磯子区,アスク新杉田保育園,5歳,5.0,0.0
令和7,磯子区,アスク新杉田駅前保育園,0歳,5.0,0.0
令和7,磯子区,アスク新杉田駅前保育園,1歳,5.0,0.0
令和7,磯子区,アスク新杉田駅前保育園,2歳,5.0,0.0
令和7,磯子区,アスク新杉田駅前保育園,3歳,5.0,0.0
令和7,磯子区,アスク新杉田駅前保育園,4歳,5.0,0.0
令和7,磯子区,アスク新杉田駅前保育園,5歳,5.0,0.0
令和7,磯子区,キッズガーデン横浜磯子,0歳,4.358832224685883,0.12823355506282336
令和7,磯子区,キッズガーデン横浜磯子,1歳,4.7727272727272725,0.045454545454545456
令和7,磯子区,キッズガーデン横浜磯子,2歳,4.717278863855527,0.05654422722889454
令和7,磯子区,キッズガーデン横浜磯子,3歳,5.0,0.0
令和7,磯子区,キッズガーデン横浜磯子,4歳,2.239371416720743,0.5521257166558514
令和7,磯子区,キッズガーデン横浜磯子,5歳,2.5,0.5
令和7,磯子区,キッズパートナー磯子中原,0歳,5.0,0.0
令和7,磯子区,キッズパートナー磯子中原,1歳,5.0,0.0
令和7,磯子区,キッズパートナー磯子中原,2歳,5.0,0.0
令和7,磯子区,キッズパートナー磯子中原,3歳,5.0,0.0
令和7,磯子区,キッズパートナー磯子中原,4歳,4.318181818181818,0.13636363636363635
令和7,磯子区,キッズパートナー磯子中原,5歳,5.0,0.0
令和7,磯子区,グローバルキッズ磯子保育園,0歳,3.7121212121212124,0.25757575757575757
令和7,磯子区,グローバルキッズ磯子保育園,1歳,4.806576402321084,0.03868471953578337
令和7,磯子区,グローバルキッズ磯子保育園,2歳,5.0,0.0
令和7,磯子区,グローバルキッズ磯子保育園,3歳,4.85096870342772,0.02980625931445604
令和7,磯子区,グローバルキッズ磯子保育園,4歳,5.0,0.0
令和7,磯子区,グローバルキッズ磯子保育園,5歳,2.0454545454545454,0.5909090909090909
令和7,磯子区,スターチャイルド≪洋光台ナーサリー≫,0歳,5.0,0.0
令和7,磯子区,スターチャイルド≪洋光台ナーサリー≫,1歳,5.0,0.0
令和7,磯子区,スターチャイルド≪洋光台ナーサリー≫,2歳,5.0,0.0
令和7,磯子区,スターチャイルド≪洋光台ナーサリー≫,3歳,4.806576402321084,0.03868471953578337
令和7,磯子区,スターチャイルド≪洋光台ナーサリー≫,4歳,5.0,0.0
令和7,磯子区,スターチャイルド≪洋光台ナーサリー≫,5歳,2.727272727272727,0.45454545454545453
令和7,磯子区,スターチャイルド≪洋光台六丁目ナーサリー≫,0歳,5.0,0.0
令和7,磯子区,スターチャイルド≪洋光台六丁目ナーサリー≫,1歳,5.0,0.0
令和7,磯子区,スターチャイルド≪洋光台六丁目ナーサリー≫,2歳,4.806576402321084,0.03868471953578337
令和7,磯子区,スターチャイルド≪洋光台六丁目ナーサリー≫,3歳,3.546980389436998,0.2906039221126004
令和7,磯子区,スターチャイルド≪洋光台六丁目ナーサリー≫,4歳,5.0,0.0
令和7,磯子区,スターチャイルド≪洋光台六丁目ナーサリー≫,5歳,5.0,0.0
令和7,磯子区,チームナーサリーＢｉｇ Ｈｕｇ洋光台,0歳,5.0,0.0
令和7,磯子区,チームナーサリーＢｉｇ Ｈｕｇ洋光台,1歳,5.0,0.0
令和7,磯子区,チームナーサリーＢｉｇ Ｈｕｇ洋光台,2歳,5.0,0.0
令和7,磯子区,チームナーサリーＢｉｇ Ｈｕｇ洋光台,3歳,5.0,0.0
令和7,磯子区,チームナーサリーＢｉｇ Ｈｕｇ洋光台,4歳,5.0,0.0
令和7,磯子区,チームナーサリーＢｉｇ Ｈｕｇ洋光台,5歳,5.0,0.0
令和7,磯子区,チームナーサリーＢｉｇ Ｈｕｇ洋光台２,0歳,5.0,0.0
令和7,磯子区,チームナーサリーＢｉｇ Ｈｕｇ洋光台２,1歳,5.0,0.0
令和7,磯子区,チームナーサリーＢｉｇ Ｈｕｇ洋光台２,2歳,5.0,0.0
令和7,磯子区,チームナーサリーＢｉｇ Ｈｕｇ洋光台２,3歳,5.0,0.0
令和7,磯子区,チームナーサリーＢｉｇ Ｈｕｇ洋光台２,4歳,5.0,0.0
令和7,磯子区,チームナーサリーＢｉｇ Ｈｕｇ洋光台２,5歳,5.0,0.0
令和7,磯子区,ピノキオ幼児舎 新杉田園,0歳,3.21969696969697,0.356060606060606
令和7,磯子区,ピノキオ幼児舎 新杉田園,1歳,4.538369022406986,0.09232619551860277
令和7,磯子区,ピノキオ幼児舎 新杉田園,2歳,2.878787878787879,0.4242424242424242
令和7,磯子区,ピノキオ幼児舎 新杉田園,3歳,5.0,0.0
令和7,磯子区,ピノキオ幼児舎 新杉田園,4歳,5.0,0.0
令和7,磯子区,ピノキオ幼児舎 新杉田園,5歳,5.0,0.0
令和7,磯子区,ベイキッズなのはな保育園,0歳,4.3939393939393945,0.1212121212121212
令和7,磯子区,ベイキッズなのはな保育園,1歳,3.8747582205029016,0.22504835589941974
令和7,磯子区,ベイキッズなのはな保育園,2歳,5.0,0.0
令和7,磯子区,ベイキッズなのはな保育園,3歳,5.0,0.0
令和7,磯子区,ベイキッズなのはな保育園,4歳,5.0,0.0
令和7,磯子区,ベイキッズなのはな保育園,5歳,5.0,0.0
令和7,磯子区,ペガサスわくわくランド,0歳,5.0,0.0
令和7,磯子区,ペガサスわくわくランド,1歳,4.545454545454546,0.09090909090909091
令和7,磯子区,ペガサスわくわくランド,2歳,3.7878787878787876,0.2424242424242424
令和7,磯子区,ペガサスわくわくランド,3歳,5.0,0.0
令和7,磯子区,ペガサスわくわくランド,4歳,5.0,0.0
令和7,磯子区,ペガサスわくわくランド,5歳,1.9696969696969697,0.6060606060606061
令和7,磯子区,ヨコハマみらい保育園,0歳,5.0,0.0
令和7,磯子区,ヨコハマみらい保育園,1歳,4.124758220502901,0.17504835589941972
令和7,磯子区,ヨコハマみらい保育園,2歳,5.0,0.0
令和7,磯子区,ヨコハマみらい保育園,3歳,5.0,0.0
令和7,磯子区,ヨコハマみらい保育園,4歳,3.8453284833087946,0.23093430333824108
令和7,磯子区,ヨコハマみらい保育園,5歳,5.0,0.0
令和7,磯子区,太陽の子　磯子保育園,0歳,4.166666666666667,0.16666666666666666
令和7,磯子区,太陽の子　磯子保育園,1歳,5.0,0.0
令和7,磯子区,太陽の子　磯子保育園,2歳,5.0,0.0
令和7,磯子区,太陽の子　磯子保育園,3歳,4.831649831649832,0.03367003367003367
令和7,磯子区,太陽の子　磯子保育園,4歳,5.0,0.0
令和7,磯子区,太陽の子　磯子保育園,5歳,5.0,0.0
令和7,磯子区,太陽の子　磯子第二保育園,0歳,5.0,0.0
令和7,磯子区,太陽の子　磯子第二保育園,1歳,5.0,0.0
令和7,磯子区,太陽の子　磯子第二保育園,2歳,5.0,0.0
令和7,磯子区,太陽の子　磯子第二保育園,3歳,5.0,0.0
令和7,磯子区,太陽の子　磯子第二保育園,4歳,5.0,0.0
令和7,磯子区,太陽の子　磯子第二保育園,5歳,5.0,0.0
令和7,磯子区,屏風ゆめの森保育園,0歳,5.0,0.0
令和7,磯子区,屏風ゆめの森保育園,1歳,5.0,0.0
令和7,磯子区,屏風ゆめの森保育園,2歳,5.0,0.0
令和7,磯子区,屏風ゆめの森保育園,3歳,5.0,0.0
令和7,磯子区,屏風ゆめの森保育園,4歳,5.0,0.0
令和7,磯子区,屏風ゆめの森保育園,5歳,5.0,0.0
令和7,磯子区,屏風ヶ浦はるかぜ保育園,0歳,5.0,0.0
令和7,磯子区,屏風ヶ浦はるかぜ保育園,1歳,5.0,0.0
令和7,磯子区,屏風ヶ浦はるかぜ保育園,2歳,5.0,0.0
令和7,磯子区,屏風ヶ浦はるかぜ保育園,3歳,5.0,0.0
令和7,磯子区,屏風ヶ浦はるかぜ保育園,4歳,5.0,0.0
令和7,磯子区,屏風ヶ浦はるかぜ保育園,5歳,3.1818181818181817,0.36363636363636365
令和7,磯子区,屏風ヶ浦保育園,0歳,5.0,0.0
令和7,磯子区,屏風ヶ浦保育園,1歳,5.0,0.0
令和7,磯子区,屏風ヶ浦保育園,2歳,4.878787878787879,0.024242424242424242
令和7,磯子区,屏風ヶ浦保育園,3歳,4.85096870342772,0.02980625931445604
令和7,磯子区,屏風ヶ浦保育園,4歳,4.545454545454546,0.09090909090909091
令和7,磯子区,屏風ヶ浦保育園,5歳,4.7727272727272725,0.045454545454545456
令和7,磯子区,岡村幼児園,0歳,5.0,0.0
令和7,磯子区,岡村幼児園,1歳,2.727272727272727,0.45454545454545453
令和7,磯子区,岡村幼児園,2歳,2.3636363636363638,0.5272727272727272
令和7,磯子区,岡村幼児園,3歳,5.0,0.0
令和7,磯子区,岡村幼児園,4歳,5.0,0.0
令和7,磯子区,岡村幼児園,5歳,5.0,0.0
令和7,磯子区,岩原保育室,0歳,5.0,0.0
令和7,磯子区,岩原保育室,1歳,5.0,0.0
令和7,磯子区,岩原保育室,2歳,4.545454545454546,0.09090909090909091
令和7,磯子区,岩原保育室,3歳,5.0,0.0
令和7,磯子区,岩原保育室,4歳,5.0,0.0
令和7,磯子区,岩原保育室,5歳,5.0,0.0
令和7,磯子区,新杉田のびのび保育園,0歳,3.4708120423029922,0.30583759153940165
令和7,磯子区,新杉田のびのび保育園,1歳,5.0,0.0
令和7,磯子区,新杉田のびのび保育園,2歳,4.85096870342772,0.02980625931445604
令和7,磯子区,新杉田のびのび保育園,3歳,5.0,0.0
令和7,磯子区,新杉田のびのび保育園,4歳,5.0,0.0
令和7,磯子区,新杉田のびのび保育園,5歳,5.0,0.0
令和7,磯子区,新杉田りあん保育園,0歳,3.8636363636363638,0.22727272727272727
令和7,磯子区,新杉田りあん保育園,1歳,5.0,0.0
令和7,磯子区,新杉田りあん保育園,2歳,2.878787878787879,0.42424242424242425
令和7,磯子区,新杉田りあん保育園,3歳,5.0,0.0
令和7,磯子区,新杉田りあん保育園,4歳,5.0,0.0
令和7,磯子区,新杉田りあん保育園,5歳,5.0,0.0
令和7,磯子区,日枝幼児園,0歳,5.0,0.0
令和7,磯子区,日枝幼児園,1歳,5.0,0.0
令和7,磯子区,日枝幼児園,2歳,5.0,0.0
令和7,磯子区,日枝幼児園,3歳,5.0,0.0
令和7,磯子区,日枝幼児園,4歳,3.1818181818181817,0.36363636363636365
令和7,磯子区,日枝幼児園,5歳,0.625,0.875
令和7,磯子区,杉田保育園,0歳,5.0,0.0
令和7,磯子区,杉田保育園,1歳,4.889135254988914,0.022172949002217297
令和7,磯子区,杉田保育園,2歳,4.7727272727272725,0.045454545454545456
令和7,磯子区,杉田保育園,3歳,5.0,0.0
令和7,磯子区,杉田保育園,4歳,5.0,0.0
令和7,磯子区,杉田保育園,5歳,5.0,0.0
令和7,磯子区,杉田幼児園,0歳,5.0,0.0
令和7,磯子区,杉田幼児園,1歳,5.0,0.0
令和7,磯子区,杉田幼児園,2歳,5.0,0.0
令和7,磯子区,杉田幼児園,3歳,5.0,0.0
令和7,磯子区,杉田幼児園,4歳,4.46969696969697,0.10606060606060605
令和7,磯子区,杉田幼児園,5歳,2.3863636363636362,0.5227272727272727
令和7,磯子区,東滝頭保育園　分園,0歳,5.0,0.0
令和7,磯子区,東滝頭保育園　分園,1歳,5.0,0.0
令和7,磯子区,東滝頭保育園　分園,2歳,4.545454545454546,0.09090909090909091
令和7,磯子区,東滝頭保育園　分園,3歳,5.0,0.0
令和7,磯子区,東滝頭保育園　分園,4歳,5.0,0.0
令和7,磯子区,東滝頭保育園　分園,5歳,5.0,0.0
令和7,磯子区,根岸すみれ保育園,0歳,4.46969696969697,0.10606060606060605
令和7,磯子区,根岸すみれ保育園,1歳,4.7727272727272725,0.045454545454545456
令和7,磯子区,根岸すみれ保育園,2歳,5.0,0.0
令和7,磯子区,根岸すみれ保育園,3歳,5.0,0.0
令和7,磯子区,根岸すみれ保育園,4歳,5.0,0.0
令和7,磯子区,根岸すみれ保育園,5歳,5.0,0.0
令和7,磯子区,根岸サンフラワー保育園,0歳,4.090909090909091,0.18181818181818182
令和7,磯子区,根岸サンフラワー保育園,1歳,4.696969696969696,0.0606060606060606
令和7,磯子区,根岸サンフラワー保育園,2歳,4.7727272727272725,0.045454545454545456
令和7,磯子区,根岸サンフラワー保育園,3歳,5.0,0.0
令和7,磯子区,根岸サンフラワー保育園,4歳,5.0,0.0
令和7,磯子区,根岸サンフラワー保育園,5歳,5.0,0.0
令和7,磯子区,根岸星の子保育園,0歳,5.0,0.0
令和7,磯子区,根岸星の子保育園,1歳,4.860179843027184,0.02796403139456313
令和7,磯子区,根岸星の子保育園,2歳,5.0,0.0
令和7,磯子区,根岸星の子保育園,3歳,5.0,0.0
令和7,磯子区,根岸星の子保育園,4歳,5.0,0.0
令和7,磯子区,根岸星の子保育園,5歳,5.0,0.0
令和7,磯子区,根岸第二サンフラワー保育園,0歳,5.0,0.0
令和7,磯子区,根岸第二サンフラワー保育園,1歳,5.0,0.0
令和7,磯子区,根岸第二サンフラワー保育園,2歳,4.242424242424242,0.1515151515151515
令和7,磯子区,根岸第二サンフラワー保育園,3歳,5.0,0.0
令和7,磯子区,根岸第二サンフラワー保育園,4歳,5.0,0.0
令和7,磯子区,根岸第二サンフラワー保育園,5歳,5.0,0.0
令和7,磯子区,森おひさま保育園,0歳,4.7727272727272725,0.045454545454545456
令和7,磯子区,森おひさま保育園,1歳,4.015151515151515,0.19696969696969696
令和7,磯子区,森おひさま保育園,2歳,5.0,0.0
令和7,磯子区,森おひさま保育園,3歳,5.0,0.0
令和7,磯子区,森おひさま保育園,4歳,5.0,0.0
令和7,磯子区,森おひさま保育園,5歳,5.0,0.0
令和7,磯子区,森幼児園,0歳,4.545454545454546,0.09090909090909091
令和7,磯子区,森幼児園,1歳,2.1425196440807808,0.5714960711838439
令和7,磯子区,森幼児園,2歳,2.196969696969697,0.5606060606060607
令和7,磯子区,森幼児園,3歳,4.090909090909091,0.18181818181818182
令和7,磯子区,森幼児園,4歳,3.6363636363636362,0.2727272727272727
令和7,磯子区,森幼児園,5歳,2.5,0.5
令和7,磯子区,横浜おひさま保育園,0歳,2.748917748917749,0.45021645021645024
令和7,磯子区,横浜おひさま保育園,1歳,5.0,0.0
令和7,磯子区,横浜おひさま保育園,2歳,5.0,0.0
令和7,磯子区,横浜おひさま保育園,3歳,4.831649831649832,0.03367003367003367
令和7,磯子区,横浜おひさま保育園,4歳,3.646034816247582,0.27079303675048355
令和7,磯子区,横浜おひさま保育園,5歳,5.0,0.0
令和7,磯子区,横浜ナーサリー,0歳,3.0958080581905034,0.38083838836189937
令和7,磯子区,横浜ナーサリー,1歳,5.0,0.0
令和7,磯子区,横浜ナーサリー,2歳,4.7727272727272725,0.045454545454545456
令和7,磯子区,横浜ナーサリー,3歳,5.0,0.0
令和7,磯子区,横浜ナーサリー,4歳,3.106060606060606,0.37878787878787884
令和7,磯子区,横浜ナーサリー,5歳,2.4242424242424243,0.5151515151515151
令和7,磯子区,横浜市東滝頭保育園,0歳,5.0,0.0
令和7,磯子区,横浜市東滝頭保育園,1歳,5.0,0.0
令和7,磯子区,横浜市東滝頭保育園,2歳,5.0,0.0
令和7,磯子区,横浜市東滝頭保育園,3歳,5.0,0.0
令和7,磯子区,横浜市東滝頭保育園,4歳,2.9545454545454546,0.4090909090909091
令和7,磯子区,横浜市東滝頭保育園,5歳,5.0,0.0
令和7,磯子区,横浜市洋光台第二保育園,0歳,5.0,0.0
令和7,磯子区,横浜市洋光台第二保育園,1歳,4.934123847167325,0.013175230566534914
令和7,磯子区,横浜市洋光台第二保育園,2歳,4.535205981696931,0.09295880366061375
令和7,磯子区,横浜市洋光台第二保育園,3歳,5.0,0.0
令和7,磯子区,横浜市洋光台第二保育園,4歳,4.090909090909091,0.18181818181818182
令和7,磯子区,横浜市洋光台第二保育園,5歳,2.590909090909091,0.4818181818181818
令和7,磯子区,汐見台愛育園,0歳,5.0,0.0
令和7,磯子区,汐見台愛育園,1歳,5.0,0.0
令和7,磯子区,汐見台愛育園,2歳,5.0,0.0
令和7,磯子区,汐見台愛育園,3歳,5.0,0.0
令和7,磯子区,汐見台愛育園,4歳,3.1818181818181817,0.36363636363636365
令和7,磯子区,汐見台愛育園,5歳,2.5,0.5
令和7,磯子区,汐見台第二愛育園,0歳,5.0,0.0
令和7,磯子区,汐見台第二愛育園,1歳,4.318181818181818,0.13636363636363635
令和7,磯子区,汐見台第二愛育園,2歳,5.0,0.0
令和7,磯子区,汐見台第二愛育園,3歳,5.0,0.0
令和7,磯子区,汐見台第二愛育園,4歳,5.0,0.0
令和7,磯子区,汐見台第二愛育園,5歳,5.0,0.0
令和7,磯子区,洋光台中央福澤保育センター,0歳,5.0,0.0
令和7,磯子区,洋光台中央福澤保育センター,1歳,5.0,0.0
令和7,磯子区,洋光台中央福澤保育センター,2歳,5.0,0.0
令和7,磯子区,洋光台中央福澤保育センター,3歳,5.0,0.0
令和7,磯子区,洋光台中央福澤保育センター,4歳,5.0,0.0
令和7,磯子区,洋光台中央福澤保育センター,5歳,5.0,0.0
令和7,磯子区,洋光台保育園,0歳,5.0,0.0
令和7,磯子区,洋光台保育園,1歳,5.0,0.0
令和7,磯子区,洋光台保育園,2歳,5.0,0.0
令和7,磯子区,洋光台保育園,3歳,5.0,0.0
令和7,磯子区,洋光台保育園,4歳,5.0,0.0
令和7,磯子区,洋光台保育園,5歳,2.1212121212121215,0.5757575757575757
令和7,磯子区,磯子おひさま保育園,0歳,2.8872216775313846,0.4225556644937231
令和7,磯子区,磯子おひさま保育園,1歳,3.7379110251450673,0.2524177949709865
令和7,磯子区,磯子おひさま保育園,2歳,4.806576402321084,0.03868471953578337
令和7,磯子区,磯子おひさま保育園,3歳,4.613152804642167,0.07736943907156674
令和7,磯子区,磯子おひさま保育園,4歳,4.192456479690522,0.16150870406189555
令和7,磯子区,磯子おひさま保育園,5歳,3.1818181818181817,0.36363636363636365
令和7,磯子区,西町星の子保育園,0歳,5.0,0.0
令和7,磯子区,西町星の子保育園,1歳,5.0,0.0
令和7,磯子区,西町星の子保育園,2歳,5.0,0.0
令和7,磯子区,西町星の子保育園,3歳,5.0,0.0
令和7,磯子区,西町星の子保育園,4歳,4.7727272727272725,0.045454545454545456
令和7,磯子区,西町星の子保育園,5歳,5.0,0.0
令和7,磯子区,金剛保育園,0歳,5.0,0.0
令和7,磯子区,金剛保育園,1歳,3.6363636363636362,0.2727272727272727
令和7,磯子区,金剛保育園,2歳,4.015151515151515,0.19696969696969696
令和7,磯子区,金剛保育園,3歳,4.545454545454546,0.09090909090909091
令和7,磯子区,金剛保育園,4歳,5.0,0.0
令和7,磯子区,金剛保育園,5歳,5.0,0.0
令和7,神奈川区,Gakkenほいくえん反町,0歳,5.0,0.0
令和7,神奈川区,Gakkenほいくえん反町,1歳,4.806576402321084,0.03868471953578337
令和7,神奈川区,Gakkenほいくえん反町,2歳,4.613152804642167,0.07736943907156674
令和7,神奈川区,Gakkenほいくえん反町,3歳,1.3750894774516822,0.7249821045096636
令和7,神奈川区,Gakkenほいくえん反町,4歳,2.727272727272727,0.45454545454545453
令和7,神奈川区,Gakkenほいくえん反町,5歳,2.9545454545454546,0.4090909090909091
令和7,神奈川区,Gakkenほいくえん片倉,0歳,5.0,0.0
令和7,神奈川区,Gakkenほいくえん片倉,1歳,4.732620320855616,0.053475935828877004
令和7,神奈川区,Gakkenほいくえん片倉,2歳,5.0,0.0
令和7,神奈川区,Gakkenほいくえん片倉,3歳,4.545454545454546,0.09090909090909091
令和7,神奈川区,Gakkenほいくえん片倉,4歳,2.575757575757576,0.4848484848484848
令和7,神奈川区,Gakkenほいくえん片倉,5歳,3.7878787878787885,0.2424242424242424
令和7,神奈川区,Yokohama Front Mutsumi Nursery,0歳,5.0,0.0
令和7,神奈川区,Yokohama Front Mutsumi Nursery,1歳,4.7727272727272725,0.045454545454545456
令和7,神奈川区,Yokohama Front Mutsumi Nursery,2歳,2.9545454545454546,0.4090909090909091
令和7,神奈川区,Yokohama Front Mutsumi Nursery,3歳,5.0,0.0
令和7,神奈川区,Yokohama Front Mutsumi Nursery,4歳,5.0,0.0
令和7,神奈川区,Yokohama Front Mutsumi Nursery,5歳,5.0,0.0
令和7,神奈川区,あおぞら保育園,0歳,4.068181818181818,0.18636363636363634
令和7,神奈川区,あおぞら保育園,1歳,5.0,0.0
令和7,神奈川区,あおぞら保育園,2歳,3.7878787878787885,0.2424242424242424
令和7,神奈川区,あおぞら保育園,3歳,3.4429400386847195,0.3114119922630561
令和7,神奈川区,あおぞら保育園,4歳,4.806576402321084,0.03868471953578337
令和7,神奈川区,あおぞら保育園,5歳,5.0,0.0
令和7,神奈川区,あおぞら第２保育園,0歳,2.272727272727273,0.5454545454545454
令和7,神奈川区,あおぞら第２保育園,1歳,5.0,0.0
令和7,神奈川区,あおぞら第２保育園,2歳,5.0,0.0
令和7,神奈川区,あおぞら第２保育園,3歳,1.628787878787879,0.6742424242424243
令和7,神奈川区,あおぞら第２保育園,4歳,5.0,0.0
令和7,神奈川区,あおぞら第２保育園,5歳,5.0,0.0
令和7,神奈川区,あおぞら菅田保育園,0歳,5.0,0.0
令和7,神奈川区,あおぞら菅田保育園,1歳,5.0,0.0
令和7,神奈川区,あおぞら菅田保育園,2歳,5.0,0.0
令和7,神奈川区,あおぞら菅田保育園,3歳,1.9696969696969702,0.606060606060606
令和7,神奈川区,あおぞら菅田保育園,4歳,1.7424242424242424,0.6515151515151515
令和7,神奈川区,あおぞら菅田保育園,5歳,5.0,0.0
令和7,神奈川区,いずみ反町保育園,0歳,5.0,0.0
令和7,神奈川区,いずみ反町保育園,1歳,5.0,0.0
令和7,神奈川区,いずみ反町保育園,2歳,5.0,0.0
令和7,神奈川区,いずみ反町保育園,3歳,2.033016734509272,0.5933966530981456
令和7,神奈川区,いずみ反町保育園,4歳,5.0,0.0
令和7,神奈川区,いずみ反町保育園,5歳,3.1818181818181817,0.36363636363636365
令和7,神奈川区,いずみ反町公園保育園,0歳,5.0,0.0
令和7,神奈川区,いずみ反町公園保育園,1歳,5.0,0.0
令和7,神奈川区,いずみ反町公園保育園,2歳,5.0,0.0
令和7,神奈川区,いずみ反町公園保育園,3歳,5.0,0.0
令和7,神奈川区,いずみ反町公園保育園,4歳,1.159090909090909,0.7681818181818183
令和7,神奈川区,いずみ反町公園保育園,5歳,5.0,0.0
令和7,神奈川区,いずみ東白楽保育園,0歳,5.0,0.0
令和7,神奈川区,いずみ東白楽保育園,1歳,5.0,0.0
令和7,神奈川区,いずみ東白楽保育園,2歳,5.0,0.0
令和7,神奈川区,いずみ東白楽保育園,3歳,5.0,0.0
令和7,神奈川区,いずみ東白楽保育園,4歳,5.0,0.0
令和7,神奈川区,いずみ東白楽保育園,5歳,2.9545454545454546,0.4090909090909091
令和7,神奈川区,いずみ松本町保育園,0歳,5.0,0.0
令和7,神奈川区,いずみ松本町保育園,1歳,5.0,0.0
令和7,神奈川区,いずみ松本町保育園,2歳,4.866310160427807,0.026737967914438502
令和7,神奈川区,いずみ松本町保育園,3歳,2.852420681890355,0.429515863621929
令和7,神奈川区,いずみ松本町保育園,4歳,3.4526112185686655,0.30947775628626695
令和7,神奈川区,いずみ松本町保育園,5歳,4.7727272727272725,0.045454545454545456
令和7,神奈川区,うちゅうこども園たんまち,0歳,4.754299754299755,0.04914004914004913
令和7,神奈川区,うちゅうこども園たんまち,1歳,5.0,0.0
令和7,神奈川区,うちゅうこども園たんまち,2歳,5.0,0.0
令和7,神奈川区,うちゅうこども園たんまち,3歳,3.409090909090909,0.3181818181818182
令和7,神奈川区,うちゅうこども園たんまち,4歳,5.0,0.0
令和7,神奈川区,うちゅうこども園たんまち,5歳,5.0,0.0
令和7,神奈川区,おれんじハウス横浜駅前保育園,0歳,5.0,0.0
令和7,神奈川区,おれんじハウス横浜駅前保育園,1歳,5.0,0.0
令和7,神奈川区,おれんじハウス横浜駅前保育園,2歳,5.0,0.0
令和7,神奈川区,おれんじハウス横浜駅前保育園,3歳,5.0,0.0
令和7,神奈川区,おれんじハウス横浜駅前保育園,4歳,5.0,0.0
令和7,神奈川区,おれんじハウス横浜駅前保育園,5歳,5.0,0.0
令和7,神奈川区,かながわ保育園,0歳,3.674242424242424,0.26515151515151514
令和7,神奈川区,かながわ保育園,1歳,5.0,0.0
令和7,神奈川区,かながわ保育園,2歳,2.9545454545454546,0.4090909090909091
令和7,神奈川区,かながわ保育園,3歳,2.5,0.5
令和7,神奈川区,かながわ保育園,4歳,1.5227272727272727,0.6954545454545454
令和7,神奈川区,かながわ保育園,5歳,1.1590909090909092,0.7681818181818181
令和7,神奈川区,きゃんばす子安台保育園,0歳,3.8636363636363638,0.22727272727272727
令和7,神奈川区,きゃんばす子安台保育園,1歳,4.290552584670231,0.14188948306595364
令和7,神奈川区,きゃんばす子安台保育園,2歳,5.0,0.0
令和7,神奈川区,きゃんばす子安台保育園,3歳,5.0,0.0
令和7,神奈川区,きゃんばす子安台保育園,4歳,2.727272727272727,0.45454545454545453
令和7,神奈川区,きゃんばす子安台保育園,5歳,1.25,0.75
令和7,神奈川区,きゃんばす東神奈川保育園,0歳,1.4924242424242422,0.7015151515151515
令和7,神奈川区,きゃんばす東神奈川保育園,1歳,5.0,0.0
令和7,神奈川区,きゃんばす東神奈川保育園,2歳,3.6363636363636362,0.2727272727272727
令和7,神奈川区,きゃんばす東神奈川保育園,3歳,2.651515151515152,0.4696969696969697
令和7,神奈川区,きゃんばす東神奈川保育園,4歳,5.0,0.0
令和7,神奈川区,きゃんばす東神奈川保育園,5歳,0.8484848484848484,0.8303030303030302
令和7,神奈川区,こころキッズ,0歳,5.0,0.0
令和7,神奈川区,こころキッズ,1歳,5.0,0.0
令和7,神奈川区,こころキッズ,2歳,4.318181818181818,0.13636363636363635
令和7,神奈川区,こころキッズ,3歳,1.7803030303030305,0.6439393939393939
令和7,神奈川区,こころキッズ,4歳,5.0,0.0
令和7,神奈川区,こころキッズ,5歳,4.318181818181818,0.13636363636363635
令和7,神奈川区,こころベイビー,0歳,5.0,0.0
令和7,神奈川区,こころベイビー,1歳,5.0,0.0
令和7,神奈川区,こころベイビー,2歳,3.8636363636363638,0.22727272727272727
令和7,神奈川区,こころベイビー,3歳,5.0,0.0
令和7,神奈川区,こころベイビー,4歳,5.0,0.0
令和7,神奈川区,こころベイビー,5歳,5.0,0.0
令和7,神奈川区,こまつな保育園,0歳,3.6363636363636362,0.2727272727272727
令和7,神奈川区,こまつな保育園,1歳,3.1818181818181817,0.36363636363636365
令和7,神奈川区,こまつな保育園,2歳,4.545454545454546,0.09090909090909091
令和7,神奈川区,こまつな保育園,3歳,5.0,0.0
令和7,神奈川区,こまつな保育園,4歳,5.0,0.0
令和7,神奈川区,こまつな保育園,5歳,5.0,0.0
令和7,神奈川区,たいせつ保育園,0歳,2.5584415584415585,0.48831168831168825
令和7,神奈川区,たいせつ保育園,1歳,2.4242424242424243,0.5151515151515151
令和7,神奈川区,たいせつ保育園,2歳,1.1753044463324835,0.7649391107335032
令和7,神奈川区,たいせつ保育園,3歳,5.0,0.0
令和7,神奈川区,たいせつ保育園,4歳,5.0,0.0
令和7,神奈川区,たいせつ保育園,5歳,5.0,0.0
令和7,神奈川区,たいせつ横浜ポートサイド保育園,0歳,5.0,0.0
令和7,神奈川区,たいせつ横浜ポートサイド保育園,1歳,4.242424242424242,0.1515151515151515
令和7,神奈川区,たいせつ横浜ポートサイド保育園,2歳,3.8636363636363638,0.22727272727272727
令和7,神奈川区,たいせつ横浜ポートサイド保育園,3歳,5.0,0.0
令和7,神奈川区,たいせつ横浜ポートサイド保育園,4歳,5.0,0.0
令和7,神奈川区,たいせつ横浜ポートサイド保育園,5歳,5.0,0.0
令和7,神奈川区,なないろきっど保育園,0歳,5.0,0.0
令和7,神奈川区,なないろきっど保育園,1歳,2.9545454545454546,0.4090909090909091
令和7,神奈川区,なないろきっど保育園,2歳,4.090909090909091,0.18181818181818182
令和7,神奈川区,なないろきっど保育園,3歳,5.0,0.0
令和7,神奈川区,なないろきっど保育園,4歳,3.8636363636363638,0.22727272727272727
令和7,神奈川区,なないろきっど保育園,5歳,0.8333333333333331,0.8333333333333335
令和7,神奈川区,ひびき保育園,0歳,5.0,0.0
令和7,神奈川区,ひびき保育園,1歳,5.0,0.0
令和7,神奈川区,ひびき保育園,2歳,5.0,0.0
令和7,神奈川区,ひびき保育園,3歳,5.0,0.0
令和7,神奈川区,ひびき保育園,4歳,5.0,0.0
令和7,神奈川区,ひびき保育園,5歳,5.0,0.0
令和7,神奈川区,ひびき金港町保育園,0歳,5.0,0.0
令和7,神奈川区,ひびき金港町保育園,1歳,4.7727272727272725,0.045454545454545456
令和7,神奈川区,ひびき金港町保育園,2歳,2.5980830855394212,0.4803833828921158
令和7,神奈川区,ひびき金港町保育園,3歳,4.7727272727272725,0.045454545454545456
令和7,神奈川区,ひびき金港町保育園,4歳,5.0,0.0
令和7,神奈川区,ひびき金港町保育園,5歳,2.5,0.5
令和7,神奈川区,みらいつばさ片倉町保育園,0歳,5.0,0.0
令和7,神奈川区,みらいつばさ片倉町保育園,1歳,5.0,0.0
令和7,神奈川区,みらいつばさ片倉町保育園,2歳,3.6363636363636362,0.2727272727272727
令和7,神奈川区,みらいつばさ片倉町保育園,3歳,5.0,0.0
令和7,神奈川区,みらいつばさ片倉町保育園,4歳,5.0,0.0
令和7,神奈川区,みらいつばさ片倉町保育園,5歳,5.0,0.0
令和7,神奈川区,めばえ横浜保育園,0歳,4.696969696969696,0.0606060606060606
令和7,神奈川区,めばえ横浜保育園,1歳,5.0,0.0
令和7,神奈川区,めばえ横浜保育園,2歳,1.682900432900433,0.6634199134199134
令和7,神奈川区,めばえ横浜保育園,3歳,1.3636363636363635,0.7272727272727273
令和7,神奈川区,めばえ横浜保育園,4歳,1.3636363636363635,0.7272727272727273
令和7,神奈川区,めばえ横浜保育園,5歳,4.659090909090909,0.06818181818181818
令和7,神奈川区,ゆうゆうきっず新子安,0歳,4.975822050290135,0.004835589941972921
令和7,神奈川区,ゆうゆうきっず新子安,1歳,4.811611418389695,0.037677716322060954
令和7,神奈川区,ゆうゆうきっず新子安,2歳,5.0,0.0
令和7,神奈川区,ゆうゆうきっず新子安,3歳,5.0,0.0
令和7,神奈川区,ゆうゆうきっず新子安,4歳,4.090909090909091,0.18181818181818182
令和7,神奈川区,ゆうゆうきっず新子安,5歳,3.8636363636363638,0.22727272727272727
令和7,神奈川区,ゆうゆうきっず横浜,0歳,5.0,0.0
令和7,神奈川区,ゆうゆうきっず横浜,1歳,4.793388429752066,0.04132231404958678
令和7,神奈川区,ゆうゆうきっず横浜,2歳,5.0,0.0
令和7,神奈川区,ゆうゆうきっず横浜,3歳,3.2745898703345513,0.3450820259330898
令和7,神奈川区,ゆうゆうきっず横浜,4歳,2.9303675048355897,0.41392649903288203
令和7,神奈川区,ゆうゆうきっず横浜,5歳,3.8636363636363638,0.22727272727272727
令和7,神奈川区,アイン三枚町保育園,0歳,5.0,0.0
令和7,神奈川区,アイン三枚町保育園,1歳,5.0,0.0
令和7,神奈川区,アイン三枚町保育園,2歳,5.0,0.0
令和7,神奈川区,アイン三枚町保育園,3歳,5.0,0.0
令和7,神奈川区,アイン三枚町保育園,4歳,3.8636363636363638,0.22727272727272727
令和7,神奈川区,アイン三枚町保育園,5歳,5.0,0.0
令和7,神奈川区,アイン松本町保育園,0歳,5.0,0.0
令和7,神奈川区,アイン松本町保育園,1歳,5.0,0.0
令和7,神奈川区,アイン松本町保育園,2歳,4.545454545454546,0.09090909090909091
令和7,神奈川区,アイン松本町保育園,3歳,3.6363636363636362,0.2727272727272727
令和7,神奈川区,アイン松本町保育園,4歳,2.0375590698544896,0.5924881860291021
令和7,神奈川区,アイン松本町保育園,5歳,2.5,0.5
令和7,神奈川区,アイン高島台保育園,0歳,5.0,0.0
令和7,神奈川区,アイン高島台保育園,1歳,5.0,0.0
令和7,神奈川区,アイン高島台保育園,2歳,4.318181818181818,0.13636363636363635
令和7,神奈川区,アイン高島台保育園,3歳,5.0,0.0
令和7,神奈川区,アイン高島台保育園,4歳,2.1212121212121215,0.5757575757575757
令和7,神奈川区,アイン高島台保育園,5歳,3.6363636363636362,0.2727272727272727
令和7,神奈川区,ウィズブック保育園青木町,0歳,5.0,0.0
令和7,神奈川区,ウィズブック保育園青木町,1歳,4.318181818181818,0.13636363636363635
令和7,神奈川区,ウィズブック保育園青木町,2歳,5.0,0.0
令和7,神奈川区,ウィズブック保育園青木町,3歳,1.4015151515151514,0.7196969696969697
令和7,神奈川区,ウィズブック保育園青木町,4歳,2.727272727272727,0.45454545454545453
令和7,神奈川区,ウィズブック保育園青木町,5歳,0.9999999999999999,0.8
令和7,神奈川区,エンゼル保育園,0歳,5.0,0.0
令和7,神奈川区,エンゼル保育園,1歳,5.0,0.0
令和7,神奈川区,エンゼル保育園,2歳,2.9545454545454546,0.4090909090909091
令和7,神奈川区,エンゼル保育園,3歳,4.7727272727272725,0.045454545454545456
令和7,神奈川区,エンゼル保育園,4歳,2.727272727272727,0.45454545454545453
令和7,神奈川区,エンゼル保育園,5歳,1.287878787878788,0.7424242424242423
令和7,神奈川区,キッズパートナー六角橋,0歳,5.0,0.0
令和7,神奈川区,キッズパートナー六角橋,1歳,5.0,0.0
令和7,神奈川区,キッズパートナー六角橋,2歳,4.806576402321084,0.03868471953578337
令和7,神奈川区,キッズパートナー六角橋,3歳,1.212121212121212,0.7575757575757577
令和7,神奈川区,キッズパートナー六角橋,4歳,1.20995670995671,0.758008658008658
令和7,神奈川区,キッズパートナー六角橋,5歳,2.5,0.5
令和7,神奈川区,キッズパートナー妙蓮寺,0歳,3.8081879547646182,0.23836240904707637
令和7,神奈川区,キッズパートナー妙蓮寺,1歳,5.0,0.0
令和7,神奈川区,キッズパートナー妙蓮寺,2歳,5.0,0.0
令和7,神奈川区,キッズパートナー妙蓮寺,3歳,2.174242424242424,0.5651515151515152
令和7,神奈川区,キッズパートナー妙蓮寺,4歳,2.878787878787879,0.4242424242424242
令和7,神奈川区,キッズパートナー妙蓮寺,5歳,2.9545454545454546,0.4090909090909091
令和7,神奈川区,キッズパートナー新子安,0歳,5.0,0.0
令和7,神奈川区,キッズパートナー新子安,1歳,3.409090909090909,0.3181818181818182
令和7,神奈川区,キッズパートナー新子安,2歳,2.5,0.5
令和7,神奈川区,キッズパートナー新子安,3歳,5.0,0.0
令和7,神奈川区,キッズパートナー新子安,4歳,5.0,0.0
令和7,神奈川区,キッズパートナー新子安,5歳,5.0,0.0
令和7,神奈川区,キッズパートナー東白楽,0歳,4.015151515151515,0.19696969696969696
令和7,神奈川区,キッズパートナー東白楽,1歳,3.2563007015214067,0.3487398596957187
令和7,神奈川区,キッズパートナー東白楽,2歳,5.0,0.0
令和7,神奈川区,キッズパートナー東白楽,3歳,5.0,0.0
令和7,神奈川区,キッズパートナー東白楽,4歳,5.0,0.0
令和7,神奈川区,キッズパートナー東白楽,5歳,5.0,0.0
令和7,神奈川区,キッズラボ白楽園,0歳,3.61952861952862,0.2760942760942761
令和7,神奈川区,キッズラボ白楽園,1歳,5.0,0.0
令和7,神奈川区,キッズラボ白楽園,2歳,3.7878787878787876,0.2424242424242424
令和7,神奈川区,キッズラボ白楽園,3歳,1.628787878787879,0.6742424242424243
令和7,神奈川区,キッズラボ白楽園,4歳,1.628787878787879,0.6742424242424243
令和7,神奈川区,キッズラボ白楽園,5歳,0.7142857142857145,0.8571428571428572
令和7,神奈川区,クルミ保育園,0歳,3.7878787878787876,0.2424242424242424
令和7,神奈川区,クルミ保育園,1歳,2.9089719481031446,0.41820561037937104
令和7,神奈川区,クルミ保育園,2歳,2.001356852103121,0.5997286295793759
令和7,神奈川区,クルミ保育園,3歳,2.5676982591876207,0.48646034816247585
令和7,神奈川区,クルミ保育園,4歳,1.0056415524716613,0.7988716895056677
令和7,神奈川区,クルミ保育園,5歳,0.9999999999999999,0.8
令和7,神奈川区,グローバルキッズ大口園,0歳,5.0,0.0
令和7,神奈川区,グローバルキッズ大口園,1歳,5.0,0.0
令和7,神奈川区,グローバルキッズ大口園,2歳,5.0,0.0
令和7,神奈川区,グローバルキッズ大口園,3歳,4.7727272727272725,0.045454545454545456
令和7,神奈川区,グローバルキッズ大口園,4歳,5.0,0.0
令和7,神奈川区,グローバルキッズ大口園,5歳,5.0,0.0
令和7,神奈川区,グローバルキッズ子安駅前保育園,0歳,4.090909090909091,0.18181818181818182
令和7,神奈川区,グローバルキッズ子安駅前保育園,1歳,1.4745670995670996,0.7050865800865801
令和7,神奈川区,グローバルキッズ子安駅前保育園,2歳,2.2602894617819995,0.5479421076436002
令和7,神奈川区,グローバルキッズ子安駅前保育園,3歳,1.4545454545454544,0.7090909090909091
令和7,神奈川区,グローバルキッズ子安駅前保育園,4歳,1.5909090909090908,0.6818181818181818
令和7,神奈川区,グローバルキッズ子安駅前保育園,5歳,1.287878787878788,0.7424242424242423
令和7,神奈川区,グローバルキッズ新子安保育園,0歳,5.0,0.0
令和7,神奈川区,グローバルキッズ新子安保育園,1歳,5.0,0.0
令和7,神奈川区,グローバルキッズ新子安保育園,2歳,4.545454545454546,0.09090909090909091
令和7,神奈川区,グローバルキッズ新子安保育園,3歳,2.29194934418815,0.5416101311623699
令和7,神奈川区,グローバルキッズ新子安保育園,4歳,4.318181818181818,0.13636363636363635
令和7,神奈川区,グローバルキッズ新子安保育園,5歳,1.25,0.75
令和7,神奈川区,グローバルキッズ新子安第二保育園,0歳,5.0,0.0
令和7,神奈川区,グローバルキッズ新子安第二保育園,1歳,5.0,0.0
令和7,神奈川区,グローバルキッズ新子安第二保育園,2歳,5.0,0.0
令和7,神奈川区,グローバルキッズ新子安第二保育園,3歳,4.318181818181818,0.13636363636363635
令和7,神奈川区,グローバルキッズ新子安第二保育園,4歳,4.318181818181818,0.13636363636363635
令和7,神奈川区,グローバルキッズ新子安第二保育園,5歳,4.545454545454546,0.09090909090909091
令和7,神奈川区,グローバルキッズ白楽園,0歳,5.0,0.0
令和7,神奈川区,グローバルキッズ白楽園,1歳,5.0,0.0
令和7,神奈川区,グローバルキッズ白楽園,2歳,5.0,0.0
令和7,神奈川区,グローバルキッズ白楽園,3歳,5.0,0.0
令和7,神奈川区,グローバルキッズ白楽園,4歳,2.761121856866538,0.44777562862669246
令和7,神奈川区,グローバルキッズ白楽園,5歳,1.25,0.75
令和7,神奈川区,コビープリスクールかたくら,0歳,5.0,0.0
令和7,神奈川区,コビープリスクールかたくら,1歳,5.0,0.0
令和7,神奈川区,コビープリスクールかたくら,2歳,5.0,0.0
令和7,神奈川区,コビープリスクールかたくら,3歳,5.0,0.0
令和7,神奈川区,コビープリスクールかたくら,4歳,5.0,0.0
令和7,神奈川区,コビープリスクールかたくら,5歳,3.8636363636363638,0.22727272727272727
令和7,神奈川区,スターチャイルド≪三ッ沢上町ナーサリー≫,0歳,5.0,0.0
令和7,神奈川区,スターチャイルド≪三ッ沢上町ナーサリー≫,1歳,5.0,0.0
令和7,神奈川区,スターチャイルド≪三ッ沢上町ナーサリー≫,2歳,5.0,0.0
令和7,神奈川区,スターチャイルド≪三ッ沢上町ナーサリー≫,3歳,5.0,0.0
令和7,神奈川区,スターチャイルド≪三ッ沢上町ナーサリー≫,4歳,4.090909090909091,0.18181818181818182
令和7,神奈川区,スターチャイルド≪三ッ沢上町ナーサリー≫,5歳,4.7727272727272725,0.045454545454545456
令和7,神奈川区,スターチャイルド≪岸根公園ナーサリー≫,0歳,4.545454545454546,0.09090909090909091
令和7,神奈川区,スターチャイルド≪岸根公園ナーサリー≫,1歳,5.0,0.0
令和7,神奈川区,スターチャイルド≪岸根公園ナーサリー≫,2歳,5.0,0.0
令和7,神奈川区,スターチャイルド≪岸根公園ナーサリー≫,3歳,2.5,0.5
令和7,神奈川区,スターチャイルド≪岸根公園ナーサリー≫,4歳,4.090909090909091,0.18181818181818182
令和7,神奈川区,スターチャイルド≪岸根公園ナーサリー≫,5歳,1.4015151515151516,0.7196969696969696
令和7,神奈川区,スターチャイルド≪横浜ステーションナーサリー≫,0歳,5.0,0.0
令和7,神奈川区,スターチャイルド≪横浜ステーションナーサリー≫,1歳,4.806576402321084,0.03868471953578337
令和7,神奈川区,スターチャイルド≪横浜ステーションナーサリー≫,2歳,4.7727272727272725,0.045454545454545456
令和7,神奈川区,スターチャイルド≪横浜ステーションナーサリー≫,3歳,5.0,0.0
令和7,神奈川区,スターチャイルド≪横浜ステーションナーサリー≫,4歳,5.0,0.0
令和7,神奈川区,スターチャイルド≪横浜ステーションナーサリー≫,5歳,5.0,0.0
令和7,神奈川区,スターチャイルド≪片倉町ナーサリー≫,0歳,5.0,0.0
令和7,神奈川区,スターチャイルド≪片倉町ナーサリー≫,1歳,4.90530303030303,0.01893939393939394
令和7,神奈川区,スターチャイルド≪片倉町ナーサリー≫,2歳,5.0,0.0
令和7,神奈川区,スターチャイルド≪片倉町ナーサリー≫,3歳,5.0,0.0
令和7,神奈川区,スターチャイルド≪片倉町ナーサリー≫,4歳,2.0833333333333335,0.5833333333333333
令和7,神奈川区,スターチャイルド≪片倉町ナーサリー≫,5歳,0.357142857142857,0.9285714285714287
令和7,神奈川区,スターチャイルド≪白楽ナーサリー≫,0歳,4.545454545454546,0.09090909090909091
令和7,神奈川区,スターチャイルド≪白楽ナーサリー≫,1歳,5.0,0.0
令和7,神奈川区,スターチャイルド≪白楽ナーサリー≫,2歳,4.7727272727272725,0.045454545454545456
令和7,神奈川区,スターチャイルド≪白楽ナーサリー≫,3歳,4.545454545454546,0.09090909090909091
令和7,神奈川区,スターチャイルド≪白楽ナーサリー≫,4歳,3.1818181818181817,0.36363636363636365
令和7,神奈川区,スターチャイルド≪白楽ナーサリー≫,5歳,1.25,0.75
令和7,神奈川区,ナーサリー横浜ポートサイド,0歳,5.0,0.0
令和7,神奈川区,ナーサリー横浜ポートサイド,1歳,4.318181818181818,0.13636363636363635
令和7,神奈川区,ナーサリー横浜ポートサイド,2歳,4.242424242424242,0.1515151515151515
令和7,神奈川区,ナーサリー横浜ポートサイド,3歳,1.7954545454545454,0.6409090909090909
令和7,神奈川区,ナーサリー横浜ポートサイド,4歳,5.0,0.0
令和7,神奈川区,ナーサリー横浜ポートサイド,5歳,1.0649350649350648,0.7870129870129869
令和7,神奈川区,フレール保育園,0歳,5.0,0.0
令和7,神奈川区,フレール保育園,1歳,5.0,0.0
令和7,神奈川区,フレール保育園,2歳,5.0,0.0
令和7,神奈川区,フレール保育園,3歳,3.897485493230174,0.2205029013539652
令和7,神奈川区,フレール保育園,4歳,5.0,0.0
令和7,神奈川区,フレール保育園,5歳,3.8636363636363638,0.22727272727272727
令和7,神奈川区,ブライト保育園横浜松見町,0歳,3.516508367254636,0.2966983265490728
令和7,神奈川区,ブライト保育園横浜松見町,1歳,5.0,0.0
令和7,神奈川区,ブライト保育園横浜松見町,2歳,5.0,0.0
令和7,神奈川区,ブライト保育園横浜松見町,3歳,5.0,0.0
令和7,神奈川区,ブライト保育園横浜松見町,4歳,5.0,0.0
令和7,神奈川区,ブライト保育園横浜松見町,5歳,1.2272727272727273,0.7545454545454546
令和7,神奈川区,ポピンズナーサリースクール片倉町,0歳,4.431818181818182,0.11363636363636363
令和7,神奈川区,ポピンズナーサリースクール片倉町,1歳,5.0,0.0
令和7,神奈川区,ポピンズナーサリースクール片倉町,2歳,4.7727272727272725,0.045454545454545456
令和7,神奈川区,ポピンズナーサリースクール片倉町,3歳,5.0,0.0
令和7,神奈川区,ポピンズナーサリースクール片倉町,4歳,5.0,0.0
令和7,神奈川区,ポピンズナーサリースクール片倉町,5歳,2.5,0.5
令和7,神奈川区,ポピンズナーサリースクール片倉町駅前,0歳,5.0,0.0
令和7,神奈川区,ポピンズナーサリースクール片倉町駅前,1歳,5.0,0.0
令和7,神奈川区,ポピンズナーサリースクール片倉町駅前,2歳,4.545454545454546,0.09090909090909091
令和7,神奈川区,ポピンズナーサリースクール片倉町駅前,3歳,5.0,0.0
令和7,神奈川区,ポピンズナーサリースクール片倉町駅前,4歳,4.318181818181818,0.13636363636363635
令和7,神奈川区,ポピンズナーサリースクール片倉町駅前,5歳,3.409090909090909,0.3181818181818182
令和7,神奈川区,ポートサイド野ばな保育園,0歳,5.0,0.0
令和7,神奈川区,ポートサイド野ばな保育園,1歳,2.159090909090909,0.5681818181818182
令和7,神奈川区,ポートサイド野ばな保育園,2歳,0.9999999999999999,0.8
令和7,神奈川区,ポートサイド野ばな保育園,3歳,5.0,0.0
令和7,神奈川区,ポートサイド野ばな保育園,4歳,5.0,0.0
令和7,神奈川区,ポートサイド野ばな保育園,5歳,5.0,0.0
令和7,神奈川区,マフィス白楽ナーサリー,0歳,3.6363636363636362,0.2727272727272727
令和7,神奈川区,マフィス白楽ナーサリー,1歳,5.0,0.0
令和7,神奈川区,マフィス白楽ナーサリー,2歳,2.727272727272727,0.45454545454545453
令和7,神奈川区,マフィス白楽ナーサリー,3歳,1.666666666666667,0.6666666666666666
令和7,神奈川区,マフィス白楽ナーサリー,4歳,2.5,0.5
令和7,神奈川区,マフィス白楽ナーサリー,5歳,1.666666666666667,0.6666666666666666
令和7,神奈川区,ミアヘルサ保育園ひびき羽沢横浜国大,0歳,5.0,0.0
令和7,神奈川区,ミアヘルサ保育園ひびき羽沢横浜国大,1歳,5.0,0.0
令和7,神奈川区,ミアヘルサ保育園ひびき羽沢横浜国大,2歳,5.0,0.0
令和7,神奈川区,ミアヘルサ保育園ひびき羽沢横浜国大,3歳,5.0,0.0
令和7,神奈川区,ミアヘルサ保育園ひびき羽沢横浜国大,4歳,3.6363636363636362,0.2727272727272727
令和7,神奈川区,ミアヘルサ保育園ひびき羽沢横浜国大,5歳,1.9696969696969697,0.606060606060606
令和7,神奈川区,メリー★ポピンズ東神奈川ルーム,0歳,5.0,0.0
令和7,神奈川区,メリー★ポピンズ東神奈川ルーム,1歳,4.535205981696931,0.09295880366061375
令和7,神奈川区,メリー★ポピンズ東神奈川ルーム,2歳,4.806576402321084,0.03868471953578337
令和7,神奈川区,メリー★ポピンズ東神奈川ルーム,3歳,2.5,0.5
令和7,神奈川区,メリー★ポピンズ東神奈川ルーム,4歳,5.0,0.0
令和7,神奈川区,メリー★ポピンズ東神奈川ルーム,5歳,2.3484848484848486,0.5303030303030303
令和7,神奈川区,リトルスカラー新子安保育園,0歳,3.6363636363636362,0.2727272727272727
令和7,神奈川区,リトルスカラー新子安保育園,1歳,4.090909090909091,0.18181818181818182
令和7,神奈川区,リトルスカラー新子安保育園,2歳,1.5151515151515154,0.6969696969696969
令和7,神奈川区,リトルスカラー新子安保育園,3歳,5.0,0.0
令和7,神奈川区,リトルスカラー新子安保育園,4歳,5.0,0.0
令和7,神奈川区,リトルスカラー新子安保育園,5歳,5.0,0.0
令和7,神奈川区,三ツ沢保育園,0歳,5.0,0.0
令和7,神奈川区,三ツ沢保育園,1歳,3.6363636363636362,0.2727272727272727
令和7,神奈川区,三ツ沢保育園,2歳,4.7727272727272725,0.045454545454545456
令和7,神奈川区,三ツ沢保育園,3歳,3.670212765957447,0.26595744680851063
令和7,神奈川区,三ツ沢保育園,4歳,5.0,0.0
令和7,神奈川区,三ツ沢保育園,5歳,2.651515151515152,0.46969696969696967
令和7,神奈川区,京浜保育園パステル,0歳,4.090909090909091,0.18181818181818182
令和7,神奈川区,京浜保育園パステル,1歳,5.0,0.0
令和7,神奈川区,京浜保育園パステル,2歳,2.9545454545454546,0.4090909090909091
令和7,神奈川区,京浜保育園パステル,3歳,5.0,0.0
令和7,神奈川区,京浜保育園パステル,4歳,5.0,0.0
令和7,神奈川区,京浜保育園パステル,5歳,5.0,0.0
令和7,神奈川区,京進のほいくえんＨＯＰＰＡ反町園,0歳,3.8636363636363638,0.22727272727272727
令和7,神奈川区,京進のほいくえんＨＯＰＰＡ反町園,1歳,5.0,0.0
令和7,神奈川区,京進のほいくえんＨＯＰＰＡ反町園,2歳,4.7727272727272725,0.045454545454545456
令和7,神奈川区,京進のほいくえんＨＯＰＰＡ反町園,3歳,5.0,0.0
令和7,神奈川区,京進のほいくえんＨＯＰＰＡ反町園,4歳,5.0,0.0
令和7,神奈川区,京進のほいくえんＨＯＰＰＡ反町園,5歳,5.0,0.0
令和7,神奈川区,保育ルーム　岸根公園前,0歳,4.7727272727272725,0.045454545454545456
令和7,神奈川区,保育ルーム　岸根公園前,1歳,4.7727272727272725,0.045454545454545456
令和7,神奈川区,保育ルーム　岸根公園前,2歳,4.7727272727272725,0.045454545454545456
令和7,神奈川区,保育ルーム　岸根公園前,3歳,5.0,0.0
令和7,神奈川区,保育ルーム　岸根公園前,4歳,5.0,0.0
令和7,神奈川区,保育ルーム　岸根公園前,5歳,5.0,0.0
令和7,神奈川区,保育園こりす,0歳,4.945235487404163,0.010952902519167577
令和7,神奈川区,保育園こりす,1歳,5.0,0.0
令和7,神奈川区,保育園こりす,2歳,5.0,0.0
令和7,神奈川区,保育園こりす,3歳,5.0,0.0
令和7,神奈川区,保育園こりす,4歳,5.0,0.0
令和7,神奈川区,保育園こりす,5歳,5.0,0.0
令和7,神奈川区,反町ひかり保育園,0歳,5.0,0.0
令和7,神奈川区,反町ひかり保育園,1歳,5.0,0.0
令和7,神奈川区,反町ひかり保育園,2歳,3.8636363636363638,0.22727272727272727
令和7,神奈川区,反町ひかり保育園,3歳,1.5,0.7000000000000001
令和7,神奈川区,反町ひかり保育園,4歳,1.030844155844156,0.7938311688311689
令和7,神奈川区,反町ひかり保育園,5歳,0.5997474747474748,0.8800505050505051
令和7,神奈川区,太陽の子　新子安保育園,0歳,5.0,0.0
令和7,神奈川区,太陽の子　新子安保育園,1歳,4.613152804642167,0.07736943907156674
令和7,神奈川区,太陽の子　新子安保育園,2歳,3.8636363636363638,0.22727272727272727
令和7,神奈川区,太陽の子　新子安保育園,3歳,3.897485493230174,0.2205029013539652
令和7,神奈川区,太陽の子　新子安保育園,4歳,2.045454545454546,0.5909090909090909
令和7,神奈川区,太陽の子　新子安保育園,5歳,5.0,0.0
令和7,神奈川区,小鳩保育園,0歳,1.8484848484848484,0.6303030303030304
令和7,神奈川区,小鳩保育園,1歳,2.157432012002216,0.5685135975995568
令和7,神奈川区,小鳩保育園,2歳,3.6363636363636362,0.2727272727272727
令和7,神奈川区,小鳩保育園,3歳,1.7803030303030305,0.6439393939393939
令和7,神奈川区,小鳩保育園,4歳,1.8939393939393943,0.6212121212121212
令和7,神奈川区,小鳩保育園,5歳,1.666666666666667,0.6666666666666666
令和7,神奈川区,小鳩保育園分園,0歳,2.151515151515152,0.5696969696969697
令和7,神奈川区,小鳩保育園分園,1歳,4.032882011605416,0.19342359767891681
令和7,神奈川区,小鳩保育園分園,2歳,1.4545454545454544,0.7090909090909091
令和7,神奈川区,小鳩保育園分園,3歳,1.424242424242424,0.7151515151515152
令和7,神奈川区,小鳩保育園分園,4歳,1.2077922077922079,0.7584415584415585
令和7,神奈川区,小鳩保育園分園,5歳,0.7954545454545453,0.8409090909090909
令和7,神奈川区,東神奈川ひかり保育園,0歳,3.1818181818181817,0.36363636363636365
令和7,神奈川区,東神奈川ひかり保育園,1歳,1.5693196489713301,0.686136070205734
令和7,神奈川区,東神奈川ひかり保育園,2歳,1.9696969696969697,0.606060606060606
令和7,神奈川区,東神奈川ひかり保育園,3歳,5.0,0.0
令和7,神奈川区,東神奈川ひかり保育園,4歳,5.0,0.0
令和7,神奈川区,東神奈川ひかり保育園,5歳,5.0,0.0
令和7,神奈川区,横浜すきっぷ保育園,0歳,5.0,0.0
令和7,神奈川区,横浜すきっぷ保育園,1歳,5.0,0.0
令和7,神奈川区,横浜すきっぷ保育園,2歳,1.9696969696969702,0.606060606060606
令和7,神奈川区,横浜すきっぷ保育園,3歳,1.5909090909090908,0.6818181818181818
令和7,神奈川区,横浜すきっぷ保育園,4歳,5.0,0.0
令和7,神奈川区,横浜すきっぷ保育園,5歳,2.5,0.5
令和7,神奈川区,横浜シュタイナー保育園,0歳,5.0,0.0
令和7,神奈川区,横浜シュタイナー保育園,1歳,4.7727272727272725,0.045454545454545456
令和7,神奈川区,横浜シュタイナー保育園,2歳,2.5,0.5
令和7,神奈川区,横浜シュタイナー保育園,3歳,5.0,0.0
令和7,神奈川区,横浜シュタイナー保育園,4歳,5.0,0.0
令和7,神奈川区,横浜シュタイナー保育園,5歳,5.0,0.0
令和7,神奈川区,横浜ノーベル保育園,0歳,4.696969696969696,0.0606060606060606
令和7,神奈川区,横浜ノーベル保育園,1歳,2.803030303030303,0.4393939393939394
令和7,神奈川区,横浜ノーベル保育園,2歳,4.090909090909091,0.18181818181818182
令和7,神奈川区,横浜ノーベル保育園,3歳,5.0,0.0
令和7,神奈川区,横浜ノーベル保育園,4歳,5.0,0.0
令和7,神奈川区,横浜ノーベル保育園,5歳,5.0,0.0
令和7,神奈川区,横浜大口雲母保育園,0歳,4.696969696969696,0.0606060606060606
令和7,神奈川区,横浜大口雲母保育園,1歳,4.318181818181818,0.13636363636363635
令和7,神奈川区,横浜大口雲母保育園,2歳,5.0,0.0
令和7,神奈川区,横浜大口雲母保育園,3歳,4.090909090909091,0.18181818181818182
令和7,神奈川区,横浜大口雲母保育園,4歳,5.0,0.0
令和7,神奈川区,横浜大口雲母保育園,5歳,4.6632996632996635,0.06734006734006734
令和7,神奈川区,横浜市松見保育園,0歳,4.7727272727272725,0.045454545454545456
令和7,神奈川区,横浜市松見保育園,1歳,5.0,0.0
令和7,神奈川区,横浜市松見保育園,2歳,5.0,0.0
令和7,神奈川区,横浜市松見保育園,3歳,2.6136363636363638,0.4772727272727273
令和7,神奈川区,横浜市松見保育園,4歳,1.7424242424242424,0.6515151515151515
令和7,神奈川区,横浜市松見保育園,5歳,1.25,0.75
令和7,神奈川区,横浜市神大寺保育園,0歳,5.0,0.0
令和7,神奈川区,横浜市神大寺保育園,1歳,5.0,0.0
令和7,神奈川区,横浜市神大寺保育園,2歳,5.0,0.0
令和7,神奈川区,横浜市神大寺保育園,3歳,4.7727272727272725,0.045454545454545456
令和7,神奈川区,横浜市神大寺保育園,4歳,1.3636363636363635,0.7272727272727273
令和7,神奈川区,横浜市神大寺保育園,5歳,1.1634199134199135,0.7673160173160173
令和7,神奈川区,横浜市西菅田保育園,0歳,5.0,0.0
令和7,神奈川区,横浜市西菅田保育園,1歳,5.0,0.0
令和7,神奈川区,横浜市西菅田保育園,2歳,5.0,0.0
令和7,神奈川区,横浜市西菅田保育園,3歳,5.0,0.0
令和7,神奈川区,横浜市西菅田保育園,4歳,4.806576402321084,0.03868471953578337
令和7,神奈川区,横浜市西菅田保育園,5歳,5.0,0.0
令和7,神奈川区,浦島保育園,0歳,4.93060374739764,0.013879250520471896
令和7,神奈川区,浦島保育園,1歳,4.277084571202218,0.14458308575955633
令和7,神奈川区,浦島保育園,2歳,5.0,0.0
令和7,神奈川区,浦島保育園,3歳,2.1969696969696972,0.5606060606060607
令和7,神奈川区,浦島保育園,4歳,2.727272727272727,0.45454545454545453
令和7,神奈川区,浦島保育園,5歳,2.727272727272727,0.45454545454545453
令和7,神奈川区,白幡フレール保育園,0歳,4.745441629173573,0.050911674165285345
令和7,神奈川区,白幡フレール保育園,1歳,4.623695976154992,0.07526080476900149
令和7,神奈川区,白幡フレール保育園,2歳,4.535205981696931,0.09295880366061375
令和7,神奈川区,白幡フレール保育園,3歳,1.5681818181818181,0.6863636363636364
令和7,神奈川区,白幡フレール保育園,4歳,5.0,0.0
令和7,神奈川区,白幡フレール保育園,5歳,4.318181818181818,0.13636363636363635
令和7,神奈川区,白幡保育園,0歳,2.4346427803874615,0.5130714439225077
令和7,神奈川区,白幡保育園,1歳,5.0,0.0
令和7,神奈川区,白幡保育園,2歳,3.6363636363636362,0.2727272727272727
令和7,神奈川区,白幡保育園,3歳,5.0,0.0
令和7,神奈川区,白幡保育園,4歳,3.7878787878787876,0.2424242424242424
令和7,神奈川区,白幡保育園,5歳,5.0,0.0
令和7,神奈川区,白楽あいいく保育園,0歳,4.636363636363637,0.07272727272727274
令和7,神奈川区,白楽あいいく保育園,1歳,5.0,0.0
令和7,神奈川区,白楽あいいく保育園,2歳,3.8636363636363638,0.22727272727272727
令和7,神奈川区,白楽あいいく保育園,3歳,1.057900432900433,0.7884199134199134
令和7,神奈川区,白楽あいいく保育園,4歳,2.803030303030303,0.4393939393939394
令和7,神奈川区,白楽あいいく保育園,5歳,1.666666666666667,0.6666666666666666
令和7,神奈川区,白百合乳児保育園,0歳,2.4277885235332044,0.5144422952933592
令和7,神奈川区,白百合乳児保育園,1歳,1.0569985569985572,0.7886002886002885
令和7,神奈川区,白百合乳児保育園,2歳,3.1818181818181817,0.36363636363636365
令和7,神奈川区,白百合乳児保育園,3歳,5.0,0.0
令和7,神奈川区,白百合乳児保育園,4歳,2.5,0.5
令和7,神奈川区,白百合乳児保育園,5歳,1.666666666666667,0.6666666666666666
令和7,神奈川区,神ノ木保育園,0歳,3.9696969696969693,0.20606060606060606
令和7,神奈川区,神ノ木保育園,1歳,5.0,0.0
令和7,神奈川区,神ノ木保育園,2歳,3.6363636363636362,0.2727272727272727
令和7,神奈川区,神ノ木保育園,3歳,3.2914248871695677,0.3417150225660864
令和7,神奈川区,神ノ木保育園,4歳,2.727272727272727,0.45454545454545453
令和7,神奈川区,神ノ木保育園,5歳,5.0,0.0
令和7,神奈川区,空と杜の保育園かんだいじ,0歳,4.7727272727272725,0.045454545454545456
令和7,神奈川区,空と杜の保育園かんだいじ,1歳,5.0,0.0
令和7,神奈川区,空と杜の保育園かんだいじ,2歳,5.0,0.0
令和7,神奈川区,空と杜の保育園かんだいじ,3歳,2.0454545454545454,0.5909090909090909
令和7,神奈川区,空と杜の保育園かんだいじ,4歳,3.8636363636363638,0.22727272727272727
令和7,神奈川区,空と杜の保育園かんだいじ,5歳,0.6737012987012988,0.8652597402597402
令和7,神奈川区,第二白百合乳児保育園,0歳,3.2029195194088813,0.3594160961182238
令和7,神奈川区,第二白百合乳児保育園,1歳,2.4242424242424243,0.5151515151515151
令和7,神奈川区,第二白百合乳児保育園,2歳,5.0,0.0
令和7,神奈川区,第二白百合乳児保育園,3歳,1.9696969696969702,0.606060606060606
令和7,神奈川区,第二白百合乳児保育園,4歳,5.0,0.0
令和7,神奈川区,第二白百合乳児保育園,5歳,0.7142857142857145,0.8571428571428572
令和7,神奈川区,羽沢保育園,0歳,4.7727272727272725,0.045454545454545456
令和7,神奈川区,羽沢保育園,1歳,4.897854954034729,0.02042900919305414
令和7,神奈川区,羽沢保育園,2歳,4.831649831649832,0.03367003367003367
令和7,神奈川区,羽沢保育園,3歳,5.0,0.0
令和7,神奈川区,羽沢保育園,4歳,5.0,0.0
令和7,神奈川区,羽沢保育園,5歳,5.0,0.0
令和7,神奈川区,聖徳保育園,0歳,3.6287878787878785,0.27424242424242423
令和7,神奈川区,聖徳保育園,1歳,3.6136363636363638,0.2772727272727273
令和7,神奈川区,聖徳保育園,2歳,2.666666666666667,0.4666666666666666
令和7,神奈川区,聖徳保育園,3歳,1.2667748917748918,0.7466450216450217
令和7,神奈川区,聖徳保育園,4歳,1.4319727891156462,0.7136054421768707
令和7,神奈川区,聖徳保育園,5歳,3.8636363636363638,0.22727272727272727
令和7,神奈川区,西寺尾チューリップルーム,0歳,3.75,0.25
令和7,神奈川区,西寺尾チューリップルーム,1歳,3.897485493230174,0.2205029013539652
令和7,神奈川区,西寺尾チューリップルーム,2歳,3.333333333333333,0.3333333333333333
令和7,神奈川区,西寺尾チューリップルーム,3歳,5.0,0.0
令和7,神奈川区,西寺尾チューリップルーム,4歳,5.0,0.0
令和7,神奈川区,西寺尾チューリップルーム,5歳,5.0,0.0
令和7,神奈川区,西寺尾保育園,0歳,4.545454545454546,0.09090909090909091
令和7,神奈川区,西寺尾保育園,1歳,4.053030303030304,0.18939393939393936
令和7,神奈川区,西寺尾保育園,2歳,3.8636363636363638,0.22727272727272727
令和7,神奈川区,西寺尾保育園,3歳,3.333333333333333,0.3333333333333333
令和7,神奈川区,西寺尾保育園,4歳,5.0,0.0
令和7,神奈川区,西寺尾保育園,5歳,0.6186868686868686,0.8762626262626263
令和7,神奈川区,認定こども園捜真幼稚園,0歳,5.0,0.0
令和7,神奈川区,認定こども園捜真幼稚園,1歳,5.0,0.0
令和7,神奈川区,認定こども園捜真幼稚園,2歳,5.0,0.0
令和7,神奈川区,認定こども園捜真幼稚園,3歳,4.806576402321084,0.03868471953578337
令和7,神奈川区,認定こども園捜真幼稚園,4歳,2.575757575757576,0.4848484848484848
令和7,神奈川区,認定こども園捜真幼稚園,5歳,2.5,0.5
令和7,神奈川区,ＧＥＮＫＩＤＳバイリンガル保育園新子安,0歳,5.0,0.0
令和7,神奈川区,ＧＥＮＫＩＤＳバイリンガル保育園新子安,1歳,4.318181818181818,0.13636363636363635
令和7,神奈川区,ＧＥＮＫＩＤＳバイリンガル保育園新子安,2歳,3.5606060606060606,0.28787878787878785
令和7,神奈川区,ＧＥＮＫＩＤＳバイリンガル保育園新子安,3歳,2.878787878787879,0.4242424242424242
令和7,神奈川区,ＧＥＮＫＩＤＳバイリンガル保育園新子安,4歳,4.579303675048356,0.08413926499032881
令和7,神奈川区,ＧＥＮＫＩＤＳバイリンガル保育園新子安,5歳,3.1818181818181817,0.36363636363636365
令和7,神奈川区,ＳＵＮＮＹ　ＫＩＤ保育園,0歳,5.0,0.0
令和7,神奈川区,ＳＵＮＮＹ　ＫＩＤ保育園,1歳,4.545454545454546,0.09090909090909091
令和7,神奈川区,ＳＵＮＮＹ　ＫＩＤ保育園,2歳,3.367182462927144,0.32656350741457124
令和7,神奈川区,ＳＵＮＮＹ　ＫＩＤ保育園,3歳,5.0,0.0
令和7,神奈川区,ＳＵＮＮＹ　ＫＩＤ保育園,4歳,5.0,0.0
令和7,神奈川区,ＳＵＮＮＹ　ＫＩＤ保育園,5歳,5.0,0.0
令和7,神奈川区,ＹＭＣＡ東かながわ保育園,0歳,3.5606060606060606,0.2878787878787879
令和7,神奈川区,ＹＭＣＡ東かながわ保育園,1歳,5.0,0.0
令和7,神奈川区,ＹＭＣＡ東かながわ保育園,2歳,5.0,0.0
令和7,神奈川区,ＹＭＣＡ東かながわ保育園,3歳,4.613152804642167,0.07736943907156674
令和7,神奈川区,ＹＭＣＡ東かながわ保育園,4歳,5.0,0.0
令和7,神奈川区,ＹＭＣＡ東かながわ保育園,5歳,5.0,0.0
令和7,緑区,おひさますまいる保育園,0歳,5.0,0.0
令和7,緑区,おひさますまいる保育園,1歳,5.0,0.0
令和7,緑区,おひさますまいる保育園,2歳,5.0,0.0
令和7,緑区,おひさますまいる保育園,3歳,5.0,0.0
令和7,緑区,おひさますまいる保育園,4歳,4.613152804642167,0.07736943907156674
令和7,緑区,おひさますまいる保育園,5歳,5.0,0.0
令和7,緑区,さくらの郷みらい保育園,0歳,5.0,0.0
令和7,緑区,さくらの郷みらい保育園,1歳,4.934123847167325,0.013175230566534914
令和7,緑区,さくらの郷みらい保育園,2歳,5.0,0.0
令和7,緑区,さくらの郷みらい保育園,3歳,3.4429400386847195,0.3114119922630561
令和7,緑区,さくらの郷みらい保育園,4歳,2.803030303030303,0.4393939393939394
令和7,緑区,さくらの郷みらい保育園,5歳,5.0,0.0
令和7,緑区,すまいる保育園,0歳,5.0,0.0
令和7,緑区,すまいる保育園,1歳,5.0,0.0
令和7,緑区,すまいる保育園,2歳,4.696969696969696,0.0606060606060606
令和7,緑区,すまいる保育園,3歳,5.0,0.0
令和7,緑区,すまいる保育園,4歳,5.0,0.0
令和7,緑区,すまいる保育園,5歳,5.0,0.0
令和7,緑区,すまいる十日市場保育園,0歳,5.0,0.0
令和7,緑区,すまいる十日市場保育園,1歳,3.8636363636363638,0.22727272727272727
令和7,緑区,すまいる十日市場保育園,2歳,4.866310160427807,0.026737967914438502
令和7,緑区,すまいる十日市場保育園,3歳,5.0,0.0
令和7,緑区,すまいる十日市場保育園,4歳,5.0,0.0
令和7,緑区,すまいる十日市場保育園,5歳,5.0,0.0
令和7,緑区,そよかぜ保育園,0歳,5.0,0.0
令和7,緑区,そよかぜ保育園,1歳,5.0,0.0
令和7,緑区,そよかぜ保育園,2歳,5.0,0.0
令和7,緑区,そよかぜ保育園,3歳,5.0,0.0
令和7,緑区,そよかぜ保育園,4歳,5.0,0.0
令和7,緑区,そよかぜ保育園,5歳,5.0,0.0
令和7,緑区,たけやまの森保育園,0歳,3.9732430689877494,0.20535138620245003
令和7,緑区,たけやまの森保育園,1歳,5.0,0.0
令和7,緑区,たけやまの森保育園,2歳,4.545454545454546,0.09090909090909091
令和7,緑区,たけやまの森保育園,3歳,2.651515151515152,0.46969696969696967
令和7,緑区,たけやまの森保育園,4歳,2.575757575757576,0.4848484848484848
令和7,緑区,たけやまの森保育園,5歳,1.5909090909090908,0.6818181818181818
令和7,緑区,といろきっず中山保育園,0歳,5.0,0.0
令和7,緑区,といろきっず中山保育園,1歳,5.0,0.0
令和7,緑区,といろきっず中山保育園,2歳,4.545454545454546,0.09090909090909091
令和7,緑区,といろきっず中山保育園,3歳,5.0,0.0
令和7,緑区,といろきっず中山保育園,4歳,5.0,0.0
令和7,緑区,といろきっず中山保育園,5歳,5.0,0.0
令和7,緑区,にこにこすまいる園,0歳,5.0,0.0
令和7,緑区,にこにこすまいる園,1歳,5.0,0.0
令和7,緑区,にこにこすまいる園,2歳,5.0,0.0
令和7,緑区,にこにこすまいる園,3歳,5.0,0.0
令和7,緑区,にこにこすまいる園,4歳,5.0,0.0
令和7,緑区,にこにこすまいる園,5歳,5.0,0.0
令和7,緑区,にじいろ保育園中山,0歳,5.0,0.0
令和7,緑区,にじいろ保育園中山,1歳,5.0,0.0
令和7,緑区,にじいろ保育園中山,2歳,5.0,0.0
令和7,緑区,にじいろ保育園中山,3歳,4.318181818181818,0.13636363636363635
令和7,緑区,にじいろ保育園中山,4歳,5.0,0.0
令和7,緑区,にじいろ保育園中山,5歳,5.0,0.0
令和7,緑区,にじいろ保育園鴨居,0歳,5.0,0.0
令和7,緑区,にじいろ保育園鴨居,1歳,5.0,0.0
令和7,緑区,にじいろ保育園鴨居,2歳,5.0,0.0
令和7,緑区,にじいろ保育園鴨居,3歳,5.0,0.0
令和7,緑区,にじいろ保育園鴨居,4歳,3.6363636363636362,0.2727272727272727
令和7,緑区,にじいろ保育園鴨居,5歳,1.5909090909090908,0.6818181818181818
令和7,緑区,ひまわり中山駅前保育園,0歳,5.0,0.0
令和7,緑区,ひまわり中山駅前保育園,1歳,4.85096870342772,0.02980625931445604
令和7,緑区,ひまわり中山駅前保育園,2歳,2.803030303030303,0.4393939393939394
令和7,緑区,ひまわり中山駅前保育園,3歳,5.0,0.0
令和7,緑区,ひまわり中山駅前保育園,4歳,5.0,0.0
令和7,緑区,ひまわり中山駅前保育園,5歳,5.0,0.0
令和7,緑区,まなびの森　ヴィラ十日市場こども園,0歳,5.0,0.0
令和7,緑区,まなびの森　ヴィラ十日市場こども園,1歳,5.0,0.0
令和7,緑区,まなびの森　ヴィラ十日市場こども園,2歳,5.0,0.0
令和7,緑区,まなびの森　ヴィラ十日市場こども園,3歳,5.0,0.0
令和7,緑区,まなびの森　ヴィラ十日市場こども園,4歳,5.0,0.0
令和7,緑区,まなびの森　ヴィラ十日市場こども園,5歳,5.0,0.0
令和7,緑区,まなびの森　中山こども園,0歳,5.0,0.0
令和7,緑区,まなびの森　中山こども園,1歳,5.0,0.0
令和7,緑区,まなびの森　中山こども園,2歳,4.7727272727272725,0.045454545454545456
令和7,緑区,まなびの森　中山こども園,3歳,5.0,0.0
令和7,緑区,まなびの森　中山こども園,4歳,3.1818181818181817,0.36363636363636365
令和7,緑区,まなびの森　中山こども園,5歳,3.8636363636363638,0.22727272727272727
令和7,緑区,まなびの森　十日市場こども園,0歳,5.0,0.0
令和7,緑区,まなびの森　十日市場こども園,1歳,5.0,0.0
令和7,緑区,まなびの森　十日市場こども園,2歳,4.806576402321084,0.03868471953578337
令和7,緑区,まなびの森　十日市場こども園,3歳,5.0,0.0
令和7,緑区,まなびの森　十日市場こども園,4歳,5.0,0.0
令和7,緑区,まなびの森　十日市場こども園,5歳,5.0,0.0
令和7,緑区,まなびの森　長津田こども園,0歳,5.0,0.0
令和7,緑区,まなびの森　長津田こども園,1歳,4.352030947775629,0.12959381044487428
令和7,緑区,まなびの森　長津田こども園,2歳,5.0,0.0
令和7,緑区,まなびの森　長津田こども園,3歳,5.0,0.0
令和7,緑区,まなびの森　長津田こども園,4歳,5.0,0.0
令和7,緑区,まなびの森　長津田こども園,5歳,5.0,0.0
令和7,緑区,まなびの森　鴨居こども園,0歳,5.0,0.0
令和7,緑区,まなびの森　鴨居こども園,1歳,5.0,0.0
令和7,緑区,まなびの森　鴨居こども園,2歳,5.0,0.0
令和7,緑区,まなびの森　鴨居こども園,3歳,5.0,0.0
令和7,緑区,まなびの森　鴨居こども園,4歳,5.0,0.0
令和7,緑区,まなびの森　鴨居こども園,5歳,5.0,0.0
令和7,緑区,みどりさくら保育園,0歳,4.318181818181818,0.13636363636363635
令和7,緑区,みどりさくら保育園,1歳,5.0,0.0
令和7,緑区,みどりさくら保育園,2歳,4.793388429752066,0.04132231404958678
令和7,緑区,みどりさくら保育園,3歳,5.0,0.0
令和7,緑区,みどりさくら保育園,4歳,5.0,0.0
令和7,緑区,みどりさくら保育園,5歳,5.0,0.0
令和7,緑区,みどりひよこ園,0歳,5.0,0.0
令和7,緑区,みどりひよこ園,1歳,3.8636363636363638,0.22727272727272727
令和7,緑区,みどりひよこ園,2歳,3.367182462927144,0.3265635074145712
令和7,緑区,みどりひよこ園,3歳,5.0,0.0
令和7,緑区,みどりひよこ園,4歳,5.0,0.0
令和7,緑区,みどりひよこ園,5歳,5.0,0.0
令和7,緑区,みどり寺山保育園,0歳,5.0,0.0
令和7,緑区,みどり寺山保育園,1歳,5.0,0.0
令和7,緑区,みどり寺山保育園,2歳,5.0,0.0
令和7,緑区,みどり寺山保育園,3歳,4.411764705882353,0.11764705882352942
令和7,緑区,みどり寺山保育園,4歳,5.0,0.0
令和7,緑区,みどり寺山保育園,5歳,5.0,0.0
令和7,緑区,みなみ台保育園,0歳,3.590909090909091,0.2818181818181818
令和7,緑区,みなみ台保育園,1歳,5.0,0.0
令和7,緑区,みなみ台保育園,2歳,5.0,0.0
令和7,緑区,みなみ台保育園,3歳,3.013468013468014,0.3973063973063973
令和7,緑区,みなみ台保育園,4歳,4.7727272727272725,0.045454545454545456
令和7,緑区,みなみ台保育園,5歳,5.0,0.0
令和7,緑区,みもざ保育園,0歳,3.4469696969696972,0.3106060606060606
令和7,緑区,みもざ保育園,1歳,2.880591630591631,0.4238816738816739
令和7,緑区,みもざ保育園,2歳,4.1586073500967125,0.16827852998065762
令和7,緑区,みもざ保育園,3歳,5.0,0.0
令和7,緑区,みもざ保育園,4歳,3.594455190199871,0.28110896196002577
令和7,緑区,みもざ保育園,5歳,4.545454545454546,0.09090909090909091
令和7,緑区,みらいつぼみ保育園,0歳,5.0,0.0
令和7,緑区,みらいつぼみ保育園,1歳,5.0,0.0
令和7,緑区,みらいつぼみ保育園,2歳,5.0,0.0
令和7,緑区,みらいつぼみ保育園,3歳,5.0,0.0
令和7,緑区,みらいつぼみ保育園,4歳,5.0,0.0
令和7,緑区,みらいつぼみ保育園,5歳,5.0,0.0
令和7,緑区,もみの木保育園,0歳,4.7727272727272725,0.045454545454545456
令和7,緑区,もみの木保育園,1歳,5.0,0.0
令和7,緑区,もみの木保育園,2歳,5.0,0.0
令和7,緑区,もみの木保育園,3歳,2.4131480312210325,0.5173703937557934
令和7,緑区,もみの木保育園,4歳,5.0,0.0
令和7,緑区,もみの木保育園,5歳,2.5,0.5
令和7,緑区,もりの風保育園,0歳,3.022727272727273,0.39545454545454545
令和7,緑区,もりの風保育園,1歳,5.0,0.0
令和7,緑区,もりの風保育園,2歳,4.831649831649832,0.03367003367003367
令和7,緑区,もりの風保育園,3歳,1.707625362619146,0.6584749274761708
令和7,緑区,もりの風保育園,4歳,1.9696969696969697,0.6060606060606061
令和7,緑区,もりの風保育園,5歳,0.8035714285714285,0.8392857142857143
令和7,緑区,やまゆり中山保育園,0歳,5.0,0.0
令和7,緑区,やまゆり中山保育園,1歳,5.0,0.0
令和7,緑区,やまゆり中山保育園,2歳,5.0,0.0
令和7,緑区,やまゆり中山保育園,3歳,5.0,0.0
令和7,緑区,やまゆり中山保育園,4歳,5.0,0.0
令和7,緑区,やまゆり中山保育園,5歳,2.727272727272727,0.45454545454545453
令和7,緑区,ゆめの実保育園,0歳,5.0,0.0
令和7,緑区,ゆめの実保育園,1歳,1.2106782106782106,0.7578643578643579
令和7,緑区,ゆめの実保育園,2歳,2.3543771043771042,0.5291245791245791
令和7,緑区,ゆめの実保育園,3歳,5.0,0.0
令和7,緑区,ゆめの実保育園,4歳,5.0,0.0
令和7,緑区,ゆめの実保育園,5歳,5.0,0.0
令和7,緑区,わらべうた中山保育園,0歳,4.7727272727272725,0.045454545454545456
令和7,緑区,わらべうた中山保育園,1歳,5.0,0.0
令和7,緑区,わらべうた中山保育園,2歳,5.0,0.0
令和7,緑区,わらべうた中山保育園,3歳,4.831649831649832,0.03367003367003367
令和7,緑区,わらべうた中山保育園,4歳,5.0,0.0
令和7,緑区,わらべうた中山保育園,5歳,2.9545454545454546,0.4090909090909091
令和7,緑区,キッズフォレ長津田,0歳,5.0,0.0
令和7,緑区,キッズフォレ長津田,1歳,5.0,0.0
令和7,緑区,キッズフォレ長津田,2歳,4.579303675048356,0.08413926499032881
令和7,緑区,キッズフォレ長津田,3歳,5.0,0.0
令和7,緑区,キッズフォレ長津田,4歳,5.0,0.0
令和7,緑区,キッズフォレ長津田,5歳,5.0,0.0
令和7,緑区,グローバルキッズ十日市場園,0歳,5.0,0.0
令和7,緑区,グローバルキッズ十日市場園,1歳,5.0,0.0
令和7,緑区,グローバルキッズ十日市場園,2歳,4.672886562748891,0.06542268745022187
令和7,緑区,グローバルキッズ十日市場園,3歳,5.0,0.0
令和7,緑区,グローバルキッズ十日市場園,4歳,2.007575757575758,0.5984848484848485
令和7,緑区,グローバルキッズ十日市場園,5歳,4.545454545454546,0.09090909090909091
令和7,緑区,シャルール保育園,0歳,5.0,0.0
令和7,緑区,シャルール保育園,1歳,5.0,0.0
令和7,緑区,シャルール保育園,2歳,4.672886562748891,0.06542268745022187
令和7,緑区,シャルール保育園,3歳,5.0,0.0
令和7,緑区,シャルール保育園,4歳,5.0,0.0
令和7,緑区,シャルール保育園,5歳,5.0,0.0
令和7,緑区,スターチャイルド≪中山ナーサリー≫,0歳,5.0,0.0
令和7,緑区,スターチャイルド≪中山ナーサリー≫,1歳,5.0,0.0
令和7,緑区,スターチャイルド≪中山ナーサリー≫,2歳,5.0,0.0
令和7,緑区,スターチャイルド≪中山ナーサリー≫,3歳,5.0,0.0
令和7,緑区,スターチャイルド≪中山ナーサリー≫,4歳,3.3988423453332945,0.32023153093334106
令和7,緑区,スターチャイルド≪中山ナーサリー≫,5歳,4.7727272727272725,0.045454545454545456
令和7,緑区,スターチャイルド≪長津田ナーサリー≫,0歳,5.0,0.0
令和7,緑区,スターチャイルド≪長津田ナーサリー≫,1歳,5.0,0.0
令和7,緑区,スターチャイルド≪長津田ナーサリー≫,2歳,5.0,0.0
令和7,緑区,スターチャイルド≪長津田ナーサリー≫,3歳,1.7510620220900592,0.6497875955819882
令和7,緑区,スターチャイルド≪長津田ナーサリー≫,4歳,5.0,0.0
令和7,緑区,スターチャイルド≪長津田ナーサリー≫,5歳,5.0,0.0
令和7,緑区,スターチャイルド≪長津田駅前ナーサリー≫,0歳,5.0,0.0
令和7,緑区,スターチャイルド≪長津田駅前ナーサリー≫,1歳,5.0,0.0
令和7,緑区,スターチャイルド≪長津田駅前ナーサリー≫,2歳,4.545454545454546,0.09090909090909091
令和7,緑区,スターチャイルド≪長津田駅前ナーサリー≫,3歳,3.333333333333333,0.3333333333333333
令和7,緑区,スターチャイルド≪長津田駅前ナーサリー≫,4歳,3.106060606060606,0.37878787878787884
令和7,緑区,スターチャイルド≪長津田駅前ナーサリー≫,5歳,1.9318181818181819,0.6136363636363636
令和7,緑区,スターチャイルド≪鴨居ナーサリー≫,0歳,5.0,0.0
令和7,緑区,スターチャイルド≪鴨居ナーサリー≫,1歳,5.0,0.0
令和7,緑区,スターチャイルド≪鴨居ナーサリー≫,2歳,5.0,0.0
令和7,緑区,スターチャイルド≪鴨居ナーサリー≫,3歳,4.3939393939393945,0.1212121212121212
令和7,緑区,スターチャイルド≪鴨居ナーサリー≫,4歳,2.272727272727273,0.5454545454545454
令和7,緑区,スターチャイルド≪鴨居ナーサリー≫,5歳,3.5606060606060606,0.28787878787878785
令和7,緑区,スターチャイルド≪鴨居駅前ナーサリー≫,0歳,5.0,0.0
令和7,緑区,スターチャイルド≪鴨居駅前ナーサリー≫,1歳,5.0,0.0
令和7,緑区,スターチャイルド≪鴨居駅前ナーサリー≫,2歳,5.0,0.0
令和7,緑区,スターチャイルド≪鴨居駅前ナーサリー≫,3歳,2.116391184573003,0.5767217630853995
令和7,緑区,スターチャイルド≪鴨居駅前ナーサリー≫,4歳,1.7272727272727273,0.6545454545454545
令和7,緑区,スターチャイルド≪鴨居駅前ナーサリー≫,5歳,5.0,0.0
令和7,緑区,ハッピーシーズくるみ園,0歳,5.0,0.0
令和7,緑区,ハッピーシーズくるみ園,1歳,5.0,0.0
令和7,緑区,ハッピーシーズくるみ園,2歳,3.941877794336811,0.21162444113263784
令和7,緑区,ハッピーシーズくるみ園,3歳,5.0,0.0
令和7,緑区,ハッピーシーズくるみ園,4歳,5.0,0.0
令和7,緑区,ハッピーシーズくるみ園,5歳,5.0,0.0
令和7,緑区,ハッピーシーズりんご園,0歳,5.0,0.0
令和7,緑区,ハッピーシーズりんご園,1歳,5.0,0.0
令和7,緑区,ハッピーシーズりんご園,2歳,4.806576402321084,0.03868471953578337
令和7,緑区,ハッピーシーズりんご園,3歳,5.0,0.0
令和7,緑区,ハッピーシーズりんご園,4歳,5.0,0.0
令和7,緑区,ハッピーシーズりんご園,5歳,5.0,0.0
令和7,緑区,ハッピーシーズ保育園,0歳,5.0,0.0
令和7,緑区,ハッピーシーズ保育園,1歳,5.0,0.0
令和7,緑区,ハッピーシーズ保育園,2歳,4.166666666666667,0.16666666666666666
令和7,緑区,ハッピーシーズ保育園,3歳,5.0,0.0
令和7,緑区,ハッピーシーズ保育園,4歳,5.0,0.0
令和7,緑区,ハッピーシーズ保育園,5歳,5.0,0.0
令和7,緑区,バオバブ霧が丘保育園,0歳,5.0,0.0
令和7,緑区,バオバブ霧が丘保育園,1歳,5.0,0.0
令和7,緑区,バオバブ霧が丘保育園,2歳,5.0,0.0
令和7,緑区,バオバブ霧が丘保育園,3歳,3.333333333333334,0.3333333333333333
令和7,緑区,バオバブ霧が丘保育園,4歳,3.0425980722467987,0.39148038555064013
令和7,緑区,バオバブ霧が丘保育園,5歳,3.825757575757576,0.23484848484848483
令和7,緑区,パレット保育園・長津田,0歳,5.0,0.0
令和7,緑区,パレット保育園・長津田,1歳,5.0,0.0
令和7,緑区,パレット保育園・長津田,2歳,5.0,0.0
令和7,緑区,パレット保育園・長津田,3歳,4.7727272727272725,0.045454545454545456
令和7,緑区,パレット保育園・長津田,4歳,5.0,0.0
令和7,緑区,パレット保育園・長津田,5歳,5.0,0.0
令和7,緑区,ピノキオ保育園十日市場園,0歳,5.0,0.0
令和7,緑区,ピノキオ保育園十日市場園,1歳,3.1103896103896105,0.37792207792207794
令和7,緑区,ピノキオ保育園十日市場園,2歳,3.8181818181818183,0.23636363636363636
令和7,緑区,ピノキオ保育園十日市場園,3歳,5.0,0.0
令和7,緑区,ピノキオ保育園十日市場園,4歳,5.0,0.0
令和7,緑区,ピノキオ保育園十日市場園,5歳,5.0,0.0
令和7,緑区,ポピンズナーサリースクール十日市場駅前,0歳,4.090909090909091,0.18181818181818182
令和7,緑区,ポピンズナーサリースクール十日市場駅前,1歳,5.0,0.0
令和7,緑区,ポピンズナーサリースクール十日市場駅前,2歳,5.0,0.0
令和7,緑区,ポピンズナーサリースクール十日市場駅前,3歳,5.0,0.0
令和7,緑区,ポピンズナーサリースクール十日市場駅前,4歳,3.1818181818181817,0.36363636363636365
令和7,緑区,ポピンズナーサリースクール十日市場駅前,5歳,5.0,0.0
令和7,緑区,ポピンズナーサリースクール横浜十日市場,0歳,5.0,0.0
令和7,緑区,ポピンズナーサリースクール横浜十日市場,1歳,5.0,0.0
令和7,緑区,ポピンズナーサリースクール横浜十日市場,2歳,4.897854954034729,0.02042900919305414
令和7,緑区,ポピンズナーサリースクール横浜十日市場,3歳,5.0,0.0
令和7,緑区,ポピンズナーサリースクール横浜十日市場,4歳,3.3510638297872344,0.32978723404255317
令和7,緑区,ポピンズナーサリースクール横浜十日市場,5歳,5.0,0.0
令和7,緑区,マームゆりかご　かもい保育園,0歳,5.0,0.0
令和7,緑区,マームゆりかご　かもい保育園,1歳,5.0,0.0
令和7,緑区,マームゆりかご　かもい保育園,2歳,5.0,0.0
令和7,緑区,マームゆりかご　かもい保育園,3歳,5.0,0.0
令和7,緑区,マームゆりかご　かもい保育園,4歳,5.0,0.0
令和7,緑区,マームゆりかご　かもい保育園,5歳,5.0,0.0
令和7,緑区,マームゆりかご　ながつた保育園,0歳,5.0,0.0
令和7,緑区,マームゆりかご　ながつた保育園,1歳,4.696969696969696,0.0606060606060606
令和7,緑区,マームゆりかご　ながつた保育園,2歳,3.333333333333334,0.3333333333333333
令和7,緑区,マームゆりかご　ながつた保育園,3歳,5.0,0.0
令和7,緑区,マームゆりかご　ながつた保育園,4歳,5.0,0.0
令和7,緑区,マームゆりかご　ながつた保育園,5歳,5.0,0.0
令和7,緑区,保育所マナマナハウス,0歳,5.0,0.0
令和7,緑区,保育所マナマナハウス,1歳,5.0,0.0
令和7,緑区,保育所マナマナハウス,2歳,5.0,0.0
令和7,緑区,保育所マナマナハウス,3歳,5.0,0.0
令和7,緑区,保育所マナマナハウス,4歳,5.0,0.0
令和7,緑区,保育所マナマナハウス,5歳,5.0,0.0
令和7,緑区,倉山保育室,0歳,5.0,0.0
令和7,緑区,倉山保育室,1歳,4.866310160427807,0.026737967914438502
令和7,緑区,倉山保育室,2歳,5.0,0.0
令和7,緑区,倉山保育室,3歳,5.0,0.0
令和7,緑区,倉山保育室,4歳,5.0,0.0
令和7,緑区,倉山保育室,5歳,5.0,0.0
令和7,緑区,太陽の子　長津田北保育園,0歳,5.0,0.0
令和7,緑区,太陽の子　長津田北保育園,1歳,5.0,0.0
令和7,緑区,太陽の子　長津田北保育園,2歳,5.0,0.0
令和7,緑区,太陽の子　長津田北保育園,3歳,4.318181818181818,0.13636363636363635
令和7,緑区,太陽の子　長津田北保育園,4歳,5.0,0.0
令和7,緑区,太陽の子　長津田北保育園,5歳,5.0,0.0
令和7,緑区,太陽の子　鴨居駅前保育園,0歳,5.0,0.0
令和7,緑区,太陽の子　鴨居駅前保育園,1歳,4.953139643861293,0.009372071227741332
令和7,緑区,太陽の子　鴨居駅前保育園,2歳,5.0,0.0
令和7,緑区,太陽の子　鴨居駅前保育園,3歳,4.2321756786666285,0.15356486426667437
令和7,緑区,太陽の子　鴨居駅前保育園,4歳,2.9545454545454546,0.4090909090909091
令和7,緑区,太陽の子　鴨居駅前保育園,5歳,5.0,0.0
令和7,緑区,寺山保育園,0歳,5.0,0.0
令和7,緑区,寺山保育園,1歳,4.897854954034729,0.02042900919305414
令和7,緑区,寺山保育園,2歳,4.7727272727272725,0.045454545454545456
令和7,緑区,寺山保育園,3歳,5.0,0.0
令和7,緑区,寺山保育園,4歳,5.0,0.0
令和7,緑区,寺山保育園,5歳,5.0,0.0
令和7,緑区,小さな保育園　ままのて,0歳,5.0,0.0
令和7,緑区,小さな保育園　ままのて,1歳,5.0,0.0
令和7,緑区,小さな保育園　ままのて,2歳,3.1818181818181817,0.36363636363636365
令和7,緑区,小さな保育園　ままのて,3歳,5.0,0.0
令和7,緑区,小さな保育園　ままのて,4歳,5.0,0.0
令和7,緑区,小さな保育園　ままのて,5歳,5.0,0.0
令和7,緑区,小学館アカデミーなかやま保育園,0歳,4.7727272727272725,0.045454545454545456
令和7,緑区,小学館アカデミーなかやま保育園,1歳,5.0,0.0
令和7,緑区,小学館アカデミーなかやま保育園,2歳,5.0,0.0
令和7,緑区,小学館アカデミーなかやま保育園,3歳,5.0,0.0
令和7,緑区,小学館アカデミーなかやま保育園,4歳,5.0,0.0
令和7,緑区,小学館アカデミーなかやま保育園,5歳,5.0,0.0
令和7,緑区,小山保育園,0歳,4.166666666666667,0.16666666666666666
令和7,緑区,小山保育園,1歳,5.0,0.0
令和7,緑区,小山保育園,2歳,3.1818181818181817,0.36363636363636365
令和7,緑区,小山保育園,3歳,2.2121212121212124,0.5575757575757575
令和7,緑区,小山保育園,4歳,2.575757575757576,0.4848484848484848
令和7,緑区,小山保育園,5歳,1.325757575757576,0.7348484848484849
令和7,緑区,新治保育園,0歳,3.484848484848485,0.303030303030303
令和7,緑区,新治保育園,1歳,5.0,0.0
令和7,緑区,新治保育園,2歳,5.0,0.0
令和7,緑区,新治保育園,3歳,5.0,0.0
令和7,緑区,新治保育園,4歳,5.0,0.0
令和7,緑区,新治保育園,5歳,5.0,0.0
令和7,緑区,明日葉保育園長津田園,0歳,5.0,0.0
令和7,緑区,明日葉保育園長津田園,1歳,5.0,0.0
令和7,緑区,明日葉保育園長津田園,2歳,5.0,0.0
令和7,緑区,明日葉保育園長津田園,3歳,3.409090909090909,0.3181818181818182
令和7,緑区,明日葉保育園長津田園,4歳,5.0,0.0
令和7,緑区,明日葉保育園長津田園,5歳,5.0,0.0
令和7,緑区,森の台保育園,0歳,5.0,0.0
令和7,緑区,森の台保育園,1歳,5.0,0.0
令和7,緑区,森の台保育園,2歳,5.0,0.0
令和7,緑区,森の台保育園,3歳,5.0,0.0
令和7,緑区,森の台保育園,4歳,5.0,0.0
令和7,緑区,森の台保育園,5歳,5.0,0.0
令和7,緑区,横浜市十日市場保育園,0歳,3.167207792207792,0.3665584415584416
令和7,緑区,横浜市十日市場保育園,1歳,5.0,0.0
令和7,緑区,横浜市十日市場保育園,2歳,4.806576402321084,0.03868471953578337
令和7,緑区,横浜市十日市場保育園,3歳,5.0,0.0
令和7,緑区,横浜市十日市場保育園,4歳,4.586776859504132,0.08264462809917356
令和7,緑区,横浜市十日市場保育園,5歳,5.0,0.0
令和7,緑区,横浜市長津田保育園,0歳,3.545995670995671,0.2908008658008658
令和7,緑区,横浜市長津田保育園,1歳,4.878787878787879,0.024242424242424242
令和7,緑区,横浜市長津田保育園,2歳,4.85096870342772,0.02980625931445604
令和7,緑区,横浜市長津田保育園,3歳,2.436296668340867,0.5127406663318266
令和7,緑区,横浜市長津田保育園,4歳,2.0833333333333335,0.5833333333333333
令和7,緑区,横浜市長津田保育園,5歳,3.409090909090909,0.3181818181818182
令和7,緑区,横浜市鴨居保育園,0歳,5.0,0.0
令和7,緑区,横浜市鴨居保育園,1歳,4.949494949494949,0.0101010101010101
令和7,緑区,横浜市鴨居保育園,2歳,5.0,0.0
令和7,緑区,横浜市鴨居保育園,3歳,3.6363636363636362,0.2727272727272727
令和7,緑区,横浜市鴨居保育園,4歳,3.8636363636363638,0.22727272727272727
令和7,緑区,横浜市鴨居保育園,5歳,5.0,0.0
令和7,緑区,福澤保育センター,0歳,5.0,0.0
令和7,緑区,福澤保育センター,1歳,5.0,0.0
令和7,緑区,福澤保育センター,2歳,5.0,0.0
令和7,緑区,福澤保育センター,3歳,0.49999999999999994,0.9
令和7,緑区,福澤保育センター,4歳,0.49999999999999994,0.9
令和7,緑区,福澤保育センター,5歳,1.1818181818181819,0.7636363636363637
令和7,緑区,認可保育所どうぞのひろば,0歳,5.0,0.0
令和7,緑区,認可保育所どうぞのひろば,1歳,5.0,0.0
令和7,緑区,認可保育所どうぞのひろば,2歳,5.0,0.0
令和7,緑区,認可保育所どうぞのひろば,3歳,5.0,0.0
令和7,緑区,認可保育所どうぞのひろば,4歳,5.0,0.0
令和7,緑区,認可保育所どうぞのひろば,5歳,5.0,0.0
令和7,緑区,認定こども園　横浜あすか幼稚園,0歳,5.0,0.0
令和7,緑区,認定こども園　横浜あすか幼稚園,1歳,5.0,0.0
令和7,緑区,認定こども園　横浜あすか幼稚園,2歳,5.0,0.0
令和7,緑区,認定こども園　横浜あすか幼稚園,3歳,5.0,0.0
令和7,緑区,認定こども園　横浜あすか幼稚園,4歳,3.1818181818181817,0.36363636363636365
令和7,緑区,認定こども園　横浜あすか幼稚園,5歳,5.0,0.0
令和7,緑区,認定こども園　横浜マドカ幼稚園,0歳,5.0,0.0
令和7,緑区,認定こども園　横浜マドカ幼稚園,1歳,5.0,0.0
令和7,緑区,認定こども園　横浜マドカ幼稚園,2歳,5.0,0.0
令和7,緑区,認定こども園　横浜マドカ幼稚園,3歳,2.575757575757576,0.4848484848484848
令和7,緑区,認定こども園　横浜マドカ幼稚園,4歳,5.0,0.0
令和7,緑区,認定こども園　横浜マドカ幼稚園,5歳,5.0,0.0
令和7,緑区,青砥どんぐり保育園,0歳,3.8636363636363638,0.22727272727272727
令和7,緑区,青砥どんぐり保育園,1歳,5.0,0.0
令和7,緑区,青砥どんぐり保育園,2歳,4.090909090909091,0.18181818181818182
令和7,緑区,青砥どんぐり保育園,3歳,5.0,0.0
令和7,緑区,青砥どんぐり保育園,4歳,2.575757575757576,0.4848484848484848
令和7,緑区,青砥どんぐり保育園,5歳,2.0833333333333335,0.5833333333333333
令和7,西区,Maple Nursery WEST,0歳,4.1145096567452875,0.17709806865094257
令和7,西区,Maple Nursery WEST,1歳,4.889135254988914,0.022172949002217297
令和7,西区,Maple Nursery WEST,2歳,4.385880077369439,0.12282398452611218
令和7,西区,Maple Nursery WEST,3歳,5.0,0.0
令和7,西区,Maple Nursery WEST,4歳,5.0,0.0
令和7,西区,Maple Nursery WEST,5歳,5.0,0.0
令和7,西区,Maple Nursery 横浜,0歳,5.0,0.0
令和7,西区,Maple Nursery 横浜,1歳,4.897854954034729,0.02042900919305414
令和7,西区,Maple Nursery 横浜,2歳,5.0,0.0
令和7,西区,Maple Nursery 横浜,3歳,4.7727272727272725,0.045454545454545456
令和7,西区,Maple Nursery 横浜,4歳,5.0,0.0
令和7,西区,Maple Nursery 横浜,5歳,0.8787878787878786,0.8242424242424242
令和7,西区,あそびの杜保育園（分園含む）,0歳,5.0,0.0
令和7,西区,あそびの杜保育園（分園含む）,1歳,5.0,0.0
令和7,西区,あそびの杜保育園（分園含む）,2歳,5.0,0.0
令和7,西区,あそびの杜保育園（分園含む）,3歳,4.090909090909091,0.18181818181818182
令和7,西区,あそびの杜保育園（分園含む）,4歳,4.318181818181818,0.13636363636363635
令和7,西区,あそびの杜保育園（分園含む）,5歳,1.8939393939393943,0.6212121212121212
令和7,西区,おはよう保育園　花咲町,0歳,5.0,0.0
令和7,西区,おはよう保育園　花咲町,1歳,5.0,0.0
令和7,西区,おはよう保育園　花咲町,2歳,5.0,0.0
令和7,西区,おはよう保育園　花咲町,3歳,5.0,0.0
令和7,西区,おはよう保育園　花咲町,4歳,5.0,0.0
令和7,西区,おはよう保育園　花咲町,5歳,3.409090909090909,0.3181818181818182
令和7,西区,おれんじハウス西戸部保育園,0歳,5.0,0.0
令和7,西区,おれんじハウス西戸部保育園,1歳,4.318181818181818,0.13636363636363635
令和7,西区,おれんじハウス西戸部保育園,2歳,5.0,0.0
令和7,西区,おれんじハウス西戸部保育園,3歳,5.0,0.0
令和7,西区,おれんじハウス西戸部保育園,4歳,5.0,0.0
令和7,西区,おれんじハウス西戸部保育園,5歳,5.0,0.0
令和7,西区,すぎやま家庭保育室,0歳,5.0,0.0
令和7,西区,すぎやま家庭保育室,1歳,5.0,0.0
令和7,西区,すぎやま家庭保育室,2歳,5.0,0.0
令和7,西区,すぎやま家庭保育室,3歳,5.0,0.0
令和7,西区,すぎやま家庭保育室,4歳,5.0,0.0
令和7,西区,すぎやま家庭保育室,5歳,5.0,0.0
令和7,西区,つくし愛児園,0歳,5.0,0.0
令和7,西区,つくし愛児園,1歳,5.0,0.0
令和7,西区,つくし愛児園,2歳,0.7142857142857145,0.8571428571428572
令和7,西区,つくし愛児園,3歳,0.4545454545454547,0.9090909090909091
令和7,西区,つくし愛児園,4歳,0.38461538461538436,0.9230769230769232
令和7,西区,つくし愛児園,5歳,0.38461538461538436,0.9230769230769232
令和7,西区,にじいろ保育園みなとみらい,0歳,3.1818181818181817,0.36363636363636365
令和7,西区,にじいろ保育園みなとみらい,1歳,5.0,0.0
令和7,西区,にじいろ保育園みなとみらい,2歳,4.545454545454546,0.09090909090909091
令和7,西区,にじいろ保育園みなとみらい,3歳,5.0,0.0
令和7,西区,にじいろ保育園みなとみらい,4歳,2.9545454545454546,0.4090909090909091
令和7,西区,にじいろ保育園みなとみらい,5歳,0.625,0.875
令和7,西区,にじいろ保育園平沼,0歳,5.0,0.0
令和7,西区,にじいろ保育園平沼,1歳,5.0,0.0
令和7,西区,にじいろ保育園平沼,2歳,4.7727272727272725,0.045454545454545456
令和7,西区,にじいろ保育園平沼,3歳,5.0,0.0
令和7,西区,にじいろ保育園平沼,4歳,4.155844155844156,0.16883116883116883
令和7,西区,にじいろ保育園平沼,5歳,4.545454545454546,0.09090909090909091
令和7,西区,ほっぺるランド横浜岡野,0歳,5.0,0.0
令和7,西区,ほっぺるランド横浜岡野,1歳,3.977272727272727,0.20454545454545456
令和7,西区,ほっぺるランド横浜岡野,2歳,5.0,0.0
令和7,西区,ほっぺるランド横浜岡野,3歳,5.0,0.0
令和7,西区,ほっぺるランド横浜岡野,4歳,1.9318181818181819,0.6136363636363636
令和7,西区,ほっぺるランド横浜岡野,5歳,5.0,0.0
令和7,西区,みなとみらいくばがさ保育園,0歳,3.007575757575758,0.39848484848484844
令和7,西区,みなとみらいくばがさ保育園,1歳,5.0,0.0
令和7,西区,みなとみらいくばがさ保育園,2歳,5.0,0.0
令和7,西区,みなとみらいくばがさ保育園,3歳,5.0,0.0
令和7,西区,みなとみらいくばがさ保育園,4歳,2.878787878787879,0.42424242424242425
令和7,西区,みなとみらいくばがさ保育園,5歳,0.7602813852813853,0.847943722943723
令和7,西区,むつみ愛児園,0歳,5.0,0.0
令和7,西区,むつみ愛児園,1歳,5.0,0.0
令和7,西区,むつみ愛児園,2歳,3.1363636363636362,0.3727272727272728
令和7,西区,むつみ愛児園,3歳,3.2045454545454546,0.3590909090909091
令和7,西区,むつみ愛児園,4歳,3.035714285714286,0.39285714285714285
令和7,西区,むつみ愛児園,5歳,2.4545454545454546,0.5090909090909091
令和7,西区,ろぜっと保育園,0歳,5.0,0.0
令和7,西区,ろぜっと保育園,1歳,5.0,0.0
令和7,西区,ろぜっと保育園,2歳,5.0,0.0
令和7,西区,ろぜっと保育園,3歳,5.0,0.0
令和7,西区,ろぜっと保育園,4歳,4.545454545454546,0.09090909090909091
令和7,西区,ろぜっと保育園,5歳,5.0,0.0
令和7,西区,アミー保育園高島園,0歳,5.0,0.0
令和7,西区,アミー保育園高島園,1歳,5.0,0.0
令和7,西区,アミー保育園高島園,2歳,2.1212121212121215,0.5757575757575757
令和7,西区,アミー保育園高島園,3歳,5.0,0.0
令和7,西区,アミー保育園高島園,4歳,2.3484848484848486,0.5303030303030303
令和7,西区,アミー保育園高島園,5歳,1.666666666666667,0.6666666666666666
令和7,西区,ウィズブック保育園戸部,0歳,5.0,0.0
令和7,西区,ウィズブック保育園戸部,1歳,5.0,0.0
令和7,西区,ウィズブック保育園戸部,2歳,5.0,0.0
令和7,西区,ウィズブック保育園戸部,3歳,5.0,0.0
令和7,西区,ウィズブック保育園戸部,4歳,5.0,0.0
令和7,西区,ウィズブック保育園戸部,5歳,5.0,0.0
令和7,西区,キッズパートナーみなとみらい,0歳,2.878787878787879,0.4242424242424242
令和7,西区,キッズパートナーみなとみらい,1歳,5.0,0.0
令和7,西区,キッズパートナーみなとみらい,2歳,5.0,0.0
令和7,西区,キッズパートナーみなとみらい,3歳,1.924242424242424,0.6151515151515151
令和7,西区,キッズパートナーみなとみらい,4歳,2.0833333333333335,0.5833333333333333
令和7,西区,キッズパートナーみなとみらい,5歳,2.3484848484848486,0.5303030303030303
令和7,西区,キッズパートナーみなとみらい第２,0歳,2.3863636363636362,0.5227272727272727
令和7,西区,キッズパートナーみなとみらい第２,1歳,1.3300865800865802,0.7339826839826841
令和7,西区,キッズパートナーみなとみらい第２,2歳,1.6287878787878791,0.6742424242424242
令和7,西区,キッズパートナーみなとみらい第２,3歳,5.0,0.0
令和7,西区,キッズパートナーみなとみらい第２,4歳,5.0,0.0
令和7,西区,キッズパートナーみなとみらい第２,5歳,5.0,0.0
令和7,西区,キッズパートナー平沼橋,0歳,3.409090909090909,0.3181818181818182
令和7,西区,キッズパートナー平沼橋,1歳,4.352030947775629,0.12959381044487428
令和7,西区,キッズパートナー平沼橋,2歳,5.0,0.0
令和7,西区,キッズパートナー平沼橋,3歳,5.0,0.0
令和7,西区,キッズパートナー平沼橋,4歳,5.0,0.0
令和7,西区,キッズパートナー平沼橋,5歳,5.0,0.0
令和7,西区,キッズパートナー横浜楠町,0歳,5.0,0.0
令和7,西区,キッズパートナー横浜楠町,1歳,5.0,0.0
令和7,西区,キッズパートナー横浜楠町,2歳,2.1212121212121215,0.5757575757575757
令和7,西区,キッズパートナー横浜楠町,3歳,5.0,0.0
令和7,西区,キッズパートナー横浜楠町,4歳,5.0,0.0
令和7,西区,キッズパートナー横浜楠町,5歳,5.0,0.0
令和7,西区,キッズポケット保育園,0歳,5.0,0.0
令和7,西区,キッズポケット保育園,1歳,5.0,0.0
令和7,西区,キッズポケット保育園,2歳,3.257575757575758,0.34848484848484845
令和7,西区,キッズポケット保育園,3歳,5.0,0.0
令和7,西区,キッズポケット保育園,4歳,5.0,0.0
令和7,西区,キッズポケット保育園,5歳,5.0,0.0
令和7,西区,キッズポケット木の葉保育園,0歳,5.0,0.0
令和7,西区,キッズポケット木の葉保育園,1歳,5.0,0.0
令和7,西区,キッズポケット木の葉保育園,2歳,5.0,0.0
令和7,西区,キッズポケット木の葉保育園,3歳,5.0,0.0
令和7,西区,キッズポケット木の葉保育園,4歳,5.0,0.0
令和7,西区,キッズポケット木の葉保育園,5歳,5.0,0.0
令和7,西区,キャリー保育園　桜木町,0歳,4.7727272727272725,0.045454545454545456
令和7,西区,キャリー保育園　桜木町,1歳,5.0,0.0
令和7,西区,キャリー保育園　桜木町,2歳,5.0,0.0
令和7,西区,キャリー保育園　桜木町,3歳,5.0,0.0
令和7,西区,キャリー保育園　桜木町,4歳,5.0,0.0
令和7,西区,キャリー保育園　桜木町,5歳,5.0,0.0
令和7,西区,グリーンポート桜木町保育園,0歳,4.166666666666667,0.16666666666666666
令和7,西区,グリーンポート桜木町保育園,1歳,5.0,0.0
令和7,西区,グリーンポート桜木町保育園,2歳,5.0,0.0
令和7,西区,グリーンポート桜木町保育園,3歳,4.3939393939393945,0.1212121212121212
令和7,西区,グリーンポート桜木町保育園,4歳,1.4691558441558443,0.7061688311688311
令和7,西区,グリーンポート桜木町保育園,5歳,2.5,0.5
令和7,西区,トキワ保育園,0歳,5.0,0.0
令和7,西区,トキワ保育園,1歳,4.7727272727272725,0.045454545454545456
令和7,西区,トキワ保育園,2歳,2.9545454545454546,0.4090909090909091
令和7,西区,トキワ保育園,3歳,5.0,0.0
令和7,西区,トキワ保育園,4歳,4.545454545454546,0.09090909090909091
令和7,西区,トキワ保育園,5歳,3.1818181818181817,0.36363636363636365
令和7,西区,ポピンズナーサリースクールみなとみらい,0歳,4.806576402321084,0.03868471953578337
令和7,西区,ポピンズナーサリースクールみなとみらい,1歳,5.0,0.0
令和7,西区,ポピンズナーサリースクールみなとみらい,2歳,5.0,0.0
令和7,西区,ポピンズナーサリースクールみなとみらい,3歳,5.0,0.0
令和7,西区,ポピンズナーサリースクールみなとみらい,4歳,5.0,0.0
令和7,西区,ポピンズナーサリースクールみなとみらい,5歳,1.9696969696969697,0.606060606060606
令和7,西区,ポピンズナーサリースクール平沼橋,0歳,5.0,0.0
令和7,西区,ポピンズナーサリースクール平沼橋,1歳,5.0,0.0
令和7,西区,ポピンズナーサリースクール平沼橋,2歳,4.090909090909091,0.18181818181818182
令和7,西区,ポピンズナーサリースクール平沼橋,3歳,5.0,0.0
令和7,西区,ポピンズナーサリースクール平沼橋,4歳,4.015151515151515,0.19696969696969696
令和7,西区,ポピンズナーサリースクール平沼橋,5歳,5.0,0.0
令和7,西区,ポピンズナーサリースクール横浜,0歳,5.0,0.0
令和7,西区,ポピンズナーサリースクール横浜,1歳,5.0,0.0
令和7,西区,ポピンズナーサリースクール横浜,2歳,4.7727272727272725,0.045454545454545456
令和7,西区,ポピンズナーサリースクール横浜,3歳,2.537878787878788,0.49242424242424243
令和7,西区,ポピンズナーサリースクール横浜,4歳,2.9545454545454546,0.4090909090909091
令和7,西区,ポピンズナーサリースクール横浜,5歳,0.9545454545454544,0.8090909090909091
令和7,西区,マイ・ハート紅葉ヶ丘保育園,0歳,4.623695976154992,0.07526080476900149
令和7,西区,マイ・ハート紅葉ヶ丘保育園,1歳,5.0,0.0
令和7,西区,マイ・ハート紅葉ヶ丘保育園,2歳,5.0,0.0
令和7,西区,マイ・ハート紅葉ヶ丘保育園,3歳,5.0,0.0
令和7,西区,マイ・ハート紅葉ヶ丘保育園,4歳,5.0,0.0
令和7,西区,マイ・ハート紅葉ヶ丘保育園,5歳,5.0,0.0
令和7,西区,ムーミン保育園,0歳,4.3939393939393945,0.1212121212121212
令和7,西区,ムーミン保育園,1歳,5.0,0.0
令和7,西区,ムーミン保育園,2歳,5.0,0.0
令和7,西区,ムーミン保育園,3歳,2.272727272727273,0.5454545454545454
令和7,西区,ムーミン保育園,4歳,2.878787878787879,0.42424242424242425
令和7,西区,ムーミン保育園,5歳,5.0,0.0
令和7,西区,京急キッズランド新高島保育園,0歳,5.0,0.0
令和7,西区,京急キッズランド新高島保育園,1歳,5.0,0.0
令和7,西区,京急キッズランド新高島保育園,2歳,4.090909090909091,0.18181818181818182
令和7,西区,京急キッズランド新高島保育園,3歳,3.8636363636363638,0.22727272727272727
令和7,西区,京急キッズランド新高島保育園,4歳,4.318181818181818,0.13636363636363635
令和7,西区,京急キッズランド新高島保育園,5歳,2.5,0.5
令和7,西区,利正寺保育園,0歳,5.0,0.0
令和7,西区,利正寺保育園,1歳,5.0,0.0
令和7,西区,利正寺保育園,2歳,1.7575757575757576,0.6484848484848486
令和7,西区,利正寺保育園,3歳,2.3484848484848486,0.5303030303030303
令和7,西区,利正寺保育園,4歳,1.7272727272727273,0.6545454545454545
令和7,西区,利正寺保育園,5歳,0.8333333333333331,0.8333333333333335
令和7,西区,平沼保育園,0歳,4.166666666666667,0.16666666666666666
令和7,西区,平沼保育園,1歳,5.0,0.0
令和7,西区,平沼保育園,2歳,4.613152804642167,0.07736943907156674
令和7,西区,平沼保育園,3歳,4.7727272727272725,0.045454545454545456
令和7,西区,平沼保育園,4歳,3.8636363636363638,0.22727272727272727
令和7,西区,平沼保育園,5歳,5.0,0.0
令和7,西区,戸部みつばち保育園,0歳,5.0,0.0
令和7,西区,戸部みつばち保育園,1歳,5.0,0.0
令和7,西区,戸部みつばち保育園,2歳,5.0,0.0
令和7,西区,戸部みつばち保育園,3歳,5.0,0.0
令和7,西区,戸部みつばち保育園,4歳,5.0,0.0
令和7,西区,戸部みつばち保育園,5歳,5.0,0.0
令和7,西区,桃の木保育園,0歳,4.053030303030304,0.18939393939393936
令和7,西区,桃の木保育園,1歳,5.0,0.0
令和7,西区,桃の木保育園,2歳,4.4197292069632494,0.1160541586073501
令和7,西区,桃の木保育園,3歳,4.352030947775629,0.12959381044487428
令和7,西区,桃の木保育園,4歳,4.090909090909091,0.18181818181818182
令和7,西区,桃の木保育園,5歳,4.7727272727272725,0.045454545454545456
令和7,西区,横浜そらいろ保育園,0歳,5.0,0.0
令和7,西区,横浜そらいろ保育園,1歳,5.0,0.0
令和7,西区,横浜そらいろ保育園,2歳,4.090909090909091,0.18181818181818182
令和7,西区,横浜そらいろ保育園,3歳,3.3988423453332945,0.32023153093334106
令和7,西区,横浜そらいろ保育園,4歳,3.325757575757576,0.3348484848484849
令和7,西区,横浜そらいろ保育園,5歳,5.0,0.0
令和7,西区,横浜みなとみらい保育園,0歳,4.718315149011286,0.05633697019774276
令和7,西区,横浜みなとみらい保育園,1歳,5.0,0.0
令和7,西区,横浜みなとみらい保育園,2歳,3.434880722114765,0.31302385557704704
令和7,西区,横浜みなとみらい保育園,3歳,4.545454545454546,0.09090909090909091
令和7,西区,横浜みなとみらい保育園,4歳,2.5,0.5
令和7,西区,横浜みなとみらい保育園,5歳,3.0303030303030307,0.3939393939393939
令和7,西区,横浜岡野すきっぷ保育園,0歳,5.0,0.0
令和7,西区,横浜岡野すきっぷ保育園,1歳,5.0,0.0
令和7,西区,横浜岡野すきっぷ保育園,2歳,5.0,0.0
令和7,西区,横浜岡野すきっぷ保育園,3歳,5.0,0.0
令和7,西区,横浜岡野すきっぷ保育園,4歳,4.318181818181818,0.13636363636363635
令和7,西区,横浜岡野すきっぷ保育園,5歳,5.0,0.0
令和7,西区,横浜市南浅間保育園,0歳,2.7891414141414144,0.44217171717171716
令和7,西区,横浜市南浅間保育園,1歳,5.0,0.0
令和7,西区,横浜市南浅間保育園,2歳,2.651515151515152,0.4696969696969697
令和7,西区,横浜市南浅間保育園,3歳,4.7727272727272725,0.045454545454545456
令和7,西区,横浜市南浅間保育園,4歳,0.7575757575757577,0.8484848484848485
令和7,西区,横浜市南浅間保育園,5歳,3.409090909090909,0.3181818181818182
令和7,西区,横浜西口保育園,0歳,5.0,0.0
令和7,西区,横浜西口保育園,1歳,5.0,0.0
令和7,西区,横浜西口保育園,2歳,5.0,0.0
令和7,西区,横浜西口保育園,3歳,4.831649831649832,0.03367003367003367
令和7,西区,横浜西口保育園,4歳,2.6363636363636362,0.4727272727272727
令和7,西区,横浜西口保育園,5歳,0.7251082251082253,0.8549783549783551
令和7,西区,浅間幼育園,0歳,5.0,0.0
令和7,西区,浅間幼育園,1歳,1.3858389085661813,0.7228322182867637
令和7,西区,浅間幼育園,2歳,3.409090909090909,0.3181818181818182
令和7,西区,浅間幼育園,3歳,2.0833333333333335,0.5833333333333333
令和7,西区,浅間幼育園,4歳,2.037878787878788,0.5924242424242424
令和7,西区,浅間幼育園,5歳,1.6287878787878791,0.6742424242424242
令和7,西区,西区中央もえぎ保育室,0歳,3.484848484848485,0.303030303030303
令和7,西区,西区中央もえぎ保育室,1歳,5.0,0.0
令和7,西区,西区中央もえぎ保育室,2歳,5.0,0.0
令和7,西区,西区中央もえぎ保育室,3歳,5.0,0.0
令和7,西区,西区中央もえぎ保育室,4歳,5.0,0.0
令和7,西区,西区中央もえぎ保育室,5歳,5.0,0.0
令和7,都筑区,さくら保育室,0歳,5.0,0.0
令和7,都筑区,さくら保育室,1歳,4.545454545454546,0.09090909090909091
令和7,都筑区,さくら保育室,2歳,1.5909090909090908,0.6818181818181818
令和7,都筑区,さくら保育室,3歳,5.0,0.0
令和7,都筑区,さくら保育室,4歳,5.0,0.0
令和7,都筑区,さくら保育室,5歳,5.0,0.0
令和7,都筑区,さんさん森の保育園センター南,0歳,4.831649831649832,0.03367003367003367
令和7,都筑区,さんさん森の保育園センター南,1歳,5.0,0.0
令和7,都筑区,さんさん森の保育園センター南,2歳,4.545454545454546,0.09090909090909091
令和7,都筑区,さんさん森の保育園センター南,3歳,4.318181818181818,0.13636363636363635
令和7,都筑区,さんさん森の保育園センター南,4歳,4.318181818181818,0.13636363636363635
令和7,都筑区,さんさん森の保育園センター南,5歳,5.0,0.0
令和7,都筑区,すくすく保育園,0歳,2.992424242424242,0.40151515151515155
令和7,都筑区,すくすく保育園,1歳,4.696969696969696,0.0606060606060606
令和7,都筑区,すくすく保育園,2歳,2.5454545454545454,0.49090909090909096
令和7,都筑区,すくすく保育園,3歳,5.0,0.0
令和7,都筑区,すくすく保育園,4歳,4.7727272727272725,0.045454545454545456
令和7,都筑区,すくすく保育園,5歳,3.8636363636363638,0.22727272727272727
令和7,都筑区,すまいるセンターみなみ保育園,0歳,3.6363636363636362,0.2727272727272727
令和7,都筑区,すまいるセンターみなみ保育園,1歳,3.6515151515151514,0.2696969696969697
令和7,都筑区,すまいるセンターみなみ保育園,2歳,1.8939393939393943,0.6212121212121212
令和7,都筑区,すまいるセンターみなみ保育園,3歳,5.0,0.0
令和7,都筑区,すまいるセンターみなみ保育園,4歳,5.0,0.0
令和7,都筑区,すまいるセンターみなみ保育園,5歳,5.0,0.0
令和7,都筑区,つくし保育園　センター南,0歳,5.0,0.0
令和7,都筑区,つくし保育園　センター南,1歳,5.0,0.0
令和7,都筑区,つくし保育園　センター南,2歳,5.0,0.0
令和7,都筑区,つくし保育園　センター南,3歳,5.0,0.0
令和7,都筑区,つくし保育園　センター南,4歳,2.5,0.5
令和7,都筑区,つくし保育園　センター南,5歳,5.0,0.0
令和7,都筑区,つづきルーテル保育園,0歳,3.446889767463622,0.31062204650727554
令和7,都筑区,つづきルーテル保育園,1歳,4.85096870342772,0.02980625931445604
令和7,都筑区,つづきルーテル保育園,2歳,3.9437694841709257,0.21124610316581494
令和7,都筑区,つづきルーテル保育園,3歳,2.5854287556415216,0.4829142488716957
令和7,都筑区,つづきルーテル保育園,4歳,5.0,0.0
令和7,都筑区,つづきルーテル保育園,5歳,4.090909090909091,0.18181818181818182
令和7,都筑区,つづき保育園,0歳,5.0,0.0
令和7,都筑区,つづき保育園,1歳,4.318181818181818,0.13636363636363635
令和7,都筑区,つづき保育園,2歳,4.090909090909091,0.18181818181818182
令和7,都筑区,つづき保育園,3歳,3.4767891682785304,0.304642166344294
令和7,都筑区,つづき保育園,4歳,4.318181818181818,0.13636363636363635
令和7,都筑区,つづき保育園,5歳,5.0,0.0
令和7,都筑区,どんぐり保育室,0歳,4.545454545454546,0.09090909090909091
令和7,都筑区,どんぐり保育室,1歳,5.0,0.0
令和7,都筑区,どんぐり保育室,2歳,5.0,0.0
令和7,都筑区,どんぐり保育室,3歳,5.0,0.0
令和7,都筑区,どんぐり保育室,4歳,5.0,0.0
令和7,都筑区,どんぐり保育室,5歳,5.0,0.0
令和7,都筑区,なかまちっこ　じゃんぷ園,0歳,3.1212121212121215,0.37575757575757573
令和7,都筑区,なかまちっこ　じゃんぷ園,1歳,4.545454545454546,0.09090909090909091
令和7,都筑区,なかまちっこ　じゃんぷ園,2歳,4.015151515151515,0.19696969696969696
令和7,都筑区,なかまちっこ　じゃんぷ園,3歳,3.1818181818181817,0.36363636363636365
令和7,都筑区,なかまちっこ　じゃんぷ園,4歳,2.4607934780841343,0.5078413043831732
令和7,都筑区,なかまちっこ　じゃんぷ園,5歳,4.7727272727272725,0.045454545454545456
令和7,都筑区,なかまちっこ園,0歳,4.015151515151515,0.19696969696969696
令和7,都筑区,なかまちっこ園,1歳,5.0,0.0
令和7,都筑区,なかまちっこ園,2歳,4.545454545454546,0.09090909090909091
令和7,都筑区,なかまちっこ園,3歳,5.0,0.0
令和7,都筑区,なかまちっこ園,4歳,5.0,0.0
令和7,都筑区,なかまちっこ園,5歳,3.7878787878787885,0.2424242424242424
令和7,都筑区,まなびの森　中川こども園,0歳,4.878787878787879,0.024242424242424242
令和7,都筑区,まなびの森　中川こども園,1歳,3.9015151515151514,0.2196969696969697
令和7,都筑区,まなびの森　中川こども園,2歳,2.7968113975576663,0.4406377204884668
令和7,都筑区,まなびの森　中川こども園,3歳,4.090909090909091,0.18181818181818182
令和7,都筑区,まなびの森　中川こども園,4歳,4.545454545454546,0.09090909090909091
令和7,都筑区,まなびの森　中川こども園,5歳,4.545454545454546,0.09090909090909091
令和7,都筑区,まなびの森　鴨居北こども園,0歳,5.0,0.0
令和7,都筑区,まなびの森　鴨居北こども園,1歳,5.0,0.0
令和7,都筑区,まなびの森　鴨居北こども園,2歳,4.85096870342772,0.02980625931445604
令和7,都筑区,まなびの森　鴨居北こども園,3歳,3.7212551042338275,0.25574897915323447
令和7,都筑区,まなびの森　鴨居北こども園,4歳,5.0,0.0
令和7,都筑区,まなびの森　鴨居北こども園,5歳,5.0,0.0
令和7,都筑区,むらき家庭保育室,0歳,5.0,0.0
令和7,都筑区,むらき家庭保育室,1歳,5.0,0.0
令和7,都筑区,むらき家庭保育室,2歳,5.0,0.0
令和7,都筑区,むらき家庭保育室,3歳,5.0,0.0
令和7,都筑区,むらき家庭保育室,4歳,5.0,0.0
令和7,都筑区,むらき家庭保育室,5歳,5.0,0.0
令和7,都筑区,やまた保育園,0歳,4.604377104377105,0.07912457912457913
令和7,都筑区,やまた保育園,1歳,5.0,0.0
令和7,都筑区,やまた保育園,2歳,5.0,0.0
令和7,都筑区,やまた保育園,3歳,4.318181818181818,0.13636363636363635
令和7,都筑区,やまた保育園,4歳,5.0,0.0
令和7,都筑区,やまた保育園,5歳,5.0,0.0
令和7,都筑区,ゆうぽーと保育園,0歳,5.0,0.0
令和7,都筑区,ゆうぽーと保育園,1歳,5.0,0.0
令和7,都筑区,ゆうぽーと保育園,2歳,4.866310160427807,0.026737967914438502
令和7,都筑区,ゆうぽーと保育園,3歳,5.0,0.0
令和7,都筑区,ゆうぽーと保育園,4歳,5.0,0.0
令和7,都筑区,ゆうぽーと保育園,5歳,5.0,0.0
令和7,都筑区,ゆうゆうのもり幼保園,0歳,4.015951868410885,0.19680962631782303
令和7,都筑区,ゆうゆうのもり幼保園,1歳,5.0,0.0
令和7,都筑区,ゆうゆうのもり幼保園,2歳,5.0,0.0
令和7,都筑区,ゆうゆうのもり幼保園,3歳,5.0,0.0
令和7,都筑区,ゆうゆうのもり幼保園,4歳,5.0,0.0
令和7,都筑区,ゆうゆうのもり幼保園,5歳,5.0,0.0
令和7,都筑区,よこはま・もあな保育園,0歳,5.0,0.0
令和7,都筑区,よこはま・もあな保育園,1歳,4.604377104377105,0.07912457912457913
令和7,都筑区,よこはま・もあな保育園,2歳,3.25,0.35000000000000003
令和7,都筑区,よこはま・もあな保育園,3歳,3.0681818181818183,0.38636363636363635
令和7,都筑区,よこはま・もあな保育園,4歳,4.318181818181818,0.13636363636363635
令和7,都筑区,よこはま・もあな保育園,5歳,5.0,0.0
令和7,都筑区,よこはま夢保育園,0歳,5.0,0.0
令和7,都筑区,よこはま夢保育園,1歳,4.897854954034729,0.02042900919305414
令和7,都筑区,よこはま夢保育園,2歳,5.0,0.0
令和7,都筑区,よこはま夢保育園,3歳,5.0,0.0
令和7,都筑区,よこはま夢保育園,4歳,4.7727272727272725,0.045454545454545456
令和7,都筑区,よこはま夢保育園,5歳,5.0,0.0
令和7,都筑区,わおわおセンター北保育園,0歳,5.0,0.0
令和7,都筑区,わおわおセンター北保育園,1歳,5.0,0.0
令和7,都筑区,わおわおセンター北保育園,2歳,4.696969696969696,0.0606060606060606
令和7,都筑区,わおわおセンター北保育園,3歳,2.9545454545454546,0.4090909090909091
令和7,都筑区,わおわおセンター北保育園,4歳,4.545454545454546,0.09090909090909091
令和7,都筑区,わおわおセンター北保育園,5歳,4.7727272727272725,0.045454545454545456
令和7,都筑区,わおわお仲町台保育園,0歳,5.0,0.0
令和7,都筑区,わおわお仲町台保育園,1歳,5.0,0.0
令和7,都筑区,わおわお仲町台保育園,2歳,4.657545105748803,0.06849097885023941
令和7,都筑区,わおわお仲町台保育園,3歳,3.409090909090909,0.3181818181818182
令和7,都筑区,わおわお仲町台保育園,4歳,5.0,0.0
令和7,都筑区,わおわお仲町台保育園,5歳,2.727272727272727,0.45454545454545453
令和7,都筑区,アスクセンター北保育園,0歳,3.199643493761141,0.36007130124777187
令和7,都筑区,アスクセンター北保育園,1歳,5.0,0.0
令和7,都筑区,アスクセンター北保育園,2歳,4.318181818181818,0.13636363636363635
令和7,都筑区,アスクセンター北保育園,3歳,3.7878787878787885,0.2424242424242424
令和7,都筑区,アスクセンター北保育園,4歳,5.0,0.0
令和7,都筑区,アスクセンター北保育園,5歳,3.7878787878787876,0.2424242424242424
令和7,都筑区,アスクセンター南保育園,0歳,5.0,0.0
令和7,都筑区,アスクセンター南保育園,1歳,5.0,0.0
令和7,都筑区,アスクセンター南保育園,2歳,5.0,0.0
令和7,都筑区,アスクセンター南保育園,3歳,3.2600596125186287,0.3479880774962742
令和7,都筑区,アスクセンター南保育園,4歳,5.0,0.0
令和7,都筑区,アスクセンター南保育園,5歳,5.0,0.0
令和7,都筑区,アスク北山田保育園,0歳,5.0,0.0
令和7,都筑区,アスク北山田保育園,1歳,5.0,0.0
令和7,都筑区,アスク北山田保育園,2歳,4.613152804642167,0.07736943907156674
令和7,都筑区,アスク北山田保育園,3歳,4.806576402321084,0.03868471953578337
令和7,都筑区,アスク北山田保育園,4歳,4.545454545454546,0.09090909090909091
令和7,都筑区,アスク北山田保育園,5歳,4.318181818181818,0.13636363636363635
令和7,都筑区,アソシエふれあいの丘保育園,0歳,3.7012987012987013,0.25974025974025977
令和7,都筑区,アソシエふれあいの丘保育園,1歳,5.0,0.0
令和7,都筑区,アソシエふれあいの丘保育園,2歳,5.0,0.0
令和7,都筑区,アソシエふれあいの丘保育園,3歳,4.545454545454546,0.09090909090909091
令和7,都筑区,アソシエふれあいの丘保育園,4歳,5.0,0.0
令和7,都筑区,アソシエふれあいの丘保育園,5歳,3.1818181818181817,0.36363636363636365
令和7,都筑区,アリス保育園,0歳,4.46969696969697,0.10606060606060605
令和7,都筑区,アリス保育園,1歳,3.333333333333333,0.3333333333333333
令和7,都筑区,アリス保育園,2歳,3.409090909090909,0.3181818181818182
令和7,都筑区,アリス保育園,3歳,5.0,0.0
令和7,都筑区,アリス保育園,4歳,5.0,0.0
令和7,都筑区,アリス保育園,5歳,5.0,0.0
令和7,都筑区,エクレスすみれ保育園,0歳,3.7045454545454546,0.2590909090909091
令和7,都筑区,エクレスすみれ保育園,1歳,5.0,0.0
令和7,都筑区,エクレスすみれ保育園,2歳,5.0,0.0
令和7,都筑区,エクレスすみれ保育園,3歳,5.0,0.0
令和7,都筑区,エクレスすみれ保育園,4歳,5.0,0.0
令和7,都筑区,エクレスすみれ保育園,5歳,5.0,0.0
令和7,都筑区,エンジェルプラネット,0歳,5.0,0.0
令和7,都筑区,エンジェルプラネット,1歳,3.8636363636363638,0.22727272727272727
令和7,都筑区,エンジェルプラネット,2歳,5.0,0.0
令和7,都筑区,エンジェルプラネット,3歳,3.484848484848485,0.303030303030303
令和7,都筑区,エンジェルプラネット,4歳,4.318181818181818,0.13636363636363635
令和7,都筑区,エンジェルプラネット,5歳,3.8636363636363638,0.22727272727272727
令和7,都筑区,エンジェルプラネット仲町台,0歳,3.5606060606060606,0.28787878787878785
令和7,都筑区,エンジェルプラネット仲町台,1歳,4.318181818181818,0.13636363636363635
令和7,都筑区,エンジェルプラネット仲町台,2歳,1.9696969696969697,0.606060606060606
令和7,都筑区,エンジェルプラネット仲町台,3歳,5.0,0.0
令和7,都筑区,エンジェルプラネット仲町台,4歳,5.0,0.0
令和7,都筑区,エンジェルプラネット仲町台,5歳,5.0,0.0
令和7,都筑区,キッズフォレセンター北,0歳,5.0,0.0
令和7,都筑区,キッズフォレセンター北,1歳,4.963636363636364,0.007272727272727273
令和7,都筑区,キッズフォレセンター北,2歳,4.745098039215686,0.050980392156862744
令和7,都筑区,キッズフォレセンター北,3歳,4.7727272727272725,0.045454545454545456
令和7,都筑区,キッズフォレセンター北,4歳,5.0,0.0
令和7,都筑区,キッズフォレセンター北,5歳,5.0,0.0
令和7,都筑区,キッズフォレ東山田,0歳,4.173432215667845,0.1653135568664308
令和7,都筑区,キッズフォレ東山田,1歳,5.0,0.0
令和7,都筑区,キッズフォレ東山田,2歳,5.0,0.0
令和7,都筑区,キッズフォレ東山田,3歳,5.0,0.0
令和7,都筑区,キッズフォレ東山田,4歳,5.0,0.0
令和7,都筑区,キッズフォレ東山田,5歳,5.0,0.0
令和7,都筑区,キャリー保育園なかまちだい,0歳,3.0681818181818183,0.38636363636363635
令和7,都筑区,キャリー保育園なかまちだい,1歳,3.083333333333333,0.38333333333333336
令和7,都筑区,キャリー保育園なかまちだい,2歳,2.3636363636363638,0.5272727272727272
令和7,都筑区,キャリー保育園なかまちだい,3歳,5.0,0.0
令和7,都筑区,キャリー保育園なかまちだい,4歳,5.0,0.0
令和7,都筑区,キャリー保育園なかまちだい,5歳,5.0,0.0
令和7,都筑区,クオリスキッズ鴨居駅前保育園,0歳,5.0,0.0
令和7,都筑区,クオリスキッズ鴨居駅前保育園,1歳,4.917355371900826,0.01652892561983471
令和7,都筑区,クオリスキッズ鴨居駅前保育園,2歳,4.85096870342772,0.02980625931445604
令和7,都筑区,クオリスキッズ鴨居駅前保育園,3歳,4.7727272727272725,0.045454545454545456
令和7,都筑区,クオリスキッズ鴨居駅前保育園,4歳,3.8636363636363638,0.22727272727272727
令和7,都筑区,クオリスキッズ鴨居駅前保育園,5歳,5.0,0.0
令和7,都筑区,グローバルキッズ都筑ふれあいの丘園,0歳,4.7727272727272725,0.045454545454545456
令和7,都筑区,グローバルキッズ都筑ふれあいの丘園,1歳,5.0,0.0
令和7,都筑区,グローバルキッズ都筑ふれあいの丘園,2歳,5.0,0.0
令和7,都筑区,グローバルキッズ都筑ふれあいの丘園,3歳,5.0,0.0
令和7,都筑区,グローバルキッズ都筑ふれあいの丘園,4歳,5.0,0.0
令和7,都筑区,グローバルキッズ都筑ふれあいの丘園,5歳,5.0,0.0
令和7,都筑区,コビープリスクールなかまちだい,0歳,4.166666666666667,0.16666666666666666
令和7,都筑区,コビープリスクールなかまちだい,1歳,5.0,0.0
令和7,都筑区,コビープリスクールなかまちだい,2歳,4.831649831649832,0.03367003367003367
令和7,都筑区,コビープリスクールなかまちだい,3歳,4.85096870342772,0.02980625931445604
令和7,都筑区,コビープリスクールなかまちだい,4歳,4.7727272727272725,0.045454545454545456
令和7,都筑区,コビープリスクールなかまちだい,5歳,5.0,0.0
令和7,都筑区,シープ保育所,0歳,4.7727272727272725,0.045454545454545456
令和7,都筑区,シープ保育所,1歳,5.0,0.0
令和7,都筑区,シープ保育所,2歳,5.0,0.0
令和7,都筑区,シープ保育所,3歳,4.545454545454546,0.09090909090909091
令和7,都筑区,シープ保育所,4歳,3.6363636363636362,0.2727272727272727
令和7,都筑区,シープ保育所,5歳,2.3484848484848486,0.5303030303030303
令和7,都筑区,スターチャイルド≪川和ナーサリー≫,0歳,4.93060374739764,0.013879250520471896
令和7,都筑区,スターチャイルド≪川和ナーサリー≫,1歳,4.7727272727272725,0.045454545454545456
令和7,都筑区,スターチャイルド≪川和ナーサリー≫,2歳,5.0,0.0
令和7,都筑区,スターチャイルド≪川和ナーサリー≫,3歳,5.0,0.0
令和7,都筑区,スターチャイルド≪川和ナーサリー≫,4歳,5.0,0.0
令和7,都筑区,スターチャイルド≪川和ナーサリー≫,5歳,5.0,0.0
令和7,都筑区,ナーサリーつづき,0歳,4.411616161616162,0.11767676767676769
令和7,都筑区,ナーサリーつづき,1歳,5.0,0.0
令和7,都筑区,ナーサリーつづき,2歳,3.44075079149706,0.31184984170058794
令和7,都筑区,ナーサリーつづき,3歳,3.8636363636363638,0.22727272727272727
令和7,都筑区,ナーサリーつづき,4歳,4.090909090909091,0.18181818181818182
令和7,都筑区,ナーサリーつづき,5歳,5.0,0.0
令和7,都筑区,パレット保育園・センター南,0歳,5.0,0.0
令和7,都筑区,パレット保育園・センター南,1歳,5.0,0.0
令和7,都筑区,パレット保育園・センター南,2歳,5.0,0.0
令和7,都筑区,パレット保育園・センター南,3歳,5.0,0.0
令和7,都筑区,パレット保育園・センター南,4歳,5.0,0.0
令和7,都筑区,パレット保育園・センター南,5歳,5.0,0.0
令和7,都筑区,パレット保育園・牛久保西,0歳,5.0,0.0
令和7,都筑区,パレット保育園・牛久保西,1歳,4.831649831649832,0.03367003367003367
令和7,都筑区,パレット保育園・牛久保西,2歳,5.0,0.0
令和7,都筑区,パレット保育園・牛久保西,3歳,5.0,0.0
令和7,都筑区,パレット保育園・牛久保西,4歳,5.0,0.0
令和7,都筑区,パレット保育園・牛久保西,5歳,5.0,0.0
令和7,都筑区,ピッコリーノ保育園,0歳,3.8636363636363638,0.22727272727272727
令和7,都筑区,ピッコリーノ保育園,1歳,5.0,0.0
令和7,都筑区,ピッコリーノ保育園,2歳,1.7424242424242424,0.6515151515151515
令和7,都筑区,ピッコリーノ保育園,3歳,5.0,0.0
令和7,都筑区,ピッコリーノ保育園,4歳,5.0,0.0
令和7,都筑区,ピッコリーノ保育園,5歳,5.0,0.0
令和7,都筑区,ピノキオ幼児舎センター南園,0歳,2.9426781475961805,0.4114643704807639
令和7,都筑区,ピノキオ幼児舎センター南園,1歳,5.0,0.0
令和7,都筑区,ピノキオ幼児舎センター南園,2歳,5.0,0.0
令和7,都筑区,ピノキオ幼児舎センター南園,3歳,5.0,0.0
令和7,都筑区,ピノキオ幼児舎センター南園,4歳,5.0,0.0
令和7,都筑区,ピノキオ幼児舎センター南園,5歳,5.0,0.0
令和7,都筑区,ブライト保育園横浜佐江戸,0歳,5.0,0.0
令和7,都筑区,ブライト保育園横浜佐江戸,1歳,5.0,0.0
令和7,都筑区,ブライト保育園横浜佐江戸,2歳,5.0,0.0
令和7,都筑区,ブライト保育園横浜佐江戸,3歳,5.0,0.0
令和7,都筑区,ブライト保育園横浜佐江戸,4歳,5.0,0.0
令和7,都筑区,ブライト保育園横浜佐江戸,5歳,5.0,0.0
令和7,都筑区,ベイキッズ　あおぞら保育園,0歳,2.727272727272727,0.45454545454545453
令和7,都筑区,ベイキッズ　あおぞら保育園,1歳,5.0,0.0
令和7,都筑区,ベイキッズ　あおぞら保育園,2歳,5.0,0.0
令和7,都筑区,ベイキッズ　あおぞら保育園,3歳,5.0,0.0
令和7,都筑区,ベイキッズ　あおぞら保育園,4歳,5.0,0.0
令和7,都筑区,ベイキッズ　あおぞら保育園,5歳,5.0,0.0
令和7,都筑区,ポピンズナーサリースクールセンター南,0歳,2.8035421785421786,0.4392915642915643
令和7,都筑区,ポピンズナーサリースクールセンター南,1歳,5.0,0.0
令和7,都筑区,ポピンズナーサリースクールセンター南,2歳,4.318181818181818,0.13636363636363635
令和7,都筑区,ポピンズナーサリースクールセンター南,3歳,4.545454545454546,0.09090909090909091
令和7,都筑区,ポピンズナーサリースクールセンター南,4歳,2.5,0.5
令和7,都筑区,ポピンズナーサリースクールセンター南,5歳,5.0,0.0
令和7,都筑区,マーマセンター北保育園,0歳,5.0,0.0
令和7,都筑区,マーマセンター北保育園,1歳,5.0,0.0
令和7,都筑区,マーマセンター北保育園,2歳,3.314676616915423,0.3370646766169154
令和7,都筑区,マーマセンター北保育園,3歳,5.0,0.0
令和7,都筑区,マーマセンター北保育園,4歳,4.806576402321084,0.03868471953578337
令和7,都筑区,マーマセンター北保育園,5歳,5.0,0.0
令和7,都筑区,中川保育園,0歳,5.0,0.0
令和7,都筑区,中川保育園,1歳,4.352030947775629,0.12959381044487428
令和7,都筑区,中川保育園,2歳,3.6363636363636362,0.2727272727272727
令和7,都筑区,中川保育園,3歳,3.8636363636363638,0.22727272727272727
令和7,都筑区,中川保育園,4歳,3.1818181818181817,0.36363636363636365
令和7,都筑区,中川保育園,5歳,4.318181818181818,0.13636363636363635
令和7,都筑区,中川小桜愛児園,0歳,5.0,0.0
令和7,都筑区,中川小桜愛児園,1歳,4.318181818181818,0.13636363636363635
令和7,都筑区,中川小桜愛児園,2歳,4.385880077369439,0.12282398452611218
令和7,都筑区,中川小桜愛児園,3歳,2.575757575757576,0.4848484848484848
令和7,都筑区,中川小桜愛児園,4歳,5.0,0.0
令和7,都筑区,中川小桜愛児園,5歳,4.579303675048356,0.08413926499032881
令和7,都筑区,仲町台もみのき保育室,0歳,3.6363636363636362,0.2727272727272727
令和7,都筑区,仲町台もみのき保育室,1歳,4.50354609929078,0.09929078014184398
令和7,都筑区,仲町台もみのき保育室,2歳,4.7727272727272725,0.045454545454545456
令和7,都筑区,仲町台もみのき保育室,3歳,5.0,0.0
令和7,都筑区,仲町台もみのき保育室,4歳,5.0,0.0
令和7,都筑区,仲町台もみのき保育室,5歳,5.0,0.0
令和7,都筑区,保育ルームキューティーユー,0歳,4.318181818181818,0.13636363636363635
令和7,都筑区,保育ルームキューティーユー,1歳,3.9393939393939394,0.2121212121212121
令和7,都筑区,保育ルームキューティーユー,2歳,2.3484848484848486,0.5303030303030303
令和7,都筑区,保育ルームキューティーユー,3歳,5.0,0.0
令和7,都筑区,保育ルームキューティーユー,4歳,5.0,0.0
令和7,都筑区,保育ルームキューティーユー,5歳,5.0,0.0
令和7,都筑区,保育ルームキューティー北山田,0歳,4.166666666666667,0.16666666666666666
令和7,都筑区,保育ルームキューティー北山田,1歳,4.318181818181818,0.13636363636363635
令和7,都筑区,保育ルームキューティー北山田,2歳,5.0,0.0
令和7,都筑区,保育ルームキューティー北山田,3歳,5.0,0.0
令和7,都筑区,保育ルームキューティー北山田,4歳,5.0,0.0
令和7,都筑区,保育ルームキューティー北山田,5歳,5.0,0.0
令和7,都筑区,保育園みんなのおうち,0歳,4.090909090909091,0.18181818181818182
令和7,都筑区,保育園みんなのおうち,1歳,5.0,0.0
令和7,都筑区,保育園みんなのおうち,2歳,4.7727272727272725,0.045454545454545456
令和7,都筑区,保育園みんなのおうち,3歳,5.0,0.0
令和7,都筑区,保育園みんなのおうち,4歳,5.0,0.0
令和7,都筑区,保育園みんなのおうち,5歳,5.0,0.0
令和7,都筑区,勝田保育園,0歳,3.159090909090909,0.36818181818181817
令和7,都筑区,勝田保育園,1歳,5.0,0.0
令和7,都筑区,勝田保育園,2歳,5.0,0.0
令和7,都筑区,勝田保育園,3歳,5.0,0.0
令和7,都筑区,勝田保育園,4歳,5.0,0.0
令和7,都筑区,勝田保育園,5歳,5.0,0.0
令和7,都筑区,川和保育園,0歳,5.0,0.0
令和7,都筑区,川和保育園,1歳,5.0,0.0
令和7,都筑区,川和保育園,2歳,5.0,0.0
令和7,都筑区,川和保育園,3歳,5.0,0.0
令和7,都筑区,川和保育園,4歳,5.0,0.0
令和7,都筑区,川和保育園,5歳,5.0,0.0
令和7,都筑区,木下の保育園　センター南,0歳,3.100649350649351,0.3798701298701299
令和7,都筑区,木下の保育園　センター南,1歳,4.7727272727272725,0.045454545454545456
令和7,都筑区,木下の保育園　センター南,2歳,4.46969696969697,0.10606060606060605
令和7,都筑区,木下の保育園　センター南,3歳,2.5,0.5
令和7,都筑区,木下の保育園　センター南,4歳,2.840909090909091,0.4318181818181818
令和7,都筑区,木下の保育園　センター南,5歳,5.0,0.0
令和7,都筑区,横浜市みどり保育園,0歳,5.0,0.0
令和7,都筑区,横浜市みどり保育園,1歳,5.0,0.0
令和7,都筑区,横浜市みどり保育園,2歳,4.889135254988914,0.022172949002217297
令和7,都筑区,横浜市みどり保育園,3歳,4.430272378476076,0.11394552430478487
令和7,都筑区,横浜市みどり保育園,4歳,4.696969696969696,0.0606060606060606
令和7,都筑区,横浜市みどり保育園,5歳,4.7727272727272725,0.045454545454545456
令和7,都筑区,横浜市中川西保育園,0歳,4.160937995722228,0.16781240085555435
令和7,都筑区,横浜市中川西保育園,1歳,5.0,0.0
令和7,都筑区,横浜市中川西保育園,2歳,5.0,0.0
令和7,都筑区,横浜市中川西保育園,3歳,3.3187109660301988,0.3362578067939603
令和7,都筑区,横浜市中川西保育園,4歳,5.0,0.0
令和7,都筑区,横浜市中川西保育園,5歳,4.2393320964749535,0.1521335807050093
令和7,都筑区,横浜市大熊保育園,0歳,5.0,0.0
令和7,都筑区,横浜市大熊保育園,1歳,4.866310160427807,0.026737967914438502
令和7,都筑区,横浜市大熊保育園,2歳,5.0,0.0
令和7,都筑区,横浜市大熊保育園,3歳,5.0,0.0
令和7,都筑区,横浜市大熊保育園,4歳,4.728629579375848,0.05427408412483039
令和7,都筑区,横浜市大熊保育園,5歳,4.046811397557667,0.19063772048846675
令和7,都筑区,横浜市茅ケ崎南保育園,0歳,4.298885077186964,0.14022298456260718
令和7,都筑区,横浜市茅ケ崎南保育園,1歳,5.0,0.0
令和7,都筑区,横浜市茅ケ崎南保育園,2歳,4.476006964829618,0.1047986070340765
令和7,都筑区,横浜市茅ケ崎南保育園,3歳,4.377104377104377,0.12457912457912457
令和7,都筑区,横浜市茅ケ崎南保育園,4歳,2.0833333333333335,0.5833333333333333
令和7,都筑区,横浜市茅ケ崎南保育園,5歳,3.674242424242424,0.26515151515151514
令和7,都筑区,横浜茅ケ崎保育園,0歳,4.7727272727272725,0.045454545454545456
令和7,都筑区,横浜茅ケ崎保育園,1歳,5.0,0.0
令和7,都筑区,横浜茅ケ崎保育園,2歳,4.242424242424242,0.1515151515151515
令和7,都筑区,横浜茅ケ崎保育園,3歳,4.527027027027027,0.09459459459459457
令和7,都筑区,横浜茅ケ崎保育園,4歳,4.7727272727272725,0.045454545454545456
令和7,都筑区,横浜茅ケ崎保育園,5歳,2.91044776119403,0.417910447761194
令和7,都筑区,池辺おひさま保育園,0歳,5.0,0.0
令和7,都筑区,池辺おひさま保育園,1歳,4.3939393939393945,0.1212121212121212
令和7,都筑区,池辺おひさま保育園,2歳,5.0,0.0
令和7,都筑区,池辺おひさま保育園,3歳,5.0,0.0
令和7,都筑区,池辺おひさま保育園,4歳,5.0,0.0
令和7,都筑区,池辺おひさま保育園,5歳,5.0,0.0
令和7,都筑区,池辺保育園,0歳,4.831649831649832,0.03367003367003367
令和7,都筑区,池辺保育園,1歳,5.0,0.0
令和7,都筑区,池辺保育園,2歳,5.0,0.0
令和7,都筑区,池辺保育園,3歳,5.0,0.0
令和7,都筑区,池辺保育園,4歳,5.0,0.0
令和7,都筑区,池辺保育園,5歳,5.0,0.0
令和7,都筑区,滝ヶ谷保育園,0歳,5.0,0.0
令和7,都筑区,滝ヶ谷保育園,1歳,5.0,0.0
令和7,都筑区,滝ヶ谷保育園,2歳,4.806576402321084,0.03868471953578337
令和7,都筑区,滝ヶ谷保育園,3歳,5.0,0.0
令和7,都筑区,滝ヶ谷保育園,4歳,3.409090909090909,0.3181818181818182
令和7,都筑区,滝ヶ谷保育園,5歳,5.0,0.0
令和7,都筑区,第二しらとり台保育園,0歳,2.9483265490728177,0.4103346901854364
令和7,都筑区,第二しらとり台保育園,1歳,3.991068380930709,0.20178632381385822
令和7,都筑区,第二しらとり台保育園,2歳,3.8636363636363638,0.22727272727272727
令和7,都筑区,第二しらとり台保育園,3歳,2.3106060606060606,0.537878787878788
令和7,都筑区,第二しらとり台保育園,4歳,5.0,0.0
令和7,都筑区,第二しらとり台保育園,5歳,5.0,0.0
令和7,都筑区,認定こども園　横浜黎明幼稚園,0歳,5.0,0.0
令和7,都筑区,認定こども園　横浜黎明幼稚園,1歳,5.0,0.0
令和7,都筑区,認定こども園　横浜黎明幼稚園,2歳,5.0,0.0
令和7,都筑区,認定こども園　横浜黎明幼稚園,3歳,5.0,0.0
令和7,都筑区,認定こども園　横浜黎明幼稚園,4歳,4.806576402321084,0.03868471953578337
令和7,都筑区,認定こども園　横浜黎明幼稚園,5歳,5.0,0.0
令和7,都筑区,認定こども園やまゆりキッズ　横浜みずほ幼稚園,0歳,5.0,0.0
令和7,都筑区,認定こども園やまゆりキッズ　横浜みずほ幼稚園,1歳,4.93060374739764,0.013879250520471896
令和7,都筑区,認定こども園やまゆりキッズ　横浜みずほ幼稚園,2歳,2.9696969696969693,0.40606060606060607
令和7,都筑区,認定こども園やまゆりキッズ　横浜みずほ幼稚園,3歳,5.0,0.0
令和7,都筑区,認定こども園やまゆりキッズ　横浜みずほ幼稚園,4歳,2.4559023066485755,0.508819538670285
令和7,都筑区,認定こども園やまゆりキッズ　横浜みずほ幼稚園,5歳,2.6623376623376624,0.46753246753246747
令和7,都筑区,認定こども園エクレス,0歳,5.0,0.0
令和7,都筑区,認定こども園エクレス,1歳,5.0,0.0
令和7,都筑区,認定こども園エクレス,2歳,5.0,0.0
令和7,都筑区,認定こども園エクレス,3歳,5.0,0.0
令和7,都筑区,認定こども園エクレス,4歳,5.0,0.0
令和7,都筑区,認定こども園エクレス,5歳,4.545454545454546,0.09090909090909091
令和7,都筑区,都筑ひよこ保育園,0歳,3.646751687153128,0.27064966256937434
令和7,都筑区,都筑ひよこ保育園,1歳,4.604377104377105,0.07912457912457913
令和7,都筑区,都筑ひよこ保育園,2歳,5.0,0.0
令和7,都筑区,都筑ひよこ保育園,3歳,3.0303030303030307,0.3939393939393939
令和7,都筑区,都筑ひよこ保育園,4歳,5.0,0.0
令和7,都筑区,都筑ひよこ保育園,5歳,5.0,0.0
令和7,都筑区,ＫＩＤＳＦＯＲＥ　ＡＣＡＤＥＭＹ,0歳,5.0,0.0
令和7,都筑区,ＫＩＤＳＦＯＲＥ　ＡＣＡＤＥＭＹ,1歳,4.701937406855439,0.05961251862891208
令和7,都筑区,ＫＩＤＳＦＯＲＥ　ＡＣＡＤＥＭＹ,2歳,4.276273372018053,0.14474532559638942
令和7,都筑区,ＫＩＤＳＦＯＲＥ　ＡＣＡＤＥＭＹ,3歳,5.0,0.0
令和7,都筑区,ＫＩＤＳＦＯＲＥ　ＡＣＡＤＥＭＹ,4歳,4.638226233970915,0.07235475320581704
令和7,都筑区,ＫＩＤＳＦＯＲＥ　ＡＣＡＤＥＭＹ,5歳,5.0,0.0
令和7,金沢区,あおぞら谷津保育園,0歳,3.742424242424242,0.2515151515151515
令和7,金沢区,あおぞら谷津保育園,1歳,5.0,0.0
令和7,金沢区,あおぞら谷津保育園,2歳,4.85096870342772,0.02980625931445604
令和7,金沢区,あおぞら谷津保育園,3歳,2.998065764023211,0.4003868471953578
令和7,金沢区,あおぞら谷津保育園,4歳,4.638226233970915,0.07235475320581704
令和7,金沢区,あおぞら谷津保育園,5歳,5.0,0.0
令和7,金沢区,おひさま保育室,0歳,5.0,0.0
令和7,金沢区,おひさま保育室,1歳,5.0,0.0
令和7,金沢区,おひさま保育室,2歳,5.0,0.0
令和7,金沢区,おひさま保育室,3歳,5.0,0.0
令和7,金沢区,おひさま保育室,4歳,5.0,0.0
令和7,金沢区,おひさま保育室,5歳,5.0,0.0
令和7,金沢区,かぜのねこども園,0歳,5.0,0.0
令和7,金沢区,かぜのねこども園,1歳,5.0,0.0
令和7,金沢区,かぜのねこども園,2歳,5.0,0.0
令和7,金沢区,かぜのねこども園,3歳,5.0,0.0
令和7,金沢区,かぜのねこども園,4歳,5.0,0.0
令和7,金沢区,かぜのねこども園,5歳,5.0,0.0
令和7,金沢区,かのん保育園,0歳,5.0,0.0
令和7,金沢区,かのん保育園,1歳,5.0,0.0
令和7,金沢区,かのん保育園,2歳,4.831649831649832,0.03367003367003367
令和7,金沢区,かのん保育園,3歳,5.0,0.0
令和7,金沢区,かのん保育園,4歳,5.0,0.0
令和7,金沢区,かのん保育園,5歳,5.0,0.0
令和7,金沢区,かまりや保育園,0歳,5.0,0.0
令和7,金沢区,かまりや保育園,1歳,5.0,0.0
令和7,金沢区,かまりや保育園,2歳,5.0,0.0
令和7,金沢区,かまりや保育園,3歳,5.0,0.0
令和7,金沢区,かまりや保育園,4歳,5.0,0.0
令和7,金沢区,かまりや保育園,5歳,5.0,0.0
令和7,金沢区,きらら保育園,0歳,5.0,0.0
令和7,金沢区,きらら保育園,1歳,5.0,0.0
令和7,金沢区,きらら保育園,2歳,5.0,0.0
令和7,金沢区,きらら保育園,3歳,5.0,0.0
令和7,金沢区,きらら保育園,4歳,5.0,0.0
令和7,金沢区,きらら保育園,5歳,5.0,0.0
令和7,金沢区,きらら子どもの家,0歳,5.0,0.0
令和7,金沢区,きらら子どもの家,1歳,5.0,0.0
令和7,金沢区,きらら子どもの家,2歳,5.0,0.0
令和7,金沢区,きらら子どもの家,3歳,5.0,0.0
令和7,金沢区,きらら子どもの家,4歳,5.0,0.0
令和7,金沢区,きらら子どもの家,5歳,5.0,0.0
令和7,金沢区,しののめ並木保育園,0歳,3.257575757575758,0.34848484848484845
令和7,金沢区,しののめ並木保育園,1歳,4.831649831649832,0.03367003367003367
令和7,金沢区,しののめ並木保育園,2歳,1.3939393939393938,0.7212121212121212
令和7,金沢区,しののめ並木保育園,3歳,4.3939393939393945,0.1212121212121212
令和7,金沢区,しののめ並木保育園,4歳,1.378787878787879,0.7242424242424242
令和7,金沢区,しののめ並木保育園,5歳,4.7727272727272725,0.045454545454545456
令和7,金沢区,しののめ保育園,0歳,4.242424242424242,0.1515151515151515
令和7,金沢区,しののめ保育園,1歳,5.0,0.0
令和7,金沢区,しののめ保育園,2歳,5.0,0.0
令和7,金沢区,しののめ保育園,3歳,5.0,0.0
令和7,金沢区,しののめ保育園,4歳,5.0,0.0
令和7,金沢区,しののめ保育園,5歳,5.0,0.0
令和7,金沢区,すくすくキッズとらまる保育園,0歳,5.0,0.0
令和7,金沢区,すくすくキッズとらまる保育園,1歳,5.0,0.0
令和7,金沢区,すくすくキッズとらまる保育園,2歳,2.4621212121212124,0.5075757575757576
令和7,金沢区,すくすくキッズとらまる保育園,3歳,5.0,0.0
令和7,金沢区,すくすくキッズとらまる保育園,4歳,5.0,0.0
令和7,金沢区,すくすくキッズとらまる保育園,5歳,5.0,0.0
令和7,金沢区,ちゃいれっく　並木二丁目保育室,0歳,5.0,0.0
令和7,金沢区,ちゃいれっく　並木二丁目保育室,1歳,5.0,0.0
令和7,金沢区,ちゃいれっく　並木二丁目保育室,2歳,5.0,0.0
令和7,金沢区,ちゃいれっく　並木二丁目保育室,3歳,5.0,0.0
令和7,金沢区,ちゃいれっく　並木二丁目保育室,4歳,5.0,0.0
令和7,金沢区,ちゃいれっく　並木二丁目保育室,5歳,5.0,0.0
令和7,金沢区,とみおかスマイル保育園,0歳,4.579303675048356,0.08413926499032881
令和7,金沢区,とみおかスマイル保育園,1歳,5.0,0.0
令和7,金沢区,とみおかスマイル保育園,2歳,5.0,0.0
令和7,金沢区,とみおかスマイル保育園,3歳,4.728629579375848,0.05427408412483039
令和7,金沢区,とみおかスマイル保育園,4歳,5.0,0.0
令和7,金沢区,とみおかスマイル保育園,5歳,5.0,0.0
令和7,金沢区,にじいろ保育園金沢文庫,0歳,2.789998561337909,0.4420002877324182
令和7,金沢区,にじいろ保育園金沢文庫,1歳,4.809593700724933,0.03808125985501354
令和7,金沢区,にじいろ保育園金沢文庫,2歳,4.352030947775629,0.12959381044487428
令和7,金沢区,にじいろ保育園金沢文庫,3歳,4.806576402321084,0.03868471953578337
令和7,金沢区,にじいろ保育園金沢文庫,4歳,5.0,0.0
令和7,金沢区,にじいろ保育園金沢文庫,5歳,5.0,0.0
令和7,金沢区,にじいろ保育園釜利谷,0歳,5.0,0.0
令和7,金沢区,にじいろ保育園釜利谷,1歳,5.0,0.0
令和7,金沢区,にじいろ保育園釜利谷,2歳,4.7727272727272725,0.045454545454545456
令和7,金沢区,にじいろ保育園釜利谷,3歳,5.0,0.0
令和7,金沢区,にじいろ保育園釜利谷,4歳,5.0,0.0
令和7,金沢区,にじいろ保育園釜利谷,5歳,5.0,0.0
令和7,金沢区,ひかりとたねの保育園,0歳,4.398527625986643,0.12029447480267152
令和7,金沢区,ひかりとたねの保育園,1歳,4.856423769467248,0.02871524610655046
令和7,金沢区,ひかりとたねの保育園,2歳,5.0,0.0
令和7,金沢区,ひかりとたねの保育園,3歳,5.0,0.0
令和7,金沢区,ひかりとたねの保育園,4歳,4.806576402321084,0.03868471953578337
令和7,金沢区,ひかりとたねの保育園,5歳,5.0,0.0
令和7,金沢区,ゆめ和ほいくえん,0歳,4.7727272727272725,0.045454545454545456
令和7,金沢区,ゆめ和ほいくえん,1歳,4.917355371900826,0.01652892561983471
令和7,金沢区,ゆめ和ほいくえん,2歳,4.307933254424204,0.1384133491151592
令和7,金沢区,ゆめ和ほいくえん,3歳,5.0,0.0
令和7,金沢区,ゆめ和ほいくえん,4歳,5.0,0.0
令和7,金沢区,ゆめ和ほいくえん,5歳,5.0,0.0
令和7,金沢区,ゆめ和柳町ほいくえん,0歳,4.090909090909091,0.18181818181818182
令和7,金沢区,ゆめ和柳町ほいくえん,1歳,5.0,0.0
令和7,金沢区,ゆめ和柳町ほいくえん,2歳,5.0,0.0
令和7,金沢区,ゆめ和柳町ほいくえん,3歳,5.0,0.0
令和7,金沢区,ゆめ和柳町ほいくえん,4歳,3.106060606060606,0.37878787878787884
令和7,金沢区,ゆめ和柳町ほいくえん,5歳,5.0,0.0
令和7,金沢区,わかくさ保育園,0歳,3.2626262626262625,0.3474747474747475
令和7,金沢区,わかくさ保育園,1歳,5.0,0.0
令和7,金沢区,わかくさ保育園,2歳,5.0,0.0
令和7,金沢区,わかくさ保育園,3歳,5.0,0.0
令和7,金沢区,わかくさ保育園,4歳,5.0,0.0
令和7,金沢区,わかくさ保育園,5歳,5.0,0.0
令和7,金沢区,わらべシーサイド保育園,0歳,4.352030947775629,0.12959381044487428
令和7,金沢区,わらべシーサイド保育園,1歳,4.7755331088664414,0.044893378226711564
令和7,金沢区,わらべシーサイド保育園,2歳,3.594455190199871,0.28110896196002577
令和7,金沢区,わらべシーサイド保育園,3歳,2.25,0.55
令和7,金沢区,わらべシーサイド保育園,4歳,5.0,0.0
令和7,金沢区,わらべシーサイド保育園,5歳,5.0,0.0
令和7,金沢区,アイグラン保育園富岡東,0歳,5.0,0.0
令和7,金沢区,アイグラン保育園富岡東,1歳,5.0,0.0
令和7,金沢区,アイグラン保育園富岡東,2歳,5.0,0.0
令和7,金沢区,アイグラン保育園富岡東,3歳,5.0,0.0
令和7,金沢区,アイグラン保育園富岡東,4歳,5.0,0.0
令和7,金沢区,アイグラン保育園富岡東,5歳,5.0,0.0
令和7,金沢区,アイン能見台駅前保育園,0歳,3.6136363636363638,0.2772727272727273
令和7,金沢区,アイン能見台駅前保育園,1歳,5.0,0.0
令和7,金沢区,アイン能見台駅前保育園,2歳,4.352030947775629,0.12959381044487428
令和7,金沢区,アイン能見台駅前保育園,3歳,4.806576402321084,0.03868471953578337
令和7,金沢区,アイン能見台駅前保育園,4歳,4.7727272727272725,0.045454545454545456
令和7,金沢区,アイン能見台駅前保育園,5歳,5.0,0.0
令和7,金沢区,アイン金沢文庫保育園,0歳,3.553719008264463,0.2892561983471074
令和7,金沢区,アイン金沢文庫保育園,1歳,4.809593700724932,0.03808125985501354
令和7,金沢区,アイン金沢文庫保育園,2歳,4.090909090909091,0.18181818181818182
令和7,金沢区,アイン金沢文庫保育園,3歳,5.0,0.0
令和7,金沢区,アイン金沢文庫保育園,4歳,2.1969696969696972,0.5606060606060606
令和7,金沢区,アイン金沢文庫保育園,5歳,5.0,0.0
令和7,金沢区,コンビプラザレイディアント保育園,0歳,3.227272727272727,0.35454545454545455
令和7,金沢区,コンビプラザレイディアント保育園,1歳,4.806576402321084,0.03868471953578337
令和7,金沢区,コンビプラザレイディアント保育園,2歳,4.613152804642167,0.07736943907156674
令和7,金沢区,コンビプラザレイディアント保育園,3歳,5.0,0.0
令和7,金沢区,コンビプラザレイディアント保育園,4歳,2.9545454545454546,0.4090909090909091
令和7,金沢区,コンビプラザレイディアント保育園,5歳,3.1818181818181817,0.36363636363636365
令和7,金沢区,スターチャイルド≪金沢文庫ナーサリー≫,0歳,4.318181818181818,0.13636363636363635
令和7,金沢区,スターチャイルド≪金沢文庫ナーサリー≫,1歳,4.866310160427807,0.026737967914438502
令和7,金沢区,スターチャイルド≪金沢文庫ナーサリー≫,2歳,4.545454545454546,0.09090909090909091
令和7,金沢区,スターチャイルド≪金沢文庫ナーサリー≫,3歳,5.0,0.0
令和7,金沢区,スターチャイルド≪金沢文庫ナーサリー≫,4歳,4.124758220502901,0.17504835589941972
令和7,金沢区,スターチャイルド≪金沢文庫ナーサリー≫,5歳,1.0454545454545452,0.790909090909091
令和7,金沢区,ビアレ横浜スマイル保育園,0歳,3.8636363636363638,0.22727272727272727
令和7,金沢区,ビアレ横浜スマイル保育園,1歳,5.0,0.0
令和7,金沢区,ビアレ横浜スマイル保育園,2歳,5.0,0.0
令和7,金沢区,ビアレ横浜スマイル保育園,3歳,5.0,0.0
令和7,金沢区,ビアレ横浜スマイル保育園,4歳,5.0,0.0
令和7,金沢区,ビアレ横浜スマイル保育園,5歳,5.0,0.0
令和7,金沢区,フレンド金沢文庫保育園,0歳,3.0681818181818183,0.38636363636363635
令和7,金沢区,フレンド金沢文庫保育園,1歳,4.897854954034729,0.02042900919305414
令和7,金沢区,フレンド金沢文庫保育園,2歳,2.0661976911976914,0.5867604617604617
令和7,金沢区,フレンド金沢文庫保育園,3歳,5.0,0.0
令和7,金沢区,フレンド金沢文庫保育園,4歳,5.0,0.0
令和7,金沢区,フレンド金沢文庫保育園,5歳,5.0,0.0
令和7,金沢区,マミングステーション,0歳,4.090909090909091,0.18181818181818182
令和7,金沢区,マミングステーション,1歳,4.038551323951177,0.19228973520976453
令和7,金沢区,マミングステーション,2歳,1.8899097356544168,0.6220180528691167
令和7,金沢区,マミングステーション,3歳,5.0,0.0
令和7,金沢区,マミングステーション,4歳,5.0,0.0
令和7,金沢区,マミングステーション,5歳,5.0,0.0
令和7,金沢区,マミーズエンジェル金沢文庫駅前保育園,0歳,4.242424242424242,0.1515151515151515
令和7,金沢区,マミーズエンジェル金沢文庫駅前保育園,1歳,5.0,0.0
令和7,金沢区,マミーズエンジェル金沢文庫駅前保育園,2歳,5.0,0.0
令和7,金沢区,マミーズエンジェル金沢文庫駅前保育園,3歳,5.0,0.0
令和7,金沢区,マミーズエンジェル金沢文庫駅前保育園,4歳,4.242424242424242,0.1515151515151515
令和7,金沢区,マミーズエンジェル金沢文庫駅前保育園,5歳,5.0,0.0
令和7,金沢区,京急キッズランド金沢文庫保育園,0歳,2.7694805194805197,0.4461038961038961
令和7,金沢区,京急キッズランド金沢文庫保育園,1歳,5.0,0.0
令和7,金沢区,京急キッズランド金沢文庫保育園,2歳,5.0,0.0
令和7,金沢区,京急キッズランド金沢文庫保育園,3歳,4.579303675048356,0.08413926499032881
令和7,金沢区,京急キッズランド金沢文庫保育園,4歳,4.545454545454546,0.09090909090909091
令和7,金沢区,京急キッズランド金沢文庫保育園,5歳,4.3939393939393945,0.1212121212121212
令和7,金沢区,北六浦いちい保育園,0歳,5.0,0.0
令和7,金沢区,北六浦いちい保育園,1歳,5.0,0.0
令和7,金沢区,北六浦いちい保育園,2歳,5.0,0.0
令和7,金沢区,北六浦いちい保育園,3歳,4.7727272727272725,0.045454545454545456
令和7,金沢区,北六浦いちい保育園,4歳,2.4242424242424243,0.5151515151515151
令和7,金沢区,北六浦いちい保育園,5歳,4.7727272727272725,0.045454545454545456
令和7,金沢区,家庭的保育室　マリン,0歳,5.0,0.0
令和7,金沢区,家庭的保育室　マリン,1歳,4.7727272727272725,0.045454545454545456
令和7,金沢区,家庭的保育室　マリン,2歳,5.0,0.0
令和7,金沢区,家庭的保育室　マリン,3歳,5.0,0.0
令和7,金沢区,家庭的保育室　マリン,4歳,5.0,0.0
令和7,金沢区,家庭的保育室　マリン,5歳,5.0,0.0
令和7,金沢区,明徳釜利谷保育園,0歳,4.651515151515151,0.06969696969696969
令和7,金沢区,明徳釜利谷保育園,1歳,5.0,0.0
令和7,金沢区,明徳釜利谷保育園,2歳,4.2997542997543,0.14004914004914004
令和7,金沢区,明徳釜利谷保育園,3歳,4.806576402321084,0.03868471953578337
令和7,金沢区,明徳釜利谷保育園,4歳,5.0,0.0
令和7,金沢区,明徳釜利谷保育園,5歳,5.0,0.0
令和7,金沢区,明日葉保育園金沢文庫園,0歳,5.0,0.0
令和7,金沢区,明日葉保育園金沢文庫園,1歳,5.0,0.0
令和7,金沢区,明日葉保育園金沢文庫園,2歳,4.604377104377105,0.07912457912457913
令和7,金沢区,明日葉保育園金沢文庫園,3歳,5.0,0.0
令和7,金沢区,明日葉保育園金沢文庫園,4歳,5.0,0.0
令和7,金沢区,明日葉保育園金沢文庫園,5歳,4.090909090909091,0.18181818181818182
令和7,金沢区,横浜市並木保育園,0歳,2.0820186471643316,0.5835962705671337
令和7,金沢区,横浜市並木保育園,1歳,5.0,0.0
令和7,金沢区,横浜市並木保育園,2歳,4.318181818181818,0.13636363636363635
令和7,金沢区,横浜市並木保育園,3歳,4.831649831649832,0.03367003367003367
令和7,金沢区,横浜市並木保育園,4歳,1.225108225108225,0.7549783549783551
令和7,金沢区,横浜市並木保育園,5歳,0.6493506493506493,0.8701298701298701
令和7,金沢区,横浜市南六浦保育園,0歳,5.0,0.0
令和7,金沢区,横浜市南六浦保育園,1歳,5.0,0.0
令和7,金沢区,横浜市南六浦保育園,2歳,5.0,0.0
令和7,金沢区,横浜市南六浦保育園,3歳,5.0,0.0
令和7,金沢区,横浜市南六浦保育園,4歳,5.0,0.0
令和7,金沢区,横浜市南六浦保育園,5歳,5.0,0.0
令和7,金沢区,横浜市金沢さくら保育園,0歳,4.806576402321084,0.03868471953578337
令和7,金沢区,横浜市金沢さくら保育園,1歳,4.942824471126358,0.011435105774728416
令和7,金沢区,横浜市金沢さくら保育園,2歳,5.0,0.0
令和7,金沢区,横浜市金沢さくら保育園,3歳,4.7727272727272725,0.045454545454545456
令和7,金沢区,横浜市金沢さくら保育園,4歳,2.533849129593811,0.49323017408123787
令和7,金沢区,横浜市金沢さくら保育園,5歳,3.409090909090909,0.3181818181818182
令和7,金沢区,聖星保育園,0歳,4.7005347593582885,0.05989304812834226
令和7,金沢区,聖星保育園,1歳,4.85096870342772,0.02980625931445604
令和7,金沢区,聖星保育園,2歳,4.579303675048356,0.08413926499032881
令和7,金沢区,聖星保育園,3歳,5.0,0.0
令和7,金沢区,聖星保育園,4歳,4.806576402321084,0.03868471953578337
令和7,金沢区,聖星保育園,5歳,4.806576402321084,0.03868471953578337
令和7,金沢区,西柴保育園,0歳,3.2954545454545454,0.3409090909090909
令和7,金沢区,西柴保育園,1歳,5.0,0.0
令和7,金沢区,西柴保育園,2歳,4.242424242424242,0.1515151515151515
令和7,金沢区,西柴保育園,3歳,2.9545454545454546,0.4090909090909091
令和7,金沢区,西柴保育園,4歳,5.0,0.0
令和7,金沢区,西柴保育園,5歳,4.7727272727272725,0.045454545454545456
令和7,金沢区,金沢ぴよっこ保育園,0歳,4.7727272727272725,0.045454545454545456
令和7,金沢区,金沢ぴよっこ保育園,1歳,5.0,0.0
令和7,金沢区,金沢ぴよっこ保育園,2歳,5.0,0.0
令和7,金沢区,金沢ぴよっこ保育園,3歳,5.0,0.0
令和7,金沢区,金沢ぴよっこ保育園,4歳,5.0,0.0
令和7,金沢区,金沢ぴよっこ保育園,5歳,5.0,0.0
令和7,金沢区,金沢ふたば保育園,0歳,4.493096778496632,0.10138064430067364
令和7,金沢区,金沢ふたば保育園,1歳,4.866310160427807,0.026737967914438502
令和7,金沢区,金沢ふたば保育園,2歳,5.0,0.0
令和7,金沢区,金沢ふたば保育園,3歳,5.0,0.0
令和7,金沢区,金沢ふたば保育園,4歳,5.0,0.0
令和7,金沢区,金沢ふたば保育園,5歳,5.0,0.0
令和7,金沢区,金沢八景ＹＭＣＡ保育園,0歳,5.0,0.0
令和7,金沢区,金沢八景ＹＭＣＡ保育園,1歳,5.0,0.0
令和7,金沢区,金沢八景ＹＭＣＡ保育園,2歳,5.0,0.0
令和7,金沢区,金沢八景ＹＭＣＡ保育園,3歳,5.0,0.0
令和7,金沢区,金沢八景ＹＭＣＡ保育園,4歳,5.0,0.0
令和7,金沢区,金沢八景ＹＭＣＡ保育園,5歳,5.0,0.0
令和7,金沢区,金沢愛児園,0歳,4.036562833800052,0.1926874332399896
令和7,金沢区,金沢愛児園,1歳,4.8096144693003335,0.03807710613993336
令和7,金沢区,金沢愛児園,2歳,4.128787878787879,0.17424242424242423
令和7,金沢区,金沢愛児園,3歳,3.7121212121212124,0.25757575757575757
令和7,金沢区,金沢愛児園,4歳,5.0,0.0
令和7,金沢区,金沢愛児園,5歳,5.0,0.0
令和7,金沢区,金沢白百合幼稚園,0歳,5.0,0.0
令和7,金沢区,金沢白百合幼稚園,1歳,5.0,0.0
令和7,金沢区,金沢白百合幼稚園,2歳,5.0,0.0
令和7,金沢区,金沢白百合幼稚園,3歳,5.0,0.0
令和7,金沢区,金沢白百合幼稚園,4歳,4.85096870342772,0.02980625931445604
令和7,金沢区,金沢白百合幼稚園,5歳,5.0,0.0
令和7,金沢区,関東学院六浦こども園,0歳,4.535205981696931,0.09295880366061375
令和7,金沢区,関東学院六浦こども園,1歳,5.0,0.0
令和7,金沢区,関東学院六浦こども園,2歳,4.729756582215599,0.054048683556880285
令和7,金沢区,関東学院六浦こども園,3歳,4.831649831649832,0.03367003367003367
令和7,金沢区,関東学院六浦こども園,4歳,4.352030947775629,0.12959381044487428
令和7,金沢区,関東学院六浦こども園,5歳,5.0,0.0
令和7,金沢区,ＹＭＣＡマナ保育園,0歳,4.128787878787879,0.17424242424242423
令和7,金沢区,ＹＭＣＡマナ保育園,1歳,5.0,0.0
令和7,金沢区,ＹＭＣＡマナ保育園,2歳,5.0,0.0
令和7,金沢区,ＹＭＣＡマナ保育園,3歳,5.0,0.0
令和7,金沢区,ＹＭＣＡマナ保育園,4歳,5.0,0.0
令和7,金沢区,ＹＭＣＡマナ保育園,5歳,3.6363636363636362,0.2727272727272727
令和7,青葉区,ChaCha Children Kakinokidai,0歳,4.911738746690204,0.0176522506619594
令和7,青葉区,ChaCha Children Kakinokidai,1歳,5.0,0.0
令和7,青葉区,ChaCha Children Kakinokidai,2歳,3.7040618955512574,0.25918762088974856
令和7,青葉区,ChaCha Children Kakinokidai,3歳,2.727272727272727,0.45454545454545453
令和7,青葉区,ChaCha Children Kakinokidai,4歳,1.9318181818181819,0.6136363636363636
令和7,青葉区,ChaCha Children Kakinokidai,5歳,4.7727272727272725,0.045454545454545456
令和7,青葉区,あざみ野ひだまり保育園,0歳,4.579303675048356,0.08413926499032881
令和7,青葉区,あざみ野ひだまり保育園,1歳,4.831649831649832,0.03367003367003367
令和7,青葉区,あざみ野ひだまり保育園,2歳,3.1818181818181817,0.36363636363636365
令和7,青葉区,あざみ野ひだまり保育園,3歳,5.0,0.0
令和7,青葉区,あざみ野ひだまり保育園,4歳,5.0,0.0
令和7,青葉区,あざみ野ひだまり保育園,5歳,5.0,0.0
令和7,青葉区,あっぷるキッズ青葉台,0歳,5.0,0.0
令和7,青葉区,あっぷるキッズ青葉台,1歳,5.0,0.0
令和7,青葉区,あっぷるキッズ青葉台,2歳,4.7727272727272725,0.045454545454545456
令和7,青葉区,あっぷるキッズ青葉台,3歳,2.4242424242424243,0.5151515151515151
令和7,青葉区,あっぷるキッズ青葉台,4歳,2.727272727272727,0.45454545454545453
令和7,青葉区,あっぷるキッズ青葉台,5歳,1.4772727272727273,0.7045454545454546
令和7,青葉区,あゆみ保育園 藤が丘,0歳,4.166666666666667,0.16666666666666666
令和7,青葉区,あゆみ保育園 藤が丘,1歳,5.0,0.0
令和7,青葉区,あゆみ保育園 藤が丘,2歳,5.0,0.0
令和7,青葉区,あゆみ保育園 藤が丘,3歳,2.803030303030303,0.4393939393939394
令和7,青葉区,あゆみ保育園 藤が丘,4歳,1.6363636363636365,0.6727272727272727
令和7,青葉区,あゆみ保育園 藤が丘,5歳,3.8636363636363638,0.22727272727272727
令和7,青葉区,いずみ青葉台保育園,0歳,5.0,0.0
令和7,青葉区,いずみ青葉台保育園,1歳,5.0,0.0
令和7,青葉区,いずみ青葉台保育園,2歳,5.0,0.0
令和7,青葉区,いずみ青葉台保育園,3歳,5.0,0.0
令和7,青葉区,いずみ青葉台保育園,4歳,5.0,0.0
令和7,青葉区,いずみ青葉台保育園,5歳,5.0,0.0
令和7,青葉区,こどもの国ほしぞら保育園,0歳,5.0,0.0
令和7,青葉区,こどもの国ほしぞら保育園,1歳,5.0,0.0
令和7,青葉区,こどもの国ほしぞら保育園,2歳,5.0,0.0
令和7,青葉区,こどもの国ほしぞら保育園,3歳,5.0,0.0
令和7,青葉区,こどもの国ほしぞら保育園,4歳,5.0,0.0
令和7,青葉区,こどもの国ほしぞら保育園,5歳,5.0,0.0
令和7,青葉区,しらとり台保育園,0歳,4.696969696969696,0.0606060606060606
令和7,青葉区,しらとり台保育園,1歳,5.0,0.0
令和7,青葉区,しらとり台保育園,2歳,4.7727272727272725,0.045454545454545456
令和7,青葉区,しらとり台保育園,3歳,2.3300573300573304,0.533988533988534
令和7,青葉区,しらとり台保育園,4歳,5.0,0.0
令和7,青葉区,しらとり台保育園,5歳,3.8636363636363638,0.22727272727272727
令和7,青葉区,しらとり台保育園　青葉台,0歳,5.0,0.0
令和7,青葉区,しらとり台保育園　青葉台,1歳,5.0,0.0
令和7,青葉区,しらとり台保育園　青葉台,2歳,5.0,0.0
令和7,青葉区,しらとり台保育園　青葉台,3歳,5.0,0.0
令和7,青葉区,しらとり台保育園　青葉台,4歳,5.0,0.0
令和7,青葉区,しらとり台保育園　青葉台,5歳,2.5,0.5
令和7,青葉区,しらとり台保育園さつきが丘,0歳,3.4702380952380953,0.305952380952381
令和7,青葉区,しらとり台保育園さつきが丘,1歳,5.0,0.0
令和7,青葉区,しらとり台保育園さつきが丘,2歳,5.0,0.0
令和7,青葉区,しらとり台保育園さつきが丘,3歳,5.0,0.0
令和7,青葉区,しらとり台保育園さつきが丘,4歳,5.0,0.0
令和7,青葉区,しらとり台保育園さつきが丘,5歳,5.0,0.0
令和7,青葉区,しらとり台保育園つつじが丘,0歳,5.0,0.0
令和7,青葉区,しらとり台保育園つつじが丘,1歳,5.0,0.0
令和7,青葉区,しらとり台保育園つつじが丘,2歳,5.0,0.0
令和7,青葉区,しらとり台保育園つつじが丘,3歳,5.0,0.0
令和7,青葉区,しらとり台保育園つつじが丘,4歳,4.545454545454546,0.09090909090909091
令和7,青葉区,しらとり台保育園つつじが丘,5歳,2.727272727272727,0.45454545454545453
令和7,青葉区,たまプラーザ　こどもの詩保育園,0歳,3.575757575757576,0.28484848484848485
令和7,青葉区,たまプラーザ　こどもの詩保育園,1歳,5.0,0.0
令和7,青葉区,たまプラーザ　こどもの詩保育園,2歳,5.0,0.0
令和7,青葉区,たまプラーザ　こどもの詩保育園,3歳,2.575757575757576,0.4848484848484848
令和7,青葉区,たまプラーザ　こどもの詩保育園,4歳,5.0,0.0
令和7,青葉区,たまプラーザ　こどもの詩保育園,5歳,1.9696969696969702,0.606060606060606
令和7,青葉区,たまプラーザぽんた保育園,0歳,3.7878787878787876,0.2424242424242424
令和7,青葉区,たまプラーザぽんた保育園,1歳,3.897485493230174,0.2205029013539652
令和7,青葉区,たまプラーザぽんた保育園,2歳,4.7727272727272725,0.045454545454545456
令和7,青葉区,たまプラーザぽんた保育園,3歳,5.0,0.0
令和7,青葉区,たまプラーザぽんた保育園,4歳,5.0,0.0
令和7,青葉区,たまプラーザぽんた保育園,5歳,5.0,0.0
令和7,青葉区,たまプラーザもみじ保育園,0歳,3.6722999222999224,0.26554001554001555
令和7,青葉区,たまプラーザもみじ保育園,1歳,5.0,0.0
令和7,青葉区,たまプラーザもみじ保育園,2歳,4.545454545454546,0.09090909090909091
令和7,青葉区,たまプラーザもみじ保育園,3歳,5.0,0.0
令和7,青葉区,たまプラーザもみじ保育園,4歳,4.806576402321084,0.03868471953578337
令和7,青葉区,たまプラーザもみじ保育園,5歳,5.0,0.0
令和7,青葉区,たまプラーザベビーリー乳幼児室,0歳,3.2914248871695686,0.3417150225660864
令和7,青葉区,たまプラーザベビーリー乳幼児室,1歳,4.090909090909091,0.18181818181818182
令和7,青葉区,たまプラーザベビーリー乳幼児室,2歳,1.2878787878787876,0.7424242424242425
令和7,青葉区,たまプラーザベビーリー乳幼児室,3歳,5.0,0.0
令和7,青葉区,たまプラーザベビーリー乳幼児室,4歳,5.0,0.0
令和7,青葉区,たまプラーザベビーリー乳幼児室,5歳,5.0,0.0
令和7,青葉区,たまプラーザ小桜愛児園,0歳,5.0,0.0
令和7,青葉区,たまプラーザ小桜愛児園,1歳,5.0,0.0
令和7,青葉区,たまプラーザ小桜愛児園,2歳,4.613152804642167,0.07736943907156674
令和7,青葉区,たまプラーザ小桜愛児園,3歳,1.5930735930735933,0.6813852813852814
令和7,青葉区,たまプラーザ小桜愛児園,4歳,3.6363636363636362,0.2727272727272727
令和7,青葉区,たまプラーザ小桜愛児園,5歳,1.666666666666667,0.6666666666666666
令和7,青葉区,ちぐさのもり保育園,0歳,5.0,0.0
令和7,青葉区,ちぐさのもり保育園,1歳,5.0,0.0
令和7,青葉区,ちぐさのもり保育園,2歳,4.806576402321084,0.03868471953578337
令和7,青葉区,ちぐさのもり保育園,3歳,5.0,0.0
令和7,青葉区,ちぐさのもり保育園,4歳,3.333333333333333,0.3333333333333333
令和7,青葉区,ちぐさのもり保育園,5歳,5.0,0.0
令和7,青葉区,つどいの森もみの木こども園,0歳,5.0,0.0
令和7,青葉区,つどいの森もみの木こども園,1歳,4.878787878787879,0.024242424242424242
令和7,青葉区,つどいの森もみの木こども園,2歳,4.1498316498316505,0.17003367003367
令和7,青葉区,つどいの森もみの木こども園,3歳,4.831649831649832,0.03367003367003367
令和7,青葉区,つどいの森もみの木こども園,4歳,2.9545454545454546,0.4090909090909091
令和7,青葉区,つどいの森もみの木こども園,5歳,4.318181818181818,0.13636363636363635
令和7,青葉区,といろきっずたまプラーザ保育園,0歳,5.0,0.0
令和7,青葉区,といろきっずたまプラーザ保育園,1歳,5.0,0.0
令和7,青葉区,といろきっずたまプラーザ保育園,2歳,5.0,0.0
令和7,青葉区,といろきっずたまプラーザ保育園,3歳,5.0,0.0
令和7,青葉区,といろきっずたまプラーザ保育園,4歳,5.0,0.0
令和7,青葉区,といろきっずたまプラーザ保育園,5歳,5.0,0.0
令和7,青葉区,といろきっず田奈保育園,0歳,5.0,0.0
令和7,青葉区,といろきっず田奈保育園,1歳,5.0,0.0
令和7,青葉区,といろきっず田奈保育園,2歳,5.0,0.0
令和7,青葉区,といろきっず田奈保育園,3歳,5.0,0.0
令和7,青葉区,といろきっず田奈保育園,4歳,5.0,0.0
令和7,青葉区,といろきっず田奈保育園,5歳,5.0,0.0
令和7,青葉区,といろきっず美しが丘保育園,0歳,5.0,0.0
令和7,青葉区,といろきっず美しが丘保育園,1歳,4.253697547815195,0.14926049043696102
令和7,青葉区,といろきっず美しが丘保育園,2歳,5.0,0.0
令和7,青葉区,といろきっず美しが丘保育園,3歳,5.0,0.0
令和7,青葉区,といろきっず美しが丘保育園,4歳,5.0,0.0
令和7,青葉区,といろきっず美しが丘保育園,5歳,5.0,0.0
令和7,青葉区,といろきっず青葉台保育園,0歳,5.0,0.0
令和7,青葉区,といろきっず青葉台保育園,1歳,5.0,0.0
令和7,青葉区,といろきっず青葉台保育園,2歳,5.0,0.0
令和7,青葉区,といろきっず青葉台保育園,3歳,5.0,0.0
令和7,青葉区,といろきっず青葉台保育園,4歳,5.0,0.0
令和7,青葉区,といろきっず青葉台保育園,5歳,5.0,0.0
令和7,青葉区,なかがわ家庭保育室,0歳,5.0,0.0
令和7,青葉区,なかがわ家庭保育室,1歳,3.6363636363636362,0.2727272727272727
令和7,青葉区,なかがわ家庭保育室,2歳,3.8636363636363638,0.22727272727272727
令和7,青葉区,なかがわ家庭保育室,3歳,5.0,0.0
令和7,青葉区,なかがわ家庭保育室,4歳,5.0,0.0
令和7,青葉区,なかがわ家庭保育室,5歳,5.0,0.0
令和7,青葉区,にじいろ保育園江田,0歳,5.0,0.0
令和7,青葉区,にじいろ保育園江田,1歳,5.0,0.0
令和7,青葉区,にじいろ保育園江田,2歳,2.3801447308909998,0.5239710538218
令和7,青葉区,にじいろ保育園江田,3歳,5.0,0.0
令和7,青葉区,にじいろ保育園江田,4歳,1.7272727272727273,0.6545454545454545
令和7,青葉区,にじいろ保育園江田,5歳,5.0,0.0
令和7,青葉区,にじいろ保育園青葉台,0歳,4.717278863855527,0.05654422722889454
令和7,青葉区,にじいろ保育園青葉台,1歳,5.0,0.0
令和7,青葉区,にじいろ保育園青葉台,2歳,4.7727272727272725,0.045454545454545456
令和7,青葉区,にじいろ保育園青葉台,3歳,3.257575757575758,0.34848484848484845
令和7,青葉区,にじいろ保育園青葉台,4歳,4.7727272727272725,0.045454545454545456
令和7,青葉区,にじいろ保育園青葉台,5歳,5.0,0.0
令和7,青葉区,ぽれぽれ保育園藤が丘,0歳,5.0,0.0
令和7,青葉区,ぽれぽれ保育園藤が丘,1歳,5.0,0.0
令和7,青葉区,ぽれぽれ保育園藤が丘,2歳,4.7727272727272725,0.045454545454545456
令和7,青葉区,ぽれぽれ保育園藤が丘,3歳,3.8636363636363638,0.22727272727272727
令和7,青葉区,ぽれぽれ保育園藤が丘,4歳,5.0,0.0
令和7,青葉区,ぽれぽれ保育園藤が丘,5歳,5.0,0.0
令和7,青葉区,みどり乳児園,0歳,4.321727917472598,0.13565441650548032
令和7,青葉区,みどり乳児園,1歳,5.0,0.0
令和7,青葉区,みどり乳児園,2歳,5.0,0.0
令和7,青葉区,みどり乳児園,3歳,5.0,0.0
令和7,青葉区,みどり乳児園,4歳,5.0,0.0
令和7,青葉区,みどり乳児園,5歳,5.0,0.0
令和7,青葉区,もみじ保育園,0歳,5.0,0.0
令和7,青葉区,もみじ保育園,1歳,5.0,0.0
令和7,青葉区,もみじ保育園,2歳,3.9983164983164983,0.20033670033670034
令和7,青葉区,もみじ保育園,3歳,2.26461038961039,0.547077922077922
令和7,青葉区,もみじ保育園,4歳,3.646034816247582,0.27079303675048355
令和7,青葉区,もみじ保育園,5歳,1.4962121212121213,0.7007575757575757
令和7,青葉区,もみじ第二保育園,0歳,5.0,0.0
令和7,青葉区,もみじ第二保育園,1歳,4.831649831649832,0.03367003367003367
令和7,青葉区,もみじ第二保育園,2歳,5.0,0.0
令和7,青葉区,もみじ第二保育園,3歳,4.636363636363637,0.07272727272727274
令和7,青葉区,もみじ第二保育園,4歳,4.7727272727272725,0.045454545454545456
令和7,青葉区,もみじ第二保育園,5歳,4.545454545454546,0.09090909090909091
令和7,青葉区,りとる・ピッピ,0歳,5.0,0.0
令和7,青葉区,りとる・ピッピ,1歳,5.0,0.0
令和7,青葉区,りとる・ピッピ,2歳,5.0,0.0
令和7,青葉区,りとる・ピッピ,3歳,5.0,0.0
令和7,青葉区,りとる・ピッピ,4歳,5.0,0.0
令和7,青葉区,りとる・ピッピ,5歳,5.0,0.0
令和7,青葉区,りんどう保育園,0歳,4.7727272727272725,0.045454545454545456
令和7,青葉区,りんどう保育園,1歳,5.0,0.0
令和7,青葉区,りんどう保育園,2歳,3.8636363636363638,0.22727272727272727
令和7,青葉区,りんどう保育園,3歳,5.0,0.0
令和7,青葉区,りんどう保育園,4歳,5.0,0.0
令和7,青葉区,りんどう保育園,5歳,0.9999999999999999,0.8
令和7,青葉区,わいわいＫｉｄｓつつじが丘保育室,0歳,5.0,0.0
令和7,青葉区,わいわいＫｉｄｓつつじが丘保育室,1歳,4.806576402321084,0.03868471953578337
令和7,青葉区,わいわいＫｉｄｓつつじが丘保育室,2歳,5.0,0.0
令和7,青葉区,わいわいＫｉｄｓつつじが丘保育室,3歳,5.0,0.0
令和7,青葉区,わいわいＫｉｄｓつつじが丘保育室,4歳,5.0,0.0
令和7,青葉区,わいわいＫｉｄｓつつじが丘保育室,5歳,5.0,0.0
令和7,青葉区,アスクあざみ野保育園,0歳,5.0,0.0
令和7,青葉区,アスクあざみ野保育園,1歳,5.0,0.0
令和7,青葉区,アスクあざみ野保育園,2歳,4.806576402321084,0.03868471953578337
令和7,青葉区,アスクあざみ野保育園,3歳,5.0,0.0
令和7,青葉区,アスクあざみ野保育園,4歳,4.090909090909091,0.18181818181818182
令和7,青葉区,アスクあざみ野保育園,5歳,5.0,0.0
令和7,青葉区,アスク藤が丘保育園,0歳,5.0,0.0
令和7,青葉区,アスク藤が丘保育園,1歳,5.0,0.0
令和7,青葉区,アスク藤が丘保育園,2歳,4.831649831649832,0.03367003367003367
令和7,青葉区,アスク藤が丘保育園,3歳,5.0,0.0
令和7,青葉区,アスク藤が丘保育園,4歳,5.0,0.0
令和7,青葉区,アスク藤が丘保育園,5歳,2.4242424242424243,0.5151515151515151
令和7,青葉区,アートチャイルドケアろりぽっぷたまプラーザ,0歳,5.0,0.0
令和7,青葉区,アートチャイルドケアろりぽっぷたまプラーザ,1歳,5.0,0.0
令和7,青葉区,アートチャイルドケアろりぽっぷたまプラーザ,2歳,2.272727272727273,0.5454545454545454
令和7,青葉区,アートチャイルドケアろりぽっぷたまプラーザ,3歳,2.9545454545454546,0.4090909090909091
令和7,青葉区,アートチャイルドケアろりぽっぷたまプラーザ,4歳,1.3636363636363638,0.7272727272727273
令和7,青葉区,アートチャイルドケアろりぽっぷたまプラーザ,5歳,5.0,0.0
令和7,青葉区,エンゼルベアあざみ野保育園,0歳,4.090909090909091,0.18181818181818182
令和7,青葉区,エンゼルベアあざみ野保育園,1歳,5.0,0.0
令和7,青葉区,エンゼルベアあざみ野保育園,2歳,4.090909090909091,0.18181818181818182
令和7,青葉区,エンゼルベアあざみ野保育園,3歳,4.090909090909091,0.18181818181818182
令和7,青葉区,エンゼルベアあざみ野保育園,4歳,2.988394584139265,0.40232108317214704
令和7,青葉区,エンゼルベアあざみ野保育園,5歳,2.5,0.5
令和7,青葉区,エンゼルベア青葉台保育園,0歳,3.484848484848485,0.303030303030303
令和7,青葉区,エンゼルベア青葉台保育園,1歳,5.0,0.0
令和7,青葉区,エンゼルベア青葉台保育園,2歳,5.0,0.0
令和7,青葉区,エンゼルベア青葉台保育園,3歳,2.272727272727273,0.5454545454545454
令和7,青葉区,エンゼルベア青葉台保育園,4歳,1.8409090909090908,0.6318181818181818
令和7,青葉区,エンゼルベア青葉台保育園,5歳,0.909090909090909,0.8181818181818182
令和7,青葉区,オルタスそらいろ,0歳,5.0,0.0
令和7,青葉区,オルタスそらいろ,1歳,4.759437651892778,0.04811246962144437
令和7,青葉区,オルタスそらいろ,2歳,4.85096870342772,0.02980625931445604
令和7,青葉区,オルタスそらいろ,3歳,5.0,0.0
令和7,青葉区,オルタスそらいろ,4歳,5.0,0.0
令和7,青葉区,オルタスそらいろ,5歳,5.0,0.0
令和7,青葉区,グローバルキッズあざみ野園,0歳,3.7878787878787885,0.2424242424242424
令和7,青葉区,グローバルキッズあざみ野園,1歳,5.0,0.0
令和7,青葉区,グローバルキッズあざみ野園,2歳,4.7727272727272725,0.045454545454545456
令和7,青葉区,グローバルキッズあざみ野園,3歳,1.831484132665235,0.633703173466953
令和7,青葉区,グローバルキッズあざみ野園,4歳,2.9545454545454546,0.4090909090909091
令和7,青葉区,グローバルキッズあざみ野園,5歳,3.8636363636363638,0.22727272727272727
令和7,青葉区,グローバルキッズたまプラーザ保育園,0歳,4.560876156620838,0.0878247686758325
令和7,青葉区,グローバルキッズたまプラーザ保育園,1歳,5.0,0.0
令和7,青葉区,グローバルキッズたまプラーザ保育園,2歳,4.124758220502901,0.17504835589941972
令和7,青葉区,グローバルキッズたまプラーザ保育園,3歳,1.7196969696969695,0.6560606060606061
令和7,青葉区,グローバルキッズたまプラーザ保育園,4歳,1.4015151515151516,0.7196969696969696
令和7,青葉区,グローバルキッズたまプラーザ保育園,5歳,0.9393939393939391,0.8121212121212121
令和7,青葉区,グローバルキッズ市が尾園,0歳,4.922299922299922,0.01554001554001554
令和7,青葉区,グローバルキッズ市が尾園,1歳,4.801087801087801,0.03978243978243978
令和7,青葉区,グローバルキッズ市が尾園,2歳,5.0,0.0
令和7,青葉区,グローバルキッズ市が尾園,3歳,4.090909090909091,0.18181818181818182
令和7,青葉区,グローバルキッズ市が尾園,4歳,4.090909090909091,0.18181818181818182
令和7,青葉区,グローバルキッズ市が尾園,5歳,4.7727272727272725,0.045454545454545456
令和7,青葉区,グローバルキッズ美しが丘保育園,0歳,5.0,0.0
令和7,青葉区,グローバルキッズ美しが丘保育園,1歳,5.0,0.0
令和7,青葉区,グローバルキッズ美しが丘保育園,2歳,5.0,0.0
令和7,青葉区,グローバルキッズ美しが丘保育園,3歳,2.9545454545454546,0.4090909090909091
令和7,青葉区,グローバルキッズ美しが丘保育園,4歳,2.9545454545454546,0.4090909090909091
令和7,青葉区,グローバルキッズ美しが丘保育園,5歳,1.666666666666667,0.6666666666666666
令和7,青葉区,グローバルキッズ藤が丘一丁目園,0歳,5.0,0.0
令和7,青葉区,グローバルキッズ藤が丘一丁目園,1歳,4.926686217008798,0.014662756598240472
令和7,青葉区,グローバルキッズ藤が丘一丁目園,2歳,4.479462965069974,0.10410740698600524
令和7,青葉区,グローバルキッズ藤が丘一丁目園,3歳,2.027027027027027,0.5945945945945946
令和7,青葉区,グローバルキッズ藤が丘一丁目園,4歳,2.9545454545454546,0.4090909090909091
令和7,青葉区,グローバルキッズ藤が丘一丁目園,5歳,2.045454545454546,0.5909090909090909
令和7,青葉区,サンキッズ荏田西保育園,0歳,5.0,0.0
令和7,青葉区,サンキッズ荏田西保育園,1歳,5.0,0.0
令和7,青葉区,サンキッズ荏田西保育園,2歳,4.889135254988914,0.022172949002217297
令和7,青葉区,サンキッズ荏田西保育園,3歳,4.377104377104377,0.12457912457912457
令和7,青葉区,サンキッズ荏田西保育園,4歳,5.0,0.0
令和7,青葉区,サンキッズ荏田西保育園,5歳,5.0,0.0
令和7,青葉区,シャローム保育園,0歳,5.0,0.0
令和7,青葉区,シャローム保育園,1歳,2.980818826563507,0.4038362346872985
令和7,青葉区,シャローム保育園,2歳,3.0303030303030307,0.3939393939393939
令和7,青葉区,シャローム保育園,3歳,1.9393939393939392,0.6121212121212122
令和7,青葉区,シャローム保育園,4歳,1.9668234064785788,0.6066353187042842
令和7,青葉区,シャローム保育園,5歳,4.318181818181818,0.13636363636363635
令和7,青葉区,スターチャイルド≪たまプラーザナーサリー≫,0歳,5.0,0.0
令和7,青葉区,スターチャイルド≪たまプラーザナーサリー≫,1歳,5.0,0.0
令和7,青葉区,スターチャイルド≪たまプラーザナーサリー≫,2歳,4.545454545454546,0.09090909090909091
令和7,青葉区,スターチャイルド≪たまプラーザナーサリー≫,3歳,4.696969696969696,0.0606060606060606
令和7,青葉区,スターチャイルド≪たまプラーザナーサリー≫,4歳,2.9545454545454546,0.4090909090909091
令和7,青葉区,スターチャイルド≪たまプラーザナーサリー≫,5歳,5.0,0.0
令和7,青葉区,スターチャイルド≪江田ナーサリー≫,0歳,4.7727272727272725,0.045454545454545456
令和7,青葉区,スターチャイルド≪江田ナーサリー≫,1歳,5.0,0.0
令和7,青葉区,スターチャイルド≪江田ナーサリー≫,2歳,5.0,0.0
令和7,青葉区,スターチャイルド≪江田ナーサリー≫,3歳,2.9545454545454546,0.4090909090909091
令和7,青葉区,スターチャイルド≪江田ナーサリー≫,4歳,5.0,0.0
令和7,青葉区,スターチャイルド≪江田ナーサリー≫,5歳,5.0,0.0
令和7,青葉区,スターチャイルド≪荏田北ナーサリー≫,0歳,5.0,0.0
令和7,青葉区,スターチャイルド≪荏田北ナーサリー≫,1歳,5.0,0.0
令和7,青葉区,スターチャイルド≪荏田北ナーサリー≫,2歳,5.0,0.0
令和7,青葉区,スターチャイルド≪荏田北ナーサリー≫,3歳,5.0,0.0
令和7,青葉区,スターチャイルド≪荏田北ナーサリー≫,4歳,2.007575757575758,0.5984848484848485
令和7,青葉区,スターチャイルド≪荏田北ナーサリー≫,5歳,5.0,0.0
令和7,青葉区,スターチャイルド≪藤が丘ナーサリー≫,0歳,5.0,0.0
令和7,青葉区,スターチャイルド≪藤が丘ナーサリー≫,1歳,4.878787878787879,0.024242424242424242
令和7,青葉区,スターチャイルド≪藤が丘ナーサリー≫,2歳,4.639037433155081,0.07219251336898397
令和7,青葉区,スターチャイルド≪藤が丘ナーサリー≫,3歳,5.0,0.0
令和7,青葉区,スターチャイルド≪藤が丘ナーサリー≫,4歳,3.8636363636363638,0.22727272727272727
令和7,青葉区,スターチャイルド≪藤が丘ナーサリー≫,5歳,5.0,0.0
令和7,青葉区,スターチャイルド≪藤が丘小規模保育所≫,0歳,5.0,0.0
令和7,青葉区,スターチャイルド≪藤が丘小規模保育所≫,1歳,5.0,0.0
令和7,青葉区,スターチャイルド≪藤が丘小規模保育所≫,2歳,4.545454545454546,0.09090909090909091
令和7,青葉区,スターチャイルド≪藤が丘小規模保育所≫,3歳,5.0,0.0
令和7,青葉区,スターチャイルド≪藤が丘小規模保育所≫,4歳,5.0,0.0
令和7,青葉区,スターチャイルド≪藤が丘小規模保育所≫,5歳,5.0,0.0
令和7,青葉区,ニチイキッズ美しが丘保育園,0歳,4.831649831649832,0.03367003367003367
令和7,青葉区,ニチイキッズ美しが丘保育園,1歳,5.0,0.0
令和7,青葉区,ニチイキッズ美しが丘保育園,2歳,3.5984848484848486,0.2803030303030303
令和7,青葉区,ニチイキッズ美しが丘保育園,3歳,4.7727272727272725,0.045454545454545456
令和7,青葉区,ニチイキッズ美しが丘保育園,4歳,1.4935064935064937,0.7012987012987012
令和7,青葉区,ニチイキッズ美しが丘保育園,5歳,1.325757575757576,0.7348484848484849
令和7,青葉区,パレット保育園・たまプラーザ,0歳,5.0,0.0
令和7,青葉区,パレット保育園・たまプラーザ,1歳,4.828458701432369,0.03430825971352603
令和7,青葉区,パレット保育園・たまプラーザ,2歳,3.594455190199871,0.28110896196002577
令和7,青葉区,パレット保育園・たまプラーザ,3歳,4.7727272727272725,0.045454545454545456
令和7,青葉区,パレット保育園・たまプラーザ,4歳,5.0,0.0
令和7,青葉区,パレット保育園・たまプラーザ,5歳,5.0,0.0
令和7,青葉区,パレット家庭的保育室　なないろ,0歳,5.0,0.0
令和7,青葉区,パレット家庭的保育室　なないろ,1歳,5.0,0.0
令和7,青葉区,パレット家庭的保育室　なないろ,2歳,5.0,0.0
令和7,青葉区,パレット家庭的保育室　なないろ,3歳,5.0,0.0
令和7,青葉区,パレット家庭的保育室　なないろ,4歳,5.0,0.0
令和7,青葉区,パレット家庭的保育室　なないろ,5歳,5.0,0.0
令和7,青葉区,ピッピみんなの保育園,0歳,4.807262409721426,0.038547518055714776
令和7,青葉区,ピッピみんなの保育園,1歳,5.0,0.0
令和7,青葉区,ピッピみんなの保育園,2歳,4.85096870342772,0.02980625931445604
令和7,青葉区,ピッピみんなの保育園,3歳,5.0,0.0
令和7,青葉区,ピッピみんなの保育園,4歳,5.0,0.0
令和7,青葉区,ピッピみんなの保育園,5歳,5.0,0.0
令和7,青葉区,プレスクールあおば,0歳,5.0,0.0
令和7,青葉区,プレスクールあおば,1歳,5.0,0.0
令和7,青葉区,プレスクールあおば,2歳,5.0,0.0
令和7,青葉区,プレスクールあおば,3歳,5.0,0.0
令和7,青葉区,プレスクールあおば,4歳,5.0,0.0
令和7,青葉区,プレスクールあおば,5歳,1.25,0.75
令和7,青葉区,ベネッセ　市ヶ尾駅前保育園,0歳,5.0,0.0
令和7,青葉区,ベネッセ　市ヶ尾駅前保育園,1歳,4.897854954034729,0.02042900919305414
令和7,青葉区,ベネッセ　市ヶ尾駅前保育園,2歳,5.0,0.0
令和7,青葉区,ベネッセ　市ヶ尾駅前保育園,3歳,3.1060606060606064,0.37878787878787873
令和7,青葉区,ベネッセ　市ヶ尾駅前保育園,4歳,2.9545454545454546,0.4090909090909091
令和7,青葉区,ベネッセ　市ヶ尾駅前保育園,5歳,5.0,0.0
令和7,青葉区,ベネッセ　青葉台保育園,0歳,4.95904995904996,0.00819000819000819
令和7,青葉区,ベネッセ　青葉台保育園,1歳,5.0,0.0
令和7,青葉区,ベネッセ　青葉台保育園,2歳,4.90530303030303,0.01893939393939394
令和7,青葉区,ベネッセ　青葉台保育園,3歳,5.0,0.0
令和7,青葉区,ベネッセ　青葉台保育園,4歳,5.0,0.0
令和7,青葉区,ベネッセ　青葉台保育園,5歳,5.0,0.0
令和7,青葉区,ベビーぽけっと松風台,0歳,3.4680134680134684,0.3063973063973064
令和7,青葉区,ベビーぽけっと松風台,1歳,4.657545105748803,0.06849097885023941
令和7,青葉区,ベビーぽけっと松風台,2歳,3.9393939393939394,0.2121212121212121
令和7,青葉区,ベビーぽけっと松風台,3歳,5.0,0.0
令和7,青葉区,ベビーぽけっと松風台,4歳,5.0,0.0
令和7,青葉区,ベビーぽけっと松風台,5歳,5.0,0.0
令和7,青葉区,ポピンズナーサリースクールあざみ野,0歳,5.0,0.0
令和7,青葉区,ポピンズナーサリースクールあざみ野,1歳,4.911738746690204,0.0176522506619594
令和7,青葉区,ポピンズナーサリースクールあざみ野,2歳,4.4197292069632494,0.1160541586073501
令和7,青葉区,ポピンズナーサリースクールあざみ野,3歳,1.4718614718614718,0.7056277056277056
令和7,青葉区,ポピンズナーサリースクールあざみ野,4歳,2.9545454545454546,0.4090909090909091
令和7,青葉区,ポピンズナーサリースクールあざみ野,5歳,2.1969696969696972,0.5606060606060606
令和7,青葉区,ポピンズナーサリースクールたまプラーザ,0歳,3.9393939393939394,0.2121212121212121
令和7,青葉区,ポピンズナーサリースクールたまプラーザ,1歳,4.831649831649832,0.03367003367003367
令和7,青葉区,ポピンズナーサリースクールたまプラーザ,2歳,3.409090909090909,0.3181818181818182
令和7,青葉区,ポピンズナーサリースクールたまプラーザ,3歳,2.234848484848485,0.553030303030303
令和7,青葉区,ポピンズナーサリースクールたまプラーザ,4歳,2.988394584139265,0.40232108317214704
令和7,青葉区,ポピンズナーサリースクールたまプラーザ,5歳,2.5,0.5
令和7,青葉区,ミアヘルサ保育園ひびき市が尾,0歳,4.757575757575758,0.048484848484848485
令和7,青葉区,ミアヘルサ保育園ひびき市が尾,1歳,4.866310160427807,0.026737967914438502
令和7,青葉区,ミアヘルサ保育園ひびき市が尾,2歳,5.0,0.0
令和7,青葉区,ミアヘルサ保育園ひびき市が尾,3歳,5.0,0.0
令和7,青葉区,ミアヘルサ保育園ひびき市が尾,4歳,5.0,0.0
令和7,青葉区,ミアヘルサ保育園ひびき市が尾,5歳,5.0,0.0
令和7,青葉区,ミアヘルサ保育園ひびき江田,0歳,4.545454545454546,0.09090909090909091
令和7,青葉区,ミアヘルサ保育園ひびき江田,1歳,5.0,0.0
令和7,青葉区,ミアヘルサ保育園ひびき江田,2歳,5.0,0.0
令和7,青葉区,ミアヘルサ保育園ひびき江田,3歳,5.0,0.0
令和7,青葉区,ミアヘルサ保育園ひびき江田,4歳,5.0,0.0
令和7,青葉区,ミアヘルサ保育園ひびき江田,5歳,5.0,0.0
令和7,青葉区,京進のほいくえんＨＯＰＰＡたまプラーザ,0歳,3.8664421997755327,0.22671156004489337
令和7,青葉区,京進のほいくえんＨＯＰＰＡたまプラーザ,1歳,4.831649831649832,0.03367003367003367
令和7,青葉区,京進のほいくえんＨＯＰＰＡたまプラーザ,2歳,5.0,0.0
令和7,青葉区,京進のほいくえんＨＯＰＰＡたまプラーザ,3歳,2.0793036750483562,0.5841392649903289
令和7,青葉区,京進のほいくえんＨＯＰＰＡたまプラーザ,4歳,2.9545454545454546,0.4090909090909091
令和7,青葉区,京進のほいくえんＨＯＰＰＡたまプラーザ,5歳,1.25,0.75
令和7,青葉区,京進のほいくえんＨＯＰＰＡ青葉台園,0歳,5.0,0.0
令和7,青葉区,京進のほいくえんＨＯＰＰＡ青葉台園,1歳,5.0,0.0
令和7,青葉区,京進のほいくえんＨＯＰＰＡ青葉台園,2歳,5.0,0.0
令和7,青葉区,京進のほいくえんＨＯＰＰＡ青葉台園,3歳,5.0,0.0
令和7,青葉区,京進のほいくえんＨＯＰＰＡ青葉台園,4歳,5.0,0.0
令和7,青葉区,京進のほいくえんＨＯＰＰＡ青葉台園,5歳,5.0,0.0
令和7,青葉区,保育所まぁむあざみ野園,0歳,3.484848484848485,0.303030303030303
令和7,青葉区,保育所まぁむあざみ野園,1歳,4.831649831649832,0.03367003367003367
令和7,青葉区,保育所まぁむあざみ野園,2歳,2.4621212121212124,0.5075757575757576
令和7,青葉区,保育所まぁむあざみ野園,3歳,5.0,0.0
令和7,青葉区,保育所まぁむあざみ野園,4歳,5.0,0.0
令和7,青葉区,保育所まぁむあざみ野園,5歳,5.0,0.0
令和7,青葉区,大場りとる・ピッピ,0歳,5.0,0.0
令和7,青葉区,大場りとる・ピッピ,1歳,4.579303675048356,0.08413926499032881
令和7,青葉区,大場りとる・ピッピ,2歳,5.0,0.0
令和7,青葉区,大場りとる・ピッピ,3歳,5.0,0.0
令和7,青葉区,大場りとる・ピッピ,4歳,5.0,0.0
令和7,青葉区,大場りとる・ピッピ,5歳,5.0,0.0
令和7,青葉区,天才キッズクラブ楽学館あざみ野園,0歳,3.7121212121212124,0.25757575757575757
令和7,青葉区,天才キッズクラブ楽学館あざみ野園,1歳,4.464121508069886,0.10717569838602277
令和7,青葉区,天才キッズクラブ楽学館あざみ野園,2歳,5.0,0.0
令和7,青葉区,天才キッズクラブ楽学館あざみ野園,3歳,5.0,0.0
令和7,青葉区,天才キッズクラブ楽学館あざみ野園,4歳,3.1818181818181817,0.36363636363636365
令和7,青葉区,天才キッズクラブ楽学館あざみ野園,5歳,5.0,0.0
令和7,青葉区,太陽の子　桜台保育園,0歳,5.0,0.0
令和7,青葉区,太陽の子　桜台保育園,1歳,5.0,0.0
令和7,青葉区,太陽の子　桜台保育園,2歳,5.0,0.0
令和7,青葉区,太陽の子　桜台保育園,3歳,5.0,0.0
令和7,青葉区,太陽の子　桜台保育園,4歳,3.931334622823985,0.2137330754352031
令和7,青葉区,太陽の子　桜台保育園,5歳,5.0,0.0
令和7,青葉区,太陽の子　桜台第二保育園,0歳,5.0,0.0
令和7,青葉区,太陽の子　桜台第二保育園,1歳,5.0,0.0
令和7,青葉区,太陽の子　桜台第二保育園,2歳,5.0,0.0
令和7,青葉区,太陽の子　桜台第二保育園,3歳,5.0,0.0
令和7,青葉区,太陽の子　桜台第二保育園,4歳,5.0,0.0
令和7,青葉区,太陽の子　桜台第二保育園,5歳,5.0,0.0
令和7,青葉区,小学館アカデミーたまプラーザ保育園,0歳,5.0,0.0
令和7,青葉区,小学館アカデミーたまプラーザ保育園,1歳,5.0,0.0
令和7,青葉区,小学館アカデミーたまプラーザ保育園,2歳,2.4242424242424243,0.5151515151515151
令和7,青葉区,小学館アカデミーたまプラーザ保育園,3歳,4.7727272727272725,0.045454545454545456
令和7,青葉区,小学館アカデミーたまプラーザ保育園,4歳,1.5995670995670996,0.6800865800865801
令和7,青葉区,小学館アカデミーたまプラーザ保育園,5歳,1.0454545454545452,0.790909090909091
令和7,青葉区,小桜愛児園,0歳,5.0,0.0
令和7,青葉区,小桜愛児園,1歳,4.806576402321084,0.03868471953578337
令和7,青葉区,小桜愛児園,2歳,4.545454545454546,0.09090909090909091
令和7,青葉区,小桜愛児園,3歳,3.594455190199871,0.28110896196002577
令和7,青葉区,小桜愛児園,4歳,5.0,0.0
令和7,青葉区,小桜愛児園,5歳,0.8333333333333331,0.8333333333333335
令和7,青葉区,市が尾こどものいえ保育園,0歳,5.0,0.0
令和7,青葉区,市が尾こどものいえ保育園,1歳,4.85096870342772,0.02980625931445604
令和7,青葉区,市が尾こどものいえ保育園,2歳,5.0,0.0
令和7,青葉区,市が尾こどものいえ保育園,3歳,5.0,0.0
令和7,青葉区,市が尾こどものいえ保育園,4歳,3.560606060606061,0.28787878787878785
令和7,青葉区,市が尾こどものいえ保育園,5歳,5.0,0.0
令和7,青葉区,市ヶ尾保育園,0歳,5.0,0.0
令和7,青葉区,市ヶ尾保育園,1歳,5.0,0.0
令和7,青葉区,市ヶ尾保育園,2歳,5.0,0.0
令和7,青葉区,市ヶ尾保育園,3歳,3.6363636363636362,0.2727272727272727
令和7,青葉区,市ヶ尾保育園,4歳,5.0,0.0
令和7,青葉区,市ヶ尾保育園,5歳,3.6363636363636362,0.2727272727272727
令和7,青葉区,幼保連携型認定こども園青葉台幼稚園,0歳,5.0,0.0
令和7,青葉区,幼保連携型認定こども園青葉台幼稚園,1歳,5.0,0.0
令和7,青葉区,幼保連携型認定こども園青葉台幼稚園,2歳,4.817041776993233,0.03659164460135334
令和7,青葉区,幼保連携型認定こども園青葉台幼稚園,3歳,4.8086124401913874,0.03827751196172249
令和7,青葉区,幼保連携型認定こども園青葉台幼稚園,4歳,5.0,0.0
令和7,青葉区,幼保連携型認定こども園青葉台幼稚園,5歳,5.0,0.0
令和7,青葉区,明日葉保育園青葉台園,0歳,4.897854954034729,0.02042900919305414
令和7,青葉区,明日葉保育園青葉台園,1歳,5.0,0.0
令和7,青葉区,明日葉保育園青葉台園,2歳,5.0,0.0
令和7,青葉区,明日葉保育園青葉台園,3歳,4.545454545454546,0.09090909090909091
令和7,青葉区,明日葉保育園青葉台園,4歳,4.806576402321084,0.03868471953578337
令和7,青葉区,明日葉保育園青葉台園,5歳,5.0,0.0
令和7,青葉区,木下の保育園　たまプラーザ,0歳,4.806576402321084,0.03868471953578337
令和7,青葉区,木下の保育園　たまプラーザ,1歳,5.0,0.0
令和7,青葉区,木下の保育園　たまプラーザ,2歳,4.318181818181818,0.13636363636363635
令和7,青葉区,木下の保育園　たまプラーザ,3歳,3.8636363636363638,0.22727272727272727
令和7,青葉区,木下の保育園　たまプラーザ,4歳,4.659090909090909,0.06818181818181818
令和7,青葉区,木下の保育園　たまプラーザ,5歳,1.2012987012987013,0.7597402597402598
令和7,青葉区,横浜ナザレ保育園,0歳,5.0,0.0
令和7,青葉区,横浜ナザレ保育園,1歳,5.0,0.0
令和7,青葉区,横浜ナザレ保育園,2歳,4.46969696969697,0.10606060606060605
令和7,青葉区,横浜ナザレ保育園,3歳,2.727272727272727,0.45454545454545453
令和7,青葉区,横浜ナザレ保育園,4歳,2.609606705351386,0.47807865892972273
令和7,青葉区,横浜ナザレ保育園,5歳,1.666666666666667,0.6666666666666666
令和7,青葉区,横浜市すすき野保育園,0歳,2.9220779220779223,0.41558441558441556
令和7,青葉区,横浜市すすき野保育園,1歳,5.0,0.0
令和7,青葉区,横浜市すすき野保育園,2歳,1.9137931034482756,0.6172413793103448
令和7,青葉区,横浜市すすき野保育園,3歳,3.6363636363636362,0.2727272727272727
令和7,青葉区,横浜市すすき野保育園,4歳,2.0373376623376624,0.5925324675324675
令和7,青葉区,横浜市すすき野保育園,5歳,0.5505050505050505,0.88989898989899
令和7,青葉区,横浜市奈良保育園,0歳,5.0,0.0
令和7,青葉区,横浜市奈良保育園,1歳,4.7727272727272725,0.045454545454545456
令和7,青葉区,横浜市奈良保育園,2歳,4.318181818181818,0.13636363636363635
令和7,青葉区,横浜市奈良保育園,3歳,3.409090909090909,0.3181818181818182
令和7,青葉区,横浜市奈良保育園,4歳,1.6818181818181819,0.6636363636363637
令和7,青葉区,横浜市奈良保育園,5歳,0.5145257312727842,0.8970948537454432
令和7,青葉区,横浜市美しが丘保育園,0歳,5.0,0.0
令和7,青葉区,横浜市美しが丘保育園,1歳,5.0,0.0
令和7,青葉区,横浜市美しが丘保育園,2歳,2.1149932157394846,0.5770013568521031
令和7,青葉区,横浜市美しが丘保育園,3歳,2.1212121212121215,0.5757575757575757
令和7,青葉区,横浜市美しが丘保育園,4歳,1.3661616161616161,0.7267676767676767
令和7,青葉区,横浜市美しが丘保育園,5歳,0.33982683982683975,0.9320346320346321
令和7,青葉区,横浜市荏田保育園,0歳,4.7727272727272725,0.045454545454545456
令和7,青葉区,横浜市荏田保育園,1歳,5.0,0.0
令和7,青葉区,横浜市荏田保育園,2歳,5.0,0.0
令和7,青葉区,横浜市荏田保育園,3歳,4.090909090909091,0.18181818181818182
令和7,青葉区,横浜市荏田保育園,4歳,4.6420901932712955,0.07158196134574088
令和7,青葉区,横浜市荏田保育園,5歳,5.0,0.0
令和7,青葉区,江田ひまわり保育園,0歳,5.0,0.0
令和7,青葉区,江田ひまわり保育園,1歳,4.831649831649832,0.03367003367003367
令和7,青葉区,江田ひまわり保育園,2歳,2.3783043197936817,0.5243391360412637
令和7,青葉区,江田ひまわり保育園,3歳,5.0,0.0
令和7,青葉区,江田ひまわり保育園,4歳,5.0,0.0
令和7,青葉区,江田ひまわり保育園,5歳,5.0,0.0
令和7,青葉区,美しが丘どろんこ保育園,0歳,5.0,0.0
令和7,青葉区,美しが丘どろんこ保育園,1歳,5.0,0.0
令和7,青葉区,美しが丘どろんこ保育園,2歳,3.8636363636363638,0.22727272727272727
令和7,青葉区,美しが丘どろんこ保育園,3歳,5.0,0.0
令和7,青葉区,美しが丘どろんこ保育園,4歳,5.0,0.0
令和7,青葉区,美しが丘どろんこ保育園,5歳,2.5,0.5
令和7,青葉区,荏田北幼保連携型認定こども園,0歳,5.0,0.0
令和7,青葉区,荏田北幼保連携型認定こども園,1歳,4.866310160427807,0.026737967914438502
令和7,青葉区,荏田北幼保連携型認定こども園,2歳,4.657545105748803,0.06849097885023941
令和7,青葉区,荏田北幼保連携型認定こども園,3歳,4.579303675048356,0.08413926499032881
令和7,青葉区,荏田北幼保連携型認定こども園,4歳,2.515151515151515,0.496969696969697
令和7,青葉区,荏田北幼保連携型認定こども園,5歳,4.7727272727272725,0.045454545454545456
令和7,青葉区,認定こども園あざみ野白ゆり幼稚園,0歳,5.0,0.0
令和7,青葉区,認定こども園あざみ野白ゆり幼稚園,1歳,5.0,0.0
令和7,青葉区,認定こども園あざみ野白ゆり幼稚園,2歳,1.2984389348025713,0.7403122130394858
令和7,青葉区,認定こども園あざみ野白ゆり幼稚園,3歳,3.522727272727273,0.29545454545454547
令和7,青葉区,認定こども園あざみ野白ゆり幼稚園,4歳,1.4853896103896105,0.7029220779220778
令和7,青葉区,認定こども園あざみ野白ゆり幼稚園,5歳,0.8333333333333331,0.8333333333333335
令和7,青葉区,認定こども園ナザレ幼稚園,0歳,5.0,0.0
令和7,青葉区,認定こども園ナザレ幼稚園,1歳,5.0,0.0
令和7,青葉区,認定こども園ナザレ幼稚園,2歳,5.0,0.0
令和7,青葉区,認定こども園ナザレ幼稚園,3歳,4.636363636363637,0.07272727272727274
令和7,青葉区,認定こども園ナザレ幼稚園,4歳,3.409090909090909,0.3181818181818182
令和7,青葉区,認定こども園ナザレ幼稚園,5歳,1.666666666666667,0.6666666666666666
令和7,青葉区,認定こども園三陽幼稚園・三陽保育園,0歳,4.843260188087775,0.031347962382445145
令和7,青葉区,認定こども園三陽幼稚園・三陽保育園,1歳,5.0,0.0
令和7,青葉区,認定こども園三陽幼稚園・三陽保育園,2歳,4.717278863855527,0.05654422722889454
令和7,青葉区,認定こども園三陽幼稚園・三陽保育園,3歳,4.032882011605416,0.19342359767891681
令和7,青葉区,認定こども園三陽幼稚園・三陽保育園,4歳,5.0,0.0
令和7,青葉区,認定こども園三陽幼稚園・三陽保育園,5歳,5.0,0.0
令和7,青葉区,認定こども園大場白ゆり幼稚園,0歳,5.0,0.0
令和7,青葉区,認定こども園大場白ゆり幼稚園,1歳,5.0,0.0
令和7,青葉区,認定こども園大場白ゆり幼稚園,2歳,5.0,0.0
令和7,青葉区,認定こども園大場白ゆり幼稚園,3歳,1.9318181818181819,0.6136363636363636
令和7,青葉区,認定こども園大場白ゆり幼稚園,4歳,1.9318181818181819,0.6136363636363636
令和7,青葉区,認定こども園大場白ゆり幼稚園,5歳,1.4015151515151516,0.7196969696969696
令和7,青葉区,青葉ぽかぽか保育室,0歳,5.0,0.0
令和7,青葉区,青葉ぽかぽか保育室,1歳,5.0,0.0
令和7,青葉区,青葉ぽかぽか保育室,2歳,5.0,0.0
令和7,青葉区,青葉ぽかぽか保育室,3歳,5.0,0.0
令和7,青葉区,青葉ぽかぽか保育室,4歳,5.0,0.0
令和7,青葉区,青葉ぽかぽか保育室,5歳,5.0,0.0
令和7,青葉区,青葉フレール保育園,0歳,3.477272727272727,0.30454545454545456
令和7,青葉区,青葉フレール保育園,1歳,4.926686217008798,0.014662756598240472
令和7,青葉区,青葉フレール保育園,2歳,5.0,0.0
令和7,青葉区,青葉フレール保育園,3歳,4.7727272727272725,0.045454545454545456
令和7,青葉区,青葉フレール保育園,4歳,4.318181818181818,0.13636363636363635
令和7,青葉区,青葉フレール保育園,5歳,1.666666666666667,0.6666666666666666
令和7,青葉区,青葉保育園,0歳,4.776453055141579,0.044709388971684055
令和7,青葉区,青葉保育園,1歳,4.866310160427807,0.026737967914438502
令和7,青葉区,青葉保育園,2歳,3.897485493230174,0.2205029013539652
令和7,青葉区,青葉保育園,3歳,5.0,0.0
令和7,青葉区,青葉保育園,4歳,4.090909090909091,0.18181818181818182
令和7,青葉区,青葉保育園,5歳,2.727272727272727,0.45454545454545453
令和7,青葉区,ＭＩＷＡあかね台光の子保育園,0歳,4.090909090909091,0.18181818181818182
令和7,青葉区,ＭＩＷＡあかね台光の子保育園,1歳,5.0,0.0
令和7,青葉区,ＭＩＷＡあかね台光の子保育園,2歳,4.4109535066981875,0.1178092986603625
令和7,青葉区,ＭＩＷＡあかね台光の子保育園,3歳,2.866350067842605,0.42672998643147897
令和7,青葉区,ＭＩＷＡあかね台光の子保育園,4歳,5.0,0.0
令和7,青葉区,ＭＩＷＡあかね台光の子保育園,5歳,0.9696969696969695,0.8060606060606061
令和7,鶴見区,Gakkenほいくえん矢向,0歳,5.0,0.0
令和7,鶴見区,Gakkenほいくえん矢向,1歳,4.806576402321084,0.03868471953578337
令和7,鶴見区,Gakkenほいくえん矢向,2歳,1.931818181818182,0.6136363636363636
令和7,鶴見区,Gakkenほいくえん矢向,3歳,2.727272727272727,0.45454545454545453
令和7,鶴見区,Gakkenほいくえん矢向,4歳,2.4242424242424243,0.5151515151515151
令和7,鶴見区,Gakkenほいくえん矢向,5歳,0.8939393939393937,0.8212121212121212
令和7,鶴見区,あゆみ保育園　鶴見,0歳,4.5896946564885495,0.08206106870229007
令和7,鶴見区,あゆみ保育園　鶴見,1歳,5.0,0.0
令和7,鶴見区,あゆみ保育園　鶴見,2歳,4.806576402321084,0.03868471953578337
令和7,鶴見区,あゆみ保育園　鶴見,3歳,5.0,0.0
令和7,鶴見区,あゆみ保育園　鶴見,4歳,5.0,0.0
令和7,鶴見区,あゆみ保育園　鶴見,5歳,4.7727272727272725,0.045454545454545456
令和7,鶴見区,あーす保育園鶴見中央,0歳,5.0,0.0
令和7,鶴見区,あーす保育園鶴見中央,1歳,5.0,0.0
令和7,鶴見区,あーす保育園鶴見中央,2歳,4.383116883116883,0.12337662337662338
令和7,鶴見区,あーす保育園鶴見中央,3歳,4.090909090909091,0.18181818181818182
令和7,鶴見区,あーす保育園鶴見中央,4歳,2.803030303030303,0.4393939393939394
令和7,鶴見区,あーす保育園鶴見中央,5歳,2.575757575757576,0.4848484848484848
令和7,鶴見区,えみ保育園,0歳,4.831649831649832,0.03367003367003367
令和7,鶴見区,えみ保育園,1歳,5.0,0.0
令和7,鶴見区,えみ保育園,2歳,5.0,0.0
令和7,鶴見区,えみ保育園,3歳,4.318181818181818,0.13636363636363635
令和7,鶴見区,えみ保育園,4歳,4.545454545454546,0.09090909090909091
令和7,鶴見区,えみ保育園,5歳,5.0,0.0
令和7,鶴見区,おれんじハウス鶴見保育園,0歳,5.0,0.0
令和7,鶴見区,おれんじハウス鶴見保育園,1歳,5.0,0.0
令和7,鶴見区,おれんじハウス鶴見保育園,2歳,5.0,0.0
令和7,鶴見区,おれんじハウス鶴見保育園,3歳,5.0,0.0
令和7,鶴見区,おれんじハウス鶴見保育園,4歳,5.0,0.0
令和7,鶴見区,おれんじハウス鶴見保育園,5歳,5.0,0.0
令和7,鶴見区,かもめ保育園,0歳,4.318181818181818,0.13636363636363635
令和7,鶴見区,かもめ保育園,1歳,5.0,0.0
令和7,鶴見区,かもめ保育園,2歳,5.0,0.0
令和7,鶴見区,かもめ保育園,3歳,4.226305609284332,0.15473887814313347
令和7,鶴見区,かもめ保育園,4歳,5.0,0.0
令和7,鶴見区,かもめ保育園,5歳,5.0,0.0
令和7,鶴見区,きくなハート保育園,0歳,5.0,0.0
令和7,鶴見区,きくなハート保育園,1歳,5.0,0.0
令和7,鶴見区,きくなハート保育園,2歳,4.806576402321084,0.03868471953578337
令和7,鶴見区,きくなハート保育園,3歳,5.0,0.0
令和7,鶴見区,きくなハート保育園,4歳,5.0,0.0
令和7,鶴見区,きくなハート保育園,5歳,5.0,0.0
令和7,鶴見区,きらぼし保育園,0歳,3.484848484848485,0.303030303030303
令和7,鶴見区,きらぼし保育園,1歳,3.9393939393939394,0.2121212121212121
令和7,鶴見区,きらぼし保育園,2歳,3.8636363636363638,0.22727272727272727
令和7,鶴見区,きらぼし保育園,3歳,5.0,0.0
令和7,鶴見区,きらぼし保育園,4歳,5.0,0.0
令和7,鶴見区,きらぼし保育園,5歳,5.0,0.0
令和7,鶴見区,こあらっこはうす　ル・ソレイユ,0歳,2.9393939393939394,0.4121212121212121
令和7,鶴見区,こあらっこはうす　ル・ソレイユ,1歳,4.866310160427807,0.026737967914438502
令和7,鶴見区,こあらっこはうす　ル・ソレイユ,2歳,4.7727272727272725,0.045454545454545456
令和7,鶴見区,こあらっこはうす　ル・ソレイユ,3歳,5.0,0.0
令和7,鶴見区,こあらっこはうす　ル・ソレイユ,4歳,3.1818181818181817,0.36363636363636365
令和7,鶴見区,こあらっこはうす　ル・ソレイユ,5歳,5.0,0.0
令和7,鶴見区,しおつるばしハート保育園,0歳,3.7121212121212124,0.25757575757575757
令和7,鶴見区,しおつるばしハート保育園,1歳,5.0,0.0
令和7,鶴見区,しおつるばしハート保育園,2歳,3.7878787878787885,0.2424242424242424
令和7,鶴見区,しおつるばしハート保育園,3歳,5.0,0.0
令和7,鶴見区,しおつるばしハート保育園,4歳,5.0,0.0
令和7,鶴見区,しおつるばしハート保育園,5歳,5.0,0.0
令和7,鶴見区,にじいろ保育園駒岡,0歳,5.0,0.0
令和7,鶴見区,にじいろ保育園駒岡,1歳,5.0,0.0
令和7,鶴見区,にじいろ保育園駒岡,2歳,4.806576402321084,0.03868471953578337
令和7,鶴見区,にじいろ保育園駒岡,3歳,5.0,0.0
令和7,鶴見区,にじいろ保育園駒岡,4歳,3.8636363636363638,0.22727272727272727
令和7,鶴見区,にじいろ保育園駒岡,5歳,5.0,0.0
令和7,鶴見区,にじいろ保育園駒岡四丁目,0歳,5.0,0.0
令和7,鶴見区,にじいろ保育園駒岡四丁目,1歳,5.0,0.0
令和7,鶴見区,にじいろ保育園駒岡四丁目,2歳,4.621212121212121,0.07575757575757576
令和7,鶴見区,にじいろ保育園駒岡四丁目,3歳,0.6259018759018761,0.8748196248196248
令和7,鶴見区,にじいろ保育園駒岡四丁目,4歳,4.318181818181818,0.13636363636363635
令和7,鶴見区,にじいろ保育園駒岡四丁目,5歳,5.0,0.0
令和7,鶴見区,にじの風保育園,0歳,5.0,0.0
令和7,鶴見区,にじの風保育園,1歳,5.0,0.0
令和7,鶴見区,にじの風保育園,2歳,5.0,0.0
令和7,鶴見区,にじの風保育園,3歳,5.0,0.0
令和7,鶴見区,にじの風保育園,4歳,3.7878787878787876,0.2424242424242424
令和7,鶴見区,にじの風保育園,5歳,4.545454545454546,0.09090909090909091
令和7,鶴見区,ねむの樹　元宮保育園,0歳,5.0,0.0
令和7,鶴見区,ねむの樹　元宮保育園,1歳,5.0,0.0
令和7,鶴見区,ねむの樹　元宮保育園,2歳,5.0,0.0
令和7,鶴見区,ねむの樹　元宮保育園,3歳,4.659090909090909,0.06818181818181818
令和7,鶴見区,ねむの樹　元宮保育園,4歳,5.0,0.0
令和7,鶴見区,ねむの樹　元宮保育園,5歳,5.0,0.0
令和7,鶴見区,ねむの樹　北寺尾保育園,0歳,5.0,0.0
令和7,鶴見区,ねむの樹　北寺尾保育園,1歳,5.0,0.0
令和7,鶴見区,ねむの樹　北寺尾保育園,2歳,4.806576402321084,0.03868471953578337
令和7,鶴見区,ねむの樹　北寺尾保育園,3歳,5.0,0.0
令和7,鶴見区,ねむの樹　北寺尾保育園,4歳,5.0,0.0
令和7,鶴見区,ねむの樹　北寺尾保育園,5歳,5.0,0.0
令和7,鶴見区,ひだまりの保育園,0歳,4.651515151515151,0.06969696969696969
令和7,鶴見区,ひだまりの保育園,1歳,4.7727272727272725,0.045454545454545456
令和7,鶴見区,ひだまりの保育園,2歳,5.0,0.0
令和7,鶴見区,ひだまりの保育園,3歳,5.0,0.0
令和7,鶴見区,ひだまりの保育園,4歳,5.0,0.0
令和7,鶴見区,ひだまりの保育園,5歳,5.0,0.0
令和7,鶴見区,ひまわりニコニコ保育園,0歳,4.7727272727272725,0.045454545454545456
令和7,鶴見区,ひまわりニコニコ保育園,1歳,5.0,0.0
令和7,鶴見区,ひまわりニコニコ保育園,2歳,3.6363636363636362,0.2727272727272727
令和7,鶴見区,ひまわりニコニコ保育園,3歳,5.0,0.0
令和7,鶴見区,ひまわりニコニコ保育園,4歳,5.0,0.0
令和7,鶴見区,ひまわりニコニコ保育園,5歳,5.0,0.0
令和7,鶴見区,ぶれすと尻手ほいくえん,0歳,4.878787878787879,0.024242424242424242
令和7,鶴見区,ぶれすと尻手ほいくえん,1歳,5.0,0.0
令和7,鶴見区,ぶれすと尻手ほいくえん,2歳,5.0,0.0
令和7,鶴見区,ぶれすと尻手ほいくえん,3歳,4.242424242424242,0.1515151515151515
令和7,鶴見区,ぶれすと尻手ほいくえん,4歳,1.424242424242424,0.7151515151515152
令和7,鶴見区,ぶれすと尻手ほいくえん,5歳,3.6363636363636362,0.2727272727272727
令和7,鶴見区,ぶれすと尻手ほいくえん附属元宮,0歳,3.242424242424242,0.3515151515151515
令和7,鶴見区,ぶれすと尻手ほいくえん附属元宮,1歳,4.806576402321084,0.03868471953578337
令和7,鶴見区,ぶれすと尻手ほいくえん附属元宮,2歳,5.0,0.0
令和7,鶴見区,ぶれすと尻手ほいくえん附属元宮,3歳,5.0,0.0
令和7,鶴見区,ぶれすと尻手ほいくえん附属元宮,4歳,5.0,0.0
令和7,鶴見区,ぶれすと尻手ほいくえん附属元宮,5歳,5.0,0.0
令和7,鶴見区,まなびの森　駒岡こども園,0歳,5.0,0.0
令和7,鶴見区,まなびの森　駒岡こども園,1歳,5.0,0.0
令和7,鶴見区,まなびの森　駒岡こども園,2歳,5.0,0.0
令和7,鶴見区,まなびの森　駒岡こども園,3歳,5.0,0.0
令和7,鶴見区,まなびの森　駒岡こども園,4歳,5.0,0.0
令和7,鶴見区,まなびの森　駒岡こども園,5歳,5.0,0.0
令和7,鶴見区,みつばち保育園,0歳,4.7727272727272725,0.045454545454545456
令和7,鶴見区,みつばち保育園,1歳,5.0,0.0
令和7,鶴見区,みつばち保育園,2歳,4.545454545454546,0.09090909090909091
令和7,鶴見区,みつばち保育園,3歳,5.0,0.0
令和7,鶴見区,みつばち保育園,4歳,5.0,0.0
令和7,鶴見区,みつばち保育園,5歳,5.0,0.0
令和7,鶴見区,みつる保育園,0歳,5.0,0.0
令和7,鶴見区,みつる保育園,1歳,5.0,0.0
令和7,鶴見区,みつる保育園,2歳,5.0,0.0
令和7,鶴見区,みつる保育園,3歳,5.0,0.0
令和7,鶴見区,みつる保育園,4歳,4.806576402321084,0.03868471953578337
令和7,鶴見区,みつる保育園,5歳,5.0,0.0
令和7,鶴見区,みゆさと保育園,0歳,5.0,0.0
令和7,鶴見区,みゆさと保育園,1歳,5.0,0.0
令和7,鶴見区,みゆさと保育園,2歳,4.7727272727272725,0.045454545454545456
令和7,鶴見区,みゆさと保育園,3歳,4.226305609284332,0.15473887814313347
令和7,鶴見区,みゆさと保育園,4歳,4.806576402321084,0.03868471953578337
令和7,鶴見区,みゆさと保育園,5歳,5.0,0.0
令和7,鶴見区,みんなのいえ東寺尾,0歳,4.7727272727272725,0.045454545454545456
令和7,鶴見区,みんなのいえ東寺尾,1歳,3.4193121693121693,0.3161375661375661
令和7,鶴見区,みんなのいえ東寺尾,2歳,3.7121212121212124,0.25757575757575757
令和7,鶴見区,みんなのいえ東寺尾,3歳,5.0,0.0
令和7,鶴見区,みんなのいえ東寺尾,4歳,5.0,0.0
令和7,鶴見区,みんなのいえ東寺尾,5歳,5.0,0.0
令和7,鶴見区,ゆめいろ保育園,0歳,3.9318181818181817,0.21363636363636365
令和7,鶴見区,ゆめいろ保育園,1歳,4.889135254988914,0.022172949002217297
令和7,鶴見区,ゆめいろ保育園,2歳,3.2954545454545454,0.3409090909090909
令和7,鶴見区,ゆめいろ保育園,3歳,2.9545454545454546,0.4090909090909091
令和7,鶴見区,ゆめいろ保育園,4歳,3.7878787878787876,0.2424242424242424
令和7,鶴見区,ゆめいろ保育園,5歳,0.9999999999999999,0.8
令和7,鶴見区,わおわお保育園,0歳,4.053030303030304,0.18939393939393936
令和7,鶴見区,わおわお保育園,1歳,5.0,0.0
令和7,鶴見区,わおわお保育園,2歳,3.8636363636363638,0.22727272727272727
令和7,鶴見区,わおわお保育園,3歳,4.7727272727272725,0.045454545454545456
令和7,鶴見区,わおわお保育園,4歳,4.7727272727272725,0.045454545454545456
令和7,鶴見区,わおわお保育園,5歳,5.0,0.0
令和7,鶴見区,わおわお東寺尾保育園,0歳,5.0,0.0
令和7,鶴見区,わおわお東寺尾保育園,1歳,5.0,0.0
令和7,鶴見区,わおわお東寺尾保育園,2歳,5.0,0.0
令和7,鶴見区,わおわお東寺尾保育園,3歳,2.4826063108057395,0.5034787378388521
令和7,鶴見区,わおわお東寺尾保育園,4歳,5.0,0.0
令和7,鶴見区,わおわお東寺尾保育園,5歳,5.0,0.0
令和7,鶴見区,わおわお江ヶ崎保育園,0歳,5.0,0.0
令和7,鶴見区,わおわお江ヶ崎保育園,1歳,5.0,0.0
令和7,鶴見区,わおわお江ヶ崎保育園,2歳,5.0,0.0
令和7,鶴見区,わおわお江ヶ崎保育園,3歳,5.0,0.0
令和7,鶴見区,わおわお江ヶ崎保育園,4歳,5.0,0.0
令和7,鶴見区,わおわお江ヶ崎保育園,5歳,5.0,0.0
令和7,鶴見区,わくわくの森保育園,0歳,5.0,0.0
令和7,鶴見区,わくわくの森保育園,1歳,5.0,0.0
令和7,鶴見区,わくわくの森保育園,2歳,5.0,0.0
令和7,鶴見区,わくわくの森保育園,3歳,4.545454545454546,0.09090909090909091
令和7,鶴見区,わくわくの森保育園,4歳,5.0,0.0
令和7,鶴見区,わくわくの森保育園,5歳,2.272727272727273,0.5454545454545454
令和7,鶴見区,オハナ鶴見保育園,0歳,5.0,0.0
令和7,鶴見区,オハナ鶴見保育園,1歳,5.0,0.0
令和7,鶴見区,オハナ鶴見保育園,2歳,5.0,0.0
令和7,鶴見区,オハナ鶴見保育園,3歳,5.0,0.0
令和7,鶴見区,オハナ鶴見保育園,4歳,4.015151515151515,0.19696969696969696
令和7,鶴見区,オハナ鶴見保育園,5歳,3.8636363636363638,0.22727272727272727
令和7,鶴見区,スターチャイルド≪生麦ナーサリー≫,0歳,4.7727272727272725,0.045454545454545456
令和7,鶴見区,スターチャイルド≪生麦ナーサリー≫,1歳,4.430272378476076,0.11394552430478487
令和7,鶴見区,スターチャイルド≪生麦ナーサリー≫,2歳,3.6363636363636362,0.2727272727272727
令和7,鶴見区,スターチャイルド≪生麦ナーサリー≫,3歳,2.6183385579937304,0.47633228840125397
令和7,鶴見区,スターチャイルド≪生麦ナーサリー≫,4歳,2.803030303030303,0.4393939393939394
令和7,鶴見区,スターチャイルド≪生麦ナーサリー≫,5歳,1.0909090909090908,0.7818181818181817
令和7,鶴見区,スターチャイルド≪矢向ナーサリー≫,0歳,2.7081105169340463,0.4583778966131907
令和7,鶴見区,スターチャイルド≪矢向ナーサリー≫,1歳,5.0,0.0
令和7,鶴見区,スターチャイルド≪矢向ナーサリー≫,2歳,3.897485493230174,0.2205029013539652
令和7,鶴見区,スターチャイルド≪矢向ナーサリー≫,3歳,3.333333333333334,0.3333333333333333
令和7,鶴見区,スターチャイルド≪矢向ナーサリー≫,4歳,5.0,0.0
令和7,鶴見区,スターチャイルド≪矢向ナーサリー≫,5歳,4.7727272727272725,0.045454545454545456
令和7,鶴見区,トライアングル　スマイル,0歳,3.077922077922078,0.38441558441558443
令和7,鶴見区,トライアングル　スマイル,1歳,5.0,0.0
令和7,鶴見区,トライアングル　スマイル,2歳,3.6363636363636362,0.2727272727272727
令和7,鶴見区,トライアングル　スマイル,3歳,3.7878787878787876,0.2424242424242424
令和7,鶴見区,トライアングル　スマイル,4歳,2.5,0.5
令和7,鶴見区,トライアングル　スマイル,5歳,5.0,0.0
令和7,鶴見区,ナーサリーつるみ,0歳,4.318181818181818,0.13636363636363635
令和7,鶴見区,ナーサリーつるみ,1歳,4.85096870342772,0.02980625931445604
令和7,鶴見区,ナーサリーつるみ,2歳,1.196969696969697,0.7606060606060606
令和7,鶴見区,ナーサリーつるみ,3歳,2.3236092265943014,0.5352781546811397
令和7,鶴見区,ナーサリーつるみ,4歳,5.0,0.0
令和7,鶴見区,ナーサリーつるみ,5歳,2.1969696969696972,0.5606060606060606
令和7,鶴見区,ビーンズ保育園,0歳,5.0,0.0
令和7,鶴見区,ビーンズ保育園,1歳,4.866310160427807,0.026737967914438502
令和7,鶴見区,ビーンズ保育園,2歳,2.651515151515152,0.46969696969696967
令和7,鶴見区,ビーンズ保育園,3歳,3.670212765957447,0.26595744680851063
令和7,鶴見区,ビーンズ保育園,4歳,0.962121212121212,0.8075757575757575
令和7,鶴見区,ビーンズ保育園,5歳,2.4242424242424243,0.5151515151515151
令和7,鶴見区,フェアリーテイルつばさ,0歳,5.0,0.0
令和7,鶴見区,フェアリーテイルつばさ,1歳,5.0,0.0
令和7,鶴見区,フェアリーテイルつばさ,2歳,5.0,0.0
令和7,鶴見区,フェアリーテイルつばさ,3歳,3.465909090909091,0.3068181818181818
令和7,鶴見区,フェアリーテイルつばさ,4歳,3.5732323232323235,0.28535353535353536
令和7,鶴見区,フェアリーテイルつばさ,5歳,3.484848484848485,0.30303030303030304
令和7,鶴見区,フェアリーテイルみらい,0歳,5.0,0.0
令和7,鶴見区,フェアリーテイルみらい,1歳,4.831649831649832,0.03367003367003367
令和7,鶴見区,フェアリーテイルみらい,2歳,4.015151515151515,0.19696969696969696
令和7,鶴見区,フェアリーテイルみらい,3歳,4.341782384018014,0.1316435231963971
令和7,鶴見区,フェアリーテイルみらい,4歳,3.7045454545454546,0.2590909090909091
令和7,鶴見区,フェアリーテイルみらい,5歳,3.6363636363636362,0.2727272727272727
令和7,鶴見区,フラッフィー小規模保育園,0歳,5.0,0.0
令和7,鶴見区,フラッフィー小規模保育園,1歳,5.0,0.0
令和7,鶴見区,フラッフィー小規模保育園,2歳,4.318181818181818,0.13636363636363635
令和7,鶴見区,フラッフィー小規模保育園,3歳,5.0,0.0
令和7,鶴見区,フラッフィー小規模保育園,4歳,5.0,0.0
令和7,鶴見区,フラッフィー小規模保育園,5歳,5.0,0.0
令和7,鶴見区,ベネッセ　矢向保育園,0歳,2.8787878787878785,0.42424242424242425
令和7,鶴見区,ベネッセ　矢向保育園,1歳,5.0,0.0
令和7,鶴見区,ベネッセ　矢向保育園,2歳,2.3484848484848486,0.5303030303030303
令和7,鶴見区,ベネッセ　矢向保育園,3歳,5.0,0.0
令和7,鶴見区,ベネッセ　矢向保育園,4歳,1.3636363636363635,0.7272727272727273
令和7,鶴見区,ベネッセ　矢向保育園,5歳,3.484848484848485,0.303030303030303
令和7,鶴見区,ベネッセ菊名保育園,0歳,5.0,0.0
令和7,鶴見区,ベネッセ菊名保育園,1歳,5.0,0.0
令和7,鶴見区,ベネッセ菊名保育園,2歳,5.0,0.0
令和7,鶴見区,ベネッセ菊名保育園,3歳,5.0,0.0
令和7,鶴見区,ベネッセ菊名保育園,4歳,5.0,0.0
令和7,鶴見区,ベネッセ菊名保育園,5歳,5.0,0.0
令和7,鶴見区,ポピンズナーサリースクール鶴見,0歳,4.7727272727272725,0.045454545454545456
令和7,鶴見区,ポピンズナーサリースクール鶴見,1歳,5.0,0.0
令和7,鶴見区,ポピンズナーサリースクール鶴見,2歳,4.7727272727272725,0.045454545454545456
令和7,鶴見区,ポピンズナーサリースクール鶴見,3歳,4.659090909090909,0.06818181818181818
令和7,鶴見区,ポピンズナーサリースクール鶴見,4歳,5.0,0.0
令和7,鶴見区,ポピンズナーサリースクール鶴見,5歳,5.0,0.0
令和7,鶴見区,ミアヘルサ保育園ひびき矢向,0歳,3.9015151515151514,0.2196969696969697
令和7,鶴見区,ミアヘルサ保育園ひびき矢向,1歳,5.0,0.0
令和7,鶴見区,ミアヘルサ保育園ひびき矢向,2歳,2.0771144278606966,0.5845771144278606
令和7,鶴見区,ミアヘルサ保育園ひびき矢向,3歳,5.0,0.0
令和7,鶴見区,ミアヘルサ保育園ひびき矢向,4歳,1.5530303030303032,0.6893939393939393
令和7,鶴見区,ミアヘルサ保育園ひびき矢向,5歳,5.0,0.0
令和7,鶴見区,ユニコーン・キッズクラブ,0歳,3.9015151515151514,0.2196969696969697
令和7,鶴見区,ユニコーン・キッズクラブ,1歳,4.242424242424242,0.1515151515151515
令和7,鶴見区,ユニコーン・キッズクラブ,2歳,1.9696969696969702,0.606060606060606
令和7,鶴見区,ユニコーン・キッズクラブ,3歳,5.0,0.0
令和7,鶴見区,ユニコーン・キッズクラブ,4歳,5.0,0.0
令和7,鶴見区,ユニコーン・キッズクラブ,5歳,5.0,0.0
令和7,鶴見区,ヨコハマさくら保育園,0歳,4.3560606060606055,0.12878787878787878
令和7,鶴見区,ヨコハマさくら保育園,1歳,5.0,0.0
令和7,鶴見区,ヨコハマさくら保育園,2歳,1.4393939393939397,0.712121212121212
令和7,鶴見区,ヨコハマさくら保育園,3歳,5.0,0.0
令和7,鶴見区,ヨコハマさくら保育園,4歳,5.0,0.0
令和7,鶴見区,ヨコハマさくら保育園,5歳,2.5,0.5
令和7,鶴見区,リュミエール小規模保育園,0歳,5.0,0.0
令和7,鶴見区,リュミエール小規模保育園,1歳,4.377104377104377,0.12457912457912457
令和7,鶴見区,リュミエール小規模保育園,2歳,5.0,0.0
令和7,鶴見区,リュミエール小規模保育園,3歳,5.0,0.0
令和7,鶴見区,リュミエール小規模保育園,4歳,5.0,0.0
令和7,鶴見区,リュミエール小規模保育園,5歳,5.0,0.0
令和7,鶴見区,ルーチェ保育園　鶴見,0歳,5.0,0.0
令和7,鶴見区,ルーチェ保育園　鶴見,1歳,5.0,0.0
令和7,鶴見区,ルーチェ保育園　鶴見,2歳,4.831649831649832,0.03367003367003367
令和7,鶴見区,ルーチェ保育園　鶴見,3歳,5.0,0.0
令和7,鶴見区,ルーチェ保育園　鶴見,4歳,4.015151515151515,0.19696969696969696
令和7,鶴見区,ルーチェ保育園　鶴見,5歳,5.0,0.0
令和7,鶴見区,三色えのぐの保育園,0歳,2.939393939393939,0.4121212121212121
令和7,鶴見区,三色えのぐの保育園,1歳,4.613152804642167,0.07736943907156674
令和7,鶴見区,三色えのぐの保育園,2歳,5.0,0.0
令和7,鶴見区,三色えのぐの保育園,3歳,5.0,0.0
令和7,鶴見区,三色えのぐの保育園,4歳,5.0,0.0
令和7,鶴見区,三色えのぐの保育園,5歳,5.0,0.0
令和7,鶴見区,上末吉白百合保育園,0歳,4.866310160427807,0.026737967914438502
令和7,鶴見区,上末吉白百合保育園,1歳,4.85096870342772,0.02980625931445604
令和7,鶴見区,上末吉白百合保育園,2歳,5.0,0.0
令和7,鶴見区,上末吉白百合保育園,3歳,3.655585707824514,0.26888285843509724
令和7,鶴見区,上末吉白百合保育園,4歳,5.0,0.0
令和7,鶴見区,上末吉白百合保育園,5歳,5.0,0.0
令和7,鶴見区,保育園スカイ・ウイング,0歳,4.728629579375848,0.05427408412483039
令和7,鶴見区,保育園スカイ・ウイング,1歳,3.8053364369153844,0.23893271261692312
令和7,鶴見区,保育園スカイ・ウイング,2歳,2.91044776119403,0.417910447761194
令和7,鶴見区,保育園スカイ・ウイング,3歳,5.0,0.0
令和7,鶴見区,保育園スカイ・ウイング,4歳,4.7755331088664414,0.044893378226711564
令和7,鶴見区,保育園スカイ・ウイング,5歳,5.0,0.0
令和7,鶴見区,入船の森保育園,0歳,5.0,0.0
令和7,鶴見区,入船の森保育園,1歳,5.0,0.0
令和7,鶴見区,入船の森保育園,2歳,4.7727272727272725,0.045454545454545456
令和7,鶴見区,入船の森保育園,3歳,4.318181818181818,0.13636363636363635
令和7,鶴見区,入船の森保育園,4歳,2.6893939393939394,0.4621212121212121
令和7,鶴見区,入船の森保育園,5歳,5.0,0.0
令和7,鶴見区,北寺尾むつみ保育園,0歳,4.579303675048356,0.08413926499032881
令和7,鶴見区,北寺尾むつみ保育園,1歳,5.0,0.0
令和7,鶴見区,北寺尾むつみ保育園,2歳,5.0,0.0
令和7,鶴見区,北寺尾むつみ保育園,3歳,5.0,0.0
令和7,鶴見区,北寺尾むつみ保育園,4歳,4.806576402321084,0.03868471953578337
令和7,鶴見区,北寺尾むつみ保育園,5歳,5.0,0.0
令和7,鶴見区,北寺尾むつみ小規模保育施設,0歳,5.0,0.0
令和7,鶴見区,北寺尾むつみ小規模保育施設,1歳,5.0,0.0
令和7,鶴見区,北寺尾むつみ小規模保育施設,2歳,5.0,0.0
令和7,鶴見区,北寺尾むつみ小規模保育施設,3歳,5.0,0.0
令和7,鶴見区,北寺尾むつみ小規模保育施設,4歳,5.0,0.0
令和7,鶴見区,北寺尾むつみ小規模保育施設,5歳,5.0,0.0
令和7,鶴見区,北寺尾第二むつみ保育園,0歳,4.922299922299922,0.01554001554001554
令和7,鶴見区,北寺尾第二むつみ保育園,1歳,5.0,0.0
令和7,鶴見区,北寺尾第二むつみ保育園,2歳,4.866310160427807,0.026737967914438502
令和7,鶴見区,北寺尾第二むつみ保育園,3歳,3.0537028391026926,0.3892594321794615
令和7,鶴見区,北寺尾第二むつみ保育園,4歳,5.0,0.0
令和7,鶴見区,北寺尾第二むつみ保育園,5歳,5.0,0.0
令和7,鶴見区,北寺尾４丁目むつみ小規模保育施設,0歳,5.0,0.0
令和7,鶴見区,北寺尾４丁目むつみ小規模保育施設,1歳,5.0,0.0
令和7,鶴見区,北寺尾４丁目むつみ小規模保育施設,2歳,5.0,0.0
令和7,鶴見区,北寺尾４丁目むつみ小規模保育施設,3歳,5.0,0.0
令和7,鶴見区,北寺尾４丁目むつみ小規模保育施設,4歳,5.0,0.0
令和7,鶴見区,北寺尾４丁目むつみ小規模保育施設,5歳,5.0,0.0
令和7,鶴見区,太陽の子　尻手保育園,0歳,3.7878787878787876,0.2424242424242424
令和7,鶴見区,太陽の子　尻手保育園,1歳,5.0,0.0
令和7,鶴見区,太陽の子　尻手保育園,2歳,2.1212121212121215,0.5757575757575757
令和7,鶴見区,太陽の子　尻手保育園,3歳,1.174242424242424,0.7651515151515151
令和7,鶴見区,太陽の子　尻手保育園,4歳,2.0454545454545454,0.5909090909090909
令和7,鶴見区,太陽の子　尻手保育園,5歳,0.7142857142857145,0.8571428571428572
令和7,鶴見区,太陽の子　鶴見市場保育園,0歳,5.0,0.0
令和7,鶴見区,太陽の子　鶴見市場保育園,1歳,5.0,0.0
令和7,鶴見区,太陽の子　鶴見市場保育園,2歳,5.0,0.0
令和7,鶴見区,太陽の子　鶴見市場保育園,3歳,5.0,0.0
令和7,鶴見区,太陽の子　鶴見市場保育園,4歳,5.0,0.0
令和7,鶴見区,太陽の子　鶴見市場保育園,5歳,5.0,0.0
令和7,鶴見区,実遊中央保育園,0歳,4.3939393939393945,0.1212121212121212
令和7,鶴見区,実遊中央保育園,1歳,4.166666666666667,0.16666666666666666
令和7,鶴見区,実遊中央保育園,2歳,0.9696969696969695,0.8060606060606061
令和7,鶴見区,実遊中央保育園,3歳,4.7727272727272725,0.045454545454545456
令和7,鶴見区,実遊中央保育園,4歳,1.378787878787879,0.7242424242424242
令和7,鶴見区,実遊中央保育園,5歳,3.8636363636363638,0.22727272727272727
令和7,鶴見区,尻手すきっぷ保育園,0歳,2.9545454545454546,0.4090909090909091
令和7,鶴見区,尻手すきっぷ保育園,1歳,4.579303675048356,0.08413926499032881
令和7,鶴見区,尻手すきっぷ保育園,2歳,4.318181818181818,0.13636363636363635
令和7,鶴見区,尻手すきっぷ保育園,3歳,5.0,0.0
令和7,鶴見区,尻手すきっぷ保育園,4歳,2.5676982591876207,0.48646034816247585
令和7,鶴見区,尻手すきっぷ保育園,5歳,1.25,0.75
令和7,鶴見区,尻手スマイル保育園,0歳,4.255892255892256,0.14882154882154883
令和7,鶴見区,尻手スマイル保育園,1歳,4.806576402321084,0.03868471953578337
令和7,鶴見区,尻手スマイル保育園,2歳,3.6363636363636362,0.2727272727272727
令和7,鶴見区,尻手スマイル保育園,3歳,5.0,0.0
令和7,鶴見区,尻手スマイル保育園,4歳,5.0,0.0
令和7,鶴見区,尻手スマイル保育園,5歳,5.0,0.0
令和7,鶴見区,市場ポケット保育園,0歳,5.0,0.0
令和7,鶴見区,市場ポケット保育園,1歳,4.7727272727272725,0.045454545454545456
令和7,鶴見区,市場ポケット保育園,2歳,4.545454545454546,0.09090909090909091
令和7,鶴見区,市場ポケット保育園,3歳,4.545454545454546,0.09090909090909091
令和7,鶴見区,市場ポケット保育園,4歳,3.106060606060606,0.37878787878787884
令和7,鶴見区,市場ポケット保育園,5歳,3.1818181818181817,0.36363636363636365
令和7,鶴見区,市場保育園,0歳,3.666666666666667,0.26666666666666666
令和7,鶴見区,市場保育園,1歳,4.866310160427807,0.026737967914438502
令和7,鶴見区,市場保育園,2歳,2.9318181818181817,0.41363636363636364
令和7,鶴見区,市場保育園,3歳,4.7727272727272725,0.045454545454545456
令和7,鶴見区,市場保育園,4歳,4.431818181818182,0.11363636363636363
令和7,鶴見区,市場保育園,5歳,5.0,0.0
令和7,鶴見区,幸いづみ保育園,0歳,3.257575757575758,0.34848484848484845
令和7,鶴見区,幸いづみ保育園,1歳,3.8636363636363638,0.22727272727272727
令和7,鶴見区,幸いづみ保育園,2歳,5.0,0.0
令和7,鶴見区,幸いづみ保育園,3歳,4.318181818181818,0.13636363636363635
令和7,鶴見区,幸いづみ保育園,4歳,5.0,0.0
令和7,鶴見区,幸いづみ保育園,5歳,2.5,0.5
令和7,鶴見区,幼保連携型認定こども園　あさひ台幼稚園,0歳,5.0,0.0
令和7,鶴見区,幼保連携型認定こども園　あさひ台幼稚園,1歳,5.0,0.0
令和7,鶴見区,幼保連携型認定こども園　あさひ台幼稚園,2歳,4.878787878787879,0.024242424242424242
令和7,鶴見区,幼保連携型認定こども園　あさひ台幼稚園,3歳,4.866310160427807,0.026737967914438502
令和7,鶴見区,幼保連携型認定こども園　あさひ台幼稚園,4歳,5.0,0.0
令和7,鶴見区,幼保連携型認定こども園　あさひ台幼稚園,5歳,5.0,0.0
令和7,鶴見区,新鶴見はなかご保育園,0歳,5.0,0.0
令和7,鶴見区,新鶴見はなかご保育園,1歳,4.878787878787879,0.024242424242424242
令和7,鶴見区,新鶴見はなかご保育園,2歳,5.0,0.0
令和7,鶴見区,新鶴見はなかご保育園,3歳,5.0,0.0
令和7,鶴見区,新鶴見はなかご保育園,4歳,5.0,0.0
令和7,鶴見区,新鶴見はなかご保育園,5歳,5.0,0.0
令和7,鶴見区,明日葉保育園駒岡園,0歳,5.0,0.0
令和7,鶴見区,明日葉保育園駒岡園,1歳,4.85096870342772,0.02980625931445604
令和7,鶴見区,明日葉保育園駒岡園,2歳,3.143939393939394,0.37121212121212116
令和7,鶴見区,明日葉保育園駒岡園,3歳,5.0,0.0
令和7,鶴見区,明日葉保育園駒岡園,4歳,4.7727272727272725,0.045454545454545456
令和7,鶴見区,明日葉保育園駒岡園,5歳,3.409090909090909,0.3181818181818182
令和7,鶴見区,明日葉保育園鶴見園,0歳,5.0,0.0
令和7,鶴見区,明日葉保育園鶴見園,1歳,4.053030303030304,0.18939393939393936
令和7,鶴見区,明日葉保育園鶴見園,2歳,4.015151515151515,0.19696969696969696
令和7,鶴見区,明日葉保育園鶴見園,3歳,4.090909090909091,0.18181818181818182
令和7,鶴見区,明日葉保育園鶴見園,4歳,3.409090909090909,0.3181818181818182
令和7,鶴見区,明日葉保育園鶴見園,5歳,3.409090909090909,0.3181818181818182
令和7,鶴見区,木下の保育園　江ヶ崎,0歳,4.757575757575758,0.048484848484848485
令和7,鶴見区,木下の保育園　江ヶ崎,1歳,4.080660527151476,0.18386789456970468
令和7,鶴見区,木下の保育園　江ヶ崎,2歳,5.0,0.0
令和7,鶴見区,木下の保育園　江ヶ崎,3歳,3.6363636363636362,0.2727272727272727
令和7,鶴見区,木下の保育園　江ヶ崎,4歳,3.805609284332689,0.23887814313346228
令和7,鶴見区,木下の保育園　江ヶ崎,5歳,3.0303030303030307,0.3939393939393939
令和7,鶴見区,末吉いづみ保育園,0歳,4.7727272727272725,0.045454545454545456
令和7,鶴見区,末吉いづみ保育園,1歳,5.0,0.0
令和7,鶴見区,末吉いづみ保育園,2歳,4.831649831649832,0.03367003367003367
令和7,鶴見区,末吉いづみ保育園,3歳,5.0,0.0
令和7,鶴見区,末吉いづみ保育園,4歳,5.0,0.0
令和7,鶴見区,末吉いづみ保育園,5歳,5.0,0.0
令和7,鶴見区,末吉にこにこ保育園,0歳,4.638226233970915,0.07235475320581704
令和7,鶴見区,末吉にこにこ保育園,1歳,5.0,0.0
令和7,鶴見区,末吉にこにこ保育園,2歳,5.0,0.0
令和7,鶴見区,末吉にこにこ保育園,3歳,4.806576402321084,0.03868471953578337
令和7,鶴見区,末吉にこにこ保育園,4歳,5.0,0.0
令和7,鶴見区,末吉にこにこ保育園,5歳,5.0,0.0
令和7,鶴見区,東寺尾どろんこ保育園,0歳,5.0,0.0
令和7,鶴見区,東寺尾どろんこ保育園,1歳,5.0,0.0
令和7,鶴見区,東寺尾どろんこ保育園,2歳,5.0,0.0
令和7,鶴見区,東寺尾どろんこ保育園,3歳,2.1520540431305757,0.5695891913738849
令和7,鶴見区,東寺尾どろんこ保育園,4歳,5.0,0.0
令和7,鶴見区,東寺尾どろんこ保育園,5歳,4.545454545454546,0.09090909090909091
令和7,鶴見区,東漸保育園,0歳,5.0,0.0
令和7,鶴見区,東漸保育園,1歳,4.806576402321084,0.03868471953578337
令和7,鶴見区,東漸保育園,2歳,3.5606060606060606,0.28787878787878785
令和7,鶴見区,東漸保育園,3歳,4.352030947775629,0.12959381044487428
令和7,鶴見区,東漸保育園,4歳,4.806576402321084,0.03868471953578337
令和7,鶴見区,東漸保育園,5歳,3.333333333333333,0.3333333333333333
令和7,鶴見区,桑の実馬場保育園,0歳,5.0,0.0
令和7,鶴見区,桑の実馬場保育園,1歳,3.6363636363636362,0.2727272727272727
令和7,鶴見区,桑の実馬場保育園,2歳,5.0,0.0
令和7,鶴見区,桑の実馬場保育園,3歳,5.0,0.0
令和7,鶴見区,桑の実馬場保育園,4歳,5.0,0.0
令和7,鶴見区,桑の実馬場保育園,5歳,5.0,0.0
令和7,鶴見区,桑の実鶴見保育園,0歳,5.0,0.0
令和7,鶴見区,桑の実鶴見保育園,1歳,5.0,0.0
令和7,鶴見区,桑の実鶴見保育園,2歳,5.0,0.0
令和7,鶴見区,桑の実鶴見保育園,3歳,5.0,0.0
令和7,鶴見区,桑の実鶴見保育園,4歳,4.318181818181818,0.13636363636363635
令和7,鶴見区,桑の実鶴見保育園,5歳,5.0,0.0
令和7,鶴見区,横浜山手モンテッソーリ保育園,0歳,4.7727272727272725,0.045454545454545456
令和7,鶴見区,横浜山手モンテッソーリ保育園,1歳,5.0,0.0
令和7,鶴見区,横浜山手モンテッソーリ保育園,2歳,5.0,0.0
令和7,鶴見区,横浜山手モンテッソーリ保育園,3歳,5.0,0.0
令和7,鶴見区,横浜山手モンテッソーリ保育園,4歳,5.0,0.0
令和7,鶴見区,横浜山手モンテッソーリ保育園,5歳,5.0,0.0
令和7,鶴見区,横浜市潮田保育園,0歳,4.7727272727272725,0.045454545454545456
令和7,鶴見区,横浜市潮田保育園,1歳,4.897854954034729,0.02042900919305414
令和7,鶴見区,横浜市潮田保育園,2歳,5.0,0.0
令和7,鶴見区,横浜市潮田保育園,3歳,5.0,0.0
令和7,鶴見区,横浜市潮田保育園,4歳,5.0,0.0
令和7,鶴見区,横浜市潮田保育園,5歳,3.8636363636363638,0.22727272727272727
令和7,鶴見区,横浜市芦穂崎保育園,0歳,3.4740259740259742,0.3051948051948052
令和7,鶴見区,横浜市芦穂崎保育園,1歳,4.357122628150666,0.12857547436986688
令和7,鶴見区,横浜市芦穂崎保育園,2歳,3.409090909090909,0.3181818181818182
令和7,鶴見区,横浜市芦穂崎保育園,3歳,2.878787878787879,0.4242424242424242
令和7,鶴見区,横浜市芦穂崎保育園,4歳,1.569264069264069,0.6861471861471862
令和7,鶴見区,横浜市芦穂崎保育園,5歳,2.272727272727273,0.5454545454545454
令和7,鶴見区,横浜市馬場保育園,0歳,5.0,0.0
令和7,鶴見区,横浜市馬場保育園,1歳,5.0,0.0
令和7,鶴見区,横浜市馬場保育園,2歳,5.0,0.0
令和7,鶴見区,横浜市馬場保育園,3歳,5.0,0.0
令和7,鶴見区,横浜市馬場保育園,4歳,2.3863636363636362,0.5227272727272727
令和7,鶴見区,横浜市馬場保育園,5歳,2.234848484848485,0.553030303030303
令和7,鶴見区,横浜市鶴見保育園,0歳,4.128787878787879,0.17424242424242423
令和7,鶴見区,横浜市鶴見保育園,1歳,5.0,0.0
令和7,鶴見区,横浜市鶴見保育園,2歳,2.3484848484848486,0.5303030303030303
令和7,鶴見区,横浜市鶴見保育園,3歳,4.545454545454546,0.09090909090909091
令和7,鶴見区,横浜市鶴見保育園,4歳,4.7727272727272725,0.045454545454545456
令和7,鶴見区,横浜市鶴見保育園,5歳,5.0,0.0
令和7,鶴見区,横浜矢向雲母保育園,0歳,3.4469696969696972,0.3106060606060606
令和7,鶴見区,横浜矢向雲母保育園,1歳,4.613152804642167,0.07736943907156674
令和7,鶴見区,横浜矢向雲母保育園,2歳,1.1904761904761905,0.761904761904762
令和7,鶴見区,横浜矢向雲母保育園,3歳,5.0,0.0
令和7,鶴見区,横浜矢向雲母保育園,4歳,1.7045454545454546,0.6590909090909091
令和7,鶴見区,横浜矢向雲母保育園,5歳,0.9999999999999999,0.8
令和7,鶴見区,生麦ポケット保育園,0歳,4.46969696969697,0.10606060606060605
令和7,鶴見区,生麦ポケット保育園,1歳,5.0,0.0
令和7,鶴見区,生麦ポケット保育園,2歳,2.9474003291088082,0.4105199341782384
令和7,鶴見区,生麦ポケット保育園,3歳,1.7424242424242424,0.6515151515151515
令和7,鶴見区,生麦ポケット保育園,4歳,5.0,0.0
令和7,鶴見区,生麦ポケット保育園,5歳,1.196969696969697,0.7606060606060606
令和7,鶴見区,生麦保育園,0歳,5.0,0.0
令和7,鶴見区,生麦保育園,1歳,1.3558065212079624,0.7288386957584074
令和7,鶴見区,生麦保育園,2歳,1.227272727272727,0.7545454545454546
令和7,鶴見区,生麦保育園,3歳,4.242424242424242,0.1515151515151515
令和7,鶴見区,生麦保育園,4歳,2.575757575757576,0.4848484848484848
令和7,鶴見区,生麦保育園,5歳,1.25,0.75
令和7,鶴見区,矢向あけぼの保育園,0歳,2.6136363636363638,0.4772727272727273
令和7,鶴見区,矢向あけぼの保育園,1歳,4.090909090909091,0.18181818181818182
令和7,鶴見区,矢向あけぼの保育園,2歳,2.651515151515152,0.46969696969696967
令和7,鶴見区,矢向あけぼの保育園,3歳,1.8181818181818186,0.6363636363636364
令和7,鶴見区,矢向あけぼの保育園,4歳,5.0,0.0
令和7,鶴見区,矢向あけぼの保育園,5歳,5.0,0.0
令和7,鶴見区,矢向つぼみ保育園,0歳,5.0,0.0
令和7,鶴見区,矢向つぼみ保育園,1歳,4.318181818181818,0.13636363636363635
令和7,鶴見区,矢向つぼみ保育園,2歳,2.0454545454545454,0.5909090909090909
令和7,鶴見区,矢向つぼみ保育園,3歳,5.0,0.0
令和7,鶴見区,矢向つぼみ保育園,4歳,5.0,0.0
令和7,鶴見区,矢向つぼみ保育園,5歳,5.0,0.0
令和7,鶴見区,矢向保育園,0歳,5.0,0.0
令和7,鶴見区,矢向保育園,1歳,4.4109535066981875,0.1178092986603625
令和7,鶴見区,矢向保育園,2歳,2.1212121212121215,0.5757575757575757
令和7,鶴見区,矢向保育園,3歳,1.1136363636363635,0.7772727272727273
令和7,鶴見区,矢向保育園,4歳,0.8787878787878786,0.8242424242424242
令和7,鶴見区,矢向保育園,5歳,1.4772727272727273,0.7045454545454546
令和7,鶴見区,總持寺保育園,0歳,3.977272727272727,0.20454545454545456
令和7,鶴見区,總持寺保育園,1歳,4.889135254988914,0.022172949002217297
令和7,鶴見区,總持寺保育園,2歳,3.4497755331088666,0.3100448933782267
令和7,鶴見区,總持寺保育園,3歳,4.728629579375848,0.05427408412483039
令和7,鶴見区,總持寺保育園,4歳,3.8831168831168834,0.2233766233766234
令和7,鶴見区,總持寺保育園,5歳,4.276273372018053,0.14474532559638942
令和7,鶴見区,總持寺本町通保育園,0歳,5.0,0.0
令和7,鶴見区,總持寺本町通保育園,1歳,5.0,0.0
令和7,鶴見区,總持寺本町通保育園,2歳,4.806576402321084,0.03868471953578337
令和7,鶴見区,總持寺本町通保育園,3歳,4.7727272727272725,0.045454545454545456
令和7,鶴見区,總持寺本町通保育園,4歳,3.9393939393939394,0.2121212121212121
令和7,鶴見区,總持寺本町通保育園,5歳,2.9545454545454546,0.4090909090909091
令和7,鶴見区,花園保育園ベビーホーム,0歳,5.0,0.0
令和7,鶴見区,花園保育園ベビーホーム,1歳,4.527027027027027,0.09459459459459457
令和7,鶴見区,花園保育園ベビーホーム,2歳,1.393939393939394,0.7212121212121212
令和7,鶴見区,花園保育園ベビーホーム,3歳,3.9545454545454546,0.20909090909090908
令和7,鶴見区,花園保育園ベビーホーム,4歳,1.2348484848484846,0.753030303030303
令和7,鶴見区,花園保育園ベビーホーム,5歳,2.0454545454545454,0.5909090909090909
令和7,鶴見区,花月園前ここわ保育園,0歳,5.0,0.0
令和7,鶴見区,花月園前ここわ保育園,1歳,5.0,0.0
令和7,鶴見区,花月園前ここわ保育園,2歳,2.607417458163727,0.47851650836725457
令和7,鶴見区,花月園前ここわ保育園,3歳,5.0,0.0
令和7,鶴見区,花月園前ここわ保育園,4歳,4.090909090909091,0.18181818181818182
令和7,鶴見区,花月園前ここわ保育園,5歳,5.0,0.0
令和7,鶴見区,認定こども園　若葉幼稚園,0歳,5.0,0.0
令和7,鶴見区,認定こども園　若葉幼稚園,1歳,5.0,0.0
令和7,鶴見区,認定こども園　若葉幼稚園,2歳,5.0,0.0
令和7,鶴見区,認定こども園　若葉幼稚園,3歳,5.0,0.0
令和7,鶴見区,認定こども園　若葉幼稚園,4歳,5.0,0.0
令和7,鶴見区,認定こども園　若葉幼稚園,5歳,5.0,0.0
令和7,鶴見区,認定こども園　ＹＭＣＡつるみ保育園,0歳,4.146423248882265,0.17071535022354697
令和7,鶴見区,認定こども園　ＹＭＣＡつるみ保育園,1歳,3.606060606060606,0.2787878787878788
令和7,鶴見区,認定こども園　ＹＭＣＡつるみ保育園,2歳,5.0,0.0
令和7,鶴見区,認定こども園　ＹＭＣＡつるみ保育園,3歳,5.0,0.0
令和7,鶴見区,認定こども園　ＹＭＣＡつるみ保育園,4歳,5.0,0.0
令和7,鶴見区,認定こども園　ＹＭＣＡつるみ保育園,5歳,5.0,0.0
令和7,鶴見区,豊岡ひまわり保育園,0歳,4.926686217008798,0.014662756598240472
令和7,鶴見区,豊岡ひまわり保育園,1歳,4.911738746690204,0.0176522506619594
令和7,鶴見区,豊岡ひまわり保育園,2歳,5.0,0.0
令和7,鶴見区,豊岡ひまわり保育園,3歳,5.0,0.0
令和7,鶴見区,豊岡ひまわり保育園,4歳,5.0,0.0
令和7,鶴見区,豊岡ひまわり保育園,5歳,2.1969696969696972,0.5606060606060606
令和7,鶴見区,馬場どろんこ保育園,0歳,5.0,0.0
令和7,鶴見区,馬場どろんこ保育園,1歳,5.0,0.0
令和7,鶴見区,馬場どろんこ保育園,2歳,5.0,0.0
令和7,鶴見区,馬場どろんこ保育園,3歳,4.831649831649832,0.03367003367003367
令和7,鶴見区,馬場どろんこ保育園,4歳,5.0,0.0
令和7,鶴見区,馬場どろんこ保育園,5歳,5.0,0.0
令和7,鶴見区,駒岡げんきっず保育園,0歳,4.352030947775629,0.12959381044487428
令和7,鶴見区,駒岡げんきっず保育園,1歳,4.128787878787879,0.17424242424242423
令和7,鶴見区,駒岡げんきっず保育園,2歳,4.7727272727272725,0.045454545454545456
令和7,鶴見区,駒岡げんきっず保育園,3歳,3.8068181818181817,0.23863636363636365
令和7,鶴見区,駒岡げんきっず保育園,4歳,1.9696969696969702,0.606060606060606
令和7,鶴見区,駒岡げんきっず保育園,5歳,2.4242424242424243,0.5151515151515151
令和7,鶴見区,駒岡保育園,0歳,5.0,0.0
令和7,鶴見区,駒岡保育園,1歳,5.0,0.0
令和7,鶴見区,駒岡保育園,2歳,4.696969696969696,0.0606060606060606
令和7,鶴見区,駒岡保育園,3歳,2.727272727272727,0.45454545454545453
令和7,鶴見区,駒岡保育園,4歳,4.696969696969696,0.0606060606060606
令和7,鶴見区,駒岡保育園,5歳,5.0,0.0
令和7,鶴見区,鶴見あけぼの保育園,0歳,4.922299922299922,0.01554001554001554
令和7,鶴見区,鶴見あけぼの保育園,1歳,4.545454545454546,0.09090909090909091
令和7,鶴見区,鶴見あけぼの保育園,2歳,5.0,0.0
令和7,鶴見区,鶴見あけぼの保育園,3歳,5.0,0.0
令和7,鶴見区,鶴見あけぼの保育園,4歳,5.0,0.0
令和7,鶴見区,鶴見あけぼの保育園,5歳,5.0,0.0
令和7,鶴見区,鶴見すずらん保育園,0歳,3.8427128427128427,0.23145743145743145
令和7,鶴見区,鶴見すずらん保育園,1歳,5.0,0.0
令和7,鶴見区,鶴見すずらん保育園,2歳,4.090909090909091,0.18181818181818182
令和7,鶴見区,鶴見すずらん保育園,3歳,4.7727272727272725,0.045454545454545456
令和7,鶴見区,鶴見すずらん保育園,4歳,4.090909090909091,0.18181818181818182
令和7,鶴見区,鶴見すずらん保育園,5歳,2.727272727272727,0.45454545454545453
令和7,鶴見区,鶴見どろんこ保育園,0歳,5.0,0.0
令和7,鶴見区,鶴見どろんこ保育園,1歳,5.0,0.0
令和7,鶴見区,鶴見どろんこ保育園,2歳,5.0,0.0
令和7,鶴見区,鶴見どろんこ保育園,3歳,4.866310160427807,0.026737967914438502
令和7,鶴見区,鶴見どろんこ保育園,4歳,4.806576402321084,0.03868471953578337
令和7,鶴見区,鶴見どろんこ保育園,5歳,4.545454545454546,0.09090909090909091
令和7,鶴見区,鶴見なのはな保育園,0歳,4.169150521609538,0.1661698956780924
令和7,鶴見区,鶴見なのはな保育園,1歳,5.0,0.0
令和7,鶴見区,鶴見なのはな保育園,2歳,3.6363636363636362,0.2727272727272727
令和7,鶴見区,鶴見なのはな保育園,3歳,5.0,0.0
令和7,鶴見区,鶴見なのはな保育園,4歳,5.0,0.0
令和7,鶴見区,鶴見なのはな保育園,5歳,5.0,0.0
令和7,鶴見区,鶴見ぬくもり保育園,0歳,5.0,0.0
令和7,鶴見区,鶴見ぬくもり保育園,1歳,3.9814814814814814,0.2037037037037037
令和7,鶴見区,鶴見ぬくもり保育園,2歳,3.6363636363636362,0.2727272727272727
令和7,鶴見区,鶴見ぬくもり保育園,3歳,5.0,0.0
令和7,鶴見区,鶴見ぬくもり保育園,4歳,5.0,0.0
令和7,鶴見区,鶴見ぬくもり保育園,5歳,5.0,0.0
令和7,鶴見区,鶴見サンフラワー保育園,0歳,3.8636363636363638,0.22727272727272727
令和7,鶴見区,鶴見サンフラワー保育園,1歳,4.242424242424242,0.1515151515151515
令和7,鶴見区,鶴見サンフラワー保育園,2歳,1.25,0.75
令和7,鶴見区,鶴見サンフラワー保育園,3歳,5.0,0.0
令和7,鶴見区,鶴見サンフラワー保育園,4歳,5.0,0.0
令和7,鶴見区,鶴見サンフラワー保育園,5歳,5.0,0.0
令和7,鶴見区,鶴見ポケット保育園,0歳,5.0,0.0
令和7,鶴見区,鶴見ポケット保育園,1歳,5.0,0.0
令和7,鶴見区,鶴見ポケット保育園,2歳,4.090909090909091,0.18181818181818182
令和7,鶴見区,鶴見ポケット保育園,3歳,5.0,0.0
令和7,鶴見区,鶴見ポケット保育園,4歳,5.0,0.0
令和7,鶴見区,鶴見ポケット保育園,5歳,5.0,0.0
令和7,鶴見区,鶴見ルーナ保育園,0歳,4.866310160427807,0.026737967914438502
令和7,鶴見区,鶴見ルーナ保育園,1歳,5.0,0.0
令和7,鶴見区,鶴見ルーナ保育園,2歳,4.124758220502901,0.17504835589941972
令和7,鶴見区,鶴見ルーナ保育園,3歳,5.0,0.0
令和7,鶴見区,鶴見ルーナ保育園,4歳,4.806576402321084,0.03868471953578337
令和7,鶴見区,鶴見ルーナ保育園,5歳,5.0,0.0
令和7,鶴見区,鶴見中央はなかご保育園,0歳,5.0,0.0
令和7,鶴見区,鶴見中央はなかご保育園,1歳,5.0,0.0
令和7,鶴見区,鶴見中央はなかご保育園,2歳,4.545454545454546,0.09090909090909091
令和7,鶴見区,鶴見中央はなかご保育園,3歳,2.1969696969696972,0.5606060606060606
令和7,鶴見区,鶴見中央はなかご保育園,4歳,3.8636363636363638,0.22727272727272727
令和7,鶴見区,鶴見中央はなかご保育園,5歳,4.545454545454546,0.09090909090909091
令和7,鶴見区,鶴見中央ハート保育園,0歳,4.444802636291998,0.1110394727416004
令和7,鶴見区,鶴見中央ハート保育園,1歳,4.50354609929078,0.09929078014184398
令和7,鶴見区,鶴見中央ハート保育園,2歳,3.6363636363636362,0.2727272727272727
令和7,鶴見区,鶴見中央ハート保育園,3歳,5.0,0.0
令和7,鶴見区,鶴見中央ハート保育園,4歳,5.0,0.0
令和7,鶴見区,鶴見中央ハート保育園,5歳,5.0,0.0
令和7,鶴見区,鶴見乳幼児福祉センター保育園,0歳,4.833194328607172,0.03336113427856547
令和7,鶴見区,鶴見乳幼児福祉センター保育園,1歳,5.0,0.0
令和7,鶴見区,鶴見乳幼児福祉センター保育園,2歳,5.0,0.0
令和7,鶴見区,鶴見乳幼児福祉センター保育園,3歳,1.396103896103896,0.7207792207792209
令和7,鶴見区,鶴見乳幼児福祉センター保育園,4歳,2.727272727272727,0.45454545454545453
令和7,鶴見区,鶴見乳幼児福祉センター保育園,5歳,4.545454545454546,0.09090909090909091
令和7,鶴見区,鶴見Ａｓａ保育園,0歳,4.124758220502901,0.17504835589941972
令和7,鶴見区,鶴見Ａｓａ保育園,1歳,5.0,0.0
令和7,鶴見区,鶴見Ａｓａ保育園,2歳,5.0,0.0
令和7,鶴見区,鶴見Ａｓａ保育園,3歳,5.0,0.0
令和7,鶴見区,鶴見Ａｓａ保育園,4歳,5.0,0.0
令和7,鶴見区,鶴見Ａｓａ保育園,5歳,5.0,0.0
令和7,鶴見区,Ｊキッズプラネット鶴見保育園,0歳,5.0,0.0
令和7,鶴見区,Ｊキッズプラネット鶴見保育園,1歳,5.0,0.0
令和7,鶴見区,Ｊキッズプラネット鶴見保育園,2歳,5.0,0.0
令和7,鶴見区,Ｊキッズプラネット鶴見保育園,3歳,5.0,0.0
令和7,鶴見区,Ｊキッズプラネット鶴見保育園,4歳,4.090909090909091,0.18181818181818182
令和7,鶴見区,Ｊキッズプラネット鶴見保育園,5歳,3.1818181818181817,0.36363636363636365
令和7,鶴見区,Ｐ’ｓスマイル保育園,0歳,5.0,0.0
令和7,鶴見区,Ｐ’ｓスマイル保育園,1歳,5.0,0.0
令和7,鶴見区,Ｐ’ｓスマイル保育園,2歳,3.8769883657149453,0.22460232685701087
令和7,鶴見区,Ｐ’ｓスマイル保育園,3歳,4.090909090909091,0.18181818181818182
令和7,鶴見区,Ｐ’ｓスマイル保育園,4歳,4.7727272727272725,0.045454545454545456
令和7,鶴見区,Ｐ’ｓスマイル保育園,5歳,4.545454545454546,0.09090909090909091
令和7,鶴見区,ＳＡＩＬ　ＫＩＤ保育園,0歳,4.318181818181818,0.13636363636363635
令和7,鶴見区,ＳＡＩＬ　ＫＩＤ保育園,1歳,4.7727272727272725,0.045454545454545456
令和7,鶴見区,ＳＡＩＬ　ＫＩＤ保育園,2歳,5.0,0.0
令和7,鶴見区,ＳＡＩＬ　ＫＩＤ保育園,3歳,5.0,0.0
令和7,鶴見区,ＳＡＩＬ　ＫＩＤ保育園,4歳,5.0,0.0
令和7,鶴見区,ＳＡＩＬ　ＫＩＤ保育園,5歳,5.0,0.0
令和7,鶴見区,ＳＡＮＤＡ ＫＩＤ保育園,0歳,4.7727272727272725,0.045454545454545456
令和7,鶴見区,ＳＡＮＤＡ ＫＩＤ保育園,1歳,5.0,0.0
令和7,鶴見区,ＳＡＮＤＡ ＫＩＤ保育園,2歳,5.0,0.0
令和7,鶴見区,ＳＡＮＤＡ ＫＩＤ保育園,3歳,3.8636363636363638,0.22727272727272727
令和7,鶴見区,ＳＡＮＤＡ ＫＩＤ保育園,4歳,5.0,0.0
令和7,鶴見区,ＳＡＮＤＡ ＫＩＤ保育園,5歳,5.0,0.0
令和7,鶴見区,ＳＥＡ　ＫＩＤ保育園,0歳,5.0,0.0
令和7,鶴見区,ＳＥＡ　ＫＩＤ保育園,1歳,4.866310160427807,0.026737967914438502
令和7,鶴見区,ＳＥＡ　ＫＩＤ保育園,2歳,5.0,0.0
令和7,鶴見区,ＳＥＡ　ＫＩＤ保育園,3歳,4.090909090909091,0.18181818181818182
令和7,鶴見区,ＳＥＡ　ＫＩＤ保育園,4歳,4.7727272727272725,0.045454545454545456
令和7,鶴見区,ＳＥＡ　ＫＩＤ保育園,5歳,3.5454545454545454,0.29090909090909095
令和8,中区,あいりす　新山下保育室,0歳,1.25,0.75
令和8,中区,あいりす　新山下保育室,1歳,5.0,0.0
令和8,中区,あいりす　新山下保育室,2歳,5.0,0.0
令和8,中区,あいりす　新山下保育室,3歳,5.0,0.0
令和8,中区,あいりす　新山下保育室,4歳,5.0,0.0
令和8,中区,あいりす　新山下保育室,5歳,5.0,0.0
令和8,中区,あいりす　本牧保育室,0歳,2.5,0.5
令和8,中区,あいりす　本牧保育室,1歳,5.0,0.0
令和8,中区,あいりす　本牧保育室,2歳,5.0,0.0
令和8,中区,あいりす　本牧保育室,3歳,5.0,0.0
令和8,中区,あいりす　本牧保育室,4歳,5.0,0.0
令和8,中区,あいりす　本牧保育室,5歳,5.0,0.0
令和8,中区,うちゅうこども園やまて,0歳,2.5,0.5
令和8,中区,うちゅうこども園やまて,1歳,5.0,0.0
令和8,中区,うちゅうこども園やまて,2歳,5.0,0.0
令和8,中区,うちゅうこども園やまて,3歳,5.0,0.0
令和8,中区,うちゅうこども園やまて,4歳,5.0,0.0
令和8,中区,うちゅうこども園やまて,5歳,5.0,0.0
令和8,中区,うちゅう保育園やました,0歳,1.25,0.75
令和8,中区,うちゅう保育園やました,1歳,5.0,0.0
令和8,中区,うちゅう保育園やました,2歳,5.0,0.0
令和8,中区,うちゅう保育園やました,3歳,5.0,0.0
令和8,中区,うちゅう保育園やました,4歳,2.5,0.5
令和8,中区,うちゅう保育園やました,5歳,5.0,0.0
令和8,中区,うみの風保育園,0歳,1.666666666666667,0.6666666666666666
令和8,中区,うみの風保育園,1歳,5.0,0.0
令和8,中区,うみの風保育園,2歳,5.0,0.0
令和8,中区,うみの風保育園,3歳,5.0,0.0
令和8,中区,うみの風保育園,4歳,5.0,0.0
令和8,中区,うみの風保育園,5歳,5.0,0.0
令和8,中区,ことぶき保育園,0歳,1.666666666666667,0.6666666666666666
令和8,中区,ことぶき保育園,1歳,1.666666666666667,0.6666666666666666
令和8,中区,ことぶき保育園,2歳,5.0,0.0
令和8,中区,ことぶき保育園,3歳,0.8333333333333331,0.8333333333333334
令和8,中区,ことぶき保育園,4歳,5.0,0.0
令和8,中区,ことぶき保育園,5歳,1.666666666666667,0.6666666666666666
令和8,中区,こもれび保育園根岸園,0歳,1.25,0.75
令和8,中区,こもれび保育園根岸園,1歳,2.5,0.5
令和8,中区,こもれび保育園根岸園,2歳,1.666666666666667,0.6666666666666666
令和8,中区,こもれび保育園根岸園,3歳,5.0,0.0
令和8,中区,こもれび保育園根岸園,4歳,5.0,0.0
令和8,中区,こもれび保育園根岸園,5歳,5.0,0.0
令和8,中区,すいとぴー保育園,0歳,1.666666666666667,0.6666666666666666
令和8,中区,すいとぴー保育園,1歳,5.0,0.0
令和8,中区,すいとぴー保育園,2歳,2.5,0.5
令和8,中区,すいとぴー保育園,3歳,1.25,0.75
令和8,中区,すいとぴー保育園,4歳,0.7142857142857145,0.8571428571428571
令和8,中区,すいとぴー保育園,5歳,0.625,0.875
令和8,中区,にじいろ保育園関内,0歳,5.0,0.0
令和8,中区,にじいろ保育園関内,1歳,5.0,0.0
令和8,中区,にじいろ保育園関内,2歳,5.0,0.0
令和8,中区,にじいろ保育園関内,3歳,2.872340425531915,0.425531914893617
令和8,中区,にじいろ保育園関内,4歳,5.0,0.0
令和8,中区,にじいろ保育園関内,5歳,5.0,0.0
令和8,中区,のぞみ山手駅前保育園,0歳,5.0,0.0
令和8,中区,のぞみ山手駅前保育園,1歳,5.0,0.0
令和8,中区,のぞみ山手駅前保育園,2歳,5.0,0.0
令和8,中区,のぞみ山手駅前保育園,3歳,5.0,0.0
令和8,中区,のぞみ山手駅前保育園,4歳,5.0,0.0
令和8,中区,のぞみ山手駅前保育園,5歳,5.0,0.0
令和8,中区,ほんもくはら保育園,0歳,5.0,0.0
令和8,中区,ほんもくはら保育園,1歳,5.0,0.0
令和8,中区,ほんもくはら保育園,2歳,2.5,0.5
令和8,中区,ほんもくはら保育園,3歳,5.0,0.0
令和8,中区,ほんもくはら保育園,4歳,5.0,0.0
令和8,中区,ほんもくはら保育園,5歳,5.0,0.0
令和8,中区,アスクバイリンガル保育園　山下町,0歳,0.9999999999999998,0.8
令和8,中区,アスクバイリンガル保育園　山下町,1歳,5.0,0.0
令和8,中区,アスクバイリンガル保育園　山下町,2歳,5.0,0.0
令和8,中区,アスクバイリンガル保育園　山下町,3歳,0.8333333333333331,0.8333333333333334
令和8,中区,アスクバイリンガル保育園　山下町,4歳,0.9999999999999998,0.8
令和8,中区,アスクバイリンガル保育園　山下町,5歳,1.666666666666667,0.6666666666666666
令和8,中区,アスク本牧保育園,0歳,5.0,0.0
令和8,中区,アスク本牧保育園,1歳,1.5517241379310343,0.6896551724137931
令和8,中区,アスク本牧保育園,2歳,5.0,0.0
令和8,中区,アスク本牧保育園,3歳,5.0,0.0
令和8,中区,アスク本牧保育園,4歳,1.666666666666667,0.6666666666666666
令和8,中区,アスク本牧保育園,5歳,5.0,0.0
令和8,中区,アスク馬車道保育園,0歳,2.5,0.5
令和8,中区,アスク馬車道保育園,1歳,5.0,0.0
令和8,中区,アスク馬車道保育園,2歳,3.1481481481481484,0.37037037037037035
令和8,中区,アスク馬車道保育園,3歳,5.0,0.0
令和8,中区,アスク馬車道保育園,4歳,5.0,0.0
令和8,中区,アスク馬車道保育園,5歳,1.25,0.75
令和8,中区,アメリカ山徳育こども園,0歳,2.5,0.5
令和8,中区,アメリカ山徳育こども園,1歳,2.5,0.5
令和8,中区,アメリカ山徳育こども園,2歳,5.0,0.0
令和8,中区,アメリカ山徳育こども園,3歳,2.5,0.5
令和8,中区,アメリカ山徳育こども園,4歳,1.666666666666667,0.6666666666666666
令和8,中区,アメリカ山徳育こども園,5歳,1.666666666666667,0.6666666666666666
令和8,中区,キッズパートナー横浜市役所,0歳,5.0,0.0
令和8,中区,キッズパートナー横浜市役所,1歳,5.0,0.0
令和8,中区,キッズパートナー横浜市役所,2歳,5.0,0.0
令和8,中区,キッズパートナー横浜市役所,3歳,5.0,0.0
令和8,中区,キッズパートナー横浜市役所,4歳,5.0,0.0
令和8,中区,キッズパートナー横浜市役所,5歳,5.0,0.0
令和8,中区,キディ石川町・横浜,0歳,5.0,0.0
令和8,中区,キディ石川町・横浜,1歳,2.5,0.5
令和8,中区,キディ石川町・横浜,2歳,5.0,0.0
令和8,中区,キディ石川町・横浜,3歳,1.25,0.75
令和8,中区,キディ石川町・横浜,4歳,1.666666666666667,0.6666666666666666
令和8,中区,キディ石川町・横浜,5歳,5.0,0.0
令和8,中区,クラウン保育園,0歳,5.0,0.0
令和8,中区,クラウン保育園,1歳,5.0,0.0
令和8,中区,クラウン保育園,2歳,5.0,0.0
令和8,中区,クラウン保育園,3歳,0.9999999999999998,0.8
令和8,中区,クラウン保育園,4歳,1.666666666666667,0.6666666666666666
令和8,中区,クラウン保育園,5歳,1.25,0.75
令和8,中区,シュハリィ本牧保育園,0歳,5.0,0.0
令和8,中区,シュハリィ本牧保育園,1歳,5.0,0.0
令和8,中区,シュハリィ本牧保育園,2歳,5.0,0.0
令和8,中区,シュハリィ本牧保育園,3歳,5.0,0.0
令和8,中区,シュハリィ本牧保育園,4歳,5.0,0.0
令和8,中区,シュハリィ本牧保育園,5歳,5.0,0.0
令和8,中区,スターチャイルド《桜木町ステーションナーサリー》,0歳,5.0,0.0
令和8,中区,スターチャイルド《桜木町ステーションナーサリー》,1歳,5.0,0.0
令和8,中区,スターチャイルド《桜木町ステーションナーサリー》,2歳,3.666666666666667,0.26666666666666666
令和8,中区,スターチャイルド《桜木町ステーションナーサリー》,3歳,5.0,0.0
令和8,中区,スターチャイルド《桜木町ステーションナーサリー》,4歳,2.5,0.5
令和8,中区,スターチャイルド《桜木町ステーションナーサリー》,5歳,5.0,0.0
令和8,中区,ニチイキッズ桜木町保育園,0歳,5.0,0.0
令和8,中区,ニチイキッズ桜木町保育園,1歳,5.0,0.0
令和8,中区,ニチイキッズ桜木町保育園,2歳,5.0,0.0
令和8,中区,ニチイキッズ桜木町保育園,3歳,5.0,0.0
令和8,中区,ニチイキッズ桜木町保育園,4歳,5.0,0.0
令和8,中区,ニチイキッズ桜木町保育園,5歳,5.0,0.0
令和8,中区,ポピンズナーサリースクール馬車道,0歳,5.0,0.0
令和8,中区,ポピンズナーサリースクール馬車道,1歳,5.0,0.0
令和8,中区,ポピンズナーサリースクール馬車道,2歳,5.0,0.0
令和8,中区,ポピンズナーサリースクール馬車道,3歳,5.0,0.0
令和8,中区,ポピンズナーサリースクール馬車道,4歳,5.0,0.0
令和8,中区,ポピンズナーサリースクール馬車道,5歳,5.0,0.0
令和8,中区,ヨコハマきぼう保育園,0歳,5.0,0.0
令和8,中区,ヨコハマきぼう保育園,1歳,5.0,0.0
令和8,中区,ヨコハマきぼう保育園,2歳,5.0,0.0
令和8,中区,ヨコハマきぼう保育園,3歳,5.0,0.0
令和8,中区,ヨコハマきぼう保育園,4歳,2.5,0.5
令和8,中区,ヨコハマきぼう保育園,5歳,1.25,0.75
令和8,中区,ラフ・クルー元町保育園,0歳,1.666666666666667,0.6666666666666666
令和8,中区,ラフ・クルー元町保育園,1歳,5.0,0.0
令和8,中区,ラフ・クルー元町保育園,2歳,2.5,0.5
令和8,中区,ラフ・クルー元町保育園,3歳,1.666666666666667,0.6666666666666666
令和8,中区,ラフ・クルー元町保育園,4歳,1.25,0.75
令和8,中区,ラフ・クルー元町保育園,5歳,5.0,0.0
令和8,中区,ララランド横浜伊勢佐木,0歳,1.25,0.75
令和8,中区,ララランド横浜伊勢佐木,1歳,2.5,0.5
令和8,中区,ララランド横浜伊勢佐木,2歳,5.0,0.0
令和8,中区,ララランド横浜伊勢佐木,3歳,5.0,0.0
令和8,中区,ララランド横浜伊勢佐木,4歳,2.5,0.5
令和8,中区,ララランド横浜伊勢佐木,5歳,5.0,0.0
令和8,中区,ル・ボワ保育園,0歳,5.0,0.0
令和8,中区,ル・ボワ保育園,1歳,1.666666666666667,0.6666666666666666
令和8,中区,ル・ボワ保育園,2歳,2.5,0.5
令和8,中区,ル・ボワ保育園,3歳,5.0,0.0
令和8,中区,ル・ボワ保育園,4歳,5.0,0.0
令和8,中区,ル・ボワ保育園,5歳,5.0,0.0
令和8,中区,伊勢佐木町保育園,0歳,0.8333333333333331,0.8333333333333334
令和8,中区,伊勢佐木町保育園,1歳,5.0,0.0
令和8,中区,伊勢佐木町保育園,2歳,2.5,0.5
令和8,中区,伊勢佐木町保育園,3歳,5.0,0.0
令和8,中区,伊勢佐木町保育園,4歳,5.0,0.0
令和8,中区,伊勢佐木町保育園,5歳,5.0,0.0
令和8,中区,保育園ころころキッズガーデン,0歳,0.8333333333333331,0.8333333333333334
令和8,中区,保育園ころころキッズガーデン,1歳,5.0,0.0
令和8,中区,保育園ころころキッズガーデン,2歳,5.0,0.0
令和8,中区,保育園ころころキッズガーデン,3歳,5.0,0.0
令和8,中区,保育園ころころキッズガーデン,4歳,5.0,0.0
令和8,中区,保育園ころころキッズガーデン,5歳,5.0,0.0
令和8,中区,保育園ばんびーな,0歳,5.0,0.0
令和8,中区,保育園ばんびーな,1歳,2.5,0.5
令和8,中区,保育園ばんびーな,2歳,5.0,0.0
令和8,中区,保育園ばんびーな,3歳,5.0,0.0
令和8,中区,保育園ばんびーな,4歳,1.25,0.75
令和8,中区,保育園ばんびーな,5歳,2.5,0.5
令和8,中区,保育園小紅,0歳,1.25,0.75
令和8,中区,保育園小紅,1歳,0.9999999999999998,0.8
令和8,中区,保育園小紅,2歳,5.0,0.0
令和8,中区,保育園小紅,3歳,5.0,0.0
令和8,中区,保育園小紅,4歳,5.0,0.0
令和8,中区,保育園小紅,5歳,5.0,0.0
令和8,中区,太陽の子　不動下保育園,0歳,5.0,0.0
令和8,中区,太陽の子　不動下保育園,1歳,5.0,0.0
令和8,中区,太陽の子　不動下保育園,2歳,5.0,0.0
令和8,中区,太陽の子　不動下保育園,3歳,5.0,0.0
令和8,中区,太陽の子　不動下保育園,4歳,5.0,0.0
令和8,中区,太陽の子　不動下保育園,5歳,2.5,0.5
令和8,中区,寿福祉センター保育所,0歳,5.0,0.0
令和8,中区,寿福祉センター保育所,1歳,1.666666666666667,0.6666666666666666
令和8,中区,寿福祉センター保育所,2歳,5.0,0.0
令和8,中区,寿福祉センター保育所,3歳,5.0,0.0
令和8,中区,寿福祉センター保育所,4歳,5.0,0.0
令和8,中区,寿福祉センター保育所,5歳,5.0,0.0
令和8,中区,山元町保育園,0歳,5.0,0.0
令和8,中区,山元町保育園,1歳,1.25,0.75
令和8,中区,山元町保育園,2歳,0.625,0.875
令和8,中区,山元町保育園,3歳,0.9999999999999998,0.8
令和8,中区,山元町保育園,4歳,5.0,0.0
令和8,中区,山元町保育園,5歳,0.8333333333333331,0.8333333333333334
令和8,中区,徳育ナーサリー山下公園,0歳,2.5,0.5
令和8,中区,徳育ナーサリー山下公園,1歳,1.666666666666667,0.6666666666666666
令和8,中区,徳育ナーサリー山下公園,2歳,2.5,0.5
令和8,中区,徳育ナーサリー山下公園,3歳,5.0,0.0
令和8,中区,徳育ナーサリー山下公園,4歳,5.0,0.0
令和8,中区,徳育ナーサリー山下公園,5歳,5.0,0.0
令和8,中区,打越保育園,0歳,5.0,0.0
令和8,中区,打越保育園,1歳,0.625,0.875
令和8,中区,打越保育園,2歳,5.0,0.0
令和8,中区,打越保育園,3歳,1.25,0.75
令和8,中区,打越保育園,4歳,5.0,0.0
令和8,中区,打越保育園,5歳,1.666666666666667,0.6666666666666666
令和8,中区,新山下二丁目保育所,0歳,2.5,0.5
令和8,中区,新山下二丁目保育所,1歳,5.0,0.0
令和8,中区,新山下二丁目保育所,2歳,5.0,0.0
令和8,中区,新山下二丁目保育所,3歳,5.0,0.0
令和8,中区,新山下二丁目保育所,4歳,5.0,0.0
令和8,中区,新山下二丁目保育所,5歳,5.0,0.0
令和8,中区,木下の保育園　山下町,0歳,5.0,0.0
令和8,中区,木下の保育園　山下町,1歳,5.0,0.0
令和8,中区,木下の保育園　山下町,2歳,5.0,0.0
令和8,中区,木下の保育園　山下町,3歳,1.25,0.75
令和8,中区,木下の保育園　山下町,4歳,2.5,0.5
令和8,中区,木下の保育園　山下町,5歳,0.8333333333333331,0.8333333333333334
令和8,中区,木下の保育園　本牧,0歳,5.0,0.0
令和8,中区,木下の保育園　本牧,1歳,5.0,0.0
令和8,中区,木下の保育園　本牧,2歳,5.0,0.0
令和8,中区,木下の保育園　本牧,3歳,2.5,0.5
令和8,中区,木下の保育園　本牧,4歳,2.5,0.5
令和8,中区,木下の保育園　本牧,5歳,2.5,0.5
令和8,中区,横浜市山手保育園,0歳,5.0,0.0
令和8,中区,横浜市山手保育園,1歳,5.0,0.0
令和8,中区,横浜市山手保育園,2歳,0.9999999999999998,0.8
令和8,中区,横浜市山手保育園,3歳,1.666666666666667,0.6666666666666666
令和8,中区,横浜市山手保育園,4歳,1.25,0.75
令和8,中区,横浜市山手保育園,5歳,0.8333333333333331,0.8333333333333334
令和8,中区,横浜市竹之丸保育園,0歳,1.666666666666667,0.6666666666666666
令和8,中区,横浜市竹之丸保育園,1歳,5.0,0.0
令和8,中区,横浜市竹之丸保育園,2歳,5.0,0.0
令和8,中区,横浜市竹之丸保育園,3歳,0.8333333333333331,0.8333333333333334
令和8,中区,横浜市竹之丸保育園,4歳,0.7142857142857145,0.8571428571428571
令和8,中区,横浜市竹之丸保育園,5歳,0.4999999999999999,0.9
令和8,中区,横浜市錦保育園,0歳,5.0,0.0
令和8,中区,横浜市錦保育園,1歳,1.25,0.75
令和8,中区,横浜市錦保育園,2歳,0.9999999999999998,0.8
令和8,中区,横浜市錦保育園,3歳,0.5555555555555558,0.8888888888888888
令和8,中区,横浜市錦保育園,4歳,0.625,0.875
令和8,中区,横浜市錦保育園,5歳,5.0,0.0
令和8,中区,横濱中華幼保園,0歳,1.25,0.75
令和8,中区,横濱中華幼保園,1歳,0.9999999999999998,0.8
令和8,中区,横濱中華幼保園,2歳,5.0,0.0
令和8,中区,横濱中華幼保園,3歳,1.25,0.75
令和8,中区,横濱中華幼保園,4歳,5.0,0.0
令和8,中区,横濱中華幼保園,5歳,0.9999999999999998,0.8
令和8,中区,高風保育園,0歳,5.0,0.0
令和8,中区,高風保育園,1歳,5.0,0.0
令和8,中区,高風保育園,2歳,5.0,0.0
令和8,中区,高風保育園,3歳,0.9999999999999998,0.8
令和8,中区,高風保育園,4歳,1.25,0.75
令和8,中区,高風保育園,5歳,1.666666666666667,0.6666666666666666
令和8,保土ケ谷区,あーす保育園保土ケ谷,0歳,5.0,0.0
令和8,保土ケ谷区,あーす保育園保土ケ谷,1歳,5.0,0.0
令和8,保土ケ谷区,あーす保育園保土ケ谷,2歳,5.0,0.0
令和8,保土ケ谷区,あーす保育園保土ケ谷,3歳,5.0,0.0
令和8,保土ケ谷区,あーす保育園保土ケ谷,4歳,0.8333333333333331,0.8333333333333334
令和8,保土ケ谷区,あーす保育園保土ケ谷,5歳,2.5,0.5
令和8,保土ケ谷区,えぶちにしや園（分園含む）,0歳,5.0,0.0
令和8,保土ケ谷区,えぶちにしや園（分園含む）,1歳,5.0,0.0
令和8,保土ケ谷区,えぶちにしや園（分園含む）,2歳,5.0,0.0
令和8,保土ケ谷区,えぶちにしや園（分園含む）,3歳,5.0,0.0
令和8,保土ケ谷区,えぶちにしや園（分園含む）,4歳,2.5,0.5
令和8,保土ケ谷区,えぶちにしや園（分園含む）,5歳,1.25,0.75
令和8,保土ケ谷区,えぶち保育園（分園含む）,0歳,1.666666666666667,0.6666666666666666
令和8,保土ケ谷区,えぶち保育園（分園含む）,1歳,5.0,0.0
令和8,保土ケ谷区,えぶち保育園（分園含む）,2歳,5.0,0.0
令和8,保土ケ谷区,えぶち保育園（分園含む）,3歳,2.5,0.5
令和8,保土ケ谷区,えぶち保育園（分園含む）,4歳,1.666666666666667,0.6666666666666666
令和8,保土ケ谷区,えぶち保育園（分園含む）,5歳,1.666666666666667,0.6666666666666666
令和8,保土ケ谷区,おおきくなぁ～れ　プチベベ保育室,0歳,5.0,0.0
令和8,保土ケ谷区,おおきくなぁ～れ　プチベベ保育室,1歳,5.0,0.0
令和8,保土ケ谷区,おおきくなぁ～れ　プチベベ保育室,2歳,5.0,0.0
令和8,保土ケ谷区,おおきくなぁ～れ　プチベベ保育室,3歳,5.0,0.0
令和8,保土ケ谷区,おおきくなぁ～れ　プチベベ保育室,4歳,5.0,0.0
令和8,保土ケ谷区,おおきくなぁ～れ　プチベベ保育室,5歳,5.0,0.0
令和8,保土ケ谷区,おれんじハウス星川保育園,0歳,5.0,0.0
令和8,保土ケ谷区,おれんじハウス星川保育園,1歳,5.0,0.0
令和8,保土ケ谷区,おれんじハウス星川保育園,2歳,5.0,0.0
令和8,保土ケ谷区,おれんじハウス星川保育園,3歳,5.0,0.0
令和8,保土ケ谷区,おれんじハウス星川保育園,4歳,5.0,0.0
令和8,保土ケ谷区,おれんじハウス星川保育園,5歳,5.0,0.0
令和8,保土ケ谷区,たしろ保育室,0歳,5.0,0.0
令和8,保土ケ谷区,たしろ保育室,1歳,5.0,0.0
令和8,保土ケ谷区,たしろ保育室,2歳,5.0,0.0
令和8,保土ケ谷区,たしろ保育室,3歳,5.0,0.0
令和8,保土ケ谷区,たしろ保育室,4歳,5.0,0.0
令和8,保土ケ谷区,たしろ保育室,5歳,5.0,0.0
令和8,保土ケ谷区,にじいろ保育園上星川,0歳,3.1481481481481484,0.37037037037037035
令和8,保土ケ谷区,にじいろ保育園上星川,1歳,5.0,0.0
令和8,保土ケ谷区,にじいろ保育園上星川,2歳,2.872340425531915,0.425531914893617
令和8,保土ケ谷区,にじいろ保育園上星川,3歳,2.872340425531915,0.425531914893617
令和8,保土ケ谷区,にじいろ保育園上星川,4歳,5.0,0.0
令和8,保土ケ谷区,にじいろ保育園上星川,5歳,1.666666666666667,0.6666666666666666
令和8,保土ケ谷区,にじいろ保育園和田町,0歳,1.666666666666667,0.6666666666666666
令和8,保土ケ谷区,にじいろ保育園和田町,1歳,5.0,0.0
令和8,保土ケ谷区,にじいろ保育園和田町,2歳,5.0,0.0
令和8,保土ケ谷区,にじいろ保育園和田町,3歳,5.0,0.0
令和8,保土ケ谷区,にじいろ保育園和田町,4歳,1.25,0.75
令和8,保土ケ谷区,にじいろ保育園和田町,5歳,2.5,0.5
令和8,保土ケ谷区,にじいろ保育園天王町,0歳,5.0,0.0
令和8,保土ケ谷区,にじいろ保育園天王町,1歳,2.5,0.5
令和8,保土ケ谷区,にじいろ保育園天王町,2歳,1.666666666666667,0.6666666666666666
令和8,保土ケ谷区,にじいろ保育園天王町,3歳,1.25,0.75
令和8,保土ケ谷区,にじいろ保育園天王町,4歳,0.5555555555555558,0.8888888888888888
令和8,保土ケ谷区,にじいろ保育園天王町,5歳,2.5,0.5
令和8,保土ケ谷区,ばばほいくしつ星川,0歳,5.0,0.0
令和8,保土ケ谷区,ばばほいくしつ星川,1歳,5.0,0.0
令和8,保土ケ谷区,ばばほいくしつ星川,2歳,5.0,0.0
令和8,保土ケ谷区,ばばほいくしつ星川,3歳,5.0,0.0
令和8,保土ケ谷区,ばばほいくしつ星川,4歳,5.0,0.0
令和8,保土ケ谷区,ばばほいくしつ星川,5歳,5.0,0.0
令和8,保土ケ谷区,ひかりの風保育園,0歳,5.0,0.0
令和8,保土ケ谷区,ひかりの風保育園,1歳,5.0,0.0
令和8,保土ケ谷区,ひかりの風保育園,2歳,5.0,0.0
令和8,保土ケ谷区,ひかりの風保育園,3歳,5.0,0.0
令和8,保土ケ谷区,ひかりの風保育園,4歳,1.666666666666667,0.6666666666666666
令和8,保土ケ谷区,ひかりの風保育園,5歳,2.5,0.5
令和8,保土ケ谷区,まなびの森　星川こども園,0歳,5.0,0.0
令和8,保土ケ谷区,まなびの森　星川こども園,1歳,5.0,0.0
令和8,保土ケ谷区,まなびの森　星川こども園,2歳,5.0,0.0
令和8,保土ケ谷区,まなびの森　星川こども園,3歳,2.5,0.5
令和8,保土ケ谷区,まなびの森　星川こども園,4歳,2.872340425531915,0.425531914893617
令和8,保土ケ谷区,まなびの森　星川こども園,5歳,2.5,0.5
令和8,保土ケ谷区,ゆめの樹保育園ほどがや,0歳,1.25,0.75
令和8,保土ケ谷区,ゆめの樹保育園ほどがや,1歳,5.0,0.0
令和8,保土ケ谷区,ゆめの樹保育園ほどがや,2歳,1.666666666666667,0.6666666666666666
令和8,保土ケ谷区,ゆめの樹保育園ほどがや,3歳,1.666666666666667,0.6666666666666666
令和8,保土ケ谷区,ゆめの樹保育園ほどがや,4歳,1.25,0.75
令和8,保土ケ谷区,ゆめの樹保育園ほどがや,5歳,0.7142857142857145,0.8571428571428571
令和8,保土ケ谷区,アスク和田町保育園,0歳,1.666666666666667,0.6666666666666666
令和8,保土ケ谷区,アスク和田町保育園,1歳,5.0,0.0
令和8,保土ケ谷区,アスク和田町保育園,2歳,5.0,0.0
令和8,保土ケ谷区,アスク和田町保育園,3歳,5.0,0.0
令和8,保土ケ谷区,アスク和田町保育園,4歳,5.0,0.0
令和8,保土ケ谷区,アスク和田町保育園,5歳,5.0,0.0
令和8,保土ケ谷区,アミー保育園　三ツ沢園,0歳,2.2222222222222228,0.5555555555555555
令和8,保土ケ谷区,アミー保育園　三ツ沢園,1歳,5.0,0.0
令和8,保土ケ谷区,アミー保育園　三ツ沢園,2歳,5.0,0.0
令和8,保土ケ谷区,アミー保育園　三ツ沢園,3歳,5.0,0.0
令和8,保土ケ谷区,アミー保育園　三ツ沢園,4歳,5.0,0.0
令和8,保土ケ谷区,アミー保育園　三ツ沢園,5歳,5.0,0.0
令和8,保土ケ谷区,エルアンジュ保育園（分園含む）,0歳,3.5294117647058822,0.29411764705882354
令和8,保土ケ谷区,エルアンジュ保育園（分園含む）,1歳,5.0,0.0
令和8,保土ケ谷区,エルアンジュ保育園（分園含む）,2歳,5.0,0.0
令和8,保土ケ谷区,エルアンジュ保育園（分園含む）,3歳,5.0,0.0
令和8,保土ケ谷区,エルアンジュ保育園（分園含む）,4歳,5.0,0.0
令和8,保土ケ谷区,エルアンジュ保育園（分園含む）,5歳,2.5,0.5
令和8,保土ケ谷区,キッズハーモニー・ほどがや,0歳,5.0,0.0
令和8,保土ケ谷区,キッズハーモニー・ほどがや,1歳,5.0,0.0
令和8,保土ケ谷区,キッズハーモニー・ほどがや,2歳,2.872340425531915,0.425531914893617
令和8,保土ケ谷区,キッズハーモニー・ほどがや,3歳,5.0,0.0
令和8,保土ケ谷区,キッズハーモニー・ほどがや,4歳,5.0,0.0
令和8,保土ケ谷区,キッズハーモニー・ほどがや,5歳,5.0,0.0
令和8,保土ケ谷区,ココアンジュ保育園,0歳,5.0,0.0
令和8,保土ケ谷区,ココアンジュ保育園,1歳,5.0,0.0
令和8,保土ケ谷区,ココアンジュ保育園,2歳,5.0,0.0
令和8,保土ケ谷区,ココアンジュ保育園,3歳,5.0,0.0
令和8,保土ケ谷区,ココアンジュ保育園,4歳,5.0,0.0
令和8,保土ケ谷区,ココアンジュ保育園,5歳,5.0,0.0
令和8,保土ケ谷区,スターチャイルド≪和田町ナーサリー≫,0歳,5.0,0.0
令和8,保土ケ谷区,スターチャイルド≪和田町ナーサリー≫,1歳,5.0,0.0
令和8,保土ケ谷区,スターチャイルド≪和田町ナーサリー≫,2歳,5.0,0.0
令和8,保土ケ谷区,スターチャイルド≪和田町ナーサリー≫,3歳,5.0,0.0
令和8,保土ケ谷区,スターチャイルド≪和田町ナーサリー≫,4歳,5.0,0.0
令和8,保土ケ谷区,スターチャイルド≪和田町ナーサリー≫,5歳,2.5,0.5
令和8,保土ケ谷区,ダイアナ保育園,0歳,2.5,0.5
令和8,保土ケ谷区,ダイアナ保育園,1歳,5.0,0.0
令和8,保土ケ谷区,ダイアナ保育園,2歳,2.5,0.5
令和8,保土ケ谷区,ダイアナ保育園,3歳,2.5,0.5
令和8,保土ケ谷区,ダイアナ保育園,4歳,1.25,0.75
令和8,保土ケ谷区,ダイアナ保育園,5歳,1.25,0.75
令和8,保土ケ谷区,プチアンジュ保育園,0歳,2.5,0.5
令和8,保土ケ谷区,プチアンジュ保育園,1歳,5.0,0.0
令和8,保土ケ谷区,プチアンジュ保育園,2歳,5.0,0.0
令和8,保土ケ谷区,プチアンジュ保育園,3歳,1.25,0.75
令和8,保土ケ谷区,プチアンジュ保育園,4歳,5.0,0.0
令和8,保土ケ谷区,プチアンジュ保育園,5歳,1.25,0.75
令和8,保土ケ谷区,ベイキッズ　おりーぶ保育園,0歳,2.5,0.5
令和8,保土ケ谷区,ベイキッズ　おりーぶ保育園,1歳,5.0,0.0
令和8,保土ケ谷区,ベイキッズ　おりーぶ保育園,2歳,5.0,0.0
令和8,保土ケ谷区,ベイキッズ　おりーぶ保育園,3歳,5.0,0.0
令和8,保土ケ谷区,ベイキッズ　おりーぶ保育園,4歳,5.0,0.0
令和8,保土ケ谷区,ベイキッズ　おりーぶ保育園,5歳,5.0,0.0
令和8,保土ケ谷区,ベネッセ　保土ケ谷保育園,0歳,5.0,0.0
令和8,保土ケ谷区,ベネッセ　保土ケ谷保育園,1歳,5.0,0.0
令和8,保土ケ谷区,ベネッセ　保土ケ谷保育園,2歳,2.5,0.5
令和8,保土ケ谷区,ベネッセ　保土ケ谷保育園,3歳,1.25,0.75
令和8,保土ケ谷区,ベネッセ　保土ケ谷保育園,4歳,1.25,0.75
令和8,保土ケ谷区,ベネッセ　保土ケ谷保育園,5歳,2.5,0.5
令和8,保土ケ谷区,ポポラー横浜和田町園,0歳,1.666666666666667,0.6666666666666666
令和8,保土ケ谷区,ポポラー横浜和田町園,1歳,5.0,0.0
令和8,保土ケ谷区,ポポラー横浜和田町園,2歳,2.5,0.5
令和8,保土ケ谷区,ポポラー横浜和田町園,3歳,0.9999999999999998,0.8
令和8,保土ケ谷区,ポポラー横浜和田町園,4歳,2.5,0.5
令和8,保土ケ谷区,ポポラー横浜和田町園,5歳,1.25,0.75
令和8,保土ケ谷区,ラフ・クルー星川保育園,0歳,1.25,0.75
令和8,保土ケ谷区,ラフ・クルー星川保育園,1歳,5.0,0.0
令和8,保土ケ谷区,ラフ・クルー星川保育園,2歳,5.0,0.0
令和8,保土ケ谷区,ラフ・クルー星川保育園,3歳,2.5,0.5
令和8,保土ケ谷区,ラフ・クルー星川保育園,4歳,1.666666666666667,0.6666666666666666
令和8,保土ケ谷区,ラフ・クルー星川保育園,5歳,1.666666666666667,0.6666666666666666
令和8,保土ケ谷区,三丁目こども園,0歳,5.0,0.0
令和8,保土ケ谷区,三丁目こども園,1歳,5.0,0.0
令和8,保土ケ谷区,三丁目こども園,2歳,5.0,0.0
令和8,保土ケ谷区,三丁目こども園,3歳,5.0,0.0
令和8,保土ケ谷区,三丁目こども園,4歳,5.0,0.0
令和8,保土ケ谷区,三丁目こども園,5歳,5.0,0.0
令和8,保土ケ谷区,保土ケ谷保育園,0歳,2.5,0.5
令和8,保土ケ谷区,保土ケ谷保育園,1歳,2.5,0.5
令和8,保土ケ谷区,保土ケ谷保育園,2歳,1.666666666666667,0.6666666666666666
令和8,保土ケ谷区,保土ケ谷保育園,3歳,1.666666666666667,0.6666666666666666
令和8,保土ケ谷区,保土ケ谷保育園,4歳,5.0,0.0
令和8,保土ケ谷区,保土ケ谷保育園,5歳,5.0,0.0
令和8,保土ケ谷区,保育室ピア・ピア,0歳,5.0,0.0
令和8,保土ケ谷区,保育室ピア・ピア,1歳,2.5,0.5
令和8,保土ケ谷区,保育室ピア・ピア,2歳,5.0,0.0
令和8,保土ケ谷区,保育室ピア・ピア,3歳,5.0,0.0
令和8,保土ケ谷区,保育室ピア・ピア,4歳,5.0,0.0
令和8,保土ケ谷区,保育室ピア・ピア,5歳,5.0,0.0
令和8,保土ケ谷区,千丸台保育園,0歳,0.9999999999999998,0.8
令和8,保土ケ谷区,千丸台保育園,1歳,5.0,0.0
令和8,保土ケ谷区,千丸台保育園,2歳,5.0,0.0
令和8,保土ケ谷区,千丸台保育園,3歳,5.0,0.0
令和8,保土ケ谷区,千丸台保育園,4歳,2.5,0.5
令和8,保土ケ谷区,千丸台保育園,5歳,2.5,0.5
令和8,保土ケ谷区,合歓の木保育園,0歳,1.666666666666667,0.6666666666666666
令和8,保土ケ谷区,合歓の木保育園,1歳,5.0,0.0
令和8,保土ケ谷区,合歓の木保育園,2歳,2.5,0.5
令和8,保土ケ谷区,合歓の木保育園,3歳,1.25,0.75
令和8,保土ケ谷区,合歓の木保育園,4歳,1.666666666666667,0.6666666666666666
令和8,保土ケ谷区,合歓の木保育園,5歳,1.666666666666667,0.6666666666666666
令和8,保土ケ谷区,向台保育園,0歳,5.0,0.0
令和8,保土ケ谷区,向台保育園,1歳,2.5,0.5
令和8,保土ケ谷区,向台保育園,2歳,5.0,0.0
令和8,保土ケ谷区,向台保育園,3歳,1.666666666666667,0.6666666666666666
令和8,保土ケ谷区,向台保育園,4歳,5.0,0.0
令和8,保土ケ谷区,向台保育園,5歳,0.8333333333333331,0.8333333333333334
令和8,保土ケ谷区,境木保育園,0歳,5.0,0.0
令和8,保土ケ谷区,境木保育園,1歳,5.0,0.0
令和8,保土ケ谷区,境木保育園,2歳,2.5,0.5
令和8,保土ケ谷区,境木保育園,3歳,5.0,0.0
令和8,保土ケ谷区,境木保育園,4歳,2.5,0.5
令和8,保土ケ谷区,境木保育園,5歳,5.0,0.0
令和8,保土ケ谷区,天王町駅前もえぎ保育園,0歳,5.0,0.0
令和8,保土ケ谷区,天王町駅前もえぎ保育園,1歳,2.5,0.5
令和8,保土ケ谷区,天王町駅前もえぎ保育園,2歳,2.5,0.5
令和8,保土ケ谷区,天王町駅前もえぎ保育園,3歳,5.0,0.0
令和8,保土ケ谷区,天王町駅前もえぎ保育園,4歳,5.0,0.0
令和8,保土ケ谷区,天王町駅前もえぎ保育園,5歳,5.0,0.0
令和8,保土ケ谷区,学校法人初音丘学園ＰＩＣＣＯＬＩＮＯ,0歳,5.0,0.0
令和8,保土ケ谷区,学校法人初音丘学園ＰＩＣＣＯＬＩＮＯ,1歳,5.0,0.0
令和8,保土ケ谷区,学校法人初音丘学園ＰＩＣＣＯＬＩＮＯ,2歳,5.0,0.0
令和8,保土ケ谷区,学校法人初音丘学園ＰＩＣＣＯＬＩＮＯ,3歳,5.0,0.0
令和8,保土ケ谷区,学校法人初音丘学園ＰＩＣＣＯＬＩＮＯ,4歳,5.0,0.0
令和8,保土ケ谷区,学校法人初音丘学園ＰＩＣＣＯＬＩＮＯ,5歳,5.0,0.0
令和8,保土ケ谷区,岩間保育園,0歳,5.0,0.0
令和8,保土ケ谷区,岩間保育園,1歳,5.0,0.0
令和8,保土ケ谷区,岩間保育園,2歳,5.0,0.0
令和8,保土ケ谷区,岩間保育園,3歳,1.666666666666667,0.6666666666666666
令和8,保土ケ谷区,岩間保育園,4歳,1.25,0.75
令和8,保土ケ谷区,岩間保育園,5歳,5.0,0.0
令和8,保土ケ谷区,新桜ケ丘保育園,0歳,5.0,0.0
令和8,保土ケ谷区,新桜ケ丘保育園,1歳,5.0,0.0
令和8,保土ケ谷区,新桜ケ丘保育園,2歳,5.0,0.0
令和8,保土ケ谷区,新桜ケ丘保育園,3歳,2.872340425531915,0.425531914893617
令和8,保土ケ谷区,新桜ケ丘保育園,4歳,5.0,0.0
令和8,保土ケ谷区,新桜ケ丘保育園,5歳,2.5,0.5
令和8,保土ケ谷区,明神台保育園,0歳,5.0,0.0
令和8,保土ケ谷区,明神台保育園,1歳,5.0,0.0
令和8,保土ケ谷区,明神台保育園,2歳,2.5,0.5
令和8,保土ケ谷区,明神台保育園,3歳,2.5,0.5
令和8,保土ケ谷区,明神台保育園,4歳,5.0,0.0
令和8,保土ケ谷区,明神台保育園,5歳,5.0,0.0
令和8,保土ケ谷区,星川もえぎ保育園,0歳,5.0,0.0
令和8,保土ケ谷区,星川もえぎ保育園,1歳,5.0,0.0
令和8,保土ケ谷区,星川もえぎ保育園,2歳,5.0,0.0
令和8,保土ケ谷区,星川もえぎ保育園,3歳,5.0,0.0
令和8,保土ケ谷区,星川もえぎ保育園,4歳,5.0,0.0
令和8,保土ケ谷区,星川もえぎ保育園,5歳,5.0,0.0
令和8,保土ケ谷区,昴保育園,0歳,3.360655737704918,0.3278688524590164
令和8,保土ケ谷区,昴保育園,1歳,5.0,0.0
令和8,保土ケ谷区,昴保育園,2歳,5.0,0.0
令和8,保土ケ谷区,昴保育園,3歳,1.666666666666667,0.6666666666666666
令和8,保土ケ谷区,昴保育園,4歳,5.0,0.0
令和8,保土ケ谷区,昴保育園,5歳,2.5,0.5
令和8,保土ケ谷区,東戸塚もえぎ保育室,0歳,5.0,0.0
令和8,保土ケ谷区,東戸塚もえぎ保育室,1歳,5.0,0.0
令和8,保土ケ谷区,東戸塚もえぎ保育室,2歳,5.0,0.0
令和8,保土ケ谷区,東戸塚もえぎ保育室,3歳,5.0,0.0
令和8,保土ケ谷区,東戸塚もえぎ保育室,4歳,5.0,0.0
令和8,保土ケ谷区,東戸塚もえぎ保育室,5歳,5.0,0.0
令和8,保土ケ谷区,桜ヶ丘保育園,0歳,1.25,0.75
令和8,保土ケ谷区,桜ヶ丘保育園,1歳,5.0,0.0
令和8,保土ケ谷区,桜ヶ丘保育園,2歳,5.0,0.0
令和8,保土ケ谷区,桜ヶ丘保育園,3歳,2.0149253731343286,0.5970149253731343
令和8,保土ケ谷区,桜ヶ丘保育園,4歳,1.666666666666667,0.6666666666666666
令和8,保土ケ谷区,桜ヶ丘保育園,5歳,5.0,0.0
令和8,保土ケ谷区,梅の木保育園,0歳,5.0,0.0
令和8,保土ケ谷区,梅の木保育園,1歳,5.0,0.0
令和8,保土ケ谷区,梅の木保育園,2歳,5.0,0.0
令和8,保土ケ谷区,梅の木保育園,3歳,5.0,0.0
令和8,保土ケ谷区,梅の木保育園,4歳,2.5,0.5
令和8,保土ケ谷区,梅の木保育園,5歳,5.0,0.0
令和8,保土ケ谷区,横浜市天王町保育園,0歳,1.666666666666667,0.6666666666666666
令和8,保土ケ谷区,横浜市天王町保育園,1歳,5.0,0.0
令和8,保土ケ谷区,横浜市天王町保育園,2歳,1.666666666666667,0.6666666666666666
令和8,保土ケ谷区,横浜市天王町保育園,3歳,1.25,0.75
令和8,保土ケ谷区,横浜市天王町保育園,4歳,0.7142857142857145,0.8571428571428571
令和8,保土ケ谷区,横浜市天王町保育園,5歳,0.41666666666666685,0.9166666666666666
令和8,保土ケ谷区,横浜市岩井保育園,0歳,5.0,0.0
令和8,保土ケ谷区,横浜市岩井保育園,1歳,5.0,0.0
令和8,保土ケ谷区,横浜市岩井保育園,2歳,1.5517241379310343,0.6896551724137931
令和8,保土ケ谷区,横浜市岩井保育園,3歳,0.9999999999999998,0.8
令和8,保土ケ谷区,横浜市岩井保育園,4歳,0.8333333333333331,0.8333333333333334
令和8,保土ケ谷区,横浜市岩井保育園,5歳,0.7142857142857145,0.8571428571428571
令和8,保土ケ谷区,横浜市神戸保育園,0歳,2.5,0.5
令和8,保土ケ谷区,横浜市神戸保育園,1歳,5.0,0.0
令和8,保土ケ谷区,横浜市神戸保育園,2歳,2.5,0.5
令和8,保土ケ谷区,横浜市神戸保育園,3歳,0.9999999999999998,0.8
令和8,保土ケ谷区,横浜市神戸保育園,4歳,0.41666666666666685,0.9166666666666666
令和8,保土ケ谷区,横浜市神戸保育園,5歳,5.0,0.0
令和8,保土ケ谷区,笹山保育園,0歳,5.0,0.0
令和8,保土ケ谷区,笹山保育園,1歳,5.0,0.0
令和8,保土ケ谷区,笹山保育園,2歳,5.0,0.0
令和8,保土ケ谷区,笹山保育園,3歳,5.0,0.0
令和8,保土ケ谷区,笹山保育園,4歳,5.0,0.0
令和8,保土ケ谷区,笹山保育園,5歳,1.666666666666667,0.6666666666666666
令和8,保土ケ谷区,若葉保育園（分園含む）,0歳,5.0,0.0
令和8,保土ケ谷区,若葉保育園（分園含む）,1歳,5.0,0.0
令和8,保土ケ谷区,若葉保育園（分園含む）,2歳,5.0,0.0
令和8,保土ケ谷区,若葉保育園（分園含む）,3歳,5.0,0.0
令和8,保土ケ谷区,若葉保育園（分園含む）,4歳,5.0,0.0
令和8,保土ケ谷区,若葉保育園（分園含む）,5歳,1.666666666666667,0.6666666666666666
令和8,保土ケ谷区,西谷保育園,0歳,0.625,0.875
令和8,保土ケ谷区,西谷保育園,1歳,5.0,0.0
令和8,保土ケ谷区,西谷保育園,2歳,5.0,0.0
令和8,保土ケ谷区,西谷保育園,3歳,1.666666666666667,0.6666666666666666
令和8,保土ケ谷区,西谷保育園,4歳,1.666666666666667,0.6666666666666666
令和8,保土ケ谷区,西谷保育園,5歳,5.0,0.0
令和8,保土ケ谷区,西谷保育園分園　きらり保育園,0歳,2.5,0.5
令和8,保土ケ谷区,西谷保育園分園　きらり保育園,1歳,5.0,0.0
令和8,保土ケ谷区,西谷保育園分園　きらり保育園,2歳,5.0,0.0
令和8,保土ケ谷区,西谷保育園分園　きらり保育園,3歳,5.0,0.0
令和8,保土ケ谷区,西谷保育園分園　きらり保育園,4歳,5.0,0.0
令和8,保土ケ谷区,西谷保育園分園　きらり保育園,5歳,5.0,0.0
令和8,保土ケ谷区,認定こども園　りとるルーナ,0歳,5.0,0.0
令和8,保土ケ谷区,認定こども園　りとるルーナ,1歳,5.0,0.0
令和8,保土ケ谷区,認定こども園　りとるルーナ,2歳,5.0,0.0
令和8,保土ケ谷区,認定こども園　りとるルーナ,3歳,5.0,0.0
令和8,保土ケ谷区,認定こども園　りとるルーナ,4歳,2.872340425531915,0.425531914893617
令和8,保土ケ谷区,認定こども園　りとるルーナ,5歳,5.0,0.0
令和8,保土ケ谷区,認定こども園　星川ルーナ,0歳,5.0,0.0
令和8,保土ケ谷区,認定こども園　星川ルーナ,1歳,5.0,0.0
令和8,保土ケ谷区,認定こども園　星川ルーナ,2歳,5.0,0.0
令和8,保土ケ谷区,認定こども園　星川ルーナ,3歳,3.1481481481481484,0.37037037037037035
令和8,保土ケ谷区,認定こども園　星川ルーナ,4歳,2.872340425531915,0.425531914893617
令和8,保土ケ谷区,認定こども園　星川ルーナ,5歳,2.872340425531915,0.425531914893617
令和8,保土ケ谷区,認定こども園　森のルーナ,0歳,5.0,0.0
令和8,保土ケ谷区,認定こども園　森のルーナ,1歳,5.0,0.0
令和8,保土ケ谷区,認定こども園　森のルーナ,2歳,5.0,0.0
令和8,保土ケ谷区,認定こども園　森のルーナ,3歳,5.0,0.0
令和8,保土ケ谷区,認定こども園　森のルーナ,4歳,5.0,0.0
令和8,保土ケ谷区,認定こども園　森のルーナ,5歳,1.25,0.75
令和8,保土ケ谷区,認定こども園　育和幼稚園,0歳,5.0,0.0
令和8,保土ケ谷区,認定こども園　育和幼稚園,1歳,5.0,0.0
令和8,保土ケ谷区,認定こども園　育和幼稚園,2歳,5.0,0.0
令和8,保土ケ谷区,認定こども園　育和幼稚園,3歳,0.8333333333333331,0.8333333333333334
令和8,保土ケ谷区,認定こども園　育和幼稚園,4歳,0.38461538461538436,0.9230769230769231
令和8,保土ケ谷区,認定こども園　育和幼稚園,5歳,0.38461538461538436,0.9230769230769231
令和8,保土ケ谷区,認定こども園あかいとりこども園,0歳,5.0,0.0
令和8,保土ケ谷区,認定こども園あかいとりこども園,1歳,5.0,0.0
令和8,保土ケ谷区,認定こども園あかいとりこども園,2歳,5.0,0.0
令和8,保土ケ谷区,認定こども園あかいとりこども園,3歳,2.5,0.5
令和8,保土ケ谷区,認定こども園あかいとりこども園,4歳,1.25,0.75
令和8,保土ケ谷区,認定こども園あかいとりこども園,5歳,1.25,0.75
令和8,保土ケ谷区,認定こども園和田愛児園,0歳,5.0,0.0
令和8,保土ケ谷区,認定こども園和田愛児園,1歳,5.0,0.0
令和8,保土ケ谷区,認定こども園和田愛児園,2歳,5.0,0.0
令和8,保土ケ谷区,認定こども園和田愛児園,3歳,5.0,0.0
令和8,保土ケ谷区,認定こども園和田愛児園,4歳,5.0,0.0
令和8,保土ケ谷区,認定こども園和田愛児園,5歳,5.0,0.0
令和8,保土ケ谷区,認定こども園峯岡幼稚園,0歳,5.0,0.0
令和8,保土ケ谷区,認定こども園峯岡幼稚園,1歳,5.0,0.0
令和8,保土ケ谷区,認定こども園峯岡幼稚園,2歳,5.0,0.0
令和8,保土ケ谷区,認定こども園峯岡幼稚園,3歳,1.666666666666667,0.6666666666666666
令和8,保土ケ谷区,認定こども園峯岡幼稚園,4歳,0.9999999999999998,0.8
令和8,保土ケ谷区,認定こども園峯岡幼稚園,5歳,0.7142857142857145,0.8571428571428571
令和8,保土ケ谷区,霞台保育園（分園含む）,0歳,0.7142857142857145,0.8571428571428571
令和8,保土ケ谷区,霞台保育園（分園含む）,1歳,5.0,0.0
令和8,保土ケ谷区,霞台保育園（分園含む）,2歳,2.5,0.5
令和8,保土ケ谷区,霞台保育園（分園含む）,3歳,2.5,0.5
令和8,保土ケ谷区,霞台保育園（分園含む）,4歳,2.5,0.5
令和8,保土ケ谷区,霞台保育園（分園含む）,5歳,5.0,0.0
令和8,保土ケ谷区,ＧＥＮＫＩＤＳ星川保育園,0歳,5.0,0.0
令和8,保土ケ谷区,ＧＥＮＫＩＤＳ星川保育園,1歳,5.0,0.0
令和8,保土ケ谷区,ＧＥＮＫＩＤＳ星川保育園,2歳,5.0,0.0
令和8,保土ケ谷区,ＧＥＮＫＩＤＳ星川保育園,3歳,5.0,0.0
令和8,保土ケ谷区,ＧＥＮＫＩＤＳ星川保育園,4歳,1.666666666666667,0.6666666666666666
令和8,保土ケ谷区,ＧＥＮＫＩＤＳ星川保育園,5歳,5.0,0.0
令和8,南区,きらり保育園吉野町,0歳,2.5,0.5
令和8,南区,きらり保育園吉野町,1歳,5.0,0.0
令和8,南区,きらり保育園吉野町,2歳,5.0,0.0
令和8,南区,きらり保育園吉野町,3歳,5.0,0.0
令和8,南区,きらり保育園吉野町,4歳,5.0,0.0
令和8,南区,きらり保育園吉野町,5歳,5.0,0.0
令和8,南区,くらき永田保育園,0歳,5.0,0.0
令和8,南区,くらき永田保育園,1歳,5.0,0.0
令和8,南区,くらき永田保育園,2歳,5.0,0.0
令和8,南区,くらき永田保育園,3歳,5.0,0.0
令和8,南区,くらき永田保育園,4歳,5.0,0.0
令和8,南区,くらき永田保育園,5歳,2.5,0.5
令和8,南区,こども園　よこはま風の遊育園,0歳,5.0,0.0
令和8,南区,こども園　よこはま風の遊育園,1歳,5.0,0.0
令和8,南区,こども園　よこはま風の遊育園,2歳,5.0,0.0
令和8,南区,こども園　よこはま風の遊育園,3歳,5.0,0.0
令和8,南区,こども園　よこはま風の遊育園,4歳,5.0,0.0
令和8,南区,こども園　よこはま風の遊育園,5歳,5.0,0.0
令和8,南区,たけのこ永田東保育園,0歳,5.0,0.0
令和8,南区,たけのこ永田東保育園,1歳,5.0,0.0
令和8,南区,たけのこ永田東保育園,2歳,5.0,0.0
令和8,南区,たけのこ永田東保育園,3歳,5.0,0.0
令和8,南区,たけのこ永田東保育園,4歳,2.5,0.5
令和8,南区,たけのこ永田東保育園,5歳,5.0,0.0
令和8,南区,つぼみの森保育室,0歳,5.0,0.0
令和8,南区,つぼみの森保育室,1歳,2.5,0.5
令和8,南区,つぼみの森保育室,2歳,2.5,0.5
令和8,南区,つぼみの森保育室,3歳,5.0,0.0
令和8,南区,つぼみの森保育室,4歳,5.0,0.0
令和8,南区,つぼみの森保育室,5歳,5.0,0.0
令和8,南区,ばばほいくしつ黄金町,0歳,5.0,0.0
令和8,南区,ばばほいくしつ黄金町,1歳,5.0,0.0
令和8,南区,ばばほいくしつ黄金町,2歳,5.0,0.0
令和8,南区,ばばほいくしつ黄金町,3歳,5.0,0.0
令和8,南区,ばばほいくしつ黄金町,4歳,5.0,0.0
令和8,南区,ばばほいくしつ黄金町,5歳,5.0,0.0
令和8,南区,ひびき井土ヶ谷保育園,0歳,5.0,0.0
令和8,南区,ひびき井土ヶ谷保育園,1歳,5.0,0.0
令和8,南区,ひびき井土ヶ谷保育園,2歳,5.0,0.0
令和8,南区,ひびき井土ヶ谷保育園,3歳,5.0,0.0
令和8,南区,ひびき井土ヶ谷保育園,4歳,5.0,0.0
令和8,南区,ひびき井土ヶ谷保育園,5歳,5.0,0.0
令和8,南区,ぽかぽか保育園,0歳,5.0,0.0
令和8,南区,ぽかぽか保育園,1歳,2.5,0.5
令和8,南区,ぽかぽか保育園,2歳,5.0,0.0
令和8,南区,ぽかぽか保育園,3歳,5.0,0.0
令和8,南区,ぽかぽか保育園,4歳,5.0,0.0
令和8,南区,ぽかぽか保育園,5歳,5.0,0.0
令和8,南区,まなびの森　プチ・ナーサリー弘明寺,0歳,5.0,0.0
令和8,南区,まなびの森　プチ・ナーサリー弘明寺,1歳,5.0,0.0
令和8,南区,まなびの森　プチ・ナーサリー弘明寺,2歳,5.0,0.0
令和8,南区,まなびの森　プチ・ナーサリー弘明寺,3歳,5.0,0.0
令和8,南区,まなびの森　プチ・ナーサリー弘明寺,4歳,5.0,0.0
令和8,南区,まなびの森　プチ・ナーサリー弘明寺,5歳,2.872340425531915,0.425531914893617
令和8,南区,みなみマーノ保育園,0歳,5.0,0.0
令和8,南区,みなみマーノ保育園,1歳,5.0,0.0
令和8,南区,みなみマーノ保育園,2歳,5.0,0.0
令和8,南区,みなみマーノ保育園,3歳,5.0,0.0
令和8,南区,みなみマーノ保育園,4歳,5.0,0.0
令和8,南区,みなみマーノ保育園,5歳,5.0,0.0
令和8,南区,めいとく保育園,0歳,1.25,0.75
令和8,南区,めいとく保育園,1歳,2.5,0.5
令和8,南区,めいとく保育園,2歳,2.5,0.5
令和8,南区,めいとく保育園,3歳,5.0,0.0
令和8,南区,めいとく保育園,4歳,5.0,0.0
令和8,南区,めいとく保育園,5歳,5.0,0.0
令和8,南区,もりた保育室,0歳,5.0,0.0
令和8,南区,もりた保育室,1歳,5.0,0.0
令和8,南区,もりた保育室,2歳,5.0,0.0
令和8,南区,もりた保育室,3歳,5.0,0.0
令和8,南区,もりた保育室,4歳,5.0,0.0
令和8,南区,もりた保育室,5歳,5.0,0.0
令和8,南区,やすらぎ保育園,0歳,5.0,0.0
令和8,南区,やすらぎ保育園,1歳,1.666666666666667,0.6666666666666666
令和8,南区,やすらぎ保育園,2歳,5.0,0.0
令和8,南区,やすらぎ保育園,3歳,5.0,0.0
令和8,南区,やすらぎ保育園,4歳,2.5,0.5
令和8,南区,やすらぎ保育園,5歳,5.0,0.0
令和8,南区,アイン弘明寺保育園,0歳,2.872340425531915,0.425531914893617
令和8,南区,アイン弘明寺保育園,1歳,5.0,0.0
令和8,南区,アイン弘明寺保育園,2歳,5.0,0.0
令和8,南区,アイン弘明寺保育園,3歳,5.0,0.0
令和8,南区,アイン弘明寺保育園,4歳,5.0,0.0
令和8,南区,アイン弘明寺保育園,5歳,5.0,0.0
令和8,南区,アスクいどがや保育園,0歳,5.0,0.0
令和8,南区,アスクいどがや保育園,1歳,5.0,0.0
令和8,南区,アスクいどがや保育園,2歳,5.0,0.0
令和8,南区,アスクいどがや保育園,3歳,5.0,0.0
令和8,南区,アスクいどがや保育園,4歳,5.0,0.0
令和8,南区,アスクいどがや保育園,5歳,5.0,0.0
令和8,南区,アスクバイリンガル保育園 吉野町,0歳,5.0,0.0
令和8,南区,アスクバイリンガル保育園 吉野町,1歳,5.0,0.0
令和8,南区,アスクバイリンガル保育園 吉野町,2歳,3.5294117647058822,0.29411764705882354
令和8,南区,アスクバイリンガル保育園 吉野町,3歳,5.0,0.0
令和8,南区,アスクバイリンガル保育園 吉野町,4歳,2.5,0.5
令和8,南区,アスクバイリンガル保育園 吉野町,5歳,5.0,0.0
令和8,南区,キッズパートナー井土ヶ谷,0歳,5.0,0.0
令和8,南区,キッズパートナー井土ヶ谷,1歳,5.0,0.0
令和8,南区,キッズパートナー井土ヶ谷,2歳,2.5,0.5
令和8,南区,キッズパートナー井土ヶ谷,3歳,5.0,0.0
令和8,南区,キッズパートナー井土ヶ谷,4歳,5.0,0.0
令和8,南区,キッズパートナー井土ヶ谷,5歳,5.0,0.0
令和8,南区,キッズパートナー弘明寺,0歳,5.0,0.0
令和8,南区,キッズパートナー弘明寺,1歳,5.0,0.0
令和8,南区,キッズパートナー弘明寺,2歳,5.0,0.0
令和8,南区,キッズパートナー弘明寺,3歳,5.0,0.0
令和8,南区,キッズパートナー弘明寺,4歳,5.0,0.0
令和8,南区,キッズパートナー弘明寺,5歳,1.666666666666667,0.6666666666666666
令和8,南区,キューピールームＰ-ｋａｂｏｏ園,0歳,2.5,0.5
令和8,南区,キューピールームＰ-ｋａｂｏｏ園,1歳,5.0,0.0
令和8,南区,キューピールームＰ-ｋａｂｏｏ園,2歳,5.0,0.0
令和8,南区,キューピールームＰ-ｋａｂｏｏ園,3歳,5.0,0.0
令和8,南区,キューピールームＰ-ｋａｂｏｏ園,4歳,5.0,0.0
令和8,南区,キューピールームＰ-ｋａｂｏｏ園,5歳,5.0,0.0
令和8,南区,チームナーサリーＢｉｇＨｕｇ南太田,0歳,5.0,0.0
令和8,南区,チームナーサリーＢｉｇＨｕｇ南太田,1歳,5.0,0.0
令和8,南区,チームナーサリーＢｉｇＨｕｇ南太田,2歳,5.0,0.0
令和8,南区,チームナーサリーＢｉｇＨｕｇ南太田,3歳,5.0,0.0
令和8,南区,チームナーサリーＢｉｇＨｕｇ南太田,4歳,5.0,0.0
令和8,南区,チームナーサリーＢｉｇＨｕｇ南太田,5歳,5.0,0.0
令和8,南区,パナマリア保育園弘明寺園,0歳,5.0,0.0
令和8,南区,パナマリア保育園弘明寺園,1歳,5.0,0.0
令和8,南区,パナマリア保育園弘明寺園,2歳,5.0,0.0
令和8,南区,パナマリア保育園弘明寺園,3歳,5.0,0.0
令和8,南区,パナマリア保育園弘明寺園,4歳,5.0,0.0
令和8,南区,パナマリア保育園弘明寺園,5歳,5.0,0.0
令和8,南区,ペパンルーム,0歳,5.0,0.0
令和8,南区,ペパンルーム,1歳,5.0,0.0
令和8,南区,ペパンルーム,2歳,5.0,0.0
令和8,南区,ペパンルーム,3歳,5.0,0.0
令和8,南区,ペパンルーム,4歳,5.0,0.0
令和8,南区,ペパンルーム,5歳,5.0,0.0
令和8,南区,ララランド井土ヶ谷,0歳,5.0,0.0
令和8,南区,ララランド井土ヶ谷,1歳,5.0,0.0
令和8,南区,ララランド井土ヶ谷,2歳,5.0,0.0
令和8,南区,ララランド井土ヶ谷,3歳,2.5,0.5
令和8,南区,ララランド井土ヶ谷,4歳,5.0,0.0
令和8,南区,ララランド井土ヶ谷,5歳,2.5,0.5
令和8,南区,三春台保育園,0歳,5.0,0.0
令和8,南区,三春台保育園,1歳,2.5,0.5
令和8,南区,三春台保育園,2歳,5.0,0.0
令和8,南区,三春台保育園,3歳,5.0,0.0
令和8,南区,三春台保育園,4歳,1.666666666666667,0.6666666666666666
令和8,南区,三春台保育園,5歳,5.0,0.0
令和8,南区,上大岡ラビット保育園,0歳,5.0,0.0
令和8,南区,上大岡ラビット保育園,1歳,5.0,0.0
令和8,南区,上大岡ラビット保育園,2歳,5.0,0.0
令和8,南区,上大岡ラビット保育園,3歳,5.0,0.0
令和8,南区,上大岡ラビット保育園,4歳,5.0,0.0
令和8,南区,上大岡ラビット保育園,5歳,5.0,0.0
令和8,南区,中村愛児園,0歳,5.0,0.0
令和8,南区,中村愛児園,1歳,2.5,0.5
令和8,南区,中村愛児園,2歳,2.872340425531915,0.425531914893617
令和8,南区,中村愛児園,3歳,5.0,0.0
令和8,南区,中村愛児園,4歳,2.5,0.5
令和8,南区,中村愛児園,5歳,2.5,0.5
令和8,南区,久良岐保育園,0歳,5.0,0.0
令和8,南区,久良岐保育園,1歳,5.0,0.0
令和8,南区,久良岐保育園,2歳,5.0,0.0
令和8,南区,久良岐保育園,3歳,5.0,0.0
令和8,南区,久良岐保育園,4歳,5.0,0.0
令和8,南区,久良岐保育園,5歳,5.0,0.0
令和8,南区,京急キッズランド井土ケ谷駅保育園,0歳,5.0,0.0
令和8,南区,京急キッズランド井土ケ谷駅保育園,1歳,5.0,0.0
令和8,南区,京急キッズランド井土ケ谷駅保育園,2歳,5.0,0.0
令和8,南区,京急キッズランド井土ケ谷駅保育園,3歳,5.0,0.0
令和8,南区,京急キッズランド井土ケ谷駅保育園,4歳,5.0,0.0
令和8,南区,京急キッズランド井土ケ谷駅保育園,5歳,5.0,0.0
令和8,南区,京急キッズランド黄金町保育園,0歳,5.0,0.0
令和8,南区,京急キッズランド黄金町保育園,1歳,5.0,0.0
令和8,南区,京急キッズランド黄金町保育園,2歳,5.0,0.0
令和8,南区,京急キッズランド黄金町保育園,3歳,5.0,0.0
令和8,南区,京急キッズランド黄金町保育園,4歳,5.0,0.0
令和8,南区,京急キッズランド黄金町保育園,5歳,1.666666666666667,0.6666666666666666
令和8,南区,六ツ川みどり保育園,0歳,5.0,0.0
令和8,南区,六ツ川みどり保育園,1歳,5.0,0.0
令和8,南区,六ツ川みどり保育園,2歳,3.360655737704918,0.3278688524590164
令和8,南区,六ツ川みどり保育園,3歳,5.0,0.0
令和8,南区,六ツ川みどり保育園,4歳,5.0,0.0
令和8,南区,六ツ川みどり保育園,5歳,5.0,0.0
令和8,南区,六ツ川台保育園,0歳,5.0,0.0
令和8,南区,六ツ川台保育園,1歳,5.0,0.0
令和8,南区,六ツ川台保育園,2歳,5.0,0.0
令和8,南区,六ツ川台保育園,3歳,5.0,0.0
令和8,南区,六ツ川台保育園,4歳,5.0,0.0
令和8,南区,六ツ川台保育園,5歳,5.0,0.0
令和8,南区,六ツ川西保育園,0歳,5.0,0.0
令和8,南区,六ツ川西保育園,1歳,5.0,0.0
令和8,南区,六ツ川西保育園,2歳,5.0,0.0
令和8,南区,六ツ川西保育園,3歳,5.0,0.0
令和8,南区,六ツ川西保育園,4歳,5.0,0.0
令和8,南区,六ツ川西保育園,5歳,5.0,0.0
令和8,南区,別所保育園,0歳,5.0,0.0
令和8,南区,別所保育園,1歳,5.0,0.0
令和8,南区,別所保育園,2歳,5.0,0.0
令和8,南区,別所保育園,3歳,5.0,0.0
令和8,南区,別所保育園,4歳,5.0,0.0
令和8,南区,別所保育園,5歳,5.0,0.0
令和8,南区,南愛児園,0歳,5.0,0.0
令和8,南区,南愛児園,1歳,5.0,0.0
令和8,南区,南愛児園,2歳,3.1481481481481484,0.37037037037037035
令和8,南区,南愛児園,3歳,5.0,0.0
令和8,南区,南愛児園,4歳,5.0,0.0
令和8,南区,南愛児園,5歳,5.0,0.0
令和8,南区,大岡おひさま保育園,0歳,5.0,0.0
令和8,南区,大岡おひさま保育園,1歳,5.0,0.0
令和8,南区,大岡おひさま保育園,2歳,5.0,0.0
令和8,南区,大岡おひさま保育園,3歳,5.0,0.0
令和8,南区,大岡おひさま保育園,4歳,5.0,0.0
令和8,南区,大岡おひさま保育園,5歳,5.0,0.0
令和8,南区,大岡はるかぜ保育園,0歳,2.872340425531915,0.425531914893617
令和8,南区,大岡はるかぜ保育園,1歳,5.0,0.0
令和8,南区,大岡はるかぜ保育園,2歳,5.0,0.0
令和8,南区,大岡はるかぜ保育園,3歳,5.0,0.0
令和8,南区,大岡はるかぜ保育園,4歳,5.0,0.0
令和8,南区,大岡はるかぜ保育園,5歳,5.0,0.0
令和8,南区,小さな足あと保育園,0歳,2.5,0.5
令和8,南区,小さな足あと保育園,1歳,5.0,0.0
令和8,南区,小さな足あと保育園,2歳,5.0,0.0
令和8,南区,小さな足あと保育園,3歳,5.0,0.0
令和8,南区,小さな足あと保育園,4歳,2.5,0.5
令和8,南区,小さな足あと保育園,5歳,5.0,0.0
令和8,南区,小学館アカデミーまいた保育園,0歳,2.5,0.5
令和8,南区,小学館アカデミーまいた保育園,1歳,5.0,0.0
令和8,南区,小学館アカデミーまいた保育園,2歳,5.0,0.0
令和8,南区,小学館アカデミーまいた保育園,3歳,5.0,0.0
令和8,南区,小学館アカデミーまいた保育園,4歳,5.0,0.0
令和8,南区,小学館アカデミーまいた保育園,5歳,5.0,0.0
令和8,南区,幼保連携型認定こども園　睦町保育園,0歳,0.9999999999999998,0.8
令和8,南区,幼保連携型認定こども園　睦町保育園,1歳,5.0,0.0
令和8,南区,幼保連携型認定こども園　睦町保育園,2歳,5.0,0.0
令和8,南区,幼保連携型認定こども園　睦町保育園,3歳,5.0,0.0
令和8,南区,幼保連携型認定こども園　睦町保育園,4歳,5.0,0.0
令和8,南区,幼保連携型認定こども園　睦町保育園,5歳,5.0,0.0
令和8,南区,弘明寺なぎさ保育園,0歳,5.0,0.0
令和8,南区,弘明寺なぎさ保育園,1歳,5.0,0.0
令和8,南区,弘明寺なぎさ保育園,2歳,2.5,0.5
令和8,南区,弘明寺なぎさ保育園,3歳,5.0,0.0
令和8,南区,弘明寺なぎさ保育園,4歳,5.0,0.0
令和8,南区,弘明寺なぎさ保育園,5歳,5.0,0.0
令和8,南区,木の花保育園,0歳,2.5,0.5
令和8,南区,木の花保育園,1歳,5.0,0.0
令和8,南区,木の花保育園,2歳,1.666666666666667,0.6666666666666666
令和8,南区,木の花保育園,3歳,5.0,0.0
令和8,南区,木の花保育園,4歳,5.0,0.0
令和8,南区,木の花保育園,5歳,5.0,0.0
令和8,南区,横浜みなみ薫保育園,0歳,2.5,0.5
令和8,南区,横浜みなみ薫保育園,1歳,5.0,0.0
令和8,南区,横浜みなみ薫保育園,2歳,5.0,0.0
令和8,南区,横浜みなみ薫保育園,3歳,5.0,0.0
令和8,南区,横浜みなみ薫保育園,4歳,5.0,0.0
令和8,南区,横浜みなみ薫保育園,5歳,1.666666666666667,0.6666666666666666
令和8,南区,横浜市しろばら保育園,0歳,5.0,0.0
令和8,南区,横浜市しろばら保育園,1歳,5.0,0.0
令和8,南区,横浜市しろばら保育園,2歳,5.0,0.0
令和8,南区,横浜市しろばら保育園,3歳,5.0,0.0
令和8,南区,横浜市しろばら保育園,4歳,1.25,0.75
令和8,南区,横浜市しろばら保育園,5歳,2.0149253731343286,0.5970149253731343
令和8,南区,横浜市井土ケ谷保育園,0歳,5.0,0.0
令和8,南区,横浜市井土ケ谷保育園,1歳,5.0,0.0
令和8,南区,横浜市井土ケ谷保育園,2歳,5.0,0.0
令和8,南区,横浜市井土ケ谷保育園,3歳,5.0,0.0
令和8,南区,横浜市井土ケ谷保育園,4歳,5.0,0.0
令和8,南区,横浜市井土ケ谷保育園,5歳,5.0,0.0
令和8,南区,横浜市永田保育園,0歳,5.0,0.0
令和8,南区,横浜市永田保育園,1歳,5.0,0.0
令和8,南区,横浜市永田保育園,2歳,5.0,0.0
令和8,南区,横浜市永田保育園,3歳,2.5,0.5
令和8,南区,横浜市永田保育園,4歳,5.0,0.0
令和8,南区,横浜市永田保育園,5歳,5.0,0.0
令和8,南区,清水ヶ丘保育園,0歳,5.0,0.0
令和8,南区,清水ヶ丘保育園,1歳,1.666666666666667,0.6666666666666666
令和8,南区,清水ヶ丘保育園,2歳,5.0,0.0
令和8,南区,清水ヶ丘保育園,3歳,5.0,0.0
令和8,南区,清水ヶ丘保育園,4歳,5.0,0.0
令和8,南区,清水ヶ丘保育園,5歳,0.8333333333333331,0.8333333333333334
令和8,南区,竹の子共同保育園,0歳,5.0,0.0
令和8,南区,竹の子共同保育園,1歳,5.0,0.0
令和8,南区,竹の子共同保育園,2歳,5.0,0.0
令和8,南区,竹の子共同保育園,3歳,5.0,0.0
令和8,南区,竹の子共同保育園,4歳,5.0,0.0
令和8,南区,竹の子共同保育園,5歳,5.0,0.0
令和8,南区,蒔田ひまわり保育園,0歳,1.25,0.75
令和8,南区,蒔田ひまわり保育園,1歳,5.0,0.0
令和8,南区,蒔田ひまわり保育園,2歳,5.0,0.0
令和8,南区,蒔田ひまわり保育園,3歳,5.0,0.0
令和8,南区,蒔田ひまわり保育園,4歳,5.0,0.0
令和8,南区,蒔田ひまわり保育園,5歳,5.0,0.0
令和8,南区,認定こども園山王台幼稚園,0歳,2.5,0.5
令和8,南区,認定こども園山王台幼稚園,1歳,5.0,0.0
令和8,南区,認定こども園山王台幼稚園,2歳,5.0,0.0
令和8,南区,認定こども園山王台幼稚園,3歳,5.0,0.0
令和8,南区,認定こども園山王台幼稚園,4歳,5.0,0.0
令和8,南区,認定こども園山王台幼稚園,5歳,5.0,0.0
令和8,戸塚区,あおぞらみらい保育園,0歳,5.0,0.0
令和8,戸塚区,あおぞらみらい保育園,1歳,5.0,0.0
令和8,戸塚区,あおぞらみらい保育園,2歳,5.0,0.0
令和8,戸塚区,あおぞらみらい保育園,3歳,5.0,0.0
令和8,戸塚区,あおぞらみらい保育園,4歳,5.0,0.0
令和8,戸塚区,あおぞらみらい保育園,5歳,5.0,0.0
令和8,戸塚区,あきば幼保連携型認定こども園,0歳,5.0,0.0
令和8,戸塚区,あきば幼保連携型認定こども園,1歳,5.0,0.0
令和8,戸塚区,あきば幼保連携型認定こども園,2歳,5.0,0.0
令和8,戸塚区,あきば幼保連携型認定こども園,3歳,3.1481481481481484,0.37037037037037035
令和8,戸塚区,あきば幼保連携型認定こども園,4歳,5.0,0.0
令和8,戸塚区,あきば幼保連携型認定こども園,5歳,5.0,0.0
令和8,戸塚区,あきば第２保育園,0歳,5.0,0.0
令和8,戸塚区,あきば第２保育園,1歳,5.0,0.0
令和8,戸塚区,あきば第２保育園,2歳,5.0,0.0
令和8,戸塚区,あきば第２保育園,3歳,5.0,0.0
令和8,戸塚区,あきば第２保育園,4歳,5.0,0.0
令和8,戸塚区,あきば第２保育園,5歳,5.0,0.0
令和8,戸塚区,あけぼの保育園,0歳,5.0,0.0
令和8,戸塚区,あけぼの保育園,1歳,5.0,0.0
令和8,戸塚区,あけぼの保育園,2歳,5.0,0.0
令和8,戸塚区,あけぼの保育園,3歳,5.0,0.0
令和8,戸塚区,あけぼの保育園,4歳,5.0,0.0
令和8,戸塚区,あけぼの保育園,5歳,2.5,0.5
令和8,戸塚区,あーす保育園　横濱戸塚,0歳,5.0,0.0
令和8,戸塚区,あーす保育園　横濱戸塚,1歳,5.0,0.0
令和8,戸塚区,あーす保育園　横濱戸塚,2歳,5.0,0.0
令和8,戸塚区,あーす保育園　横濱戸塚,3歳,5.0,0.0
令和8,戸塚区,あーす保育園　横濱戸塚,4歳,5.0,0.0
令和8,戸塚区,あーす保育園　横濱戸塚,5歳,5.0,0.0
令和8,戸塚区,あーす保育園戸塚,0歳,5.0,0.0
令和8,戸塚区,あーす保育園戸塚,1歳,5.0,0.0
令和8,戸塚区,あーす保育園戸塚,2歳,5.0,0.0
令和8,戸塚区,あーす保育園戸塚,3歳,5.0,0.0
令和8,戸塚区,あーす保育園戸塚,4歳,5.0,0.0
令和8,戸塚区,あーす保育園戸塚,5歳,5.0,0.0
令和8,戸塚区,あーす保育園戸塚Ａｎｎｅｘ,0歳,5.0,0.0
令和8,戸塚区,あーす保育園戸塚Ａｎｎｅｘ,1歳,5.0,0.0
令和8,戸塚区,あーす保育園戸塚Ａｎｎｅｘ,2歳,5.0,0.0
令和8,戸塚区,あーす保育園戸塚Ａｎｎｅｘ,3歳,5.0,0.0
令和8,戸塚区,あーす保育園戸塚Ａｎｎｅｘ,4歳,5.0,0.0
令和8,戸塚区,あーす保育園戸塚Ａｎｎｅｘ,5歳,5.0,0.0
令和8,戸塚区,うみのくに保育園とつか,0歳,2.5,0.5
令和8,戸塚区,うみのくに保育園とつか,1歳,5.0,0.0
令和8,戸塚区,うみのくに保育園とつか,2歳,5.0,0.0
令和8,戸塚区,うみのくに保育園とつか,3歳,5.0,0.0
令和8,戸塚区,うみのくに保育園とつか,4歳,5.0,0.0
令和8,戸塚区,うみのくに保育園とつか,5歳,5.0,0.0
令和8,戸塚区,おおぞらどんぐり保育室,0歳,5.0,0.0
令和8,戸塚区,おおぞらどんぐり保育室,1歳,5.0,0.0
令和8,戸塚区,おおぞらどんぐり保育室,2歳,5.0,0.0
令和8,戸塚区,おおぞらどんぐり保育室,3歳,5.0,0.0
令和8,戸塚区,おおぞらどんぐり保育室,4歳,5.0,0.0
令和8,戸塚区,おおぞらどんぐり保育室,5歳,5.0,0.0
令和8,戸塚区,おおぞらひまわり保育園,0歳,5.0,0.0
令和8,戸塚区,おおぞらひまわり保育園,1歳,5.0,0.0
令和8,戸塚区,おおぞらひまわり保育園,2歳,5.0,0.0
令和8,戸塚区,おおぞらひまわり保育園,3歳,5.0,0.0
令和8,戸塚区,おおぞらひまわり保育園,4歳,5.0,0.0
令和8,戸塚区,おおぞらひまわり保育園,5歳,5.0,0.0
令和8,戸塚区,おれんじハウス戸塚保育園,0歳,5.0,0.0
令和8,戸塚区,おれんじハウス戸塚保育園,1歳,5.0,0.0
令和8,戸塚区,おれんじハウス戸塚保育園,2歳,5.0,0.0
令和8,戸塚区,おれんじハウス戸塚保育園,3歳,2.5,0.5
令和8,戸塚区,おれんじハウス戸塚保育園,4歳,0.625,0.875
令和8,戸塚区,おれんじハウス戸塚保育園,5歳,0.8333333333333331,0.8333333333333334
令和8,戸塚区,おんぷ保育園,0歳,5.0,0.0
令和8,戸塚区,おんぷ保育園,1歳,2.5,0.5
令和8,戸塚区,おんぷ保育園,2歳,5.0,0.0
令和8,戸塚区,おんぷ保育園,3歳,5.0,0.0
令和8,戸塚区,おんぷ保育園,4歳,5.0,0.0
令和8,戸塚区,おんぷ保育園,5歳,5.0,0.0
令和8,戸塚区,くすのき保育園,0歳,5.0,0.0
令和8,戸塚区,くすのき保育園,1歳,5.0,0.0
令和8,戸塚区,くすのき保育園,2歳,5.0,0.0
令和8,戸塚区,くすのき保育園,3歳,5.0,0.0
令和8,戸塚区,くすのき保育園,4歳,5.0,0.0
令和8,戸塚区,くすのき保育園,5歳,2.5,0.5
令和8,戸塚区,くすのき第二保育園,0歳,5.0,0.0
令和8,戸塚区,くすのき第二保育園,1歳,5.0,0.0
令和8,戸塚区,くすのき第二保育園,2歳,5.0,0.0
令和8,戸塚区,くすのき第二保育園,3歳,5.0,0.0
令和8,戸塚区,くすのき第二保育園,4歳,5.0,0.0
令和8,戸塚区,くすのき第二保育園,5歳,2.5,0.5
令和8,戸塚区,ことは保育園,0歳,1.25,0.75
令和8,戸塚区,ことは保育園,1歳,1.25,0.75
令和8,戸塚区,ことは保育園,2歳,3.1481481481481484,0.37037037037037035
令和8,戸塚区,ことは保育園,3歳,2.5,0.5
令和8,戸塚区,ことは保育園,4歳,5.0,0.0
令和8,戸塚区,ことは保育園,5歳,1.666666666666667,0.6666666666666666
令和8,戸塚区,こんにちは・ありがとうえん,0歳,1.25,0.75
令和8,戸塚区,こんにちは・ありがとうえん,1歳,2.0149253731343286,0.5970149253731343
令和8,戸塚区,こんにちは・ありがとうえん,2歳,5.0,0.0
令和8,戸塚区,こんにちは・ありがとうえん,3歳,5.0,0.0
令和8,戸塚区,こんにちは・ありがとうえん,4歳,5.0,0.0
令和8,戸塚区,こんにちは・ありがとうえん,5歳,5.0,0.0
令和8,戸塚区,しんざわあゆみ保育室,0歳,5.0,0.0
令和8,戸塚区,しんざわあゆみ保育室,1歳,5.0,0.0
令和8,戸塚区,しんざわあゆみ保育室,2歳,2.5,0.5
令和8,戸塚区,しんざわあゆみ保育室,3歳,5.0,0.0
令和8,戸塚区,しんざわあゆみ保育室,4歳,5.0,0.0
令和8,戸塚区,しんざわあゆみ保育室,5歳,5.0,0.0
令和8,戸塚区,ちゃいれっく前田町保育園,0歳,5.0,0.0
令和8,戸塚区,ちゃいれっく前田町保育園,1歳,5.0,0.0
令和8,戸塚区,ちゃいれっく前田町保育園,2歳,5.0,0.0
令和8,戸塚区,ちゃいれっく前田町保育園,3歳,5.0,0.0
令和8,戸塚区,ちゃいれっく前田町保育園,4歳,5.0,0.0
令和8,戸塚区,ちゃいれっく前田町保育園,5歳,5.0,0.0
令和8,戸塚区,ちゃいれっく平戸町保育室,0歳,1.25,0.75
令和8,戸塚区,ちゃいれっく平戸町保育室,1歳,5.0,0.0
令和8,戸塚区,ちゃいれっく平戸町保育室,2歳,5.0,0.0
令和8,戸塚区,ちゃいれっく平戸町保育室,3歳,5.0,0.0
令和8,戸塚区,ちゃいれっく平戸町保育室,4歳,5.0,0.0
令和8,戸塚区,ちゃいれっく平戸町保育室,5歳,5.0,0.0
令和8,戸塚区,ちゃいれっく戸塚保育園,0歳,5.0,0.0
令和8,戸塚区,ちゃいれっく戸塚保育園,1歳,5.0,0.0
令和8,戸塚区,ちゃいれっく戸塚保育園,2歳,5.0,0.0
令和8,戸塚区,ちゃいれっく戸塚保育園,3歳,5.0,0.0
令和8,戸塚区,ちゃいれっく戸塚保育園,4歳,5.0,0.0
令和8,戸塚区,ちゃいれっく戸塚保育園,5歳,5.0,0.0
令和8,戸塚区,ちゃいれっく東戸塚駅前保育園,0歳,5.0,0.0
令和8,戸塚区,ちゃいれっく東戸塚駅前保育園,1歳,5.0,0.0
令和8,戸塚区,ちゃいれっく東戸塚駅前保育園,2歳,5.0,0.0
令和8,戸塚区,ちゃいれっく東戸塚駅前保育園,3歳,5.0,0.0
令和8,戸塚区,ちゃいれっく東戸塚駅前保育園,4歳,2.5,0.5
令和8,戸塚区,ちゃいれっく東戸塚駅前保育園,5歳,5.0,0.0
令和8,戸塚区,つくし保育園　戸塚,0歳,5.0,0.0
令和8,戸塚区,つくし保育園　戸塚,1歳,5.0,0.0
令和8,戸塚区,つくし保育園　戸塚,2歳,5.0,0.0
令和8,戸塚区,つくし保育園　戸塚,3歳,5.0,0.0
令和8,戸塚区,つくし保育園　戸塚,4歳,5.0,0.0
令和8,戸塚区,つくし保育園　戸塚,5歳,5.0,0.0
令和8,戸塚区,つくし保育園　東戸塚,0歳,1.5517241379310343,0.6896551724137931
令和8,戸塚区,つくし保育園　東戸塚,1歳,5.0,0.0
令和8,戸塚区,つくし保育園　東戸塚,2歳,5.0,0.0
令和8,戸塚区,つくし保育園　東戸塚,3歳,5.0,0.0
令和8,戸塚区,つくし保育園　東戸塚,4歳,5.0,0.0
令和8,戸塚区,つくし保育園　東戸塚,5歳,5.0,0.0
令和8,戸塚区,とつかルーテル保育園,0歳,5.0,0.0
令和8,戸塚区,とつかルーテル保育園,1歳,5.0,0.0
令和8,戸塚区,とつかルーテル保育園,2歳,5.0,0.0
令和8,戸塚区,とつかルーテル保育園,3歳,5.0,0.0
令和8,戸塚区,とつかルーテル保育園,4歳,5.0,0.0
令和8,戸塚区,とつかルーテル保育園,5歳,5.0,0.0
令和8,戸塚区,にじいろ保育園吉田町,0歳,5.0,0.0
令和8,戸塚区,にじいろ保育園吉田町,1歳,5.0,0.0
令和8,戸塚区,にじいろ保育園吉田町,2歳,5.0,0.0
令和8,戸塚区,にじいろ保育園吉田町,3歳,5.0,0.0
令和8,戸塚区,にじいろ保育園吉田町,4歳,1.25,0.75
令和8,戸塚区,にじいろ保育園吉田町,5歳,0.4545454545454547,0.9090909090909091
令和8,戸塚区,にじいろ保育園品濃町,0歳,5.0,0.0
令和8,戸塚区,にじいろ保育園品濃町,1歳,5.0,0.0
令和8,戸塚区,にじいろ保育園品濃町,2歳,5.0,0.0
令和8,戸塚区,にじいろ保育園品濃町,3歳,5.0,0.0
令和8,戸塚区,にじいろ保育園品濃町,4歳,5.0,0.0
令和8,戸塚区,にじいろ保育園品濃町,5歳,5.0,0.0
令和8,戸塚区,にじいろ保育園川上町,0歳,5.0,0.0
令和8,戸塚区,にじいろ保育園川上町,1歳,5.0,0.0
令和8,戸塚区,にじいろ保育園川上町,2歳,5.0,0.0
令和8,戸塚区,にじいろ保育園川上町,3歳,2.872340425531915,0.425531914893617
令和8,戸塚区,にじいろ保育園川上町,4歳,5.0,0.0
令和8,戸塚区,にじいろ保育園川上町,5歳,5.0,0.0
令和8,戸塚区,にじいろ保育園戸塚,0歳,5.0,0.0
令和8,戸塚区,にじいろ保育園戸塚,1歳,5.0,0.0
令和8,戸塚区,にじいろ保育園戸塚,2歳,5.0,0.0
令和8,戸塚区,にじいろ保育園戸塚,3歳,5.0,0.0
令和8,戸塚区,にじいろ保育園戸塚,4歳,2.5,0.5
令和8,戸塚区,にじいろ保育園戸塚,5歳,2.5,0.5
令和8,戸塚区,にじいろ保育園戸塚駅前,0歳,3.88268156424581,0.223463687150838
令和8,戸塚区,にじいろ保育園戸塚駅前,1歳,5.0,0.0
令和8,戸塚区,にじいろ保育園戸塚駅前,2歳,3.666666666666667,0.26666666666666666
令和8,戸塚区,にじいろ保育園戸塚駅前,3歳,5.0,0.0
令和8,戸塚区,にじいろ保育園戸塚駅前,4歳,5.0,0.0
令和8,戸塚区,にじいろ保育園戸塚駅前,5歳,2.5,0.5
令和8,戸塚区,にじいろ保育園東戸塚,0歳,5.0,0.0
令和8,戸塚区,にじいろ保育園東戸塚,1歳,5.0,0.0
令和8,戸塚区,にじいろ保育園東戸塚,2歳,1.666666666666667,0.6666666666666666
令和8,戸塚区,にじいろ保育園東戸塚,3歳,5.0,0.0
令和8,戸塚区,にじいろ保育園東戸塚,4歳,2.5,0.5
令和8,戸塚区,にじいろ保育園東戸塚,5歳,5.0,0.0
令和8,戸塚区,ののはな保育園,0歳,5.0,0.0
令和8,戸塚区,ののはな保育園,1歳,5.0,0.0
令和8,戸塚区,ののはな保育園,2歳,5.0,0.0
令和8,戸塚区,ののはな保育園,3歳,5.0,0.0
令和8,戸塚区,ののはな保育園,4歳,5.0,0.0
令和8,戸塚区,ののはな保育園,5歳,2.5,0.5
令和8,戸塚区,はまっこ乳児ルーム,0歳,5.0,0.0
令和8,戸塚区,はまっこ乳児ルーム,1歳,5.0,0.0
令和8,戸塚区,はまっこ乳児ルーム,2歳,5.0,0.0
令和8,戸塚区,はまっこ乳児ルーム,3歳,5.0,0.0
令和8,戸塚区,はまっこ乳児ルーム,4歳,5.0,0.0
令和8,戸塚区,はまっこ乳児ルーム,5歳,5.0,0.0
令和8,戸塚区,ぱぷりか保育園　戸塚,0歳,5.0,0.0
令和8,戸塚区,ぱぷりか保育園　戸塚,1歳,5.0,0.0
令和8,戸塚区,ぱぷりか保育園　戸塚,2歳,5.0,0.0
令和8,戸塚区,ぱぷりか保育園　戸塚,3歳,5.0,0.0
令和8,戸塚区,ぱぷりか保育園　戸塚,4歳,5.0,0.0
令和8,戸塚区,ぱぷりか保育園　戸塚,5歳,5.0,0.0
令和8,戸塚区,まなびの森　ヴィラ東戸塚こども園,0歳,5.0,0.0
令和8,戸塚区,まなびの森　ヴィラ東戸塚こども園,1歳,5.0,0.0
令和8,戸塚区,まなびの森　ヴィラ東戸塚こども園,2歳,5.0,0.0
令和8,戸塚区,まなびの森　ヴィラ東戸塚こども園,3歳,5.0,0.0
令和8,戸塚区,まなびの森　ヴィラ東戸塚こども園,4歳,5.0,0.0
令和8,戸塚区,まなびの森　ヴィラ東戸塚こども園,5歳,2.5,0.5
令和8,戸塚区,まなびの森　東戸塚こども園,0歳,5.0,0.0
令和8,戸塚区,まなびの森　東戸塚こども園,1歳,5.0,0.0
令和8,戸塚区,まなびの森　東戸塚こども園,2歳,5.0,0.0
令和8,戸塚区,まなびの森　東戸塚こども園,3歳,3.1481481481481484,0.37037037037037035
令和8,戸塚区,まなびの森　東戸塚こども園,4歳,5.0,0.0
令和8,戸塚区,まなびの森　東戸塚こども園,5歳,5.0,0.0
令和8,戸塚区,みんなのほいくえんａｔとつか,0歳,5.0,0.0
令和8,戸塚区,みんなのほいくえんａｔとつか,1歳,5.0,0.0
令和8,戸塚区,みんなのほいくえんａｔとつか,2歳,5.0,0.0
令和8,戸塚区,みんなのほいくえんａｔとつか,3歳,5.0,0.0
令和8,戸塚区,みんなのほいくえんａｔとつか,4歳,5.0,0.0
令和8,戸塚区,みんなのほいくえんａｔとつか,5歳,5.0,0.0
令和8,戸塚区,わかば保育園,0歳,1.666666666666667,0.6666666666666666
令和8,戸塚区,わかば保育園,1歳,5.0,0.0
令和8,戸塚区,わかば保育園,2歳,5.0,0.0
令和8,戸塚区,わかば保育園,3歳,5.0,0.0
令和8,戸塚区,わかば保育園,4歳,2.5,0.5
令和8,戸塚区,わかば保育園,5歳,2.5,0.5
令和8,戸塚区,アスク戸塚保育園,0歳,5.0,0.0
令和8,戸塚区,アスク戸塚保育園,1歳,5.0,0.0
令和8,戸塚区,アスク戸塚保育園,2歳,5.0,0.0
令和8,戸塚区,アスク戸塚保育園,3歳,5.0,0.0
令和8,戸塚区,アスク戸塚保育園,4歳,5.0,0.0
令和8,戸塚区,アスク戸塚保育園,5歳,5.0,0.0
令和8,戸塚区,アスノスひらと保育園東戸塚,0歳,5.0,0.0
令和8,戸塚区,アスノスひらと保育園東戸塚,1歳,5.0,0.0
令和8,戸塚区,アスノスひらと保育園東戸塚,2歳,5.0,0.0
令和8,戸塚区,アスノスひらと保育園東戸塚,3歳,5.0,0.0
令和8,戸塚区,アスノスひらと保育園東戸塚,4歳,5.0,0.0
令和8,戸塚区,アスノスひらと保育園東戸塚,5歳,5.0,0.0
令和8,戸塚区,アップルミントとつかシーズ保育園,0歳,5.0,0.0
令和8,戸塚区,アップルミントとつかシーズ保育園,1歳,0.9999999999999998,0.8
令和8,戸塚区,アップルミントとつかシーズ保育園,2歳,0.9999999999999998,0.8
令和8,戸塚区,アップルミントとつかシーズ保育園,3歳,5.0,0.0
令和8,戸塚区,アップルミントとつかシーズ保育園,4歳,5.0,0.0
令和8,戸塚区,アップルミントとつかシーズ保育園,5歳,5.0,0.0
令和8,戸塚区,アップルミントとつか保育園,0歳,5.0,0.0
令和8,戸塚区,アップルミントとつか保育園,1歳,5.0,0.0
令和8,戸塚区,アップルミントとつか保育園,2歳,2.5,0.5
令和8,戸塚区,アップルミントとつか保育園,3歳,5.0,0.0
令和8,戸塚区,アップルミントとつか保育園,4歳,5.0,0.0
令和8,戸塚区,アップルミントとつか保育園,5歳,5.0,0.0
令和8,戸塚区,アネラ保育室,0歳,5.0,0.0
令和8,戸塚区,アネラ保育室,1歳,5.0,0.0
令和8,戸塚区,アネラ保育室,2歳,5.0,0.0
令和8,戸塚区,アネラ保育室,3歳,5.0,0.0
令和8,戸塚区,アネラ保育室,4歳,5.0,0.0
令和8,戸塚区,アネラ保育室,5歳,5.0,0.0
令和8,戸塚区,アートチャイルドケア東戸塚,0歳,2.872340425531915,0.425531914893617
令和8,戸塚区,アートチャイルドケア東戸塚,1歳,1.25,0.75
令和8,戸塚区,アートチャイルドケア東戸塚,2歳,5.0,0.0
令和8,戸塚区,アートチャイルドケア東戸塚,3歳,5.0,0.0
令和8,戸塚区,アートチャイルドケア東戸塚,4歳,5.0,0.0
令和8,戸塚区,アートチャイルドケア東戸塚,5歳,5.0,0.0
令和8,戸塚区,エミールの森ひばり保育園,0歳,5.0,0.0
令和8,戸塚区,エミールの森ひばり保育園,1歳,5.0,0.0
令和8,戸塚区,エミールの森ひばり保育園,2歳,5.0,0.0
令和8,戸塚区,エミールの森ひばり保育園,3歳,5.0,0.0
令和8,戸塚区,エミールの森ひばり保育園,4歳,0.8333333333333331,0.8333333333333334
令和8,戸塚区,エミールの森ひばり保育園,5歳,0.8333333333333331,0.8333333333333334
令和8,戸塚区,キッズパートナー東戸塚,0歳,5.0,0.0
令和8,戸塚区,キッズパートナー東戸塚,1歳,5.0,0.0
令和8,戸塚区,キッズパートナー東戸塚,2歳,2.5,0.5
令和8,戸塚区,キッズパートナー東戸塚,3歳,5.0,0.0
令和8,戸塚区,キッズパートナー東戸塚,4歳,5.0,0.0
令和8,戸塚区,キッズパートナー東戸塚,5歳,5.0,0.0
令和8,戸塚区,キッズパートナー東戸塚第２,0歳,5.0,0.0
令和8,戸塚区,キッズパートナー東戸塚第２,1歳,5.0,0.0
令和8,戸塚区,キッズパートナー東戸塚第２,2歳,5.0,0.0
令和8,戸塚区,キッズパートナー東戸塚第２,3歳,5.0,0.0
令和8,戸塚区,キッズパートナー東戸塚第２,4歳,5.0,0.0
令和8,戸塚区,キッズパートナー東戸塚第２,5歳,5.0,0.0
令和8,戸塚区,グロウアップモンテッソーリ子どもの家（戸塚園）,0歳,5.0,0.0
令和8,戸塚区,グロウアップモンテッソーリ子どもの家（戸塚園）,1歳,2.5,0.5
令和8,戸塚区,グロウアップモンテッソーリ子どもの家（戸塚園）,2歳,5.0,0.0
令和8,戸塚区,グロウアップモンテッソーリ子どもの家（戸塚園）,3歳,5.0,0.0
令和8,戸塚区,グロウアップモンテッソーリ子どもの家（戸塚園）,4歳,5.0,0.0
令和8,戸塚区,グロウアップモンテッソーリ子どもの家（戸塚園）,5歳,5.0,0.0
令和8,戸塚区,グローバルキッズ戸塚吉田町保育園,0歳,2.872340425531915,0.425531914893617
令和8,戸塚区,グローバルキッズ戸塚吉田町保育園,1歳,5.0,0.0
令和8,戸塚区,グローバルキッズ戸塚吉田町保育園,2歳,5.0,0.0
令和8,戸塚区,グローバルキッズ戸塚吉田町保育園,3歳,5.0,0.0
令和8,戸塚区,グローバルキッズ戸塚吉田町保育園,4歳,5.0,0.0
令和8,戸塚区,グローバルキッズ戸塚吉田町保育園,5歳,5.0,0.0
令和8,戸塚区,グローバルキッズ戸塚園,0歳,5.0,0.0
令和8,戸塚区,グローバルキッズ戸塚園,1歳,5.0,0.0
令和8,戸塚区,グローバルキッズ戸塚園,2歳,5.0,0.0
令和8,戸塚区,グローバルキッズ戸塚園,3歳,2.5,0.5
令和8,戸塚区,グローバルキッズ戸塚園,4歳,1.25,0.75
令和8,戸塚区,グローバルキッズ戸塚園,5歳,5.0,0.0
令和8,戸塚区,グローバルキッズ戸塚第二保育園,0歳,5.0,0.0
令和8,戸塚区,グローバルキッズ戸塚第二保育園,1歳,5.0,0.0
令和8,戸塚区,グローバルキッズ戸塚第二保育園,2歳,5.0,0.0
令和8,戸塚区,グローバルキッズ戸塚第二保育園,3歳,5.0,0.0
令和8,戸塚区,グローバルキッズ戸塚第二保育園,4歳,5.0,0.0
令和8,戸塚区,グローバルキッズ戸塚第二保育園,5歳,5.0,0.0
令和8,戸塚区,コアの木保育園,0歳,5.0,0.0
令和8,戸塚区,コアの木保育園,1歳,5.0,0.0
令和8,戸塚区,コアの木保育園,2歳,5.0,0.0
令和8,戸塚区,コアの木保育園,3歳,5.0,0.0
令和8,戸塚区,コアの木保育園,4歳,5.0,0.0
令和8,戸塚区,コアの木保育園,5歳,5.0,0.0
令和8,戸塚区,スターチャイルド≪戸塚ナーサリー≫,0歳,5.0,0.0
令和8,戸塚区,スターチャイルド≪戸塚ナーサリー≫,1歳,2.5,0.5
令和8,戸塚区,スターチャイルド≪戸塚ナーサリー≫,2歳,5.0,0.0
令和8,戸塚区,スターチャイルド≪戸塚ナーサリー≫,3歳,1.666666666666667,0.6666666666666666
令和8,戸塚区,スターチャイルド≪戸塚ナーサリー≫,4歳,5.0,0.0
令和8,戸塚区,スターチャイルド≪戸塚ナーサリー≫,5歳,1.25,0.75
令和8,戸塚区,ニチイキッズ東戸塚保育園,0歳,5.0,0.0
令和8,戸塚区,ニチイキッズ東戸塚保育園,1歳,5.0,0.0
令和8,戸塚区,ニチイキッズ東戸塚保育園,2歳,5.0,0.0
令和8,戸塚区,ニチイキッズ東戸塚保育園,3歳,5.0,0.0
令和8,戸塚区,ニチイキッズ東戸塚保育園,4歳,5.0,0.0
令和8,戸塚区,ニチイキッズ東戸塚保育園,5歳,2.5,0.5
令和8,戸塚区,ハートの森保育園,0歳,0.9999999999999998,0.8
令和8,戸塚区,ハートの森保育園,1歳,2.872340425531915,0.425531914893617
令和8,戸塚区,ハートの森保育園,2歳,2.872340425531915,0.425531914893617
令和8,戸塚区,ハートの森保育園,3歳,5.0,0.0
令和8,戸塚区,ハートの森保育園,4歳,5.0,0.0
令和8,戸塚区,ハートの森保育園,5歳,5.0,0.0
令和8,戸塚区,ベイキッズひまわり保育園,0歳,2.5,0.5
令和8,戸塚区,ベイキッズひまわり保育園,1歳,2.5,0.5
令和8,戸塚区,ベイキッズひまわり保育園,2歳,1.666666666666667,0.6666666666666666
令和8,戸塚区,ベイキッズひまわり保育園,3歳,5.0,0.0
令和8,戸塚区,ベイキッズひまわり保育園,4歳,5.0,0.0
令和8,戸塚区,ベイキッズひまわり保育園,5歳,5.0,0.0
令和8,戸塚区,ベネッセ　東戸塚保育園,0歳,5.0,0.0
令和8,戸塚区,ベネッセ　東戸塚保育園,1歳,5.0,0.0
令和8,戸塚区,ベネッセ　東戸塚保育園,2歳,5.0,0.0
令和8,戸塚区,ベネッセ　東戸塚保育園,3歳,5.0,0.0
令和8,戸塚区,ベネッセ　東戸塚保育園,4歳,5.0,0.0
令和8,戸塚区,ベネッセ　東戸塚保育園,5歳,5.0,0.0
令和8,戸塚区,メモリー保育園,0歳,5.0,0.0
令和8,戸塚区,メモリー保育園,1歳,5.0,0.0
令和8,戸塚区,メモリー保育園,2歳,5.0,0.0
令和8,戸塚区,メモリー保育園,3歳,5.0,0.0
令和8,戸塚区,メモリー保育園,4歳,5.0,0.0
令和8,戸塚区,メモリー保育園,5歳,5.0,0.0
令和8,戸塚区,ララランド戸塚,0歳,5.0,0.0
令和8,戸塚区,ララランド戸塚,1歳,5.0,0.0
令和8,戸塚区,ララランド戸塚,2歳,5.0,0.0
令和8,戸塚区,ララランド戸塚,3歳,5.0,0.0
令和8,戸塚区,ララランド戸塚,4歳,5.0,0.0
令和8,戸塚区,ララランド戸塚,5歳,5.0,0.0
令和8,戸塚区,ララランド戸塚第２,0歳,5.0,0.0
令和8,戸塚区,ララランド戸塚第２,1歳,5.0,0.0
令和8,戸塚区,ララランド戸塚第２,2歳,5.0,0.0
令和8,戸塚区,ララランド戸塚第２,3歳,5.0,0.0
令和8,戸塚区,ララランド戸塚第２,4歳,5.0,0.0
令和8,戸塚区,ララランド戸塚第２,5歳,5.0,0.0
令和8,戸塚区,ララランド戸塚第３,0歳,5.0,0.0
令和8,戸塚区,ララランド戸塚第３,1歳,5.0,0.0
令和8,戸塚区,ララランド戸塚第３,2歳,5.0,0.0
令和8,戸塚区,ララランド戸塚第３,3歳,5.0,0.0
令和8,戸塚区,ララランド戸塚第３,4歳,5.0,0.0
令和8,戸塚区,ララランド戸塚第３,5歳,5.0,0.0
令和8,戸塚区,レインボー保育園,0歳,5.0,0.0
令和8,戸塚区,レインボー保育園,1歳,5.0,0.0
令和8,戸塚区,レインボー保育園,2歳,5.0,0.0
令和8,戸塚区,レインボー保育園,3歳,5.0,0.0
令和8,戸塚区,レインボー保育園,4歳,5.0,0.0
令和8,戸塚区,レインボー保育園,5歳,5.0,0.0
令和8,戸塚区,丘の上保育園,0歳,5.0,0.0
令和8,戸塚区,丘の上保育園,1歳,5.0,0.0
令和8,戸塚区,丘の上保育園,2歳,5.0,0.0
令和8,戸塚区,丘の上保育園,3歳,5.0,0.0
令和8,戸塚区,丘の上保育園,4歳,5.0,0.0
令和8,戸塚区,丘の上保育園,5歳,2.5,0.5
令和8,戸塚区,俣野保育園,0歳,0.9183673469387754,0.8163265306122449
令和8,戸塚区,俣野保育園,1歳,5.0,0.0
令和8,戸塚区,俣野保育園,2歳,5.0,0.0
令和8,戸塚区,俣野保育園,3歳,5.0,0.0
令和8,戸塚区,俣野保育園,4歳,1.666666666666667,0.6666666666666666
令和8,戸塚区,俣野保育園,5歳,1.666666666666667,0.6666666666666666
令和8,戸塚区,南戸塚保育園,0歳,5.0,0.0
令和8,戸塚区,南戸塚保育園,1歳,5.0,0.0
令和8,戸塚区,南戸塚保育園,2歳,5.0,0.0
令和8,戸塚区,南戸塚保育園,3歳,2.5,0.5
令和8,戸塚区,南戸塚保育園,4歳,5.0,0.0
令和8,戸塚区,南戸塚保育園,5歳,5.0,0.0
令和8,戸塚区,名瀬いちい保育園,0歳,1.25,0.75
令和8,戸塚区,名瀬いちい保育園,1歳,5.0,0.0
令和8,戸塚区,名瀬いちい保育園,2歳,5.0,0.0
令和8,戸塚区,名瀬いちい保育園,3歳,5.0,0.0
令和8,戸塚区,名瀬いちい保育園,4歳,5.0,0.0
令和8,戸塚区,名瀬いちい保育園,5歳,5.0,0.0
令和8,戸塚区,小規模保育施設はまっこ,0歳,5.0,0.0
令和8,戸塚区,小規模保育施設はまっこ,1歳,5.0,0.0
令和8,戸塚区,小規模保育施設はまっこ,2歳,5.0,0.0
令和8,戸塚区,小規模保育施設はまっこ,3歳,5.0,0.0
令和8,戸塚区,小規模保育施設はまっこ,4歳,5.0,0.0
令和8,戸塚区,小規模保育施設はまっこ,5歳,5.0,0.0
令和8,戸塚区,小雀みどり保育園,0歳,5.0,0.0
令和8,戸塚区,小雀みどり保育園,1歳,5.0,0.0
令和8,戸塚区,小雀みどり保育園,2歳,5.0,0.0
令和8,戸塚区,小雀みどり保育園,3歳,1.666666666666667,0.6666666666666666
令和8,戸塚区,小雀みどり保育園,4歳,5.0,0.0
令和8,戸塚区,小雀みどり保育園,5歳,5.0,0.0
令和8,戸塚区,岩崎学園東戸塚保育園,0歳,5.0,0.0
令和8,戸塚区,岩崎学園東戸塚保育園,1歳,5.0,0.0
令和8,戸塚区,岩崎学園東戸塚保育園,2歳,5.0,0.0
令和8,戸塚区,岩崎学園東戸塚保育園,3歳,5.0,0.0
令和8,戸塚区,岩崎学園東戸塚保育園,4歳,5.0,0.0
令和8,戸塚区,岩崎学園東戸塚保育園,5歳,5.0,0.0
令和8,戸塚区,幼保連携型認定こども園　ひまわり幼稚園,0歳,5.0,0.0
令和8,戸塚区,幼保連携型認定こども園　ひまわり幼稚園,1歳,5.0,0.0
令和8,戸塚区,幼保連携型認定こども園　ひまわり幼稚園,2歳,5.0,0.0
令和8,戸塚区,幼保連携型認定こども園　ひまわり幼稚園,3歳,5.0,0.0
令和8,戸塚区,幼保連携型認定こども園　ひまわり幼稚園,4歳,5.0,0.0
令和8,戸塚区,幼保連携型認定こども園　ひまわり幼稚園,5歳,5.0,0.0
令和8,戸塚区,幼保連携型認定こども園　みどり幼稚園,0歳,5.0,0.0
令和8,戸塚区,幼保連携型認定こども園　みどり幼稚園,1歳,5.0,0.0
令和8,戸塚区,幼保連携型認定こども園　みどり幼稚園,2歳,5.0,0.0
令和8,戸塚区,幼保連携型認定こども園　みどり幼稚園,3歳,2.872340425531915,0.425531914893617
令和8,戸塚区,幼保連携型認定こども園　みどり幼稚園,4歳,5.0,0.0
令和8,戸塚区,幼保連携型認定こども園　みどり幼稚園,5歳,5.0,0.0
令和8,戸塚区,幼保連携型認定こども園　南幼稚園,0歳,5.0,0.0
令和8,戸塚区,幼保連携型認定こども園　南幼稚園,1歳,5.0,0.0
令和8,戸塚区,幼保連携型認定こども園　南幼稚園,2歳,5.0,0.0
令和8,戸塚区,幼保連携型認定こども園　南幼稚園,3歳,5.0,0.0
令和8,戸塚区,幼保連携型認定こども園　南幼稚園,4歳,5.0,0.0
令和8,戸塚区,幼保連携型認定こども園　南幼稚園,5歳,2.5,0.5
令和8,戸塚区,幼保連携型認定こども園　ＹＭＣＡとつか保育園,0歳,1.5517241379310343,0.6896551724137931
令和8,戸塚区,幼保連携型認定こども園　ＹＭＣＡとつか保育園,1歳,5.0,0.0
令和8,戸塚区,幼保連携型認定こども園　ＹＭＣＡとつか保育園,2歳,5.0,0.0
令和8,戸塚区,幼保連携型認定こども園　ＹＭＣＡとつか保育園,3歳,5.0,0.0
令和8,戸塚区,幼保連携型認定こども園　ＹＭＣＡとつか保育園,4歳,5.0,0.0
令和8,戸塚区,幼保連携型認定こども園　ＹＭＣＡとつか保育園,5歳,5.0,0.0
令和8,戸塚区,幼保連携型認定こども園　ＹＭＣＡ東とつか保育園,0歳,2.5,0.5
令和8,戸塚区,幼保連携型認定こども園　ＹＭＣＡ東とつか保育園,1歳,5.0,0.0
令和8,戸塚区,幼保連携型認定こども園　ＹＭＣＡ東とつか保育園,2歳,2.5,0.5
令和8,戸塚区,幼保連携型認定こども園　ＹＭＣＡ東とつか保育園,3歳,5.0,0.0
令和8,戸塚区,幼保連携型認定こども園　ＹＭＣＡ東とつか保育園,4歳,5.0,0.0
令和8,戸塚区,幼保連携型認定こども園　ＹＭＣＡ東とつか保育園,5歳,5.0,0.0
令和8,戸塚区,幼稚園型認定こども園　しらかば幼稚園,0歳,5.0,0.0
令和8,戸塚区,幼稚園型認定こども園　しらかば幼稚園,1歳,5.0,0.0
令和8,戸塚区,幼稚園型認定こども園　しらかば幼稚園,2歳,5.0,0.0
令和8,戸塚区,幼稚園型認定こども園　しらかば幼稚園,3歳,5.0,0.0
令和8,戸塚区,幼稚園型認定こども園　しらかば幼稚園,4歳,5.0,0.0
令和8,戸塚区,幼稚園型認定こども園　しらかば幼稚園,5歳,5.0,0.0
令和8,戸塚区,戸塚せせらぎ保育園,0歳,5.0,0.0
令和8,戸塚区,戸塚せせらぎ保育園,1歳,5.0,0.0
令和8,戸塚区,戸塚せせらぎ保育園,2歳,5.0,0.0
令和8,戸塚区,戸塚せせらぎ保育園,3歳,5.0,0.0
令和8,戸塚区,戸塚せせらぎ保育園,4歳,5.0,0.0
令和8,戸塚区,戸塚せせらぎ保育園,5歳,5.0,0.0
令和8,戸塚区,戸塚ほしの木保育園,0歳,5.0,0.0
令和8,戸塚区,戸塚ほしの木保育園,1歳,5.0,0.0
令和8,戸塚区,戸塚ほしの木保育園,2歳,5.0,0.0
令和8,戸塚区,戸塚ほしの木保育園,3歳,5.0,0.0
令和8,戸塚区,戸塚ほしの木保育園,4歳,5.0,0.0
令和8,戸塚区,戸塚ほしの木保育園,5歳,5.0,0.0
令和8,戸塚区,戸塚みどり保育園,0歳,5.0,0.0
令和8,戸塚区,戸塚みどり保育園,1歳,5.0,0.0
令和8,戸塚区,戸塚みどり保育園,2歳,5.0,0.0
令和8,戸塚区,戸塚みどり保育園,3歳,5.0,0.0
令和8,戸塚区,戸塚みどり保育園,4歳,5.0,0.0
令和8,戸塚区,戸塚みどり保育園,5歳,5.0,0.0
令和8,戸塚区,戸塚チューリップ保育園,0歳,5.0,0.0
令和8,戸塚区,戸塚チューリップ保育園,1歳,5.0,0.0
令和8,戸塚区,戸塚チューリップ保育園,2歳,5.0,0.0
令和8,戸塚区,戸塚チューリップ保育園,3歳,5.0,0.0
令和8,戸塚区,戸塚チューリップ保育園,4歳,5.0,0.0
令和8,戸塚区,戸塚チューリップ保育園,5歳,5.0,0.0
令和8,戸塚区,戸塚愛児園,0歳,3.5294117647058822,0.29411764705882354
令和8,戸塚区,戸塚愛児園,1歳,5.0,0.0
令和8,戸塚区,戸塚愛児園,2歳,5.0,0.0
令和8,戸塚区,戸塚愛児園,3歳,3.1481481481481484,0.37037037037037035
令和8,戸塚区,戸塚愛児園,4歳,5.0,0.0
令和8,戸塚区,戸塚愛児園,5歳,2.5,0.5
令和8,戸塚区,明日葉保育園戸塚西口園,0歳,5.0,0.0
令和8,戸塚区,明日葉保育園戸塚西口園,1歳,5.0,0.0
令和8,戸塚区,明日葉保育園戸塚西口園,2歳,5.0,0.0
令和8,戸塚区,明日葉保育園戸塚西口園,3歳,5.0,0.0
令和8,戸塚区,明日葉保育園戸塚西口園,4歳,2.5,0.5
令和8,戸塚区,明日葉保育園戸塚西口園,5歳,5.0,0.0
令和8,戸塚区,明日葉保育園東戸塚園,0歳,5.0,0.0
令和8,戸塚区,明日葉保育園東戸塚園,1歳,5.0,0.0
令和8,戸塚区,明日葉保育園東戸塚園,2歳,5.0,0.0
令和8,戸塚区,明日葉保育園東戸塚園,3歳,5.0,0.0
令和8,戸塚区,明日葉保育園東戸塚園,4歳,5.0,0.0
令和8,戸塚区,明日葉保育園東戸塚園,5歳,5.0,0.0
令和8,戸塚区,明日葉保育園第三戸塚園,0歳,2.5,0.5
令和8,戸塚区,明日葉保育園第三戸塚園,1歳,5.0,0.0
令和8,戸塚区,明日葉保育園第三戸塚園,2歳,5.0,0.0
令和8,戸塚区,明日葉保育園第三戸塚園,3歳,5.0,0.0
令和8,戸塚区,明日葉保育園第三戸塚園,4歳,5.0,0.0
令和8,戸塚区,明日葉保育園第三戸塚園,5歳,5.0,0.0
令和8,戸塚区,明日葉保育園第二戸塚園,0歳,5.0,0.0
令和8,戸塚区,明日葉保育園第二戸塚園,1歳,5.0,0.0
令和8,戸塚区,明日葉保育園第二戸塚園,2歳,5.0,0.0
令和8,戸塚区,明日葉保育園第二戸塚園,3歳,5.0,0.0
令和8,戸塚区,明日葉保育園第二戸塚園,4歳,5.0,0.0
令和8,戸塚区,明日葉保育園第二戸塚園,5歳,5.0,0.0
令和8,戸塚区,東戸塚かもめ保育園,0歳,5.0,0.0
令和8,戸塚区,東戸塚かもめ保育園,1歳,5.0,0.0
令和8,戸塚区,東戸塚かもめ保育園,2歳,5.0,0.0
令和8,戸塚区,東戸塚かもめ保育園,3歳,5.0,0.0
令和8,戸塚区,東戸塚かもめ保育園,4歳,5.0,0.0
令和8,戸塚区,東戸塚かもめ保育園,5歳,5.0,0.0
令和8,戸塚区,東戸塚かもめ第２保育園,0歳,5.0,0.0
令和8,戸塚区,東戸塚かもめ第２保育園,1歳,5.0,0.0
令和8,戸塚区,東戸塚かもめ第２保育園,2歳,5.0,0.0
令和8,戸塚区,東戸塚かもめ第２保育園,3歳,5.0,0.0
令和8,戸塚区,東戸塚かもめ第２保育園,4歳,5.0,0.0
令和8,戸塚区,東戸塚かもめ第２保育園,5歳,5.0,0.0
令和8,戸塚区,東戸塚かもめ第３保育園,0歳,5.0,0.0
令和8,戸塚区,東戸塚かもめ第３保育園,1歳,5.0,0.0
令和8,戸塚区,東戸塚かもめ第３保育園,2歳,2.5,0.5
令和8,戸塚区,東戸塚かもめ第３保育園,3歳,5.0,0.0
令和8,戸塚区,東戸塚かもめ第３保育園,4歳,5.0,0.0
令和8,戸塚区,東戸塚かもめ第３保育園,5歳,5.0,0.0
令和8,戸塚区,東戸塚かもめ第４保育園,0歳,2.5,0.5
令和8,戸塚区,東戸塚かもめ第４保育園,1歳,5.0,0.0
令和8,戸塚区,東戸塚かもめ第４保育園,2歳,5.0,0.0
令和8,戸塚区,東戸塚かもめ第４保育園,3歳,5.0,0.0
令和8,戸塚区,東戸塚かもめ第４保育園,4歳,5.0,0.0
令和8,戸塚区,東戸塚かもめ第４保育園,5歳,5.0,0.0
令和8,戸塚区,東戸塚みもざ保育園,0歳,1.666666666666667,0.6666666666666666
令和8,戸塚区,東戸塚みもざ保育園,1歳,5.0,0.0
令和8,戸塚区,東戸塚みもざ保育園,2歳,1.666666666666667,0.6666666666666666
令和8,戸塚区,東戸塚みもざ保育園,3歳,5.0,0.0
令和8,戸塚区,東戸塚みもざ保育園,4歳,5.0,0.0
令和8,戸塚区,東戸塚みもざ保育園,5歳,5.0,0.0
令和8,戸塚区,東戸塚らびっと保育園,0歳,2.5,0.5
令和8,戸塚区,東戸塚らびっと保育園,1歳,5.0,0.0
令和8,戸塚区,東戸塚らびっと保育園,2歳,1.25,0.75
令和8,戸塚区,東戸塚らびっと保育園,3歳,5.0,0.0
令和8,戸塚区,東戸塚らびっと保育園,4歳,5.0,0.0
令和8,戸塚区,東戸塚らびっと保育園,5歳,5.0,0.0
令和8,戸塚区,東戸塚わかば保育園,0歳,5.0,0.0
令和8,戸塚区,東戸塚わかば保育園,1歳,5.0,0.0
令和8,戸塚区,東戸塚わかば保育園,2歳,5.0,0.0
令和8,戸塚区,東戸塚わかば保育園,3歳,5.0,0.0
令和8,戸塚区,東戸塚わかば保育園,4歳,5.0,0.0
令和8,戸塚区,東戸塚わかば保育園,5歳,5.0,0.0
令和8,戸塚区,東戸塚赤ちゃん保育園,0歳,1.25,0.75
令和8,戸塚区,東戸塚赤ちゃん保育園,1歳,5.0,0.0
令和8,戸塚区,東戸塚赤ちゃん保育園,2歳,2.5,0.5
令和8,戸塚区,東戸塚赤ちゃん保育園,3歳,5.0,0.0
令和8,戸塚区,東戸塚赤ちゃん保育園,4歳,5.0,0.0
令和8,戸塚区,東戸塚赤ちゃん保育園,5歳,5.0,0.0
令和8,戸塚区,松みどり保育所,0歳,5.0,0.0
令和8,戸塚区,松みどり保育所,1歳,5.0,0.0
令和8,戸塚区,松みどり保育所,2歳,5.0,0.0
令和8,戸塚区,松みどり保育所,3歳,5.0,0.0
令和8,戸塚区,松みどり保育所,4歳,5.0,0.0
令和8,戸塚区,松みどり保育所,5歳,2.5,0.5
令和8,戸塚区,柏尾スマイル保育園,0歳,5.0,0.0
令和8,戸塚区,柏尾スマイル保育園,1歳,5.0,0.0
令和8,戸塚区,柏尾スマイル保育園,2歳,5.0,0.0
令和8,戸塚区,柏尾スマイル保育園,3歳,5.0,0.0
令和8,戸塚区,柏尾スマイル保育園,4歳,5.0,0.0
令和8,戸塚区,柏尾スマイル保育園,5歳,5.0,0.0
令和8,戸塚区,横浜市原宿保育園,0歳,5.0,0.0
令和8,戸塚区,横浜市原宿保育園,1歳,5.0,0.0
令和8,戸塚区,横浜市原宿保育園,2歳,5.0,0.0
令和8,戸塚区,横浜市原宿保育園,3歳,2.5,0.5
令和8,戸塚区,横浜市原宿保育園,4歳,2.5,0.5
令和8,戸塚区,横浜市原宿保育園,5歳,0.7142857142857145,0.8571428571428571
令和8,戸塚区,横浜市川上保育園,0歳,5.0,0.0
令和8,戸塚区,横浜市川上保育園,1歳,5.0,0.0
令和8,戸塚区,横浜市川上保育園,2歳,5.0,0.0
令和8,戸塚区,横浜市川上保育園,3歳,5.0,0.0
令和8,戸塚区,横浜市川上保育園,4歳,5.0,0.0
令和8,戸塚区,横浜市川上保育園,5歳,5.0,0.0
令和8,戸塚区,横浜市汲沢保育園,0歳,5.0,0.0
令和8,戸塚区,横浜市汲沢保育園,1歳,5.0,0.0
令和8,戸塚区,横浜市汲沢保育園,2歳,5.0,0.0
令和8,戸塚区,横浜市汲沢保育園,3歳,5.0,0.0
令和8,戸塚区,横浜市汲沢保育園,4歳,2.5,0.5
令和8,戸塚区,横浜市汲沢保育園,5歳,5.0,0.0
令和8,戸塚区,横浜東戸塚雲母保育園,0歳,1.666666666666667,0.6666666666666666
令和8,戸塚区,横浜東戸塚雲母保育園,1歳,5.0,0.0
令和8,戸塚区,横浜東戸塚雲母保育園,2歳,5.0,0.0
令和8,戸塚区,横浜東戸塚雲母保育園,3歳,5.0,0.0
令和8,戸塚区,横浜東戸塚雲母保育園,4歳,2.5,0.5
令和8,戸塚区,横浜東戸塚雲母保育園,5歳,5.0,0.0
令和8,戸塚区,正光寺保育園吉田町園,0歳,0.9999999999999998,0.8
令和8,戸塚区,正光寺保育園吉田町園,1歳,5.0,0.0
令和8,戸塚区,正光寺保育園吉田町園,2歳,5.0,0.0
令和8,戸塚区,正光寺保育園吉田町園,3歳,5.0,0.0
令和8,戸塚区,正光寺保育園吉田町園,4歳,5.0,0.0
令和8,戸塚区,正光寺保育園吉田町園,5歳,5.0,0.0
令和8,戸塚区,聖母の園保育園,0歳,5.0,0.0
令和8,戸塚区,聖母の園保育園,1歳,2.5308641975308643,0.4938271604938272
令和8,戸塚区,聖母の園保育園,2歳,2.5,0.5
令和8,戸塚区,聖母の園保育園,3歳,2.5,0.5
令和8,戸塚区,聖母の園保育園,4歳,2.5,0.5
令和8,戸塚区,聖母の園保育園,5歳,5.0,0.0
令和8,戸塚区,舞岡保育園,0歳,5.0,0.0
令和8,戸塚区,舞岡保育園,1歳,5.0,0.0
令和8,戸塚区,舞岡保育園,2歳,5.0,0.0
令和8,戸塚区,舞岡保育園,3歳,5.0,0.0
令和8,戸塚区,舞岡保育園,4歳,2.5,0.5
令和8,戸塚区,舞岡保育園,5歳,2.5,0.5
令和8,戸塚区,芙蓉保育園,0歳,1.25,0.75
令和8,戸塚区,芙蓉保育園,1歳,5.0,0.0
令和8,戸塚区,芙蓉保育園,2歳,5.0,0.0
令和8,戸塚区,芙蓉保育園,3歳,5.0,0.0
令和8,戸塚区,芙蓉保育園,4歳,5.0,0.0
令和8,戸塚区,芙蓉保育園,5歳,5.0,0.0
令和8,戸塚区,銀杏保育園,0歳,5.0,0.0
令和8,戸塚区,銀杏保育園,1歳,5.0,0.0
令和8,戸塚区,銀杏保育園,2歳,5.0,0.0
令和8,戸塚区,銀杏保育園,3歳,5.0,0.0
令和8,戸塚区,銀杏保育園,4歳,2.5,0.5
令和8,戸塚区,銀杏保育園,5歳,5.0,0.0
令和8,戸塚区,銀杏保育園　胡桃館,0歳,5.0,0.0
令和8,戸塚区,銀杏保育園　胡桃館,1歳,5.0,0.0
令和8,戸塚区,銀杏保育園　胡桃館,2歳,5.0,0.0
令和8,戸塚区,銀杏保育園　胡桃館,3歳,5.0,0.0
令和8,戸塚区,銀杏保育園　胡桃館,4歳,5.0,0.0
令和8,戸塚区,銀杏保育園　胡桃館,5歳,2.5,0.5
令和8,戸塚区,風の子保育室,0歳,2.5,0.5
令和8,戸塚区,風の子保育室,1歳,5.0,0.0
令和8,戸塚区,風の子保育室,2歳,5.0,0.0
令和8,戸塚区,風の子保育室,3歳,5.0,0.0
令和8,戸塚区,風の子保育室,4歳,5.0,0.0
令和8,戸塚区,風の子保育室,5歳,5.0,0.0
令和8,戸塚区,ＹＭＣＡとつか乳児保育園,0歳,0.8333333333333331,0.8333333333333334
令和8,戸塚区,ＹＭＣＡとつか乳児保育園,1歳,5.0,0.0
令和8,戸塚区,ＹＭＣＡとつか乳児保育園,2歳,5.0,0.0
令和8,戸塚区,ＹＭＣＡとつか乳児保育園,3歳,5.0,0.0
令和8,戸塚区,ＹＭＣＡとつか乳児保育園,4歳,5.0,0.0
令和8,戸塚区,ＹＭＣＡとつか乳児保育園,5歳,5.0,0.0
令和8,旭区,あさひすまいる保育園,0歳,5.0,0.0
令和8,旭区,あさひすまいる保育園,1歳,5.0,0.0
令和8,旭区,あさひすまいる保育園,2歳,5.0,0.0
令和8,旭区,あさひすまいる保育園,3歳,5.0,0.0
令和8,旭区,あさひすまいる保育園,4歳,5.0,0.0
令和8,旭区,あさひすまいる保育園,5歳,5.0,0.0
令和8,旭区,あっぷる保育園鶴ヶ峰,0歳,5.0,0.0
令和8,旭区,あっぷる保育園鶴ヶ峰,1歳,5.0,0.0
令和8,旭区,あっぷる保育園鶴ヶ峰,2歳,3.876404494382022,0.22471910112359555
令和8,旭区,あっぷる保育園鶴ヶ峰,3歳,5.0,0.0
令和8,旭区,あっぷる保育園鶴ヶ峰,4歳,2.5,0.5
令和8,旭区,あっぷる保育園鶴ヶ峰,5歳,2.5,0.5
令和8,旭区,あゆみキッズ保育園,0歳,5.0,0.0
令和8,旭区,あゆみキッズ保育園,1歳,5.0,0.0
令和8,旭区,あゆみキッズ保育園,2歳,5.0,0.0
令和8,旭区,あゆみキッズ保育園,3歳,5.0,0.0
令和8,旭区,あゆみキッズ保育園,4歳,5.0,0.0
令和8,旭区,あゆみキッズ保育園,5歳,5.0,0.0
令和8,旭区,あゆみ保育園,0歳,5.0,0.0
令和8,旭区,あゆみ保育園,1歳,5.0,0.0
令和8,旭区,あゆみ保育園,2歳,5.0,0.0
令和8,旭区,あゆみ保育園,3歳,5.0,0.0
令和8,旭区,あゆみ保育園,4歳,5.0,0.0
令和8,旭区,あゆみ保育園,5歳,2.5,0.5
令和8,旭区,あゆみ保育園第二,0歳,5.0,0.0
令和8,旭区,あゆみ保育園第二,1歳,5.0,0.0
令和8,旭区,あゆみ保育園第二,2歳,5.0,0.0
令和8,旭区,あゆみ保育園第二,3歳,5.0,0.0
令和8,旭区,あゆみ保育園第二,4歳,5.0,0.0
令和8,旭区,あゆみ保育園第二,5歳,5.0,0.0
令和8,旭区,おれんじハウス二俣川保育園,0歳,2.5,0.5
令和8,旭区,おれんじハウス二俣川保育園,1歳,5.0,0.0
令和8,旭区,おれんじハウス二俣川保育園,2歳,2.5,0.5
令和8,旭区,おれんじハウス二俣川保育園,3歳,5.0,0.0
令和8,旭区,おれんじハウス二俣川保育園,4歳,5.0,0.0
令和8,旭区,おれんじハウス二俣川保育園,5歳,5.0,0.0
令和8,旭区,おれんじハウス二俣川駅前保育園,0歳,5.0,0.0
令和8,旭区,おれんじハウス二俣川駅前保育園,1歳,5.0,0.0
令和8,旭区,おれんじハウス二俣川駅前保育園,2歳,5.0,0.0
令和8,旭区,おれんじハウス二俣川駅前保育園,3歳,5.0,0.0
令和8,旭区,おれんじハウス二俣川駅前保育園,4歳,0.4999999999999999,0.9
令和8,旭区,おれんじハウス二俣川駅前保育園,5歳,0.8333333333333331,0.8333333333333334
令和8,旭区,すずらん二俣川保育園,0歳,5.0,0.0
令和8,旭区,すずらん二俣川保育園,1歳,2.5,0.5
令和8,旭区,すずらん二俣川保育園,2歳,2.5,0.5
令和8,旭区,すずらん二俣川保育園,3歳,5.0,0.0
令和8,旭区,すずらん二俣川保育園,4歳,5.0,0.0
令和8,旭区,すずらん二俣川保育園,5歳,5.0,0.0
令和8,旭区,ちとせ保育園,0歳,1.666666666666667,0.6666666666666666
令和8,旭区,ちとせ保育園,1歳,5.0,0.0
令和8,旭区,ちとせ保育園,2歳,5.0,0.0
令和8,旭区,ちとせ保育園,3歳,5.0,0.0
令和8,旭区,ちとせ保育園,4歳,5.0,0.0
令和8,旭区,ちとせ保育園,5歳,1.666666666666667,0.6666666666666666
令和8,旭区,ちゃいれっく　上白根保育室,0歳,5.0,0.0
令和8,旭区,ちゃいれっく　上白根保育室,1歳,5.0,0.0
令和8,旭区,ちゃいれっく　上白根保育室,2歳,5.0,0.0
令和8,旭区,ちゃいれっく　上白根保育室,3歳,5.0,0.0
令和8,旭区,ちゃいれっく　上白根保育室,4歳,5.0,0.0
令和8,旭区,ちゃいれっく　上白根保育室,5歳,5.0,0.0
令和8,旭区,つぼみ保育園,0歳,5.0,0.0
令和8,旭区,つぼみ保育園,1歳,5.0,0.0
令和8,旭区,つぼみ保育園,2歳,5.0,0.0
令和8,旭区,つぼみ保育園,3歳,5.0,0.0
令和8,旭区,つぼみ保育園,4歳,5.0,0.0
令和8,旭区,つぼみ保育園,5歳,2.5,0.5
令和8,旭区,とこちゃん☆みっつ保育園,0歳,2.5,0.5
令和8,旭区,とこちゃん☆みっつ保育園,1歳,5.0,0.0
令和8,旭区,とこちゃん☆みっつ保育園,2歳,5.0,0.0
令和8,旭区,とこちゃん☆みっつ保育園,3歳,5.0,0.0
令和8,旭区,とこちゃん☆みっつ保育園,4歳,5.0,0.0
令和8,旭区,とこちゃん☆みっつ保育園,5歳,5.0,0.0
令和8,旭区,のぞみ保育園,0歳,1.25,0.75
令和8,旭区,のぞみ保育園,1歳,5.0,0.0
令和8,旭区,のぞみ保育園,2歳,5.0,0.0
令和8,旭区,のぞみ保育園,3歳,5.0,0.0
令和8,旭区,のぞみ保育園,4歳,5.0,0.0
令和8,旭区,のぞみ保育園,5歳,5.0,0.0
令和8,旭区,ぱぷりか保育園　鶴ヶ峰,0歳,5.0,0.0
令和8,旭区,ぱぷりか保育園　鶴ヶ峰,1歳,5.0,0.0
令和8,旭区,ぱぷりか保育園　鶴ヶ峰,2歳,2.5,0.5
令和8,旭区,ぱぷりか保育園　鶴ヶ峰,3歳,5.0,0.0
令和8,旭区,ぱぷりか保育園　鶴ヶ峰,4歳,5.0,0.0
令和8,旭区,ぱぷりか保育園　鶴ヶ峰,5歳,5.0,0.0
令和8,旭区,ひまわり愛児園,0歳,5.0,0.0
令和8,旭区,ひまわり愛児園,1歳,5.0,0.0
令和8,旭区,ひまわり愛児園,2歳,5.0,0.0
令和8,旭区,ひまわり愛児園,3歳,5.0,0.0
令和8,旭区,ひまわり愛児園,4歳,1.666666666666667,0.6666666666666666
令和8,旭区,ひまわり愛児園,5歳,5.0,0.0
令和8,旭区,ひより保育室,0歳,5.0,0.0
令和8,旭区,ひより保育室,1歳,5.0,0.0
令和8,旭区,ひより保育室,2歳,2.5,0.5
令和8,旭区,ひより保育室,3歳,5.0,0.0
令和8,旭区,ひより保育室,4歳,5.0,0.0
令和8,旭区,ひより保育室,5歳,5.0,0.0
令和8,旭区,まきが原愛児園,0歳,5.0,0.0
令和8,旭区,まきが原愛児園,1歳,5.0,0.0
令和8,旭区,まきが原愛児園,2歳,5.0,0.0
令和8,旭区,まきが原愛児園,3歳,2.5,0.5
令和8,旭区,まきが原愛児園,4歳,5.0,0.0
令和8,旭区,まきが原愛児園,5歳,5.0,0.0
令和8,旭区,わかばの森保育園,0歳,5.0,0.0
令和8,旭区,わかばの森保育園,1歳,5.0,0.0
令和8,旭区,わかばの森保育園,2歳,5.0,0.0
令和8,旭区,わかばの森保育園,3歳,2.0149253731343286,0.5970149253731343
令和8,旭区,わかばの森保育園,4歳,2.5,0.5
令和8,旭区,わかばの森保育園,5歳,2.872340425531915,0.425531914893617
令和8,旭区,オハナ鶴ヶ峰保育園,0歳,5.0,0.0
令和8,旭区,オハナ鶴ヶ峰保育園,1歳,5.0,0.0
令和8,旭区,オハナ鶴ヶ峰保育園,2歳,5.0,0.0
令和8,旭区,オハナ鶴ヶ峰保育園,3歳,5.0,0.0
令和8,旭区,オハナ鶴ヶ峰保育園,4歳,2.5,0.5
令和8,旭区,オハナ鶴ヶ峰保育園,5歳,2.5,0.5
令和8,旭区,キッズガーデン横浜鶴ヶ峰,0歳,5.0,0.0
令和8,旭区,キッズガーデン横浜鶴ヶ峰,1歳,5.0,0.0
令和8,旭区,キッズガーデン横浜鶴ヶ峰,2歳,5.0,0.0
令和8,旭区,キッズガーデン横浜鶴ヶ峰,3歳,5.0,0.0
令和8,旭区,キッズガーデン横浜鶴ヶ峰,4歳,5.0,0.0
令和8,旭区,キッズガーデン横浜鶴ヶ峰,5歳,5.0,0.0
令和8,旭区,キッズビレッジつくし保育園,0歳,5.0,0.0
令和8,旭区,キッズビレッジつくし保育園,1歳,5.0,0.0
令和8,旭区,キッズビレッジつくし保育園,2歳,5.0,0.0
令和8,旭区,キッズビレッジつくし保育園,3歳,2.5,0.5
令和8,旭区,キッズビレッジつくし保育園,4歳,5.0,0.0
令和8,旭区,キッズビレッジつくし保育園,5歳,5.0,0.0
令和8,旭区,グローバルキッズ南万騎が原園,0歳,5.0,0.0
令和8,旭区,グローバルキッズ南万騎が原園,1歳,5.0,0.0
令和8,旭区,グローバルキッズ南万騎が原園,2歳,2.5,0.5
令和8,旭区,グローバルキッズ南万騎が原園,3歳,5.0,0.0
令和8,旭区,グローバルキッズ南万騎が原園,4歳,5.0,0.0
令和8,旭区,グローバルキッズ南万騎が原園,5歳,1.25,0.75
令和8,旭区,グローバルキッズ白根保育園,0歳,5.0,0.0
令和8,旭区,グローバルキッズ白根保育園,1歳,5.0,0.0
令和8,旭区,グローバルキッズ白根保育園,2歳,5.0,0.0
令和8,旭区,グローバルキッズ白根保育園,3歳,5.0,0.0
令和8,旭区,グローバルキッズ白根保育園,4歳,5.0,0.0
令和8,旭区,グローバルキッズ白根保育園,5歳,1.666666666666667,0.6666666666666666
令和8,旭区,コナミスポーツ保育園　希望が丘,0歳,5.0,0.0
令和8,旭区,コナミスポーツ保育園　希望が丘,1歳,5.0,0.0
令和8,旭区,コナミスポーツ保育園　希望が丘,2歳,5.0,0.0
令和8,旭区,コナミスポーツ保育園　希望が丘,3歳,5.0,0.0
令和8,旭区,コナミスポーツ保育園　希望が丘,4歳,1.666666666666667,0.6666666666666666
令和8,旭区,コナミスポーツ保育園　希望が丘,5歳,1.666666666666667,0.6666666666666666
令和8,旭区,サクラフェリーチェ保育園　二俣川,0歳,5.0,0.0
令和8,旭区,サクラフェリーチェ保育園　二俣川,1歳,5.0,0.0
令和8,旭区,サクラフェリーチェ保育園　二俣川,2歳,5.0,0.0
令和8,旭区,サクラフェリーチェ保育園　二俣川,3歳,5.0,0.0
令和8,旭区,サクラフェリーチェ保育園　二俣川,4歳,5.0,0.0
令和8,旭区,サクラフェリーチェ保育園　二俣川,5歳,5.0,0.0
令和8,旭区,サフォークキッズランド横浜園,0歳,5.0,0.0
令和8,旭区,サフォークキッズランド横浜園,1歳,5.0,0.0
令和8,旭区,サフォークキッズランド横浜園,2歳,5.0,0.0
令和8,旭区,サフォークキッズランド横浜園,3歳,5.0,0.0
令和8,旭区,サフォークキッズランド横浜園,4歳,5.0,0.0
令和8,旭区,サフォークキッズランド横浜園,5歳,5.0,0.0
令和8,旭区,スターチャイルド《鶴ヶ峰ナーサリー》,0歳,5.0,0.0
令和8,旭区,スターチャイルド《鶴ヶ峰ナーサリー》,1歳,5.0,0.0
令和8,旭区,スターチャイルド《鶴ヶ峰ナーサリー》,2歳,5.0,0.0
令和8,旭区,スターチャイルド《鶴ヶ峰ナーサリー》,3歳,5.0,0.0
令和8,旭区,スターチャイルド《鶴ヶ峰ナーサリー》,4歳,5.0,0.0
令和8,旭区,スターチャイルド《鶴ヶ峰ナーサリー》,5歳,1.666666666666667,0.6666666666666666
令和8,旭区,スマイルビー保育園,0歳,5.0,0.0
令和8,旭区,スマイルビー保育園,1歳,5.0,0.0
令和8,旭区,スマイルビー保育園,2歳,5.0,0.0
令和8,旭区,スマイルビー保育園,3歳,5.0,0.0
令和8,旭区,スマイルビー保育園,4歳,5.0,0.0
令和8,旭区,スマイルビー保育園,5歳,5.0,0.0
令和8,旭区,タドラーキッズ,0歳,5.0,0.0
令和8,旭区,タドラーキッズ,1歳,5.0,0.0
令和8,旭区,タドラーキッズ,2歳,5.0,0.0
令和8,旭区,タドラーキッズ,3歳,5.0,0.0
令和8,旭区,タドラーキッズ,4歳,5.0,0.0
令和8,旭区,タドラーキッズ,5歳,5.0,0.0
令和8,旭区,ハニービー保育園,0歳,5.0,0.0
令和8,旭区,ハニービー保育園,1歳,5.0,0.0
令和8,旭区,ハニービー保育園,2歳,5.0,0.0
令和8,旭区,ハニービー保育園,3歳,5.0,0.0
令和8,旭区,ハニービー保育園,4歳,5.0,0.0
令和8,旭区,ハニービー保育園,5歳,5.0,0.0
令和8,旭区,ポプラ保育園,0歳,1.666666666666667,0.6666666666666666
令和8,旭区,ポプラ保育園,1歳,5.0,0.0
令和8,旭区,ポプラ保育園,2歳,5.0,0.0
令和8,旭区,ポプラ保育園,3歳,5.0,0.0
令和8,旭区,ポプラ保育園,4歳,2.5,0.5
令和8,旭区,ポプラ保育園,5歳,2.5,0.5
令和8,旭区,ポプラ第二保育園,0歳,2.872340425531915,0.425531914893617
令和8,旭区,ポプラ第二保育園,1歳,5.0,0.0
令和8,旭区,ポプラ第二保育園,2歳,5.0,0.0
令和8,旭区,ポプラ第二保育園,3歳,1.666666666666667,0.6666666666666666
令和8,旭区,ポプラ第二保育園,4歳,5.0,0.0
令和8,旭区,ポプラ第二保育園,5歳,5.0,0.0
令和8,旭区,マミー保育園二俣川,0歳,5.0,0.0
令和8,旭区,マミー保育園二俣川,1歳,5.0,0.0
令和8,旭区,マミー保育園二俣川,2歳,5.0,0.0
令和8,旭区,マミー保育園二俣川,3歳,5.0,0.0
令和8,旭区,マミー保育園二俣川,4歳,5.0,0.0
令和8,旭区,マミー保育園二俣川,5歳,5.0,0.0
令和8,旭区,マヤ保育園,0歳,5.0,0.0
令和8,旭区,マヤ保育園,1歳,5.0,0.0
令和8,旭区,マヤ保育園,2歳,5.0,0.0
令和8,旭区,マヤ保育園,3歳,2.5,0.5
令和8,旭区,マヤ保育園,4歳,1.666666666666667,0.6666666666666666
令和8,旭区,マヤ保育園,5歳,5.0,0.0
令和8,旭区,三ツ境たんぽぽ保育園,0歳,5.0,0.0
令和8,旭区,三ツ境たんぽぽ保育園,1歳,5.0,0.0
令和8,旭区,三ツ境たんぽぽ保育園,2歳,5.0,0.0
令和8,旭区,三ツ境たんぽぽ保育園,3歳,5.0,0.0
令和8,旭区,三ツ境たんぽぽ保育園,4歳,5.0,0.0
令和8,旭区,三ツ境たんぽぽ保育園,5歳,5.0,0.0
令和8,旭区,上の原保育園,0歳,5.0,0.0
令和8,旭区,上の原保育園,1歳,5.0,0.0
令和8,旭区,上の原保育園,2歳,5.0,0.0
令和8,旭区,上の原保育園,3歳,5.0,0.0
令和8,旭区,上の原保育園,4歳,5.0,0.0
令和8,旭区,上の原保育園,5歳,5.0,0.0
令和8,旭区,中尾保育園,0歳,2.5,0.5
令和8,旭区,中尾保育園,1歳,5.0,0.0
令和8,旭区,中尾保育園,2歳,5.0,0.0
令和8,旭区,中尾保育園,3歳,5.0,0.0
令和8,旭区,中尾保育園,4歳,5.0,0.0
令和8,旭区,中尾保育園,5歳,0.8333333333333331,0.8333333333333334
令和8,旭区,中希望が丘保育園,0歳,1.666666666666667,0.6666666666666666
令和8,旭区,中希望が丘保育園,1歳,5.0,0.0
令和8,旭区,中希望が丘保育園,2歳,5.0,0.0
令和8,旭区,中希望が丘保育園,3歳,5.0,0.0
令和8,旭区,中希望が丘保育園,4歳,5.0,0.0
令和8,旭区,中希望が丘保育園,5歳,2.5,0.5
令和8,旭区,保育園スマイルキッズ二俣川駅前,0歳,5.0,0.0
令和8,旭区,保育園スマイルキッズ二俣川駅前,1歳,5.0,0.0
令和8,旭区,保育園スマイルキッズ二俣川駅前,2歳,5.0,0.0
令和8,旭区,保育園スマイルキッズ二俣川駅前,3歳,5.0,0.0
令和8,旭区,保育園スマイルキッズ二俣川駅前,4歳,5.0,0.0
令和8,旭区,保育園スマイルキッズ二俣川駅前,5歳,5.0,0.0
令和8,旭区,保育園夢未来二俣川園,0歳,5.0,0.0
令和8,旭区,保育園夢未来二俣川園,1歳,5.0,0.0
令和8,旭区,保育園夢未来二俣川園,2歳,5.0,0.0
令和8,旭区,保育園夢未来二俣川園,3歳,5.0,0.0
令和8,旭区,保育園夢未来二俣川園,4歳,5.0,0.0
令和8,旭区,保育園夢未来二俣川園,5歳,5.0,0.0
令和8,旭区,保育室　ひかり,0歳,5.0,0.0
令和8,旭区,保育室　ひかり,1歳,5.0,0.0
令和8,旭区,保育室　ひかり,2歳,2.5,0.5
令和8,旭区,保育室　ひかり,3歳,5.0,0.0
令和8,旭区,保育室　ひかり,4歳,5.0,0.0
令和8,旭区,保育室　ひかり,5歳,5.0,0.0
令和8,旭区,前島保育園,0歳,5.0,0.0
令和8,旭区,前島保育園,1歳,5.0,0.0
令和8,旭区,前島保育園,2歳,5.0,0.0
令和8,旭区,前島保育園,3歳,5.0,0.0
令和8,旭区,前島保育園,4歳,5.0,0.0
令和8,旭区,前島保育園,5歳,5.0,0.0
令和8,旭区,善部保育園,0歳,2.5,0.5
令和8,旭区,善部保育園,1歳,5.0,0.0
令和8,旭区,善部保育園,2歳,5.0,0.0
令和8,旭区,善部保育園,3歳,5.0,0.0
令和8,旭区,善部保育園,4歳,5.0,0.0
令和8,旭区,善部保育園,5歳,5.0,0.0
令和8,旭区,土と愛　子供の家保育所,0歳,5.0,0.0
令和8,旭区,土と愛　子供の家保育所,1歳,5.0,0.0
令和8,旭区,土と愛　子供の家保育所,2歳,5.0,0.0
令和8,旭区,土と愛　子供の家保育所,3歳,5.0,0.0
令和8,旭区,土と愛　子供の家保育所,4歳,5.0,0.0
令和8,旭区,土と愛　子供の家保育所,5歳,5.0,0.0
令和8,旭区,土と愛　子供の家保育所第２,0歳,1.666666666666667,0.6666666666666666
令和8,旭区,土と愛　子供の家保育所第２,1歳,5.0,0.0
令和8,旭区,土と愛　子供の家保育所第２,2歳,5.0,0.0
令和8,旭区,土と愛　子供の家保育所第２,3歳,5.0,0.0
令和8,旭区,土と愛　子供の家保育所第２,4歳,5.0,0.0
令和8,旭区,土と愛　子供の家保育所第２,5歳,5.0,0.0
令和8,旭区,夢のつぼみ保育園,0歳,2.872340425531915,0.425531914893617
令和8,旭区,夢のつぼみ保育園,1歳,5.0,0.0
令和8,旭区,夢のつぼみ保育園,2歳,5.0,0.0
令和8,旭区,夢のつぼみ保育園,3歳,5.0,0.0
令和8,旭区,夢のつぼみ保育園,4歳,5.0,0.0
令和8,旭区,夢のつぼみ保育園,5歳,5.0,0.0
令和8,旭区,太陽の子　さちが丘保育園,0歳,5.0,0.0
令和8,旭区,太陽の子　さちが丘保育園,1歳,5.0,0.0
令和8,旭区,太陽の子　さちが丘保育園,2歳,5.0,0.0
令和8,旭区,太陽の子　さちが丘保育園,3歳,2.5,0.5
令和8,旭区,太陽の子　さちが丘保育園,4歳,2.5,0.5
令和8,旭区,太陽の子　さちが丘保育園,5歳,1.666666666666667,0.6666666666666666
令和8,旭区,太陽の子　二俣川駅保育園,0歳,5.0,0.0
令和8,旭区,太陽の子　二俣川駅保育園,1歳,5.0,0.0
令和8,旭区,太陽の子　二俣川駅保育園,2歳,5.0,0.0
令和8,旭区,太陽の子　二俣川駅保育園,3歳,5.0,0.0
令和8,旭区,太陽の子　二俣川駅保育園,4歳,5.0,0.0
令和8,旭区,太陽の子　二俣川駅保育園,5歳,2.5,0.5
令和8,旭区,太陽の子　白根保育園,0歳,5.0,0.0
令和8,旭区,太陽の子　白根保育園,1歳,5.0,0.0
令和8,旭区,太陽の子　白根保育園,2歳,5.0,0.0
令和8,旭区,太陽の子　白根保育園,3歳,2.872340425531915,0.425531914893617
令和8,旭区,太陽の子　白根保育園,4歳,5.0,0.0
令和8,旭区,太陽の子　白根保育園,5歳,5.0,0.0
令和8,旭区,太陽の子　鶴ヶ峰保育園,0歳,2.5,0.5
令和8,旭区,太陽の子　鶴ヶ峰保育園,1歳,5.0,0.0
令和8,旭区,太陽の子　鶴ヶ峰保育園,2歳,5.0,0.0
令和8,旭区,太陽の子　鶴ヶ峰保育園,3歳,5.0,0.0
令和8,旭区,太陽の子　鶴ヶ峰保育園,4歳,5.0,0.0
令和8,旭区,太陽の子　鶴ヶ峰保育園,5歳,5.0,0.0
令和8,旭区,川井宿幼保連携型認定こども園,0歳,5.0,0.0
令和8,旭区,川井宿幼保連携型認定こども園,1歳,5.0,0.0
令和8,旭区,川井宿幼保連携型認定こども園,2歳,5.0,0.0
令和8,旭区,川井宿幼保連携型認定こども園,3歳,5.0,0.0
令和8,旭区,川井宿幼保連携型認定こども園,4歳,5.0,0.0
令和8,旭区,川井宿幼保連携型認定こども園,5歳,2.5,0.5
令和8,旭区,希望ヶ丘プラス保育園,0歳,5.0,0.0
令和8,旭区,希望ヶ丘プラス保育園,1歳,5.0,0.0
令和8,旭区,希望ヶ丘プラス保育園,2歳,5.0,0.0
令和8,旭区,希望ヶ丘プラス保育園,3歳,5.0,0.0
令和8,旭区,希望ヶ丘プラス保育園,4歳,1.666666666666667,0.6666666666666666
令和8,旭区,希望ヶ丘プラス保育園,5歳,5.0,0.0
令和8,旭区,旭あじさい保育園,0歳,5.0,0.0
令和8,旭区,旭あじさい保育園,1歳,5.0,0.0
令和8,旭区,旭あじさい保育園,2歳,5.0,0.0
令和8,旭区,旭あじさい保育園,3歳,5.0,0.0
令和8,旭区,旭あじさい保育園,4歳,5.0,0.0
令和8,旭区,旭あじさい保育園,5歳,1.666666666666667,0.6666666666666666
令和8,旭区,旭はるかぜ保育園,0歳,5.0,0.0
令和8,旭区,旭はるかぜ保育園,1歳,5.0,0.0
令和8,旭区,旭はるかぜ保育園,2歳,5.0,0.0
令和8,旭区,旭はるかぜ保育園,3歳,5.0,0.0
令和8,旭区,旭はるかぜ保育園,4歳,5.0,0.0
令和8,旭区,旭はるかぜ保育園,5歳,5.0,0.0
令和8,旭区,旭ローズ保育園,0歳,5.0,0.0
令和8,旭区,旭ローズ保育園,1歳,5.0,0.0
令和8,旭区,旭ローズ保育園,2歳,5.0,0.0
令和8,旭区,旭ローズ保育園,3歳,5.0,0.0
令和8,旭区,旭ローズ保育園,4歳,5.0,0.0
令和8,旭区,旭ローズ保育園,5歳,5.0,0.0
令和8,旭区,明徳二俣川保育園,0歳,5.0,0.0
令和8,旭区,明徳二俣川保育園,1歳,5.0,0.0
令和8,旭区,明徳二俣川保育園,2歳,5.0,0.0
令和8,旭区,明徳二俣川保育園,3歳,5.0,0.0
令和8,旭区,明徳二俣川保育園,4歳,5.0,0.0
令和8,旭区,明徳二俣川保育園,5歳,5.0,0.0
令和8,旭区,星の子白根保育園,0歳,5.0,0.0
令和8,旭区,星の子白根保育園,1歳,5.0,0.0
令和8,旭区,星の子白根保育園,2歳,5.0,0.0
令和8,旭区,星の子白根保育園,3歳,5.0,0.0
令和8,旭区,星の子白根保育園,4歳,5.0,0.0
令和8,旭区,星の子白根保育園,5歳,5.0,0.0
令和8,旭区,横浜あさひ中央保育園,0歳,5.0,0.0
令和8,旭区,横浜あさひ中央保育園,1歳,5.0,0.0
令和8,旭区,横浜あさひ中央保育園,2歳,5.0,0.0
令和8,旭区,横浜あさひ中央保育園,3歳,2.5,0.5
令和8,旭区,横浜あさひ中央保育園,4歳,5.0,0.0
令和8,旭区,横浜あさひ中央保育園,5歳,5.0,0.0
令和8,旭区,横浜小谷かなりや保育園,0歳,5.0,0.0
令和8,旭区,横浜小谷かなりや保育園,1歳,5.0,0.0
令和8,旭区,横浜小谷かなりや保育園,2歳,5.0,0.0
令和8,旭区,横浜小谷かなりや保育園,3歳,1.666666666666667,0.6666666666666666
令和8,旭区,横浜小谷かなりや保育園,4歳,2.5,0.5
令和8,旭区,横浜小谷かなりや保育園,5歳,2.5,0.5
令和8,旭区,横浜市ひかりが丘保育園,0歳,1.25,0.75
令和8,旭区,横浜市ひかりが丘保育園,1歳,5.0,0.0
令和8,旭区,横浜市ひかりが丘保育園,2歳,5.0,0.0
令和8,旭区,横浜市ひかりが丘保育園,3歳,1.666666666666667,0.6666666666666666
令和8,旭区,横浜市ひかりが丘保育園,4歳,0.7142857142857145,0.8571428571428571
令和8,旭区,横浜市ひかりが丘保育園,5歳,0.5555555555555558,0.8888888888888888
令和8,旭区,横浜市今宿保育園,0歳,5.0,0.0
令和8,旭区,横浜市今宿保育園,1歳,5.0,0.0
令和8,旭区,横浜市今宿保育園,2歳,3.360655737704918,0.3278688524590164
令和8,旭区,横浜市今宿保育園,3歳,1.666666666666667,0.6666666666666666
令和8,旭区,横浜市今宿保育園,4歳,1.25,0.75
令和8,旭区,横浜市今宿保育園,5歳,5.0,0.0
令和8,旭区,横浜市左近山保育園,0歳,5.0,0.0
令和8,旭区,横浜市左近山保育園,1歳,5.0,0.0
令和8,旭区,横浜市左近山保育園,2歳,5.0,0.0
令和8,旭区,横浜市左近山保育園,3歳,0.7142857142857145,0.8571428571428571
令和8,旭区,横浜市左近山保育園,4歳,0.9999999999999998,0.8
令和8,旭区,横浜市左近山保育園,5歳,0.9999999999999998,0.8
令和8,旭区,横浜市柏保育園,0歳,2.5,0.5
令和8,旭区,横浜市柏保育園,1歳,5.0,0.0
令和8,旭区,横浜市柏保育園,2歳,5.0,0.0
令和8,旭区,横浜市柏保育園,3歳,2.5,0.5
令和8,旭区,横浜市柏保育園,4歳,0.8333333333333331,0.8333333333333334
令和8,旭区,横浜市柏保育園,5歳,0.9999999999999998,0.8
令和8,旭区,横濱あんじゅ保育園,0歳,5.0,0.0
令和8,旭区,横濱あんじゅ保育園,1歳,5.0,0.0
令和8,旭区,横濱あんじゅ保育園,2歳,5.0,0.0
令和8,旭区,横濱あんじゅ保育園,3歳,2.5,0.5
令和8,旭区,横濱あんじゅ保育園,4歳,5.0,0.0
令和8,旭区,横濱あんじゅ保育園,5歳,5.0,0.0
令和8,旭区,横濱あんじゅ小規模保育園,0歳,5.0,0.0
令和8,旭区,横濱あんじゅ小規模保育園,1歳,5.0,0.0
令和8,旭区,横濱あんじゅ小規模保育園,2歳,2.5,0.5
令和8,旭区,横濱あんじゅ小規模保育園,3歳,5.0,0.0
令和8,旭区,横濱あんじゅ小規模保育園,4歳,5.0,0.0
令和8,旭区,横濱あんじゅ小規模保育園,5歳,5.0,0.0
令和8,旭区,西川島保育園,0歳,1.25,0.75
令和8,旭区,西川島保育園,1歳,5.0,0.0
令和8,旭区,西川島保育園,2歳,5.0,0.0
令和8,旭区,西川島保育園,3歳,2.872340425531915,0.425531914893617
令和8,旭区,西川島保育園,4歳,2.5,0.5
令和8,旭区,西川島保育園,5歳,1.666666666666667,0.6666666666666666
令和8,旭区,認定こども園　オーセルわかば幼稚園,0歳,5.0,0.0
令和8,旭区,認定こども園　オーセルわかば幼稚園,1歳,2.0149253731343286,0.5970149253731343
令和8,旭区,認定こども園　オーセルわかば幼稚園,2歳,5.0,0.0
令和8,旭区,認定こども園　オーセルわかば幼稚園,3歳,2.0149253731343286,0.5970149253731343
令和8,旭区,認定こども園　オーセルわかば幼稚園,4歳,5.0,0.0
令和8,旭区,認定こども園　オーセルわかば幼稚園,5歳,5.0,0.0
令和8,旭区,認定こども園　上の原幼稚園,0歳,5.0,0.0
令和8,旭区,認定こども園　上の原幼稚園,1歳,5.0,0.0
令和8,旭区,認定こども園　上の原幼稚園,2歳,5.0,0.0
令和8,旭区,認定こども園　上の原幼稚園,3歳,5.0,0.0
令和8,旭区,認定こども園　上の原幼稚園,4歳,2.5,0.5
令和8,旭区,認定こども園　上の原幼稚園,5歳,2.5,0.5
令和8,旭区,認定こども園　希望ヶ丘幼稚園・希望ヶ丘保育園,0歳,5.0,0.0
令和8,旭区,認定こども園　希望ヶ丘幼稚園・希望ヶ丘保育園,1歳,5.0,0.0
令和8,旭区,認定こども園　希望ヶ丘幼稚園・希望ヶ丘保育園,2歳,5.0,0.0
令和8,旭区,認定こども園　希望ヶ丘幼稚園・希望ヶ丘保育園,3歳,5.0,0.0
令和8,旭区,認定こども園　希望ヶ丘幼稚園・希望ヶ丘保育園,4歳,5.0,0.0
令和8,旭区,認定こども園　希望ヶ丘幼稚園・希望ヶ丘保育園,5歳,2.5,0.5
令和8,旭区,認定こども園　横浜三輪幼稚園,0歳,5.0,0.0
令和8,旭区,認定こども園　横浜三輪幼稚園,1歳,5.0,0.0
令和8,旭区,認定こども園　横浜三輪幼稚園,2歳,5.0,0.0
令和8,旭区,認定こども園　横浜三輪幼稚園,3歳,0.9999999999999998,0.8
令和8,旭区,認定こども園　横浜三輪幼稚園,4歳,0.8333333333333331,0.8333333333333334
令和8,旭区,認定こども園　横浜三輪幼稚園,5歳,0.7142857142857145,0.8571428571428571
令和8,旭区,認定こども園　若葉台こども園,0歳,1.25,0.75
令和8,旭区,認定こども園　若葉台こども園,1歳,2.0149253731343286,0.5970149253731343
令和8,旭区,認定こども園　若葉台こども園,2歳,1.666666666666667,0.6666666666666666
令和8,旭区,認定こども園　若葉台こども園,3歳,3.1481481481481484,0.37037037037037035
令和8,旭区,認定こども園　若葉台こども園,4歳,2.5,0.5
令和8,旭区,認定こども園　若葉台こども園,5歳,0.9999999999999998,0.8
令和8,旭区,認定こども園やつはしキッズ　八ッ橋幼稚園,0歳,5.0,0.0
令和8,旭区,認定こども園やつはしキッズ　八ッ橋幼稚園,1歳,5.0,0.0
令和8,旭区,認定こども園やつはしキッズ　八ッ橋幼稚園,2歳,5.0,0.0
令和8,旭区,認定こども園やつはしキッズ　八ッ橋幼稚園,3歳,2.5,0.5
令和8,旭区,認定こども園やつはしキッズ　八ッ橋幼稚園,4歳,0.8333333333333331,0.8333333333333334
令和8,旭区,認定こども園やつはしキッズ　八ッ橋幼稚園,5歳,5.0,0.0
令和8,旭区,認定こども園二俣川幼稚園,0歳,5.0,0.0
令和8,旭区,認定こども園二俣川幼稚園,1歳,5.0,0.0
令和8,旭区,認定こども園二俣川幼稚園,2歳,5.0,0.0
令和8,旭区,認定こども園二俣川幼稚園,3歳,5.0,0.0
令和8,旭区,認定こども園二俣川幼稚園,4歳,5.0,0.0
令和8,旭区,認定こども園二俣川幼稚園,5歳,5.0,0.0
令和8,旭区,鶴ヶ峰保育園,0歳,5.0,0.0
令和8,旭区,鶴ヶ峰保育園,1歳,5.0,0.0
令和8,旭区,鶴ヶ峰保育園,2歳,5.0,0.0
令和8,旭区,鶴ヶ峰保育園,3歳,5.0,0.0
令和8,旭区,鶴ヶ峰保育園,4歳,2.5,0.5
令和8,旭区,鶴ヶ峰保育園,5歳,5.0,0.0
令和8,旭区,ＳＡＦＡＲＩ　ＫＩＤ保育園,0歳,1.666666666666667,0.6666666666666666
令和8,旭区,ＳＡＦＡＲＩ　ＫＩＤ保育園,1歳,5.0,0.0
令和8,旭区,ＳＡＦＡＲＩ　ＫＩＤ保育園,2歳,5.0,0.0
令和8,旭区,ＳＡＦＡＲＩ　ＫＩＤ保育園,3歳,5.0,0.0
令和8,旭区,ＳＡＦＡＲＩ　ＫＩＤ保育園,4歳,5.0,0.0
令和8,旭区,ＳＡＦＡＲＩ　ＫＩＤ保育園,5歳,5.0,0.0
令和8,旭区,ＳＥＡＳＯＮ　ＫＩＤ保育園,0歳,2.5,0.5
令和8,旭区,ＳＥＡＳＯＮ　ＫＩＤ保育園,1歳,5.0,0.0
令和8,旭区,ＳＥＡＳＯＮ　ＫＩＤ保育園,2歳,5.0,0.0
令和8,旭区,ＳＥＡＳＯＮ　ＫＩＤ保育園,3歳,5.0,0.0
令和8,旭区,ＳＥＡＳＯＮ　ＫＩＤ保育園,4歳,5.0,0.0
令和8,旭区,ＳＥＡＳＯＮ　ＫＩＤ保育園,5歳,5.0,0.0
令和8,栄区,いいじまルーテル保育園,0歳,5.0,0.0
令和8,栄区,いいじまルーテル保育園,1歳,5.0,0.0
令和8,栄区,いいじまルーテル保育園,2歳,5.0,0.0
令和8,栄区,いいじまルーテル保育園,3歳,5.0,0.0
令和8,栄区,いいじまルーテル保育園,4歳,5.0,0.0
令和8,栄区,いいじまルーテル保育園,5歳,5.0,0.0
令和8,栄区,かさまの杜保育園,0歳,5.0,0.0
令和8,栄区,かさまの杜保育園,1歳,5.0,0.0
令和8,栄区,かさまの杜保育園,2歳,5.0,0.0
令和8,栄区,かさまの杜保育園,3歳,5.0,0.0
令和8,栄区,かさまの杜保育園,4歳,5.0,0.0
令和8,栄区,かさまの杜保育園,5歳,5.0,0.0
令和8,栄区,かつら愛児園,0歳,5.0,0.0
令和8,栄区,かつら愛児園,1歳,5.0,0.0
令和8,栄区,かつら愛児園,2歳,0.8333333333333331,0.8333333333333334
令和8,栄区,かつら愛児園,3歳,1.25,0.75
令和8,栄区,かつら愛児園,4歳,5.0,0.0
令和8,栄区,かつら愛児園,5歳,5.0,0.0
令和8,栄区,すずかけ保育園,0歳,5.0,0.0
令和8,栄区,すずかけ保育園,1歳,5.0,0.0
令和8,栄区,すずかけ保育園,2歳,2.5,0.5
令和8,栄区,すずかけ保育園,3歳,5.0,0.0
令和8,栄区,すずかけ保育園,4歳,5.0,0.0
令和8,栄区,すずかけ保育園,5歳,5.0,0.0
令和8,栄区,すまいるおおふな保育園,0歳,5.0,0.0
令和8,栄区,すまいるおおふな保育園,1歳,5.0,0.0
令和8,栄区,すまいるおおふな保育園,2歳,5.0,0.0
令和8,栄区,すまいるおおふな保育園,3歳,5.0,0.0
令和8,栄区,すまいるおおふな保育園,4歳,5.0,0.0
令和8,栄区,すまいるおおふな保育園,5歳,5.0,0.0
令和8,栄区,つくしのこ保育園,0歳,5.0,0.0
令和8,栄区,つくしのこ保育園,1歳,5.0,0.0
令和8,栄区,つくしのこ保育園,2歳,5.0,0.0
令和8,栄区,つくしのこ保育園,3歳,5.0,0.0
令和8,栄区,つくしのこ保育園,4歳,5.0,0.0
令和8,栄区,つくしのこ保育園,5歳,5.0,0.0
令和8,栄区,なないろ保育室　,0歳,5.0,0.0
令和8,栄区,なないろ保育室　,1歳,5.0,0.0
令和8,栄区,なないろ保育室　,2歳,5.0,0.0
令和8,栄区,なないろ保育室　,3歳,5.0,0.0
令和8,栄区,なないろ保育室　,4歳,5.0,0.0
令和8,栄区,なないろ保育室　,5歳,5.0,0.0
令和8,栄区,ふぁみりーさぽーと　のあ,0歳,5.0,0.0
令和8,栄区,ふぁみりーさぽーと　のあ,1歳,5.0,0.0
令和8,栄区,ふぁみりーさぽーと　のあ,2歳,5.0,0.0
令和8,栄区,ふぁみりーさぽーと　のあ,3歳,2.5,0.5
令和8,栄区,ふぁみりーさぽーと　のあ,4歳,5.0,0.0
令和8,栄区,ふぁみりーさぽーと　のあ,5歳,5.0,0.0
令和8,栄区,ふれあいの家　にこにこ保育園,0歳,1.666666666666667,0.6666666666666666
令和8,栄区,ふれあいの家　にこにこ保育園,1歳,2.5,0.5
令和8,栄区,ふれあいの家　にこにこ保育園,2歳,5.0,0.0
令和8,栄区,ふれあいの家　にこにこ保育園,3歳,5.0,0.0
令和8,栄区,ふれあいの家　にこにこ保育園,4歳,5.0,0.0
令和8,栄区,ふれあいの家　にこにこ保育園,5歳,5.0,0.0
令和8,栄区,ぶれすと大船保育園,0歳,5.0,0.0
令和8,栄区,ぶれすと大船保育園,1歳,2.297297297297298,0.5405405405405405
令和8,栄区,ぶれすと大船保育園,2歳,2.5,0.5
令和8,栄区,ぶれすと大船保育園,3歳,2.8947368421052633,0.42105263157894735
令和8,栄区,ぶれすと大船保育園,4歳,0.625,0.875
令和8,栄区,ぶれすと大船保育園,5歳,0.2777777777777779,0.9444444444444444
令和8,栄区,やまゆり保育園,0歳,5.0,0.0
令和8,栄区,やまゆり保育園,1歳,5.0,0.0
令和8,栄区,やまゆり保育園,2歳,5.0,0.0
令和8,栄区,やまゆり保育園,3歳,5.0,0.0
令和8,栄区,やまゆり保育園,4歳,5.0,0.0
令和8,栄区,やまゆり保育園,5歳,5.0,0.0
令和8,栄区,アスク大船保育園,0歳,5.0,0.0
令和8,栄区,アスク大船保育園,1歳,5.0,0.0
令和8,栄区,アスク大船保育園,2歳,5.0,0.0
令和8,栄区,アスク大船保育園,3歳,5.0,0.0
令和8,栄区,アスク大船保育園,4歳,5.0,0.0
令和8,栄区,アスク大船保育園,5歳,5.0,0.0
令和8,栄区,アップルミントおおふな保育園,0歳,5.0,0.0
令和8,栄区,アップルミントおおふな保育園,1歳,5.0,0.0
令和8,栄区,アップルミントおおふな保育園,2歳,5.0,0.0
令和8,栄区,アップルミントおおふな保育園,3歳,5.0,0.0
令和8,栄区,アップルミントおおふな保育園,4歳,5.0,0.0
令和8,栄区,アップルミントおおふな保育園,5歳,5.0,0.0
令和8,栄区,エミールの森ひよこ保育園,0歳,2.5,0.5
令和8,栄区,エミールの森ひよこ保育園,1歳,5.0,0.0
令和8,栄区,エミールの森ひよこ保育園,2歳,1.666666666666667,0.6666666666666666
令和8,栄区,エミールの森ひよこ保育園,3歳,5.0,0.0
令和8,栄区,エミールの森ひよこ保育園,4歳,2.5,0.5
令和8,栄区,エミールの森ひよこ保育園,5歳,2.5,0.5
令和8,栄区,チューリップ保育室,0歳,5.0,0.0
令和8,栄区,チューリップ保育室,1歳,5.0,0.0
令和8,栄区,チューリップ保育室,2歳,5.0,0.0
令和8,栄区,チューリップ保育室,3歳,5.0,0.0
令和8,栄区,チューリップ保育室,4歳,5.0,0.0
令和8,栄区,チューリップ保育室,5歳,5.0,0.0
令和8,栄区,チームナーサリーBigHug本郷台,0歳,5.0,0.0
令和8,栄区,チームナーサリーBigHug本郷台,1歳,5.0,0.0
令和8,栄区,チームナーサリーBigHug本郷台,2歳,5.0,0.0
令和8,栄区,チームナーサリーBigHug本郷台,3歳,5.0,0.0
令和8,栄区,チームナーサリーBigHug本郷台,4歳,5.0,0.0
令和8,栄区,チームナーサリーBigHug本郷台,5歳,5.0,0.0
令和8,栄区,トモキッズナーサリーかさま園,0歳,5.0,0.0
令和8,栄区,トモキッズナーサリーかさま園,1歳,5.0,0.0
令和8,栄区,トモキッズナーサリーかさま園,2歳,5.0,0.0
令和8,栄区,トモキッズナーサリーかさま園,3歳,5.0,0.0
令和8,栄区,トモキッズナーサリーかさま園,4歳,1.25,0.75
令和8,栄区,トモキッズナーサリーかさま園,5歳,2.0149253731343286,0.5970149253731343
令和8,栄区,ニチイキッズさくら本郷台保育園,0歳,5.0,0.0
令和8,栄区,ニチイキッズさくら本郷台保育園,1歳,5.0,0.0
令和8,栄区,ニチイキッズさくら本郷台保育園,2歳,5.0,0.0
令和8,栄区,ニチイキッズさくら本郷台保育園,3歳,5.0,0.0
令和8,栄区,ニチイキッズさくら本郷台保育園,4歳,5.0,0.0
令和8,栄区,ニチイキッズさくら本郷台保育園,5歳,2.872340425531915,0.425531914893617
令和8,栄区,ハートフルキッズ本郷台保育園,0歳,5.0,0.0
令和8,栄区,ハートフルキッズ本郷台保育園,1歳,5.0,0.0
令和8,栄区,ハートフルキッズ本郷台保育園,2歳,1.666666666666667,0.6666666666666666
令和8,栄区,ハートフルキッズ本郷台保育園,3歳,5.0,0.0
令和8,栄区,ハートフルキッズ本郷台保育園,4歳,5.0,0.0
令和8,栄区,ハートフルキッズ本郷台保育園,5歳,5.0,0.0
令和8,栄区,ベネッセ　本郷台保育園,0歳,5.0,0.0
令和8,栄区,ベネッセ　本郷台保育園,1歳,5.0,0.0
令和8,栄区,ベネッセ　本郷台保育園,2歳,5.0,0.0
令和8,栄区,ベネッセ　本郷台保育園,3歳,5.0,0.0
令和8,栄区,ベネッセ　本郷台保育園,4歳,5.0,0.0
令和8,栄区,ベネッセ　本郷台保育園,5歳,5.0,0.0
令和8,栄区,マームゆりかごおおふな保育園,0歳,5.0,0.0
令和8,栄区,マームゆりかごおおふな保育園,1歳,5.0,0.0
令和8,栄区,マームゆりかごおおふな保育園,2歳,5.0,0.0
令和8,栄区,マームゆりかごおおふな保育園,3歳,5.0,0.0
令和8,栄区,マームゆりかごおおふな保育園,4歳,5.0,0.0
令和8,栄区,マームゆりかごおおふな保育園,5歳,5.0,0.0
令和8,栄区,上郷いちい保育園,0歳,5.0,0.0
令和8,栄区,上郷いちい保育園,1歳,5.0,0.0
令和8,栄区,上郷いちい保育園,2歳,5.0,0.0
令和8,栄区,上郷いちい保育園,3歳,2.5,0.5
令和8,栄区,上郷いちい保育園,4歳,5.0,0.0
令和8,栄区,上郷いちい保育園,5歳,5.0,0.0
令和8,栄区,大船わかば保育園,0歳,5.0,0.0
令和8,栄区,大船わかば保育園,1歳,5.0,0.0
令和8,栄区,大船わかば保育園,2歳,5.0,0.0
令和8,栄区,大船わかば保育園,3歳,5.0,0.0
令和8,栄区,大船わかば保育園,4歳,5.0,0.0
令和8,栄区,大船わかば保育園,5歳,5.0,0.0
令和8,栄区,大船ルーテル保育園,0歳,4.193548387096774,0.16129032258064518
令和8,栄区,大船ルーテル保育園,1歳,5.0,0.0
令和8,栄区,大船ルーテル保育園,2歳,5.0,0.0
令和8,栄区,大船ルーテル保育園,3歳,5.0,0.0
令和8,栄区,大船ルーテル保育園,4歳,5.0,0.0
令和8,栄区,大船ルーテル保育園,5歳,5.0,0.0
令和8,栄区,杜ちゃいるど園,0歳,5.0,0.0
令和8,栄区,杜ちゃいるど園,1歳,5.0,0.0
令和8,栄区,杜ちゃいるど園,2歳,5.0,0.0
令和8,栄区,杜ちゃいるど園,3歳,5.0,0.0
令和8,栄区,杜ちゃいるど園,4歳,5.0,0.0
令和8,栄区,杜ちゃいるど園,5歳,5.0,0.0
令和8,栄区,横浜市公田保育園,0歳,5.0,0.0
令和8,栄区,横浜市公田保育園,1歳,0.625,0.875
令和8,栄区,横浜市公田保育園,2歳,1.666666666666667,0.6666666666666666
令和8,栄区,横浜市公田保育園,3歳,1.25,0.75
令和8,栄区,横浜市公田保育園,4歳,0.9999999999999998,0.8
令和8,栄区,横浜市公田保育園,5歳,0.8333333333333331,0.8333333333333334
令和8,栄区,横浜市桂台保育園,0歳,5.0,0.0
令和8,栄区,横浜市桂台保育園,1歳,5.0,0.0
令和8,栄区,横浜市桂台保育園,2歳,5.0,0.0
令和8,栄区,横浜市桂台保育園,3歳,5.0,0.0
令和8,栄区,横浜市桂台保育園,4歳,5.0,0.0
令和8,栄区,横浜市桂台保育園,5歳,5.0,0.0
令和8,栄区,横浜市飯島保育園,0歳,5.0,0.0
令和8,栄区,横浜市飯島保育園,1歳,5.0,0.0
令和8,栄区,横浜市飯島保育園,2歳,5.0,0.0
令和8,栄区,横浜市飯島保育園,3歳,0.8333333333333331,0.8333333333333334
令和8,栄区,横浜市飯島保育園,4歳,5.0,0.0
令和8,栄区,横浜市飯島保育園,5歳,5.0,0.0
令和8,栄区,芸術の森保育園,0歳,5.0,0.0
令和8,栄区,芸術の森保育園,1歳,5.0,0.0
令和8,栄区,芸術の森保育園,2歳,5.0,0.0
令和8,栄区,芸術の森保育園,3歳,5.0,0.0
令和8,栄区,芸術の森保育園,4歳,5.0,0.0
令和8,栄区,芸術の森保育園,5歳,5.0,0.0
令和8,栄区,認定こども園　いのやま保育園,0歳,5.0,0.0
令和8,栄区,認定こども園　いのやま保育園,1歳,5.0,0.0
令和8,栄区,認定こども園　いのやま保育園,2歳,5.0,0.0
令和8,栄区,認定こども園　いのやま保育園,3歳,5.0,0.0
令和8,栄区,認定こども園　いのやま保育園,4歳,5.0,0.0
令和8,栄区,認定こども園　いのやま保育園,5歳,5.0,0.0
令和8,栄区,認定こども園　中野どんぐり保育園,0歳,5.0,0.0
令和8,栄区,認定こども園　中野どんぐり保育園,1歳,5.0,0.0
令和8,栄区,認定こども園　中野どんぐり保育園,2歳,5.0,0.0
令和8,栄区,認定こども園　中野どんぐり保育園,3歳,5.0,0.0
令和8,栄区,認定こども園　中野どんぐり保育園,4歳,5.0,0.0
令和8,栄区,認定こども園　中野どんぐり保育園,5歳,5.0,0.0
令和8,栄区,認定こども園　飯島東保育園,0歳,5.0,0.0
令和8,栄区,認定こども園　飯島東保育園,1歳,5.0,0.0
令和8,栄区,認定こども園　飯島東保育園,2歳,5.0,0.0
令和8,栄区,認定こども園　飯島東保育園,3歳,5.0,0.0
令和8,栄区,認定こども園　飯島東保育園,4歳,5.0,0.0
令和8,栄区,認定こども園　飯島東保育園,5歳,5.0,0.0
令和8,泉区,あゆみ保育園ゆめが丘,0歳,5.0,0.0
令和8,泉区,あゆみ保育園ゆめが丘,1歳,5.0,0.0
令和8,泉区,あゆみ保育園ゆめが丘,2歳,5.0,0.0
令和8,泉区,あゆみ保育園ゆめが丘,3歳,0.9999999999999998,0.8
令和8,泉区,あゆみ保育園ゆめが丘,4歳,1.25,0.75
令和8,泉区,あゆみ保育園ゆめが丘,5歳,1.666666666666667,0.6666666666666666
令和8,泉区,えんがわ,0歳,1.666666666666667,0.6666666666666666
令和8,泉区,えんがわ,1歳,5.0,0.0
令和8,泉区,えんがわ,2歳,5.0,0.0
令和8,泉区,えんがわ,3歳,5.0,0.0
令和8,泉区,えんがわ,4歳,5.0,0.0
令和8,泉区,えんがわ,5歳,5.0,0.0
令和8,泉区,くるみ保育園,0歳,5.0,0.0
令和8,泉区,くるみ保育園,1歳,5.0,0.0
令和8,泉区,くるみ保育園,2歳,5.0,0.0
令和8,泉区,くるみ保育園,3歳,5.0,0.0
令和8,泉区,くるみ保育園,4歳,0.9999999999999998,0.8
令和8,泉区,くるみ保育園,5歳,5.0,0.0
令和8,泉区,なかよしこども園,0歳,5.0,0.0
令和8,泉区,なかよしこども園,1歳,5.0,0.0
令和8,泉区,なかよしこども園,2歳,5.0,0.0
令和8,泉区,なかよしこども園,3歳,5.0,0.0
令和8,泉区,なかよしこども園,4歳,5.0,0.0
令和8,泉区,なかよしこども園,5歳,5.0,0.0
令和8,泉区,にじいろ保育園いずみ中央,0歳,5.0,0.0
令和8,泉区,にじいろ保育園いずみ中央,1歳,5.0,0.0
令和8,泉区,にじいろ保育園いずみ中央,2歳,5.0,0.0
令和8,泉区,にじいろ保育園いずみ中央,3歳,5.0,0.0
令和8,泉区,にじいろ保育園いずみ中央,4歳,1.25,0.75
令和8,泉区,にじいろ保育園いずみ中央,5歳,5.0,0.0
令和8,泉区,ぬくもりの森しんばし　やよい台こども園,0歳,5.0,0.0
令和8,泉区,ぬくもりの森しんばし　やよい台こども園,1歳,5.0,0.0
令和8,泉区,ぬくもりの森しんばし　やよい台こども園,2歳,5.0,0.0
令和8,泉区,ぬくもりの森しんばし　やよい台こども園,3歳,0.5555555555555558,0.8888888888888888
令和8,泉区,ぬくもりの森しんばし　やよい台こども園,4歳,0.7142857142857145,0.8571428571428571
令和8,泉区,ぬくもりの森しんばし　やよい台こども園,5歳,0.8333333333333331,0.8333333333333334
令和8,泉区,ふたば保育園,0歳,5.0,0.0
令和8,泉区,ふたば保育園,1歳,5.0,0.0
令和8,泉区,ふたば保育園,2歳,2.872340425531915,0.425531914893617
令和8,泉区,ふたば保育園,3歳,2.0149253731343286,0.5970149253731343
令和8,泉区,ふたば保育園,4歳,5.0,0.0
令和8,泉区,ふたば保育園,5歳,5.0,0.0
令和8,泉区,もも保育園,0歳,5.0,0.0
令和8,泉区,もも保育園,1歳,5.0,0.0
令和8,泉区,もも保育園,2歳,5.0,0.0
令和8,泉区,もも保育園,3歳,5.0,0.0
令和8,泉区,もも保育園,4歳,5.0,0.0
令和8,泉区,もも保育園,5歳,5.0,0.0
令和8,泉区,エンゼルおおぞら保育園,0歳,5.0,0.0
令和8,泉区,エンゼルおおぞら保育園,1歳,5.0,0.0
令和8,泉区,エンゼルおおぞら保育園,2歳,5.0,0.0
令和8,泉区,エンゼルおおぞら保育園,3歳,5.0,0.0
令和8,泉区,エンゼルおおぞら保育園,4歳,5.0,0.0
令和8,泉区,エンゼルおおぞら保育園,5歳,5.0,0.0
令和8,泉区,グロウアップ  モンテッソーリ子どもの家　立場園,0歳,5.0,0.0
令和8,泉区,グロウアップ  モンテッソーリ子どもの家　立場園,1歳,5.0,0.0
令和8,泉区,グロウアップ  モンテッソーリ子どもの家　立場園,2歳,5.0,0.0
令和8,泉区,グロウアップ  モンテッソーリ子どもの家　立場園,3歳,5.0,0.0
令和8,泉区,グロウアップ  モンテッソーリ子どもの家　立場園,4歳,5.0,0.0
令和8,泉区,グロウアップ  モンテッソーリ子どもの家　立場園,5歳,5.0,0.0
令和8,泉区,サクラフェリーチェ保育園,0歳,5.0,0.0
令和8,泉区,サクラフェリーチェ保育園,1歳,5.0,0.0
令和8,泉区,サクラフェリーチェ保育園,2歳,5.0,0.0
令和8,泉区,サクラフェリーチェ保育園,3歳,5.0,0.0
令和8,泉区,サクラフェリーチェ保育園,4歳,5.0,0.0
令和8,泉区,サクラフェリーチェ保育園,5歳,5.0,0.0
令和8,泉区,ベイキッズおひさま保育園,0歳,5.0,0.0
令和8,泉区,ベイキッズおひさま保育園,1歳,5.0,0.0
令和8,泉区,ベイキッズおひさま保育園,2歳,5.0,0.0
令和8,泉区,ベイキッズおひさま保育園,3歳,5.0,0.0
令和8,泉区,ベイキッズおひさま保育園,4歳,5.0,0.0
令和8,泉区,ベイキッズおひさま保育園,5歳,5.0,0.0
令和8,泉区,マーヤ保育園,0歳,5.0,0.0
令和8,泉区,マーヤ保育園,1歳,5.0,0.0
令和8,泉区,マーヤ保育園,2歳,5.0,0.0
令和8,泉区,マーヤ保育園,3歳,5.0,0.0
令和8,泉区,マーヤ保育園,4歳,5.0,0.0
令和8,泉区,マーヤ保育園,5歳,5.0,0.0
令和8,泉区,中田いちご保育園,0歳,5.0,0.0
令和8,泉区,中田いちご保育園,1歳,2.5,0.5
令和8,泉区,中田いちご保育園,2歳,5.0,0.0
令和8,泉区,中田いちご保育園,3歳,5.0,0.0
令和8,泉区,中田いちご保育園,4歳,5.0,0.0
令和8,泉区,中田いちご保育園,5歳,5.0,0.0
令和8,泉区,中田ひまわり保育室,0歳,5.0,0.0
令和8,泉区,中田ひまわり保育室,1歳,5.0,0.0
令和8,泉区,中田ひまわり保育室,2歳,5.0,0.0
令和8,泉区,中田ひまわり保育室,3歳,5.0,0.0
令和8,泉区,中田ひまわり保育室,4歳,5.0,0.0
令和8,泉区,中田ひまわり保育室,5歳,5.0,0.0
令和8,泉区,中田保育園,0歳,1.666666666666667,0.6666666666666666
令和8,泉区,中田保育園,1歳,5.0,0.0
令和8,泉区,中田保育園,2歳,5.0,0.0
令和8,泉区,中田保育園,3歳,5.0,0.0
令和8,泉区,中田保育園,4歳,5.0,0.0
令和8,泉区,中田保育園,5歳,5.0,0.0
令和8,泉区,中田駅前　はまっこ保育園,0歳,5.0,0.0
令和8,泉区,中田駅前　はまっこ保育園,1歳,5.0,0.0
令和8,泉区,中田駅前　はまっこ保育園,2歳,5.0,0.0
令和8,泉区,中田駅前　はまっこ保育園,3歳,5.0,0.0
令和8,泉区,中田駅前　はまっこ保育園,4歳,5.0,0.0
令和8,泉区,中田駅前　はまっこ保育園,5歳,5.0,0.0
令和8,泉区,小学館アカデミーりょくえんとし保育園,0歳,5.0,0.0
令和8,泉区,小学館アカデミーりょくえんとし保育園,1歳,5.0,0.0
令和8,泉区,小学館アカデミーりょくえんとし保育園,2歳,5.0,0.0
令和8,泉区,小学館アカデミーりょくえんとし保育園,3歳,5.0,0.0
令和8,泉区,小学館アカデミーりょくえんとし保育園,4歳,1.666666666666667,0.6666666666666666
令和8,泉区,小学館アカデミーりょくえんとし保育園,5歳,5.0,0.0
令和8,泉区,御霊神社保育園,0歳,5.0,0.0
令和8,泉区,御霊神社保育園,1歳,5.0,0.0
令和8,泉区,御霊神社保育園,2歳,5.0,0.0
令和8,泉区,御霊神社保育園,3歳,5.0,0.0
令和8,泉区,御霊神社保育園,4歳,5.0,0.0
令和8,泉区,御霊神社保育園,5歳,5.0,0.0
令和8,泉区,横浜ルンビニー保育園,0歳,5.0,0.0
令和8,泉区,横浜ルンビニー保育園,1歳,5.0,0.0
令和8,泉区,横浜ルンビニー保育園,2歳,5.0,0.0
令和8,泉区,横浜ルンビニー保育園,3歳,5.0,0.0
令和8,泉区,横浜ルンビニー保育園,4歳,5.0,0.0
令和8,泉区,横浜ルンビニー保育園,5歳,5.0,0.0
令和8,泉区,横浜市北上飯田保育園,0歳,0.9999999999999998,0.8
令和8,泉区,横浜市北上飯田保育園,1歳,5.0,0.0
令和8,泉区,横浜市北上飯田保育園,2歳,1.666666666666667,0.6666666666666666
令和8,泉区,横浜市北上飯田保育園,3歳,0.7142857142857145,0.8571428571428571
令和8,泉区,横浜市北上飯田保育園,4歳,5.0,0.0
令和8,泉区,横浜市北上飯田保育園,5歳,0.5555555555555558,0.8888888888888888
令和8,泉区,横浜市和泉保育園,0歳,5.0,0.0
令和8,泉区,横浜市和泉保育園,1歳,5.0,0.0
令和8,泉区,横浜市和泉保育園,2歳,5.0,0.0
令和8,泉区,横浜市和泉保育園,3歳,5.0,0.0
令和8,泉区,横浜市和泉保育園,4歳,0.9999999999999998,0.8
令和8,泉区,横浜市和泉保育園,5歳,2.5,0.5
令和8,泉区,横浜文化保育園,0歳,0.625,0.875
令和8,泉区,横浜文化保育園,1歳,1.2616822429906538,0.7476635514018692
令和8,泉区,横浜文化保育園,2歳,2.5,0.5
令和8,泉区,横浜文化保育園,3歳,1.25,0.75
令和8,泉区,横浜文化保育園,4歳,0.5555555555555558,0.8888888888888888
令和8,泉区,横浜文化保育園,5歳,5.0,0.0
令和8,泉区,泉の郷保育園いずみ,0歳,5.0,0.0
令和8,泉区,泉の郷保育園いずみ,1歳,5.0,0.0
令和8,泉区,泉の郷保育園いずみ,2歳,5.0,0.0
令和8,泉区,泉の郷保育園いずみ,3歳,5.0,0.0
令和8,泉区,泉の郷保育園いずみ,4歳,1.666666666666667,0.6666666666666666
令和8,泉区,泉の郷保育園いずみ,5歳,5.0,0.0
令和8,泉区,泉の郷保育園なかだ,0歳,5.0,0.0
令和8,泉区,泉の郷保育園なかだ,1歳,5.0,0.0
令和8,泉区,泉の郷保育園なかだ,2歳,5.0,0.0
令和8,泉区,泉の郷保育園なかだ,3歳,5.0,0.0
令和8,泉区,泉の郷保育園なかだ,4歳,5.0,0.0
令和8,泉区,泉の郷保育園なかだ,5歳,5.0,0.0
令和8,泉区,白梅いずみ保育園,0歳,2.5,0.5
令和8,泉区,白梅いずみ保育園,1歳,5.0,0.0
令和8,泉区,白梅いずみ保育園,2歳,5.0,0.0
令和8,泉区,白梅いずみ保育園,3歳,5.0,0.0
令和8,泉区,白梅いずみ保育園,4歳,0.9999999999999998,0.8
令和8,泉区,白梅いずみ保育園,5歳,5.0,0.0
令和8,泉区,白梅保育園,0歳,5.0,0.0
令和8,泉区,白梅保育園,1歳,5.0,0.0
令和8,泉区,白梅保育園,2歳,5.0,0.0
令和8,泉区,白梅保育園,3歳,5.0,0.0
令和8,泉区,白梅保育園,4歳,5.0,0.0
令和8,泉区,白梅保育園,5歳,5.0,0.0
令和8,泉区,白百合愛児園,0歳,5.0,0.0
令和8,泉区,白百合愛児園,1歳,5.0,0.0
令和8,泉区,白百合愛児園,2歳,5.0,0.0
令和8,泉区,白百合愛児園,3歳,5.0,0.0
令和8,泉区,白百合愛児園,4歳,5.0,0.0
令和8,泉区,白百合愛児園,5歳,5.0,0.0
令和8,泉区,立場らびっと保育園,0歳,5.0,0.0
令和8,泉区,立場らびっと保育園,1歳,5.0,0.0
令和8,泉区,立場らびっと保育園,2歳,2.872340425531915,0.425531914893617
令和8,泉区,立場らびっと保育園,3歳,5.0,0.0
令和8,泉区,立場らびっと保育園,4歳,5.0,0.0
令和8,泉区,立場らびっと保育園,5歳,5.0,0.0
令和8,泉区,立場エンゼル保育園,0歳,5.0,0.0
令和8,泉区,立場エンゼル保育園,1歳,5.0,0.0
令和8,泉区,立場エンゼル保育園,2歳,5.0,0.0
令和8,泉区,立場エンゼル保育園,3歳,5.0,0.0
令和8,泉区,立場エンゼル保育園,4歳,5.0,0.0
令和8,泉区,立場エンゼル保育園,5歳,5.0,0.0
令和8,泉区,緑園なえば保育園,0歳,5.0,0.0
令和8,泉区,緑園なえば保育園,1歳,5.0,0.0
令和8,泉区,緑園なえば保育園,2歳,5.0,0.0
令和8,泉区,緑園なえば保育園,3歳,5.0,0.0
令和8,泉区,緑園なえば保育園,4歳,5.0,0.0
令和8,泉区,緑園なえば保育園,5歳,2.5,0.5
令和8,泉区,苗場保育園,0歳,0.7142857142857145,0.8571428571428571
令和8,泉区,苗場保育園,1歳,2.872340425531915,0.425531914893617
令和8,泉区,苗場保育園,2歳,1.666666666666667,0.6666666666666666
令和8,泉区,苗場保育園,3歳,5.0,0.0
令和8,泉区,苗場保育園,4歳,2.5,0.5
令和8,泉区,苗場保育園,5歳,5.0,0.0
令和8,泉区,認定こども園  いづみ幼稚園,0歳,5.0,0.0
令和8,泉区,認定こども園  いづみ幼稚園,1歳,5.0,0.0
令和8,泉区,認定こども園  いづみ幼稚園,2歳,5.0,0.0
令和8,泉区,認定こども園  いづみ幼稚園,3歳,5.0,0.0
令和8,泉区,認定こども園  いづみ幼稚園,4歳,5.0,0.0
令和8,泉区,認定こども園  いづみ幼稚園,5歳,5.0,0.0
令和8,泉区,認定こども園  泉ヶ丘幼稚園,0歳,5.0,0.0
令和8,泉区,認定こども園  泉ヶ丘幼稚園,1歳,5.0,0.0
令和8,泉区,認定こども園  泉ヶ丘幼稚園,2歳,5.0,0.0
令和8,泉区,認定こども園  泉ヶ丘幼稚園,3歳,5.0,0.0
令和8,泉区,認定こども園  泉ヶ丘幼稚園,4歳,5.0,0.0
令和8,泉区,認定こども園  泉ヶ丘幼稚園,5歳,5.0,0.0
令和8,泉区,認定こども園　上飯田幼稚園,0歳,5.0,0.0
令和8,泉区,認定こども園　上飯田幼稚園,1歳,5.0,0.0
令和8,泉区,認定こども園　上飯田幼稚園,2歳,5.0,0.0
令和8,泉区,認定こども園　上飯田幼稚園,3歳,5.0,0.0
令和8,泉区,認定こども園　上飯田幼稚園,4歳,2.5,0.5
令和8,泉区,認定こども園　上飯田幼稚園,5歳,5.0,0.0
令和8,泉区,認定こども園　宮の台幼稚園,0歳,5.0,0.0
令和8,泉区,認定こども園　宮の台幼稚園,1歳,5.0,0.0
令和8,泉区,認定こども園　宮の台幼稚園,2歳,2.872340425531915,0.425531914893617
令和8,泉区,認定こども園　宮の台幼稚園,3歳,2.5,0.5
令和8,泉区,認定こども園　宮の台幼稚園,4歳,5.0,0.0
令和8,泉区,認定こども園　宮の台幼稚園,5歳,5.0,0.0
令和8,泉区,認定こども園　富士塚幼稚園・保育園,0歳,5.0,0.0
令和8,泉区,認定こども園　富士塚幼稚園・保育園,1歳,5.0,0.0
令和8,泉区,認定こども園　富士塚幼稚園・保育園,2歳,5.0,0.0
令和8,泉区,認定こども園　富士塚幼稚園・保育園,3歳,5.0,0.0
令和8,泉区,認定こども園　富士塚幼稚園・保育園,4歳,5.0,0.0
令和8,泉区,認定こども園　富士塚幼稚園・保育園,5歳,5.0,0.0
令和8,泉区,認定こども園　岡津幼稚園,0歳,5.0,0.0
令和8,泉区,認定こども園　岡津幼稚園,1歳,5.0,0.0
令和8,泉区,認定こども園　岡津幼稚園,2歳,5.0,0.0
令和8,泉区,認定こども園　岡津幼稚園,3歳,0.8333333333333331,0.8333333333333334
令和8,泉区,認定こども園　岡津幼稚園,4歳,0.9999999999999998,0.8
令和8,泉区,認定こども園　岡津幼稚園,5歳,0.8333333333333331,0.8333333333333334
令和8,泉区,認定こども園　明成幼稚園,0歳,5.0,0.0
令和8,泉区,認定こども園　明成幼稚園,1歳,5.0,0.0
令和8,泉区,認定こども園　明成幼稚園,2歳,5.0,0.0
令和8,泉区,認定こども園　明成幼稚園,3歳,5.0,0.0
令和8,泉区,認定こども園　明成幼稚園,4歳,5.0,0.0
令和8,泉区,認定こども園　明成幼稚園,5歳,2.5,0.5
令和8,泉区,認定こども園　ＹＭＣＡいずみ保育園,0歳,5.0,0.0
令和8,泉区,認定こども園　ＹＭＣＡいずみ保育園,1歳,5.0,0.0
令和8,泉区,認定こども園　ＹＭＣＡいずみ保育園,2歳,5.0,0.0
令和8,泉区,認定こども園　ＹＭＣＡいずみ保育園,3歳,2.5,0.5
令和8,泉区,認定こども園　ＹＭＣＡいずみ保育園,4歳,2.5,0.5
令和8,泉区,認定こども園　ＹＭＣＡいずみ保育園,5歳,2.5,0.5
令和8,泉区,領家キッズ保育園,0歳,5.0,0.0
令和8,泉区,領家キッズ保育園,1歳,5.0,0.0
令和8,泉区,領家キッズ保育園,2歳,5.0,0.0
令和8,泉区,領家キッズ保育園,3歳,5.0,0.0
令和8,泉区,領家キッズ保育園,4歳,5.0,0.0
令和8,泉区,領家キッズ保育園,5歳,5.0,0.0
令和8,泉区,鳩の森愛の詩あすなろ保育園,0歳,5.0,0.0
令和8,泉区,鳩の森愛の詩あすなろ保育園,1歳,5.0,0.0
令和8,泉区,鳩の森愛の詩あすなろ保育園,2歳,5.0,0.0
令和8,泉区,鳩の森愛の詩あすなろ保育園,3歳,5.0,0.0
令和8,泉区,鳩の森愛の詩あすなろ保育園,4歳,5.0,0.0
令和8,泉区,鳩の森愛の詩あすなろ保育園,5歳,5.0,0.0
令和8,泉区,鳩の森愛の詩とことこ保育園,0歳,5.0,0.0
令和8,泉区,鳩の森愛の詩とことこ保育園,1歳,5.0,0.0
令和8,泉区,鳩の森愛の詩とことこ保育園,2歳,5.0,0.0
令和8,泉区,鳩の森愛の詩とことこ保育園,3歳,5.0,0.0
令和8,泉区,鳩の森愛の詩とことこ保育園,4歳,5.0,0.0
令和8,泉区,鳩の森愛の詩とことこ保育園,5歳,5.0,0.0
令和8,泉区,鳩の森愛の詩保育園,0歳,5.0,0.0
令和8,泉区,鳩の森愛の詩保育園,1歳,5.0,0.0
令和8,泉区,鳩の森愛の詩保育園,2歳,5.0,0.0
令和8,泉区,鳩の森愛の詩保育園,3歳,5.0,0.0
令和8,泉区,鳩の森愛の詩保育園,4歳,5.0,0.0
令和8,泉区,鳩の森愛の詩保育園,5歳,5.0,0.0
令和8,泉区,ＧＥＮＫＩＤＳいずみ中央保育園,0歳,5.0,0.0
令和8,泉区,ＧＥＮＫＩＤＳいずみ中央保育園,1歳,4.397590361445784,0.12048192771084336
令和8,泉区,ＧＥＮＫＩＤＳいずみ中央保育園,2歳,4.145299145299145,0.17094017094017094
令和8,泉区,ＧＥＮＫＩＤＳいずみ中央保育園,3歳,5.0,0.0
令和8,泉区,ＧＥＮＫＩＤＳいずみ中央保育園,4歳,5.0,0.0
令和8,泉区,ＧＥＮＫＩＤＳいずみ中央保育園,5歳,5.0,0.0
令和8,泉区,ＧＥＮＫＩＤＳ緑園都市保育園,0歳,5.0,0.0
令和8,泉区,ＧＥＮＫＩＤＳ緑園都市保育園,1歳,5.0,0.0
令和8,泉区,ＧＥＮＫＩＤＳ緑園都市保育園,2歳,5.0,0.0
令和8,泉区,ＧＥＮＫＩＤＳ緑園都市保育園,3歳,5.0,0.0
令和8,泉区,ＧＥＮＫＩＤＳ緑園都市保育園,4歳,5.0,0.0
令和8,泉区,ＧＥＮＫＩＤＳ緑園都市保育園,5歳,5.0,0.0
令和8,泉区,ＹＭＣＡ山手台保育園アルク,0歳,5.0,0.0
令和8,泉区,ＹＭＣＡ山手台保育園アルク,1歳,5.0,0.0
令和8,泉区,ＹＭＣＡ山手台保育園アルク,2歳,5.0,0.0
令和8,泉区,ＹＭＣＡ山手台保育園アルク,3歳,5.0,0.0
令和8,泉区,ＹＭＣＡ山手台保育園アルク,4歳,5.0,0.0
令和8,泉区,ＹＭＣＡ山手台保育園アルク,5歳,5.0,0.0
令和8,港北区,Gakkenほいくえん日吉本町,0歳,5.0,0.0
令和8,港北区,Gakkenほいくえん日吉本町,1歳,5.0,0.0
令和8,港北区,Gakkenほいくえん日吉本町,2歳,5.0,0.0
令和8,港北区,Gakkenほいくえん日吉本町,3歳,5.0,0.0
令和8,港北区,Gakkenほいくえん日吉本町,4歳,2.5,0.5
令和8,港北区,Gakkenほいくえん日吉本町,5歳,5.0,0.0
令和8,港北区,Gakkenほいくえん綱島,0歳,5.0,0.0
令和8,港北区,Gakkenほいくえん綱島,1歳,5.0,0.0
令和8,港北区,Gakkenほいくえん綱島,2歳,2.5,0.5
令和8,港北区,Gakkenほいくえん綱島,3歳,5.0,0.0
令和8,港北区,Gakkenほいくえん綱島,4歳,2.5,0.5
令和8,港北区,Gakkenほいくえん綱島,5歳,2.5,0.5
令和8,港北区,preschool ALICE Clover,0歳,2.5,0.5
令和8,港北区,preschool ALICE Clover,1歳,1.666666666666667,0.6666666666666666
令和8,港北区,preschool ALICE Clover,2歳,1.666666666666667,0.6666666666666666
令和8,港北区,preschool ALICE Clover,3歳,5.0,0.0
令和8,港北区,preschool ALICE Clover,4歳,5.0,0.0
令和8,港北区,preschool ALICE Clover,5歳,5.0,0.0
令和8,港北区,うみのくに保育園きくな,0歳,5.0,0.0
令和8,港北区,うみのくに保育園きくな,1歳,5.0,0.0
令和8,港北区,うみのくに保育園きくな,2歳,2.5,0.5
令和8,港北区,うみのくに保育園きくな,3歳,2.5,0.5
令和8,港北区,うみのくに保育園きくな,4歳,2.5,0.5
令和8,港北区,うみのくに保育園きくな,5歳,5.0,0.0
令和8,港北区,おおくらやまえきまえのぞみ保育園,0歳,5.0,0.0
令和8,港北区,おおくらやまえきまえのぞみ保育園,1歳,5.0,0.0
令和8,港北区,おおくらやまえきまえのぞみ保育園,2歳,5.0,0.0
令和8,港北区,おおくらやまえきまえのぞみ保育園,3歳,2.0149253731343286,0.5970149253731343
令和8,港北区,おおくらやまえきまえのぞみ保育園,4歳,5.0,0.0
令和8,港北区,おおくらやまえきまえのぞみ保育園,5歳,5.0,0.0
令和8,港北区,おおつな保育園,0歳,0.7142857142857145,0.8571428571428571
令和8,港北区,おおつな保育園,1歳,1.25,0.75
令和8,港北区,おおつな保育園,2歳,2.5,0.5
令和8,港北区,おおつな保育園,3歳,1.25,0.75
令和8,港北区,おおつな保育園,4歳,2.5,0.5
令和8,港北区,おおつな保育園,5歳,5.0,0.0
令和8,港北区,おおつな森の保育園,0歳,5.0,0.0
令和8,港北区,おおつな森の保育園,1歳,5.0,0.0
令和8,港北区,おおつな森の保育園,2歳,2.5,0.5
令和8,港北区,おおつな森の保育園,3歳,1.666666666666667,0.6666666666666666
令和8,港北区,おおつな森の保育園,4歳,2.5,0.5
令和8,港北区,おおつな森の保育園,5歳,1.666666666666667,0.6666666666666666
令和8,港北区,きゅーぴーるーむ大倉山園,0歳,2.5,0.5
令和8,港北区,きゅーぴーるーむ大倉山園,1歳,5.0,0.0
令和8,港北区,きゅーぴーるーむ大倉山園,2歳,5.0,0.0
令和8,港北区,きゅーぴーるーむ大倉山園,3歳,5.0,0.0
令和8,港北区,きゅーぴーるーむ大倉山園,4歳,5.0,0.0
令和8,港北区,きゅーぴーるーむ大倉山園,5歳,5.0,0.0
令和8,港北区,くじら保育園,0歳,2.5,0.5
令和8,港北区,くじら保育園,1歳,5.0,0.0
令和8,港北区,くじら保育園,2歳,5.0,0.0
令和8,港北区,くじら保育園,3歳,5.0,0.0
令和8,港北区,くじら保育園,4歳,5.0,0.0
令和8,港北区,くじら保育園,5歳,5.0,0.0
令和8,港北区,くっくおさんぽ保育園,0歳,0.7142857142857145,0.8571428571428571
令和8,港北区,くっくおさんぽ保育園,1歳,5.0,0.0
令和8,港北区,くっくおさんぽ保育園,2歳,5.0,0.0
令和8,港北区,くっくおさんぽ保育園,3歳,1.666666666666667,0.6666666666666666
令和8,港北区,くっくおさんぽ保育園,4歳,1.666666666666667,0.6666666666666666
令和8,港北区,くっくおさんぽ保育園,5歳,2.5,0.5
令和8,港北区,くっくおさんぽ保育園ふとお,0歳,5.0,0.0
令和8,港北区,くっくおさんぽ保育園ふとお,1歳,5.0,0.0
令和8,港北区,くっくおさんぽ保育園ふとお,2歳,5.0,0.0
令和8,港北区,くっくおさんぽ保育園ふとお,3歳,5.0,0.0
令和8,港北区,くっくおさんぽ保育園ふとお,4歳,5.0,0.0
令和8,港北区,くっくおさんぽ保育園ふとお,5歳,0.9999999999999998,0.8
令和8,港北区,くっくおさんぽ保育園大倉山,0歳,1.666666666666667,0.6666666666666666
令和8,港北区,くっくおさんぽ保育園大倉山,1歳,5.0,0.0
令和8,港北区,くっくおさんぽ保育園大倉山,2歳,5.0,0.0
令和8,港北区,くっくおさんぽ保育園大倉山,3歳,1.25,0.75
令和8,港北区,くっくおさんぽ保育園大倉山,4歳,0.7142857142857145,0.8571428571428571
令和8,港北区,くっくおさんぽ保育園大倉山,5歳,0.7142857142857145,0.8571428571428571
令和8,港北区,こどものまち綱島西保育園,0歳,5.0,0.0
令和8,港北区,こどものまち綱島西保育園,1歳,5.0,0.0
令和8,港北区,こどものまち綱島西保育園,2歳,1.666666666666667,0.6666666666666666
令和8,港北区,こどものまち綱島西保育園,3歳,5.0,0.0
令和8,港北区,こどものまち綱島西保育園,4歳,0.9999999999999998,0.8
令和8,港北区,こどものまち綱島西保育園,5歳,1.25,0.75
令和8,港北区,さくらんぼ保育園,0歳,5.0,0.0
令和8,港北区,さくらんぼ保育園,1歳,5.0,0.0
令和8,港北区,さくらんぼ保育園,2歳,5.0,0.0
令和8,港北区,さくらんぼ保育園,3歳,5.0,0.0
令和8,港北区,さくらんぼ保育園,4歳,1.25,0.75
令和8,港北区,さくらんぼ保育園,5歳,1.666666666666667,0.6666666666666666
令和8,港北区,しんよしだこども園（保育所部分）,0歳,5.0,0.0
令和8,港北区,しんよしだこども園（保育所部分）,1歳,5.0,0.0
令和8,港北区,しんよしだこども園（保育所部分）,2歳,5.0,0.0
令和8,港北区,しんよしだこども園（保育所部分）,3歳,2.5,0.5
令和8,港北区,しんよしだこども園（保育所部分）,4歳,1.666666666666667,0.6666666666666666
令和8,港北区,しんよしだこども園（保育所部分）,5歳,5.0,0.0
令和8,港北区,すくすくの杜綱島SST保育園,0歳,1.25,0.75
令和8,港北区,すくすくの杜綱島SST保育園,1歳,1.25,0.75
令和8,港北区,すくすくの杜綱島SST保育園,2歳,1.666666666666667,0.6666666666666666
令和8,港北区,すくすくの杜綱島SST保育園,3歳,5.0,0.0
令和8,港北区,すくすくの杜綱島SST保育園,4歳,5.0,0.0
令和8,港北区,すくすくの杜綱島SST保育園,5歳,5.0,0.0
令和8,港北区,たかた保育園,0歳,5.0,0.0
令和8,港北区,たかた保育園,1歳,5.0,0.0
令和8,港北区,たかた保育園,2歳,5.0,0.0
令和8,港北区,たかた保育園,3歳,2.5,0.5
令和8,港北区,たかた保育園,4歳,1.666666666666667,0.6666666666666666
令和8,港北区,たかた保育園,5歳,1.25,0.75
令和8,港北区,たんぽぽ保育園,0歳,5.0,0.0
令和8,港北区,たんぽぽ保育園,1歳,5.0,0.0
令和8,港北区,たんぽぽ保育園,2歳,5.0,0.0
令和8,港北区,たんぽぽ保育園,3歳,1.25,0.75
令和8,港北区,たんぽぽ保育園,4歳,2.5,0.5
令和8,港北区,たんぽぽ保育園,5歳,5.0,0.0
令和8,港北区,ちいさなたね保育園,0歳,5.0,0.0
令和8,港北区,ちいさなたね保育園,1歳,5.0,0.0
令和8,港北区,ちいさなたね保育園,2歳,5.0,0.0
令和8,港北区,ちいさなたね保育園,3歳,5.0,0.0
令和8,港北区,ちいさなたね保育園,4歳,1.666666666666667,0.6666666666666666
令和8,港北区,ちいさなたね保育園,5歳,5.0,0.0
令和8,港北区,つばき駅前保育園,0歳,5.0,0.0
令和8,港北区,つばき駅前保育園,1歳,5.0,0.0
令和8,港北区,つばき駅前保育園,2歳,5.0,0.0
令和8,港北区,つばき駅前保育園,3歳,1.25,0.75
令和8,港北区,つばき駅前保育園,4歳,1.666666666666667,0.6666666666666666
令和8,港北区,つばき駅前保育園,5歳,0.9999999999999998,0.8
令和8,港北区,なあな保育園,0歳,5.0,0.0
令和8,港北区,なあな保育園,1歳,5.0,0.0
令和8,港北区,なあな保育園,2歳,5.0,0.0
令和8,港北区,なあな保育園,3歳,5.0,0.0
令和8,港北区,なあな保育園,4歳,5.0,0.0
令和8,港北区,なあな保育園,5歳,5.0,0.0
令和8,港北区,にじいろ保育園日吉,0歳,5.0,0.0
令和8,港北区,にじいろ保育園日吉,1歳,5.0,0.0
令和8,港北区,にじいろ保育園日吉,2歳,5.0,0.0
令和8,港北区,にじいろ保育園日吉,3歳,5.0,0.0
令和8,港北区,にじいろ保育園日吉,4歳,2.5,0.5
令和8,港北区,にじいろ保育園日吉,5歳,5.0,0.0
令和8,港北区,にじいろ保育園箕輪町,0歳,5.0,0.0
令和8,港北区,にじいろ保育園箕輪町,1歳,5.0,0.0
令和8,港北区,にじいろ保育園箕輪町,2歳,2.5,0.5
令和8,港北区,にじいろ保育園箕輪町,3歳,5.0,0.0
令和8,港北区,にじいろ保育園箕輪町,4歳,1.666666666666667,0.6666666666666666
令和8,港北区,にじいろ保育園箕輪町,5歳,0.9999999999999998,0.8
令和8,港北区,にじいろ保育園綱島,0歳,5.0,0.0
令和8,港北区,にじいろ保育園綱島,1歳,5.0,0.0
令和8,港北区,にじいろ保育園綱島,2歳,5.0,0.0
令和8,港北区,にじいろ保育園綱島,3歳,2.5,0.5
令和8,港北区,にじいろ保育園綱島,4歳,5.0,0.0
令和8,港北区,にじいろ保育園綱島,5歳,1.25,0.75
令和8,港北区,にじいろ保育園綱島東,0歳,5.0,0.0
令和8,港北区,にじいろ保育園綱島東,1歳,5.0,0.0
令和8,港北区,にじいろ保育園綱島東,2歳,5.0,0.0
令和8,港北区,にじいろ保育園綱島東,3歳,2.5,0.5
令和8,港北区,にじいろ保育園綱島東,4歳,5.0,0.0
令和8,港北区,にじいろ保育園綱島東,5歳,0.7142857142857145,0.8571428571428571
令和8,港北区,はなまる保育園,0歳,1.666666666666667,0.6666666666666666
令和8,港北区,はなまる保育園,1歳,2.5,0.5
令和8,港北区,はなまる保育園,2歳,1.666666666666667,0.6666666666666666
令和8,港北区,はなまる保育園,3歳,5.0,0.0
令和8,港北区,はなまる保育園,4歳,5.0,0.0
令和8,港北区,はなまる保育園,5歳,5.0,0.0
令和8,港北区,ばばほいくしつ綱島,0歳,5.0,0.0
令和8,港北区,ばばほいくしつ綱島,1歳,5.0,0.0
令和8,港北区,ばばほいくしつ綱島,2歳,1.666666666666667,0.6666666666666666
令和8,港北区,ばばほいくしつ綱島,3歳,5.0,0.0
令和8,港北区,ばばほいくしつ綱島,4歳,5.0,0.0
令和8,港北区,ばばほいくしつ綱島,5歳,5.0,0.0
令和8,港北区,ぶれすと新横浜ほいくえん,0歳,5.0,0.0
令和8,港北区,ぶれすと新横浜ほいくえん,1歳,4.27536231884058,0.14492753623188406
令和8,港北区,ぶれすと新横浜ほいくえん,2歳,5.0,0.0
令和8,港北区,ぶれすと新横浜ほいくえん,3歳,2.872340425531915,0.425531914893617
令和8,港北区,ぶれすと新横浜ほいくえん,4歳,5.0,0.0
令和8,港北区,ぶれすと新横浜ほいくえん,5歳,5.0,0.0
令和8,港北区,ぶれすと綱島ほいくえん,0歳,5.0,0.0
令和8,港北区,ぶれすと綱島ほいくえん,1歳,5.0,0.0
令和8,港北区,ぶれすと綱島ほいくえん,2歳,5.0,0.0
令和8,港北区,ぶれすと綱島ほいくえん,3歳,2.5,0.5
令和8,港北区,ぶれすと綱島ほいくえん,4歳,2.5,0.5
令和8,港北区,ぶれすと綱島ほいくえん,5歳,2.5,0.5
令和8,港北区,ぶれすと綱島二階ほいくえん,0歳,2.872340425531915,0.425531914893617
令和8,港北区,ぶれすと綱島二階ほいくえん,1歳,2.0149253731343286,0.5970149253731343
令和8,港北区,ぶれすと綱島二階ほいくえん,2歳,1.666666666666667,0.6666666666666666
令和8,港北区,ぶれすと綱島二階ほいくえん,3歳,1.666666666666667,0.6666666666666666
令和8,港北区,ぶれすと綱島二階ほいくえん,4歳,1.666666666666667,0.6666666666666666
令和8,港北区,ぶれすと綱島二階ほいくえん,5歳,2.5,0.5
令和8,港北区,まなびの森　ヴィラ日吉こども園,0歳,5.0,0.0
令和8,港北区,まなびの森　ヴィラ日吉こども園,1歳,5.0,0.0
令和8,港北区,まなびの森　ヴィラ日吉こども園,2歳,2.5,0.5
令和8,港北区,まなびの森　ヴィラ日吉こども園,3歳,5.0,0.0
令和8,港北区,まなびの森　ヴィラ日吉こども園,4歳,1.666666666666667,0.6666666666666666
令和8,港北区,まなびの森　ヴィラ日吉こども園,5歳,5.0,0.0
令和8,港北区,まなびの森　日吉こども園,0歳,5.0,0.0
令和8,港北区,まなびの森　日吉こども園,1歳,5.0,0.0
令和8,港北区,まなびの森　日吉こども園,2歳,5.0,0.0
令和8,港北区,まなびの森　日吉こども園,3歳,5.0,0.0
令和8,港北区,まなびの森　日吉こども園,4歳,2.5,0.5
令和8,港北区,まなびの森　日吉こども園,5歳,5.0,0.0
令和8,港北区,まなびの森　綱島こども園,0歳,5.0,0.0
令和8,港北区,まなびの森　綱島こども園,1歳,5.0,0.0
令和8,港北区,まなびの森　綱島こども園,2歳,5.0,0.0
令和8,港北区,まなびの森　綱島こども園,3歳,5.0,0.0
令和8,港北区,まなびの森　綱島こども園,4歳,5.0,0.0
令和8,港北区,まなびの森　綱島こども園,5歳,5.0,0.0
令和8,港北区,まなびの森　菊名こども園,0歳,5.0,0.0
令和8,港北区,まなびの森　菊名こども園,1歳,5.0,0.0
令和8,港北区,まなびの森　菊名こども園,2歳,5.0,0.0
令和8,港北区,まなびの森　菊名こども園,3歳,5.0,0.0
令和8,港北区,まなびの森　菊名こども園,4歳,2.5,0.5
令和8,港北区,まなびの森　菊名こども園,5歳,5.0,0.0
令和8,港北区,まめどくれっしゅ,0歳,5.0,0.0
令和8,港北区,まめどくれっしゅ,1歳,5.0,0.0
令和8,港北区,まめどくれっしゅ,2歳,5.0,0.0
令和8,港北区,まめどくれっしゅ,3歳,1.666666666666667,0.6666666666666666
令和8,港北区,まめどくれっしゅ,4歳,5.0,0.0
令和8,港北区,まめどくれっしゅ,5歳,5.0,0.0
令和8,港北区,みのわのぞみ保育園,0歳,5.0,0.0
令和8,港北区,みのわのぞみ保育園,1歳,5.0,0.0
令和8,港北区,みのわのぞみ保育園,2歳,5.0,0.0
令和8,港北区,みのわのぞみ保育園,3歳,2.5,0.5
令和8,港北区,みのわのぞみ保育園,4歳,0.8333333333333331,0.8333333333333334
令和8,港北区,みのわのぞみ保育園,5歳,0.7142857142857145,0.8571428571428571
令和8,港北区,みらいく日吉本町園,0歳,2.5,0.5
令和8,港北区,みらいく日吉本町園,1歳,5.0,0.0
令和8,港北区,みらいく日吉本町園,2歳,2.5,0.5
令和8,港北区,みらいく日吉本町園,3歳,5.0,0.0
令和8,港北区,みらいく日吉本町園,4歳,5.0,0.0
令和8,港北区,みらいく日吉本町園,5歳,5.0,0.0
令和8,港北区,みらいく矢上園,0歳,2.5,0.5
令和8,港北区,みらいく矢上園,1歳,5.0,0.0
令和8,港北区,みらいく矢上園,2歳,5.0,0.0
令和8,港北区,みらいく矢上園,3歳,1.25,0.75
令和8,港北区,みらいく矢上園,4歳,5.0,0.0
令和8,港北区,みらいく矢上園,5歳,1.25,0.75
令和8,港北区,みらいく高田園,0歳,2.872340425531915,0.425531914893617
令和8,港北区,みらいく高田園,1歳,5.0,0.0
令和8,港北区,みらいく高田園,2歳,5.0,0.0
令和8,港北区,みらいく高田園,3歳,5.0,0.0
令和8,港北区,みらいく高田園,4歳,0.9999999999999998,0.8
令和8,港北区,みらいく高田園,5歳,2.5,0.5
令和8,港北区,みらいこうほく保育園,0歳,2.5,0.5
令和8,港北区,みらいこうほく保育園,1歳,0.7142857142857145,0.8571428571428571
令和8,港北区,みらいこうほく保育園,2歳,0.9999999999999998,0.8
令和8,港北区,みらいこうほく保育園,3歳,5.0,0.0
令和8,港北区,みらいこうほく保育園,4歳,5.0,0.0
令和8,港北区,みらいこうほく保育園,5歳,5.0,0.0
令和8,港北区,めぐみ保育園,0歳,5.0,0.0
令和8,港北区,めぐみ保育園,1歳,5.0,0.0
令和8,港北区,めぐみ保育園,2歳,5.0,0.0
令和8,港北区,めぐみ保育園,3歳,2.5,0.5
令和8,港北区,めぐみ保育園,4歳,2.5,0.5
令和8,港北区,めぐみ保育園,5歳,5.0,0.0
令和8,港北区,もしもしのほし日吉保育園,0歳,5.0,0.0
令和8,港北区,もしもしのほし日吉保育園,1歳,2.872340425531915,0.425531914893617
令和8,港北区,もしもしのほし日吉保育園,2歳,5.0,0.0
令和8,港北区,もしもしのほし日吉保育園,3歳,5.0,0.0
令和8,港北区,もしもしのほし日吉保育園,4歳,5.0,0.0
令和8,港北区,もしもしのほし日吉保育園,5歳,5.0,0.0
令和8,港北区,わおわお大倉山保育園,0歳,0.9999999999999998,0.8
令和8,港北区,わおわお大倉山保育園,1歳,5.0,0.0
令和8,港北区,わおわお大倉山保育園,2歳,0.9999999999999998,0.8
令和8,港北区,わおわお大倉山保育園,3歳,1.25,0.75
令和8,港北区,わおわお大倉山保育園,4歳,1.25,0.75
令和8,港北区,わおわお大倉山保育園,5歳,1.25,0.75
令和8,港北区,わかさと保育園,0歳,2.5,0.5
令和8,港北区,わかさと保育園,1歳,5.0,0.0
令和8,港北区,わかさと保育園,2歳,1.666666666666667,0.6666666666666666
令和8,港北区,わかさと保育園,3歳,5.0,0.0
令和8,港北区,わかさと保育園,4歳,5.0,0.0
令和8,港北区,わかさと保育園,5歳,2.5,0.5
令和8,港北区,アイグラン保育園高田東,0歳,5.0,0.0
令和8,港北区,アイグラン保育園高田東,1歳,5.0,0.0
令和8,港北区,アイグラン保育園高田東,2歳,5.0,0.0
令和8,港北区,アイグラン保育園高田東,3歳,2.5,0.5
令和8,港北区,アイグラン保育園高田東,4歳,5.0,0.0
令和8,港北区,アイグラン保育園高田東,5歳,5.0,0.0
令和8,港北区,アスクみのわ保育園,0歳,5.0,0.0
令和8,港北区,アスクみのわ保育園,1歳,5.0,0.0
令和8,港北区,アスクみのわ保育園,2歳,5.0,0.0
令和8,港北区,アスクみのわ保育園,3歳,5.0,0.0
令和8,港北区,アスクみのわ保育園,4歳,2.5,0.5
令和8,港北区,アスクみのわ保育園,5歳,5.0,0.0
令和8,港北区,アスクバイリンガル保育園ゆめみらい,0歳,5.0,0.0
令和8,港北区,アスクバイリンガル保育園ゆめみらい,1歳,5.0,0.0
令和8,港北区,アスクバイリンガル保育園ゆめみらい,2歳,2.872340425531915,0.425531914893617
令和8,港北区,アスクバイリンガル保育園ゆめみらい,3歳,5.0,0.0
令和8,港北区,アスクバイリンガル保育園ゆめみらい,4歳,5.0,0.0
令和8,港北区,アスクバイリンガル保育園ゆめみらい,5歳,2.5,0.5
令和8,港北区,アスク大倉山保育園,0歳,5.0,0.0
令和8,港北区,アスク大倉山保育園,1歳,5.0,0.0
令和8,港北区,アスク大倉山保育園,2歳,5.0,0.0
令和8,港北区,アスク大倉山保育園,3歳,2.872340425531915,0.425531914893617
令和8,港北区,アスク大倉山保育園,4歳,2.872340425531915,0.425531914893617
令和8,港北区,アスク大倉山保育園,5歳,1.25,0.75
令和8,港北区,アスク日吉本町第二保育園,0歳,5.0,0.0
令和8,港北区,アスク日吉本町第二保育園,1歳,2.5,0.5
令和8,港北区,アスク日吉本町第二保育園,2歳,5.0,0.0
令和8,港北区,アスク日吉本町第二保育園,3歳,5.0,0.0
令和8,港北区,アスク日吉本町第二保育園,4歳,5.0,0.0
令和8,港北区,アスク日吉本町第二保育園,5歳,2.5,0.5
令和8,港北区,アスク日吉本町開善保育園,0歳,5.0,0.0
令和8,港北区,アスク日吉本町開善保育園,1歳,5.0,0.0
令和8,港北区,アスク日吉本町開善保育園,2歳,2.5,0.5
令和8,港北区,アスク日吉本町開善保育園,3歳,0.9999999999999998,0.8
令和8,港北区,アスク日吉本町開善保育園,4歳,5.0,0.0
令和8,港北区,アスク日吉本町開善保育園,5歳,1.666666666666667,0.6666666666666666
令和8,港北区,アスク日吉東保育園,0歳,2.5,0.5
令和8,港北区,アスク日吉東保育園,1歳,5.0,0.0
令和8,港北区,アスク日吉東保育園,2歳,5.0,0.0
令和8,港北区,アスク日吉東保育園,3歳,5.0,0.0
令和8,港北区,アスク日吉東保育園,4歳,1.666666666666667,0.6666666666666666
令和8,港北区,アスク日吉東保育園,5歳,1.25,0.75
令和8,港北区,イルカ保育園,0歳,5.0,0.0
令和8,港北区,イルカ保育園,1歳,5.0,0.0
令和8,港北区,イルカ保育園,2歳,0.9999999999999998,0.8
令和8,港北区,イルカ保育園,3歳,5.0,0.0
令和8,港北区,イルカ保育園,4歳,5.0,0.0
令和8,港北区,イルカ保育園,5歳,5.0,0.0
令和8,港北区,ウッズ保育園,0歳,5.0,0.0
令和8,港北区,ウッズ保育園,1歳,5.0,0.0
令和8,港北区,ウッズ保育園,2歳,2.5,0.5
令和8,港北区,ウッズ保育園,3歳,1.666666666666667,0.6666666666666666
令和8,港北区,ウッズ保育園,4歳,2.5,0.5
令和8,港北区,ウッズ保育園,5歳,5.0,0.0
令和8,港北区,オハナ新羽保育園,0歳,5.0,0.0
令和8,港北区,オハナ新羽保育園,1歳,5.0,0.0
令和8,港北区,オハナ新羽保育園,2歳,5.0,0.0
令和8,港北区,オハナ新羽保育園,3歳,5.0,0.0
令和8,港北区,オハナ新羽保育園,4歳,5.0,0.0
令和8,港北区,オハナ新羽保育園,5歳,5.0,0.0
令和8,港北区,キッズパートナー大倉山,0歳,2.5,0.5
令和8,港北区,キッズパートナー大倉山,1歳,5.0,0.0
令和8,港北区,キッズパートナー大倉山,2歳,5.0,0.0
令和8,港北区,キッズパートナー大倉山,3歳,5.0,0.0
令和8,港北区,キッズパートナー大倉山,4歳,5.0,0.0
令和8,港北区,キッズパートナー大倉山,5歳,5.0,0.0
令和8,港北区,キッズパートナー小机,0歳,5.0,0.0
令和8,港北区,キッズパートナー小机,1歳,5.0,0.0
令和8,港北区,キッズパートナー小机,2歳,5.0,0.0
令和8,港北区,キッズパートナー小机,3歳,5.0,0.0
令和8,港北区,キッズパートナー小机,4歳,5.0,0.0
令和8,港北区,キッズパートナー小机,5歳,2.5,0.5
令和8,港北区,キッズパートナー日吉,0歳,2.5,0.5
令和8,港北区,キッズパートナー日吉,1歳,2.297297297297298,0.5405405405405405
令和8,港北区,キッズパートナー日吉,2歳,2.5,0.5
令和8,港北区,キッズパートナー日吉,3歳,5.0,0.0
令和8,港北区,キッズパートナー日吉,4歳,5.0,0.0
令和8,港北区,キッズパートナー日吉,5歳,5.0,0.0
令和8,港北区,キッズパートナー綱島,0歳,1.666666666666667,0.6666666666666666
令和8,港北区,キッズパートナー綱島,1歳,0.8333333333333331,0.8333333333333334
令和8,港北区,キッズパートナー綱島,2歳,5.0,0.0
令和8,港北区,キッズパートナー綱島,3歳,5.0,0.0
令和8,港北区,キッズパートナー綱島,4歳,5.0,0.0
令和8,港北区,キッズパートナー綱島,5歳,5.0,0.0
令和8,港北区,キッズパートナー綱島東,0歳,2.5,0.5
令和8,港北区,キッズパートナー綱島東,1歳,5.0,0.0
令和8,港北区,キッズパートナー綱島東,2歳,2.5,0.5
令和8,港北区,キッズパートナー綱島東,3歳,1.25,0.75
令和8,港北区,キッズパートナー綱島東,4歳,1.25,0.75
令和8,港北区,キッズパートナー綱島東,5歳,1.25,0.75
令和8,港北区,キッズフォレ綱島,0歳,5.0,0.0
令和8,港北区,キッズフォレ綱島,1歳,5.0,0.0
令和8,港北区,キッズフォレ綱島,2歳,5.0,0.0
令和8,港北区,キッズフォレ綱島,3歳,5.0,0.0
令和8,港北区,キッズフォレ綱島,4歳,5.0,0.0
令和8,港北区,キッズフォレ綱島,5歳,2.5,0.5
令和8,港北区,キッズラディ,0歳,5.0,0.0
令和8,港北区,キッズラディ,1歳,5.0,0.0
令和8,港北区,キッズラディ,2歳,5.0,0.0
令和8,港北区,キッズラディ,3歳,0.9999999999999998,0.8
令和8,港北区,キッズラディ,4歳,1.25,0.75
令和8,港北区,キッズラディ,5歳,1.25,0.75
令和8,港北区,キッズラボ菊名園,0歳,5.0,0.0
令和8,港北区,キッズラボ菊名園,1歳,3.666666666666667,0.26666666666666666
令和8,港北区,キッズラボ菊名園,2歳,1.666666666666667,0.6666666666666666
令和8,港北区,キッズラボ菊名園,3歳,5.0,0.0
令和8,港北区,キッズラボ菊名園,4歳,5.0,0.0
令和8,港北区,キッズラボ菊名園,5歳,5.0,0.0
令和8,港北区,キディ大倉山・横浜,0歳,5.0,0.0
令和8,港北区,キディ大倉山・横浜,1歳,5.0,0.0
令和8,港北区,キディ大倉山・横浜,2歳,5.0,0.0
令和8,港北区,キディ大倉山・横浜,3歳,0.9999999999999998,0.8
令和8,港北区,キディ大倉山・横浜,4歳,5.0,0.0
令和8,港北区,キディ大倉山・横浜,5歳,1.25,0.75
令和8,港北区,クレシュ新横浜,0歳,5.0,0.0
令和8,港北区,クレシュ新横浜,1歳,5.0,0.0
令和8,港北区,クレシュ新横浜,2歳,5.0,0.0
令和8,港北区,クレシュ新横浜,3歳,0.9999999999999998,0.8
令和8,港北区,クレシュ新横浜,4歳,5.0,0.0
令和8,港北区,クレシュ新横浜,5歳,1.25,0.75
令和8,港北区,グローバルキッズ下田町園,0歳,5.0,0.0
令和8,港北区,グローバルキッズ下田町園,1歳,5.0,0.0
令和8,港北区,グローバルキッズ下田町園,2歳,5.0,0.0
令和8,港北区,グローバルキッズ下田町園,3歳,2.5,0.5
令和8,港北区,グローバルキッズ下田町園,4歳,5.0,0.0
令和8,港北区,グローバルキッズ下田町園,5歳,1.25,0.75
令和8,港北区,グローバルキッズ大倉山園,0歳,1.666666666666667,0.6666666666666666
令和8,港北区,グローバルキッズ大倉山園,1歳,5.0,0.0
令和8,港北区,グローバルキッズ大倉山園,2歳,5.0,0.0
令和8,港北区,グローバルキッズ大倉山園,3歳,5.0,0.0
令和8,港北区,グローバルキッズ大倉山園,4歳,5.0,0.0
令和8,港北区,グローバルキッズ大倉山園,5歳,2.5,0.5
令和8,港北区,グローバルキッズ日吉五丁目園,0歳,5.0,0.0
令和8,港北区,グローバルキッズ日吉五丁目園,1歳,5.0,0.0
令和8,港北区,グローバルキッズ日吉五丁目園,2歳,5.0,0.0
令和8,港北区,グローバルキッズ日吉五丁目園,3歳,1.666666666666667,0.6666666666666666
令和8,港北区,グローバルキッズ日吉五丁目園,4歳,1.666666666666667,0.6666666666666666
令和8,港北区,グローバルキッズ日吉五丁目園,5歳,2.5,0.5
令和8,港北区,グローバルキッズ日吉園,0歳,5.0,0.0
令和8,港北区,グローバルキッズ日吉園,1歳,5.0,0.0
令和8,港北区,グローバルキッズ日吉園,2歳,5.0,0.0
令和8,港北区,グローバルキッズ日吉園,3歳,5.0,0.0
令和8,港北区,グローバルキッズ日吉園,4歳,5.0,0.0
令和8,港北区,グローバルキッズ日吉園,5歳,1.666666666666667,0.6666666666666666
令和8,港北区,グローバルキッズ綱島園,0歳,5.0,0.0
令和8,港北区,グローバルキッズ綱島園,1歳,5.0,0.0
令和8,港北区,グローバルキッズ綱島園,2歳,5.0,0.0
令和8,港北区,グローバルキッズ綱島園,3歳,0.5555555555555558,0.8888888888888888
令和8,港北区,グローバルキッズ綱島園,4歳,0.7142857142857145,0.8571428571428571
令和8,港北区,グローバルキッズ綱島園,5歳,0.5555555555555558,0.8888888888888888
令和8,港北区,グローバルキッズ菊名園,0歳,5.0,0.0
令和8,港北区,グローバルキッズ菊名園,1歳,4.0291262135922326,0.1941747572815534
令和8,港北区,グローバルキッズ菊名園,2歳,5.0,0.0
令和8,港北区,グローバルキッズ菊名園,3歳,2.0149253731343286,0.5970149253731343
令和8,港北区,グローバルキッズ菊名園,4歳,5.0,0.0
令和8,港北区,グローバルキッズ菊名園,5歳,1.25,0.75
令和8,港北区,ケンパ高田,0歳,5.0,0.0
令和8,港北区,ケンパ高田,1歳,5.0,0.0
令和8,港北区,ケンパ高田,2歳,5.0,0.0
令和8,港北区,ケンパ高田,3歳,1.666666666666667,0.6666666666666666
令和8,港北区,ケンパ高田,4歳,5.0,0.0
令和8,港北区,ケンパ高田,5歳,5.0,0.0
令和8,港北区,コビープリスクールつなしま,0歳,5.0,0.0
令和8,港北区,コビープリスクールつなしま,1歳,5.0,0.0
令和8,港北区,コビープリスクールつなしま,2歳,5.0,0.0
令和8,港北区,コビープリスクールつなしま,3歳,5.0,0.0
令和8,港北区,コビープリスクールつなしま,4歳,5.0,0.0
令和8,港北区,コビープリスクールつなしま,5歳,2.5,0.5
令和8,港北区,ジャンプ保育園,0歳,5.0,0.0
令和8,港北区,ジャンプ保育園,1歳,0.7142857142857145,0.8571428571428571
令和8,港北区,ジャンプ保育園,2歳,1.25,0.75
令和8,港北区,ジャンプ保育園,3歳,5.0,0.0
令和8,港北区,ジャンプ保育園,4歳,5.0,0.0
令和8,港北区,ジャンプ保育園,5歳,5.0,0.0
令和8,港北区,スターチス日吉保育園,0歳,2.5,0.5
令和8,港北区,スターチス日吉保育園,1歳,1.666666666666667,0.6666666666666666
令和8,港北区,スターチス日吉保育園,2歳,0.9999999999999998,0.8
令和8,港北区,スターチス日吉保育園,3歳,5.0,0.0
令和8,港北区,スターチス日吉保育園,4歳,5.0,0.0
令和8,港北区,スターチス日吉保育園,5歳,5.0,0.0
令和8,港北区,スターチャイルド≪大倉山ナーサリー≫,0歳,5.0,0.0
令和8,港北区,スターチャイルド≪大倉山ナーサリー≫,1歳,5.0,0.0
令和8,港北区,スターチャイルド≪大倉山ナーサリー≫,2歳,5.0,0.0
令和8,港北区,スターチャイルド≪大倉山ナーサリー≫,3歳,0.9999999999999998,0.8
令和8,港北区,スターチャイルド≪大倉山ナーサリー≫,4歳,1.25,0.75
令和8,港北区,スターチャイルド≪大倉山ナーサリー≫,5歳,1.25,0.75
令和8,港北区,スターチャイルド≪新吉田ナーサリー≫,0歳,5.0,0.0
令和8,港北区,スターチャイルド≪新吉田ナーサリー≫,1歳,5.0,0.0
令和8,港北区,スターチャイルド≪新吉田ナーサリー≫,2歳,5.0,0.0
令和8,港北区,スターチャイルド≪新吉田ナーサリー≫,3歳,5.0,0.0
令和8,港北区,スターチャイルド≪新吉田ナーサリー≫,4歳,2.5,0.5
令和8,港北区,スターチャイルド≪新吉田ナーサリー≫,5歳,0.9999999999999998,0.8
令和8,港北区,スターチャイルド≪日吉本町駅前ナーサリー≫,0歳,5.0,0.0
令和8,港北区,スターチャイルド≪日吉本町駅前ナーサリー≫,1歳,5.0,0.0
令和8,港北区,スターチャイルド≪日吉本町駅前ナーサリー≫,2歳,5.0,0.0
令和8,港北区,スターチャイルド≪日吉本町駅前ナーサリー≫,3歳,1.666666666666667,0.6666666666666666
令和8,港北区,スターチャイルド≪日吉本町駅前ナーサリー≫,4歳,2.5,0.5
令和8,港北区,スターチャイルド≪日吉本町駅前ナーサリー≫,5歳,0.4545454545454547,0.9090909090909091
令和8,港北区,スターチャイルド≪綱島ナーサリー≫,0歳,5.0,0.0
令和8,港北区,スターチャイルド≪綱島ナーサリー≫,1歳,5.0,0.0
令和8,港北区,スターチャイルド≪綱島ナーサリー≫,2歳,2.5,0.5
令和8,港北区,スターチャイルド≪綱島ナーサリー≫,3歳,5.0,0.0
令和8,港北区,スターチャイルド≪綱島ナーサリー≫,4歳,5.0,0.0
令和8,港北区,スターチャイルド≪綱島ナーサリー≫,5歳,5.0,0.0
令和8,港北区,スターチャイルド《日吉本町ナーサリー》,0歳,5.0,0.0
令和8,港北区,スターチャイルド《日吉本町ナーサリー》,1歳,5.0,0.0
令和8,港北区,スターチャイルド《日吉本町ナーサリー》,2歳,5.0,0.0
令和8,港北区,スターチャイルド《日吉本町ナーサリー》,3歳,5.0,0.0
令和8,港北区,スターチャイルド《日吉本町ナーサリー》,4歳,1.666666666666667,0.6666666666666666
令和8,港北区,スターチャイルド《日吉本町ナーサリー》,5歳,5.0,0.0
令和8,港北区,テンダーラビング保育園綱島東,0歳,1.25,0.75
令和8,港北区,テンダーラビング保育園綱島東,1歳,5.0,0.0
令和8,港北区,テンダーラビング保育園綱島東,2歳,5.0,0.0
令和8,港北区,テンダーラビング保育園綱島東,3歳,5.0,0.0
令和8,港北区,テンダーラビング保育園綱島東,4歳,0.7142857142857145,0.8571428571428571
令和8,港北区,テンダーラビング保育園綱島東,5歳,5.0,0.0
令和8,港北区,トゥインクルキッズ高田保育園,0歳,5.0,0.0
令和8,港北区,トゥインクルキッズ高田保育園,1歳,5.0,0.0
令和8,港北区,トゥインクルキッズ高田保育園,2歳,5.0,0.0
令和8,港北区,トゥインクルキッズ高田保育園,3歳,5.0,0.0
令和8,港北区,トゥインクルキッズ高田保育園,4歳,2.5,0.5
令和8,港北区,トゥインクルキッズ高田保育園,5歳,5.0,0.0
令和8,港北区,パレット保育園・大倉山,0歳,5.0,0.0
令和8,港北区,パレット保育園・大倉山,1歳,5.0,0.0
令和8,港北区,パレット保育園・大倉山,2歳,5.0,0.0
令和8,港北区,パレット保育園・大倉山,3歳,2.5,0.5
令和8,港北区,パレット保育園・大倉山,4歳,2.5,0.5
令和8,港北区,パレット保育園・大倉山,5歳,2.5,0.5
令和8,港北区,パレット保育園・大豆戸,0歳,1.666666666666667,0.6666666666666666
令和8,港北区,パレット保育園・大豆戸,1歳,5.0,0.0
令和8,港北区,パレット保育園・大豆戸,2歳,5.0,0.0
令和8,港北区,パレット保育園・大豆戸,3歳,2.5,0.5
令和8,港北区,パレット保育園・大豆戸,4歳,2.5,0.5
令和8,港北区,パレット保育園・大豆戸,5歳,5.0,0.0
令和8,港北区,パレット保育園・妙蓮寺,0歳,5.0,0.0
令和8,港北区,パレット保育園・妙蓮寺,1歳,5.0,0.0
令和8,港北区,パレット保育園・妙蓮寺,2歳,5.0,0.0
令和8,港北区,パレット保育園・妙蓮寺,3歳,1.666666666666667,0.6666666666666666
令和8,港北区,パレット保育園・妙蓮寺,4歳,5.0,0.0
令和8,港北区,パレット保育園・妙蓮寺,5歳,2.5,0.5
令和8,港北区,パレット保育園・綱島,0歳,5.0,0.0
令和8,港北区,パレット保育園・綱島,1歳,5.0,0.0
令和8,港北区,パレット保育園・綱島,2歳,2.5,0.5
令和8,港北区,パレット保育園・綱島,3歳,5.0,0.0
令和8,港北区,パレット保育園・綱島,4歳,5.0,0.0
令和8,港北区,パレット保育園・綱島,5歳,1.25,0.75
令和8,港北区,パレット保育園・高田,0歳,5.0,0.0
令和8,港北区,パレット保育園・高田,1歳,5.0,0.0
令和8,港北区,パレット保育園・高田,2歳,5.0,0.0
令和8,港北区,パレット保育園・高田,3歳,5.0,0.0
令和8,港北区,パレット保育園・高田,4歳,5.0,0.0
令和8,港北区,パレット保育園・高田,5歳,5.0,0.0
令和8,港北区,ヒューマンアカデミー大倉山保育園,0歳,5.0,0.0
令和8,港北区,ヒューマンアカデミー大倉山保育園,1歳,5.0,0.0
令和8,港北区,ヒューマンアカデミー大倉山保育園,2歳,5.0,0.0
令和8,港北区,ヒューマンアカデミー大倉山保育園,3歳,5.0,0.0
令和8,港北区,ヒューマンアカデミー大倉山保育園,4歳,5.0,0.0
令和8,港北区,ヒューマンアカデミー大倉山保育園,5歳,5.0,0.0
令和8,港北区,ピッコロ・グランデ新横浜,0歳,5.0,0.0
令和8,港北区,ピッコロ・グランデ新横浜,1歳,5.0,0.0
令和8,港北区,ピッコロ・グランデ新横浜,2歳,5.0,0.0
令和8,港北区,ピッコロ・グランデ新横浜,3歳,5.0,0.0
令和8,港北区,ピッコロ・グランデ新横浜,4歳,5.0,0.0
令和8,港北区,ピッコロ・グランデ新横浜,5歳,5.0,0.0
令和8,港北区,フェアリーテイルそら,0歳,1.25,0.75
令和8,港北区,フェアリーテイルそら,1歳,5.0,0.0
令和8,港北区,フェアリーテイルそら,2歳,1.25,0.75
令和8,港北区,フェアリーテイルそら,3歳,5.0,0.0
令和8,港北区,フェアリーテイルそら,4歳,5.0,0.0
令和8,港北区,フェアリーテイルそら,5歳,5.0,0.0
令和8,港北区,ブライト保育園横浜日吉,0歳,5.0,0.0
令和8,港北区,ブライト保育園横浜日吉,1歳,5.0,0.0
令和8,港北区,ブライト保育園横浜日吉,2歳,5.0,0.0
令和8,港北区,ブライト保育園横浜日吉,3歳,0.9999999999999998,0.8
令和8,港北区,ブライト保育園横浜日吉,4歳,2.5,0.5
令和8,港北区,ブライト保育園横浜日吉,5歳,5.0,0.0
令和8,港北区,ブライト保育園横浜綱島,0歳,5.0,0.0
令和8,港北区,ブライト保育園横浜綱島,1歳,3.666666666666667,0.26666666666666666
令和8,港北区,ブライト保育園横浜綱島,2歳,2.5,0.5
令和8,港北区,ブライト保育園横浜綱島,3歳,2.5,0.5
令和8,港北区,ブライト保育園横浜綱島,4歳,2.5,0.5
令和8,港北区,ブライト保育園横浜綱島,5歳,0.9999999999999998,0.8
令和8,港北区,ベイキッズ星の森保育園,0歳,5.0,0.0
令和8,港北区,ベイキッズ星の森保育園,1歳,2.5,0.5
令和8,港北区,ベイキッズ星の森保育園,2歳,1.666666666666667,0.6666666666666666
令和8,港北区,ベイキッズ星の森保育園,3歳,5.0,0.0
令和8,港北区,ベイキッズ星の森保育園,4歳,5.0,0.0
令和8,港北区,ベイキッズ星の森保育園,5歳,5.0,0.0
令和8,港北区,ベネッセ　新横浜保育園,0歳,5.0,0.0
令和8,港北区,ベネッセ　新横浜保育園,1歳,5.0,0.0
令和8,港北区,ベネッセ　新横浜保育園,2歳,5.0,0.0
令和8,港北区,ベネッセ　新横浜保育園,3歳,5.0,0.0
令和8,港北区,ベネッセ　新横浜保育園,4歳,5.0,0.0
令和8,港北区,ベネッセ　新横浜保育園,5歳,1.666666666666667,0.6666666666666666
令和8,港北区,ベネッセ　日吉保育園,0歳,4.1735537190082646,0.1652892561983471
令和8,港北区,ベネッセ　日吉保育園,1歳,5.0,0.0
令和8,港北区,ベネッセ　日吉保育園,2歳,5.0,0.0
令和8,港北区,ベネッセ　日吉保育園,3歳,2.872340425531915,0.425531914893617
令和8,港北区,ベネッセ　日吉保育園,4歳,5.0,0.0
令和8,港北区,ベネッセ　日吉保育園,5歳,5.0,0.0
令和8,港北区,ベネッセ　綱島台保育園,0歳,5.0,0.0
令和8,港北区,ベネッセ　綱島台保育園,1歳,5.0,0.0
令和8,港北区,ベネッセ　綱島台保育園,2歳,5.0,0.0
令和8,港北区,ベネッセ　綱島台保育園,3歳,5.0,0.0
令和8,港北区,ベネッセ　綱島台保育園,4歳,2.5,0.5
令和8,港北区,ベネッセ　綱島台保育園,5歳,5.0,0.0
令和8,港北区,ペガサスベビー保育園,0歳,2.5,0.5
令和8,港北区,ペガサスベビー保育園,1歳,5.0,0.0
令和8,港北区,ペガサスベビー保育園,2歳,5.0,0.0
令和8,港北区,ペガサスベビー保育園,3歳,5.0,0.0
令和8,港北区,ペガサスベビー保育園,4歳,5.0,0.0
令和8,港北区,ペガサスベビー保育園,5歳,5.0,0.0
令和8,港北区,ペガサス夜間保育園,0歳,5.0,0.0
令和8,港北区,ペガサス夜間保育園,1歳,5.0,0.0
令和8,港北区,ペガサス夜間保育園,2歳,1.666666666666667,0.6666666666666666
令和8,港北区,ペガサス夜間保育園,3歳,2.5,0.5
令和8,港北区,ペガサス夜間保育園,4歳,5.0,0.0
令和8,港北区,ペガサス夜間保育園,5歳,2.5,0.5
令和8,港北区,ペガサス新横浜保育園,0歳,5.0,0.0
令和8,港北区,ペガサス新横浜保育園,1歳,5.0,0.0
令和8,港北区,ペガサス新横浜保育園,2歳,5.0,0.0
令和8,港北区,ペガサス新横浜保育園,3歳,1.666666666666667,0.6666666666666666
令和8,港北区,ペガサス新横浜保育園,4歳,1.25,0.75
令和8,港北区,ペガサス新横浜保育園,5歳,1.666666666666667,0.6666666666666666
令和8,港北区,ポピンズナーサリースクール小机,0歳,5.0,0.0
令和8,港北区,ポピンズナーサリースクール小机,1歳,5.0,0.0
令和8,港北区,ポピンズナーサリースクール小机,2歳,5.0,0.0
令和8,港北区,ポピンズナーサリースクール小机,3歳,5.0,0.0
令和8,港北区,ポピンズナーサリースクール小机,4歳,2.872340425531915,0.425531914893617
令和8,港北区,ポピンズナーサリースクール小机,5歳,1.666666666666667,0.6666666666666666
令和8,港北区,ポピンズナーサリースクール綱島,0歳,5.0,0.0
令和8,港北区,ポピンズナーサリースクール綱島,1歳,5.0,0.0
令和8,港北区,ポピンズナーサリースクール綱島,2歳,5.0,0.0
令和8,港北区,ポピンズナーサリースクール綱島,3歳,2.5,0.5
令和8,港北区,ポピンズナーサリースクール綱島,4歳,1.666666666666667,0.6666666666666666
令和8,港北区,ポピンズナーサリースクール綱島,5歳,1.666666666666667,0.6666666666666666
令和8,港北区,マイ・ハート綱島東保育園,0歳,2.5,0.5
令和8,港北区,マイ・ハート綱島東保育園,1歳,5.0,0.0
令和8,港北区,マイ・ハート綱島東保育園,2歳,5.0,0.0
令和8,港北区,マイ・ハート綱島東保育園,3歳,5.0,0.0
令和8,港北区,マイ・ハート綱島東保育園,4歳,1.666666666666667,0.6666666666666666
令和8,港北区,マイ・ハート綱島東保育園,5歳,5.0,0.0
令和8,港北区,マーマしのはら保育園,0歳,5.0,0.0
令和8,港北区,マーマしのはら保育園,1歳,5.0,0.0
令和8,港北区,マーマしのはら保育園,2歳,5.0,0.0
令和8,港北区,マーマしのはら保育園,3歳,1.666666666666667,0.6666666666666666
令和8,港北区,マーマしのはら保育園,4歳,5.0,0.0
令和8,港北区,マーマしのはら保育園,5歳,1.25,0.75
令和8,港北区,ミアヘルサ保育園ひびき綱島,0歳,5.0,0.0
令和8,港北区,ミアヘルサ保育園ひびき綱島,1歳,5.0,0.0
令和8,港北区,ミアヘルサ保育園ひびき綱島,2歳,5.0,0.0
令和8,港北区,ミアヘルサ保育園ひびき綱島,3歳,2.5,0.5
令和8,港北区,ミアヘルサ保育園ひびき綱島,4歳,5.0,0.0
令和8,港北区,ミアヘルサ保育園ひびき綱島,5歳,0.5555555555555558,0.8888888888888888
令和8,港北区,ララランド大倉山,0歳,5.0,0.0
令和8,港北区,ララランド大倉山,1歳,5.0,0.0
令和8,港北区,ララランド大倉山,2歳,5.0,0.0
令和8,港北区,ララランド大倉山,3歳,2.5,0.5
令和8,港北区,ララランド大倉山,4歳,5.0,0.0
令和8,港北区,ララランド大倉山,5歳,1.25,0.75
令和8,港北区,リトルスカラー妙蓮寺保育園,0歳,1.666666666666667,0.6666666666666666
令和8,港北区,リトルスカラー妙蓮寺保育園,1歳,3.5294117647058822,0.29411764705882354
令和8,港北区,リトルスカラー妙蓮寺保育園,2歳,5.0,0.0
令和8,港北区,リトルスカラー妙蓮寺保育園,3歳,0.41666666666666685,0.9166666666666666
令和8,港北区,リトルスカラー妙蓮寺保育園,4歳,0.8333333333333331,0.8333333333333334
令和8,港北区,リトルスカラー妙蓮寺保育園,5歳,0.9999999999999998,0.8
令和8,港北区,リトルスカラー綱島保育園,0歳,1.25,0.75
令和8,港北区,リトルスカラー綱島保育園,1歳,0.9999999999999998,0.8
令和8,港北区,リトルスカラー綱島保育園,2歳,5.0,0.0
令和8,港北区,リトルスカラー綱島保育園,3歳,5.0,0.0
令和8,港北区,リトルスカラー綱島保育園,4歳,5.0,0.0
令和8,港北区,リトルスカラー綱島保育園,5歳,5.0,0.0
令和8,港北区,ルリ保育園日吉,0歳,5.0,0.0
令和8,港北区,ルリ保育園日吉,1歳,5.0,0.0
令和8,港北区,ルリ保育園日吉,2歳,2.5,0.5
令和8,港北区,ルリ保育園日吉,3歳,5.0,0.0
令和8,港北区,ルリ保育園日吉,4歳,5.0,0.0
令和8,港北区,ルリ保育園日吉,5歳,5.0,0.0
令和8,港北区,ローズ保育園,0歳,5.0,0.0
令和8,港北区,ローズ保育園,1歳,1.25,0.75
令和8,港北区,ローズ保育園,2歳,1.666666666666667,0.6666666666666666
令和8,港北区,ローズ保育園,3歳,5.0,0.0
令和8,港北区,ローズ保育園,4歳,5.0,0.0
令和8,港北区,ローズ保育園,5歳,5.0,0.0
令和8,港北区,下田みんなの保育園,0歳,5.0,0.0
令和8,港北区,下田みんなの保育園,1歳,5.0,0.0
令和8,港北区,下田みんなの保育園,2歳,5.0,0.0
令和8,港北区,下田みんなの保育園,3歳,1.666666666666667,0.6666666666666666
令和8,港北区,下田みんなの保育園,4歳,2.5,0.5
令和8,港北区,下田みんなの保育園,5歳,5.0,0.0
令和8,港北区,佐藤保育室,0歳,2.5,0.5
令和8,港北区,佐藤保育室,1歳,5.0,0.0
令和8,港北区,佐藤保育室,2歳,5.0,0.0
令和8,港北区,佐藤保育室,3歳,5.0,0.0
令和8,港北区,佐藤保育室,4歳,5.0,0.0
令和8,港北区,佐藤保育室,5歳,5.0,0.0
令和8,港北区,保育室テックテックROOM,0歳,5.0,0.0
令和8,港北区,保育室テックテックROOM,1歳,1.25,0.75
令和8,港北区,保育室テックテックROOM,2歳,2.5,0.5
令和8,港北区,保育室テックテックROOM,3歳,5.0,0.0
令和8,港北区,保育室テックテックROOM,4歳,5.0,0.0
令和8,港北区,保育室テックテックROOM,5歳,5.0,0.0
令和8,港北区,保育室プリンプリンROOM,0歳,5.0,0.0
令和8,港北区,保育室プリンプリンROOM,1歳,5.0,0.0
令和8,港北区,保育室プリンプリンROOM,2歳,5.0,0.0
令和8,港北区,保育室プリンプリンROOM,3歳,5.0,0.0
令和8,港北区,保育室プリンプリンROOM,4歳,5.0,0.0
令和8,港北区,保育室プリンプリンROOM,5歳,0.8333333333333331,0.8333333333333334
令和8,港北区,光の園アンティー保育園,0歳,2.872340425531915,0.425531914893617
令和8,港北区,光の園アンティー保育園,1歳,5.0,0.0
令和8,港北区,光の園アンティー保育園,2歳,5.0,0.0
令和8,港北区,光の園アンティー保育園,3歳,3.1481481481481484,0.37037037037037035
令和8,港北区,光の園アンティー保育園,4歳,2.5,0.5
令和8,港北区,光の園アンティー保育園,5歳,5.0,0.0
令和8,港北区,光の園保育園,0歳,3.958333333333333,0.20833333333333334
令和8,港北区,光の園保育園,1歳,5.0,0.0
令和8,港北区,光の園保育園,2歳,5.0,0.0
令和8,港北区,光の園保育園,3歳,5.0,0.0
令和8,港北区,光の園保育園,4歳,5.0,0.0
令和8,港北区,光の園保育園,5歳,5.0,0.0
令和8,港北区,光の園第二保育園,0歳,5.0,0.0
令和8,港北区,光の園第二保育園,1歳,5.0,0.0
令和8,港北区,光の園第二保育園,2歳,5.0,0.0
令和8,港北区,光の園第二保育園,3歳,5.0,0.0
令和8,港北区,光の園第二保育園,4歳,5.0,0.0
令和8,港北区,光の園第二保育園,5歳,5.0,0.0
令和8,港北区,大倉山きずな保育園,0歳,5.0,0.0
令和8,港北区,大倉山きずな保育園,1歳,5.0,0.0
令和8,港北区,大倉山きずな保育園,2歳,5.0,0.0
令和8,港北区,大倉山きずな保育園,3歳,5.0,0.0
令和8,港北区,大倉山きずな保育園,4歳,5.0,0.0
令和8,港北区,大倉山きずな保育園,5歳,5.0,0.0
令和8,港北区,大倉山保育園,0歳,5.0,0.0
令和8,港北区,大倉山保育園,1歳,5.0,0.0
令和8,港北区,大倉山保育園,2歳,5.0,0.0
令和8,港北区,大倉山保育園,3歳,1.666666666666667,0.6666666666666666
令和8,港北区,大倉山保育園,4歳,5.0,0.0
令和8,港北区,大倉山保育園,5歳,5.0,0.0
令和8,港北区,大倉山元気の泉保育園,0歳,5.0,0.0
令和8,港北区,大倉山元気の泉保育園,1歳,2.872340425531915,0.425531914893617
令和8,港北区,大倉山元気の泉保育園,2歳,2.5,0.5
令和8,港北区,大倉山元気の泉保育園,3歳,5.0,0.0
令和8,港北区,大倉山元気の泉保育園,4歳,5.0,0.0
令和8,港北区,大倉山元気の泉保育園,5歳,2.5,0.5
令和8,港北区,大曽根コスモス保育園,0歳,1.666666666666667,0.6666666666666666
令和8,港北区,大曽根コスモス保育園,1歳,5.0,0.0
令和8,港北区,大曽根コスモス保育園,2歳,5.0,0.0
令和8,港北区,大曽根コスモス保育園,3歳,0.8333333333333331,0.8333333333333334
令和8,港北区,大曽根コスモス保育園,4歳,2.5,0.5
令和8,港北区,大曽根コスモス保育園,5歳,5.0,0.0
令和8,港北区,大豆戸どろんこ保育園,0歳,5.0,0.0
令和8,港北区,大豆戸どろんこ保育園,1歳,5.0,0.0
令和8,港北区,大豆戸どろんこ保育園,2歳,5.0,0.0
令和8,港北区,大豆戸どろんこ保育園,3歳,5.0,0.0
令和8,港北区,大豆戸どろんこ保育園,4歳,5.0,0.0
令和8,港北区,大豆戸どろんこ保育園,5歳,5.0,0.0
令和8,港北区,天才キッズクラブ楽学館大倉山園,0歳,1.666666666666667,0.6666666666666666
令和8,港北区,天才キッズクラブ楽学館大倉山園,1歳,5.0,0.0
令和8,港北区,天才キッズクラブ楽学館大倉山園,2歳,5.0,0.0
令和8,港北区,天才キッズクラブ楽学館大倉山園,3歳,5.0,0.0
令和8,港北区,天才キッズクラブ楽学館大倉山園,4歳,5.0,0.0
令和8,港北区,天才キッズクラブ楽学館大倉山園,5歳,2.5,0.5
令和8,港北区,太陽の子　日吉保育園,0歳,5.0,0.0
令和8,港北区,太陽の子　日吉保育園,1歳,5.0,0.0
令和8,港北区,太陽の子　日吉保育園,2歳,5.0,0.0
令和8,港北区,太陽の子　日吉保育園,3歳,1.666666666666667,0.6666666666666666
令和8,港北区,太陽の子　日吉保育園,4歳,5.0,0.0
令和8,港北区,太陽の子　日吉保育園,5歳,2.5,0.5
令和8,港北区,小学館アカデミーつなしま保育園,0歳,5.0,0.0
令和8,港北区,小学館アカデミーつなしま保育園,1歳,5.0,0.0
令和8,港北区,小学館アカデミーつなしま保育園,2歳,5.0,0.0
令和8,港北区,小学館アカデミーつなしま保育園,3歳,5.0,0.0
令和8,港北区,小学館アカデミーつなしま保育園,4歳,2.5,0.5
令和8,港北区,小学館アカデミーつなしま保育園,5歳,0.9999999999999998,0.8
令和8,港北区,小学館アカデミーひよし保育園,0歳,5.0,0.0
令和8,港北区,小学館アカデミーひよし保育園,1歳,5.0,0.0
令和8,港北区,小学館アカデミーひよし保育園,2歳,5.0,0.0
令和8,港北区,小学館アカデミーひよし保育園,3歳,5.0,0.0
令和8,港北区,小学館アカデミーひよし保育園,4歳,0.9999999999999998,0.8
令和8,港北区,小学館アカデミーひよし保育園,5歳,5.0,0.0
令和8,港北区,小机かなで保育園,0歳,5.0,0.0
令和8,港北区,小机かなで保育園,1歳,5.0,0.0
令和8,港北区,小机かなで保育園,2歳,5.0,0.0
令和8,港北区,小机かなで保育園,3歳,5.0,0.0
令和8,港北区,小机かなで保育園,4歳,5.0,0.0
令和8,港北区,小机かなで保育園,5歳,5.0,0.0
令和8,港北区,小規模保育事業ＭＩＲＡｉｏ新横浜,0歳,1.25,0.75
令和8,港北区,小規模保育事業ＭＩＲＡｉｏ新横浜,1歳,5.0,0.0
令和8,港北区,小規模保育事業ＭＩＲＡｉｏ新横浜,2歳,5.0,0.0
令和8,港北区,小規模保育事業ＭＩＲＡｉｏ新横浜,3歳,5.0,0.0
令和8,港北区,小規模保育事業ＭＩＲＡｉｏ新横浜,4歳,5.0,0.0
令和8,港北区,小規模保育事業ＭＩＲＡｉｏ新横浜,5歳,5.0,0.0
令和8,港北区,尚花ぞうさん保育室,0歳,5.0,0.0
令和8,港北区,尚花ぞうさん保育室,1歳,5.0,0.0
令和8,港北区,尚花ぞうさん保育室,2歳,5.0,0.0
令和8,港北区,尚花ぞうさん保育室,3歳,5.0,0.0
令和8,港北区,尚花ぞうさん保育室,4歳,5.0,0.0
令和8,港北区,尚花ぞうさん保育室,5歳,5.0,0.0
令和8,港北区,尚花愛児園,0歳,5.0,0.0
令和8,港北区,尚花愛児園,1歳,5.0,0.0
令和8,港北区,尚花愛児園,2歳,5.0,0.0
令和8,港北区,尚花愛児園,3歳,5.0,0.0
令和8,港北区,尚花愛児園,4歳,1.666666666666667,0.6666666666666666
令和8,港北区,尚花愛児園,5歳,1.666666666666667,0.6666666666666666
令和8,港北区,岩崎学園新横浜保育園,0歳,5.0,0.0
令和8,港北区,岩崎学園新横浜保育園,1歳,5.0,0.0
令和8,港北区,岩崎学園新横浜保育園,2歳,3.360655737704918,0.3278688524590164
令和8,港北区,岩崎学園新横浜保育園,3歳,5.0,0.0
令和8,港北区,岩崎学園新横浜保育園,4歳,3.1481481481481484,0.37037037037037035
令和8,港北区,岩崎学園新横浜保育園,5歳,1.666666666666667,0.6666666666666666
令和8,港北区,岩崎学園新横浜第二保育園,0歳,5.0,0.0
令和8,港北区,岩崎学園新横浜第二保育園,1歳,5.0,0.0
令和8,港北区,岩崎学園新横浜第二保育園,2歳,5.0,0.0
令和8,港北区,岩崎学園新横浜第二保育園,3歳,2.5,0.5
令和8,港北区,岩崎学園新横浜第二保育園,4歳,1.666666666666667,0.6666666666666666
令和8,港北区,岩崎学園新横浜第二保育園,5歳,1.666666666666667,0.6666666666666666
令和8,港北区,新横浜めぶき保育園,0歳,5.0,0.0
令和8,港北区,新横浜めぶき保育園,1歳,5.0,0.0
令和8,港北区,新横浜めぶき保育園,2歳,0.7142857142857145,0.8571428571428571
令和8,港北区,新横浜めぶき保育園,3歳,5.0,0.0
令和8,港北区,新横浜めぶき保育園,4歳,5.0,0.0
令和8,港北区,新横浜めぶき保育園,5歳,5.0,0.0
令和8,港北区,新羽どろんこ保育園,0歳,5.0,0.0
令和8,港北区,新羽どろんこ保育園,1歳,5.0,0.0
令和8,港北区,新羽どろんこ保育園,2歳,5.0,0.0
令和8,港北区,新羽どろんこ保育園,3歳,5.0,0.0
令和8,港北区,新羽どろんこ保育園,4歳,5.0,0.0
令和8,港北区,新羽どろんこ保育園,5歳,5.0,0.0
令和8,港北区,日吉ちとせ保育園,0歳,5.0,0.0
令和8,港北区,日吉ちとせ保育園,1歳,5.0,0.0
令和8,港北区,日吉ちとせ保育園,2歳,5.0,0.0
令和8,港北区,日吉ちとせ保育園,3歳,5.0,0.0
令和8,港北区,日吉ちとせ保育園,4歳,5.0,0.0
令和8,港北区,日吉ちとせ保育園,5歳,5.0,0.0
令和8,港北区,日吉みんなの保育園,0歳,5.0,0.0
令和8,港北区,日吉みんなの保育園,1歳,5.0,0.0
令和8,港北区,日吉みんなの保育園,2歳,5.0,0.0
令和8,港北区,日吉みんなの保育園,3歳,5.0,0.0
令和8,港北区,日吉みんなの保育園,4歳,2.5,0.5
令和8,港北区,日吉みんなの保育園,5歳,1.666666666666667,0.6666666666666666
令和8,港北区,日吉チューリップルーム,0歳,1.25,0.75
令和8,港北区,日吉チューリップルーム,1歳,2.5,0.5
令和8,港北区,日吉チューリップルーム,2歳,2.5,0.5
令和8,港北区,日吉チューリップルーム,3歳,5.0,0.0
令和8,港北区,日吉チューリップルーム,4歳,5.0,0.0
令和8,港北区,日吉チューリップルーム,5歳,5.0,0.0
令和8,港北区,日吉夢保育園,0歳,5.0,0.0
令和8,港北区,日吉夢保育園,1歳,3.1481481481481484,0.37037037037037035
令和8,港北区,日吉夢保育園,2歳,5.0,0.0
令和8,港北区,日吉夢保育園,3歳,5.0,0.0
令和8,港北区,日吉夢保育園,4歳,5.0,0.0
令和8,港北区,日吉夢保育園,5歳,5.0,0.0
令和8,港北区,日吉箕輪えほんの森保育園,0歳,5.0,0.0
令和8,港北区,日吉箕輪えほんの森保育園,1歳,5.0,0.0
令和8,港北区,日吉箕輪えほんの森保育園,2歳,2.5,0.5
令和8,港北区,日吉箕輪えほんの森保育園,3歳,0.7142857142857145,0.8571428571428571
令和8,港北区,日吉箕輪えほんの森保育園,4歳,0.625,0.875
令和8,港北区,日吉箕輪えほんの森保育園,5歳,0.9999999999999998,0.8
令和8,港北区,明日葉保育園大倉山園,0歳,5.0,0.0
令和8,港北区,明日葉保育園大倉山園,1歳,5.0,0.0
令和8,港北区,明日葉保育園大倉山園,2歳,2.5,0.5
令和8,港北区,明日葉保育園大倉山園,3歳,2.5,0.5
令和8,港北区,明日葉保育園大倉山園,4歳,2.5,0.5
令和8,港北区,明日葉保育園大倉山園,5歳,2.5,0.5
令和8,港北区,明日葉保育園綱島園,0歳,5.0,0.0
令和8,港北区,明日葉保育園綱島園,1歳,5.0,0.0
令和8,港北区,明日葉保育園綱島園,2歳,5.0,0.0
令和8,港北区,明日葉保育園綱島園,3歳,2.5,0.5
令和8,港北区,明日葉保育園綱島園,4歳,5.0,0.0
令和8,港北区,明日葉保育園綱島園,5歳,2.5,0.5
令和8,港北区,木下の保育園　綱島東,0歳,5.0,0.0
令和8,港北区,木下の保育園　綱島東,1歳,5.0,0.0
令和8,港北区,木下の保育園　綱島東,2歳,5.0,0.0
令和8,港北区,木下の保育園　綱島東,3歳,2.5,0.5
令和8,港北区,木下の保育園　綱島東,4歳,1.666666666666667,0.6666666666666666
令和8,港北区,木下の保育園　綱島東,5歳,1.666666666666667,0.6666666666666666
令和8,港北区,木下の保育園日吉,0歳,5.0,0.0
令和8,港北区,木下の保育園日吉,1歳,5.0,0.0
令和8,港北区,木下の保育園日吉,2歳,2.5,0.5
令和8,港北区,木下の保育園日吉,3歳,5.0,0.0
令和8,港北区,木下の保育園日吉,4歳,2.5,0.5
令和8,港北区,木下の保育園日吉,5歳,2.5,0.5
令和8,港北区,森のエルマー保育園,0歳,5.0,0.0
令和8,港北区,森のエルマー保育園,1歳,5.0,0.0
令和8,港北区,森のエルマー保育園,2歳,5.0,0.0
令和8,港北区,森のエルマー保育園,3歳,5.0,0.0
令和8,港北区,森のエルマー保育園,4歳,5.0,0.0
令和8,港北区,森のエルマー保育園,5歳,5.0,0.0
令和8,港北区,森の樹保育園,0歳,5.0,0.0
令和8,港北区,森の樹保育園,1歳,5.0,0.0
令和8,港北区,森の樹保育園,2歳,5.0,0.0
令和8,港北区,森の樹保育園,3歳,2.297297297297298,0.5405405405405405
令和8,港北区,森の樹保育園,4歳,2.5,0.5
令和8,港北区,森の樹保育園,5歳,5.0,0.0
令和8,港北区,横浜りとるぱんぷきんず(保育所部分),0歳,5.0,0.0
令和8,港北区,横浜りとるぱんぷきんず(保育所部分),1歳,5.0,0.0
令和8,港北区,横浜りとるぱんぷきんず(保育所部分),2歳,5.0,0.0
令和8,港北区,横浜りとるぱんぷきんず(保育所部分),3歳,5.0,0.0
令和8,港北区,横浜りとるぱんぷきんず(保育所部分),4歳,5.0,0.0
令和8,港北区,横浜りとるぱんぷきんず(保育所部分),5歳,5.0,0.0
令和8,港北区,横浜市南日吉保育園,0歳,5.0,0.0
令和8,港北区,横浜市南日吉保育園,1歳,5.0,0.0
令和8,港北区,横浜市南日吉保育園,2歳,5.0,0.0
令和8,港北区,横浜市南日吉保育園,3歳,5.0,0.0
令和8,港北区,横浜市南日吉保育園,4歳,1.25,0.75
令和8,港北区,横浜市南日吉保育園,5歳,1.666666666666667,0.6666666666666666
令和8,港北区,横浜市大曽根保育園,0歳,5.0,0.0
令和8,港北区,横浜市大曽根保育園,1歳,5.0,0.0
令和8,港北区,横浜市大曽根保育園,2歳,2.5,0.5
令和8,港北区,横浜市大曽根保育園,3歳,2.5,0.5
令和8,港北区,横浜市大曽根保育園,4歳,2.5,0.5
令和8,港北区,横浜市大曽根保育園,5歳,0.7142857142857145,0.8571428571428571
令和8,港北区,横浜市太尾保育園,0歳,5.0,0.0
令和8,港北区,横浜市太尾保育園,1歳,5.0,0.0
令和8,港北区,横浜市太尾保育園,2歳,5.0,0.0
令和8,港北区,横浜市太尾保育園,3歳,5.0,0.0
令和8,港北区,横浜市太尾保育園,4歳,5.0,0.0
令和8,港北区,横浜市太尾保育園,5歳,5.0,0.0
令和8,港北区,横浜市港北保育園,0歳,5.0,0.0
令和8,港北区,横浜市港北保育園,1歳,5.0,0.0
令和8,港北区,横浜市港北保育園,2歳,5.0,0.0
令和8,港北区,横浜市港北保育園,3歳,1.25,0.75
令和8,港北区,横浜市港北保育園,4歳,0.7142857142857145,0.8571428571428571
令和8,港北区,横浜市港北保育園,5歳,1.25,0.75
令和8,港北区,横浜市菊名保育園,0歳,5.0,0.0
令和8,港北区,横浜市菊名保育園,1歳,5.0,0.0
令和8,港北区,横浜市菊名保育園,2歳,1.25,0.75
令和8,港北区,横浜市菊名保育園,3歳,2.0149253731343286,0.5970149253731343
令和8,港北区,横浜市菊名保育園,4歳,1.25,0.75
令和8,港北区,横浜市菊名保育園,5歳,2.5,0.5
令和8,港北区,港北こども園,0歳,1.666666666666667,0.6666666666666666
令和8,港北区,港北こども園,1歳,5.0,0.0
令和8,港北区,港北こども園,2歳,5.0,0.0
令和8,港北区,港北こども園,3歳,5.0,0.0
令和8,港北区,港北こども園,4歳,5.0,0.0
令和8,港北区,港北こども園,5歳,5.0,0.0
令和8,港北区,港北コスモス保育園,0歳,5.0,0.0
令和8,港北区,港北コスモス保育園,1歳,5.0,0.0
令和8,港北区,港北コスモス保育園,2歳,2.872340425531915,0.425531914893617
令和8,港北区,港北コスモス保育園,3歳,1.25,0.75
令和8,港北区,港北コスモス保育園,4歳,5.0,0.0
令和8,港北区,港北コスモス保育園,5歳,2.5,0.5
令和8,港北区,第二尚花愛児園,0歳,5.0,0.0
令和8,港北区,第二尚花愛児園,1歳,5.0,0.0
令和8,港北区,第二尚花愛児園,2歳,5.0,0.0
令和8,港北区,第二尚花愛児園,3歳,5.0,0.0
令和8,港北区,第二尚花愛児園,4歳,5.0,0.0
令和8,港北区,第二尚花愛児園,5歳,5.0,0.0
令和8,港北区,第二福澤保育センター,0歳,5.0,0.0
令和8,港北区,第二福澤保育センター,1歳,5.0,0.0
令和8,港北区,第二福澤保育センター,2歳,2.5,0.5
令和8,港北区,第二福澤保育センター,3歳,5.0,0.0
令和8,港北区,第二福澤保育センター,4歳,2.5,0.5
令和8,港北区,第二福澤保育センター,5歳,5.0,0.0
令和8,港北区,聖保育園,0歳,1.25,0.75
令和8,港北区,聖保育園,1歳,5.0,0.0
令和8,港北区,聖保育園,2歳,0.8333333333333331,0.8333333333333334
令和8,港北区,聖保育園,3歳,0.9999999999999998,0.8
令和8,港北区,聖保育園,4歳,0.9999999999999998,0.8
令和8,港北区,聖保育園,5歳,1.25,0.75
令和8,港北区,聖保育園第二,0歳,5.0,0.0
令和8,港北区,聖保育園第二,1歳,5.0,0.0
令和8,港北区,聖保育園第二,2歳,5.0,0.0
令和8,港北区,聖保育園第二,3歳,1.666666666666667,0.6666666666666666
令和8,港北区,聖保育園第二,4歳,5.0,0.0
令和8,港北区,聖保育園第二,5歳,1.666666666666667,0.6666666666666666
令和8,港北区,聖愛クロス保育園　きくな,0歳,5.0,0.0
令和8,港北区,聖愛クロス保育園　きくな,1歳,5.0,0.0
令和8,港北区,聖愛クロス保育園　きくな,2歳,5.0,0.0
令和8,港北区,聖愛クロス保育園　きくな,3歳,5.0,0.0
令和8,港北区,聖愛クロス保育園　きくな,4歳,5.0,0.0
令和8,港北区,聖愛クロス保育園　きくな,5歳,5.0,0.0
令和8,港北区,菊名愛児園,0歳,5.0,0.0
令和8,港北区,菊名愛児園,1歳,5.0,0.0
令和8,港北区,菊名愛児園,2歳,5.0,0.0
令和8,港北区,菊名愛児園,3歳,2.5,0.5
令和8,港北区,菊名愛児園,4歳,5.0,0.0
令和8,港北区,菊名愛児園,5歳,5.0,0.0
令和8,港北区,認定こども園しのはら幼稚園（保育所部分）,0歳,5.0,0.0
令和8,港北区,認定こども園しのはら幼稚園（保育所部分）,1歳,5.0,0.0
令和8,港北区,認定こども園しのはら幼稚園（保育所部分）,2歳,5.0,0.0
令和8,港北区,認定こども園しのはら幼稚園（保育所部分）,3歳,5.0,0.0
令和8,港北区,認定こども園しのはら幼稚園（保育所部分）,4歳,5.0,0.0
令和8,港北区,認定こども園しのはら幼稚園（保育所部分）,5歳,5.0,0.0
令和8,港北区,認定こども園岸根こども園（保育所部分）,0歳,5.0,0.0
令和8,港北区,認定こども園岸根こども園（保育所部分）,1歳,5.0,0.0
令和8,港北区,認定こども園岸根こども園（保育所部分）,2歳,0.9183673469387754,0.8163265306122449
令和8,港北区,認定こども園岸根こども園（保育所部分）,3歳,2.5,0.5
令和8,港北区,認定こども園岸根こども園（保育所部分）,4歳,5.0,0.0
令和8,港北区,認定こども園岸根こども園（保育所部分）,5歳,2.5,0.5
令和8,港北区,認定こども園新羽幼稚園（保育所部分）,0歳,5.0,0.0
令和8,港北区,認定こども園新羽幼稚園（保育所部分）,1歳,5.0,0.0
令和8,港北区,認定こども園新羽幼稚園（保育所部分）,2歳,5.0,0.0
令和8,港北区,認定こども園新羽幼稚園（保育所部分）,3歳,5.0,0.0
令和8,港北区,認定こども園新羽幼稚園（保育所部分）,4歳,5.0,0.0
令和8,港北区,認定こども園新羽幼稚園（保育所部分）,5歳,5.0,0.0
令和8,港北区,認定こども園高木学園附属幼稚園（保育所部分）,0歳,5.0,0.0
令和8,港北区,認定こども園高木学園附属幼稚園（保育所部分）,1歳,5.0,0.0
令和8,港北区,認定こども園高木学園附属幼稚園（保育所部分）,2歳,5.0,0.0
令和8,港北区,認定こども園高木学園附属幼稚園（保育所部分）,3歳,2.5,0.5
令和8,港北区,認定こども園高木学園附属幼稚園（保育所部分）,4歳,5.0,0.0
令和8,港北区,認定こども園高木学園附属幼稚園（保育所部分）,5歳,2.5,0.5
令和8,港北区,Ｌｕｃｅ陽だまりの家保育園,0歳,1.666666666666667,0.6666666666666666
令和8,港北区,Ｌｕｃｅ陽だまりの家保育園,1歳,5.0,0.0
令和8,港北区,Ｌｕｃｅ陽だまりの家保育園,2歳,5.0,0.0
令和8,港北区,Ｌｕｃｅ陽だまりの家保育園,3歳,5.0,0.0
令和8,港北区,Ｌｕｃｅ陽だまりの家保育園,4歳,5.0,0.0
令和8,港北区,Ｌｕｃｅ陽だまりの家保育園,5歳,5.0,0.0
令和8,港北区,Ｌｕｃｅ陽だまりの家保育園綱島,0歳,1.666666666666667,0.6666666666666666
令和8,港北区,Ｌｕｃｅ陽だまりの家保育園綱島,1歳,0.8333333333333331,0.8333333333333334
令和8,港北区,Ｌｕｃｅ陽だまりの家保育園綱島,2歳,2.5,0.5
令和8,港北区,Ｌｕｃｅ陽だまりの家保育園綱島,3歳,5.0,0.0
令和8,港北区,Ｌｕｃｅ陽だまりの家保育園綱島,4歳,5.0,0.0
令和8,港北区,Ｌｕｃｅ陽だまりの家保育園綱島,5歳,5.0,0.0
令和8,港南区,こどもっと保育園,0歳,2.5,0.5
令和8,港南区,こどもっと保育園,1歳,5.0,0.0
令和8,港南区,こどもっと保育園,2歳,5.0,0.0
令和8,港南区,こどもっと保育園,3歳,5.0,0.0
令和8,港南区,こどもっと保育園,4歳,5.0,0.0
令和8,港南区,こどもっと保育園,5歳,5.0,0.0
令和8,港南区,ちゅーりっぷキッズ,0歳,5.0,0.0
令和8,港南区,ちゅーりっぷキッズ,1歳,2.5,0.5
令和8,港南区,ちゅーりっぷキッズ,2歳,5.0,0.0
令和8,港南区,ちゅーりっぷキッズ,3歳,5.0,0.0
令和8,港南区,ちゅーりっぷキッズ,4歳,5.0,0.0
令和8,港南区,ちゅーりっぷキッズ,5歳,5.0,0.0
令和8,港南区,ちゅーりっぷハウス,0歳,5.0,0.0
令和8,港南区,ちゅーりっぷハウス,1歳,5.0,0.0
令和8,港南区,ちゅーりっぷハウス,2歳,5.0,0.0
令和8,港南区,ちゅーりっぷハウス,3歳,5.0,0.0
令和8,港南区,ちゅーりっぷハウス,4歳,5.0,0.0
令和8,港南区,ちゅーりっぷハウス,5歳,5.0,0.0
令和8,港南区,つくし保育園　上大岡,0歳,5.0,0.0
令和8,港南区,つくし保育園　上大岡,1歳,5.0,0.0
令和8,港南区,つくし保育園　上大岡,2歳,5.0,0.0
令和8,港南区,つくし保育園　上大岡,3歳,5.0,0.0
令和8,港南区,つくし保育園　上大岡,4歳,5.0,0.0
令和8,港南区,つくし保育園　上大岡,5歳,5.0,0.0
令和8,港南区,つばさ保育園,0歳,5.0,0.0
令和8,港南区,つばさ保育園,1歳,5.0,0.0
令和8,港南区,つばさ保育園,2歳,5.0,0.0
令和8,港南区,つばさ保育園,3歳,2.872340425531915,0.425531914893617
令和8,港南区,つばさ保育園,4歳,5.0,0.0
令和8,港南区,つばさ保育園,5歳,5.0,0.0
令和8,港南区,にじいろ保育園上大岡,0歳,5.0,0.0
令和8,港南区,にじいろ保育園上大岡,1歳,5.0,0.0
令和8,港南区,にじいろ保育園上大岡,2歳,5.0,0.0
令和8,港南区,にじいろ保育園上大岡,3歳,5.0,0.0
令和8,港南区,にじいろ保育園上大岡,4歳,5.0,0.0
令和8,港南区,にじいろ保育園上大岡,5歳,0.41666666666666685,0.9166666666666666
令和8,港南区,ぱぷりか保育園　上大岡,0歳,5.0,0.0
令和8,港南区,ぱぷりか保育園　上大岡,1歳,5.0,0.0
令和8,港南区,ぱぷりか保育園　上大岡,2歳,5.0,0.0
令和8,港南区,ぱぷりか保育園　上大岡,3歳,5.0,0.0
令和8,港南区,ぱぷりか保育園　上大岡,4歳,5.0,0.0
令和8,港南区,ぱぷりか保育園　上大岡,5歳,5.0,0.0
令和8,港南区,みなみひの保育園,0歳,2.5,0.5
令和8,港南区,みなみひの保育園,1歳,5.0,0.0
令和8,港南区,みなみひの保育園,2歳,5.0,0.0
令和8,港南区,みなみひの保育園,3歳,5.0,0.0
令和8,港南区,みなみひの保育園,4歳,5.0,0.0
令和8,港南区,みなみひの保育園,5歳,5.0,0.0
令和8,港南区,めぐみ保育園,0歳,5.0,0.0
令和8,港南区,めぐみ保育園,1歳,5.0,0.0
令和8,港南区,めぐみ保育園,2歳,5.0,0.0
令和8,港南区,めぐみ保育園,3歳,5.0,0.0
令和8,港南区,めぐみ保育園,4歳,5.0,0.0
令和8,港南区,めぐみ保育園,5歳,5.0,0.0
令和8,港南区,アスクさいど保育園,0歳,5.0,0.0
令和8,港南区,アスクさいど保育園,1歳,5.0,0.0
令和8,港南区,アスクさいど保育園,2歳,5.0,0.0
令和8,港南区,アスクさいど保育園,3歳,3.666666666666667,0.26666666666666666
令和8,港南区,アスクさいど保育園,4歳,2.5,0.5
令和8,港南区,アスクさいど保育園,5歳,5.0,0.0
令和8,港南区,アスク上大岡保育園,0歳,5.0,0.0
令和8,港南区,アスク上大岡保育園,1歳,5.0,0.0
令和8,港南区,アスク上大岡保育園,2歳,5.0,0.0
令和8,港南区,アスク上大岡保育園,3歳,5.0,0.0
令和8,港南区,アスク上大岡保育園,4歳,5.0,0.0
令和8,港南区,アスク上大岡保育園,5歳,5.0,0.0
令和8,港南区,アスク港南中央保育園,0歳,0.9999999999999998,0.8
令和8,港南区,アスク港南中央保育園,1歳,5.0,0.0
令和8,港南区,アスク港南中央保育園,2歳,5.0,0.0
令和8,港南区,アスク港南中央保育園,3歳,5.0,0.0
令和8,港南区,アスク港南中央保育園,4歳,5.0,0.0
令和8,港南区,アスク港南中央保育園,5歳,5.0,0.0
令和8,港南区,オハナ上永谷保育園,0歳,5.0,0.0
令和8,港南区,オハナ上永谷保育園,1歳,5.0,0.0
令和8,港南区,オハナ上永谷保育園,2歳,5.0,0.0
令和8,港南区,オハナ上永谷保育園,3歳,2.5,0.5
令和8,港南区,オハナ上永谷保育園,4歳,5.0,0.0
令和8,港南区,オハナ上永谷保育園,5歳,5.0,0.0
令和8,港南区,キッズアミ,0歳,5.0,0.0
令和8,港南区,キッズアミ,1歳,5.0,0.0
令和8,港南区,キッズアミ,2歳,1.25,0.75
令和8,港南区,キッズアミ,3歳,5.0,0.0
令和8,港南区,キッズアミ,4歳,5.0,0.0
令和8,港南区,キッズアミ,5歳,5.0,0.0
令和8,港南区,キッズガーデン横浜最戸,0歳,5.0,0.0
令和8,港南区,キッズガーデン横浜最戸,1歳,5.0,0.0
令和8,港南区,キッズガーデン横浜最戸,2歳,5.0,0.0
令和8,港南区,キッズガーデン横浜最戸,3歳,5.0,0.0
令和8,港南区,キッズガーデン横浜最戸,4歳,5.0,0.0
令和8,港南区,キッズガーデン横浜最戸,5歳,5.0,0.0
令和8,港南区,クオリスキッズ上大岡西保育園,0歳,2.5,0.5
令和8,港南区,クオリスキッズ上大岡西保育園,1歳,2.5,0.5
令和8,港南区,クオリスキッズ上大岡西保育園,2歳,5.0,0.0
令和8,港南区,クオリスキッズ上大岡西保育園,3歳,5.0,0.0
令和8,港南区,クオリスキッズ上大岡西保育園,4歳,5.0,0.0
令和8,港南区,クオリスキッズ上大岡西保育園,5歳,5.0,0.0
令和8,港南区,クオリスキッズ上大岡駅前保育園,0歳,2.872340425531915,0.425531914893617
令和8,港南区,クオリスキッズ上大岡駅前保育園,1歳,5.0,0.0
令和8,港南区,クオリスキッズ上大岡駅前保育園,2歳,5.0,0.0
令和8,港南区,クオリスキッズ上大岡駅前保育園,3歳,5.0,0.0
令和8,港南区,クオリスキッズ上大岡駅前保育園,4歳,5.0,0.0
令和8,港南区,クオリスキッズ上大岡駅前保育園,5歳,5.0,0.0
令和8,港南区,クオリスキッズ港南中央保育園,0歳,5.0,0.0
令和8,港南区,クオリスキッズ港南中央保育園,1歳,5.0,0.0
令和8,港南区,クオリスキッズ港南中央保育園,2歳,5.0,0.0
令和8,港南区,クオリスキッズ港南中央保育園,3歳,5.0,0.0
令和8,港南区,クオリスキッズ港南中央保育園,4歳,5.0,0.0
令和8,港南区,クオリスキッズ港南中央保育園,5歳,2.5,0.5
令和8,港南区,グローバルキッズ上大岡園,0歳,5.0,0.0
令和8,港南区,グローバルキッズ上大岡園,1歳,5.0,0.0
令和8,港南区,グローバルキッズ上大岡園,2歳,5.0,0.0
令和8,港南区,グローバルキッズ上大岡園,3歳,5.0,0.0
令和8,港南区,グローバルキッズ上大岡園,4歳,5.0,0.0
令和8,港南区,グローバルキッズ上大岡園,5歳,5.0,0.0
令和8,港南区,サイド・サン保育園,0歳,5.0,0.0
令和8,港南区,サイド・サン保育園,1歳,5.0,0.0
令和8,港南区,サイド・サン保育園,2歳,5.0,0.0
令和8,港南区,サイド・サン保育園,3歳,5.0,0.0
令和8,港南区,サイド・サン保育園,4歳,5.0,0.0
令和8,港南区,サイド・サン保育園,5歳,1.666666666666667,0.6666666666666666
令和8,港南区,スクルドエンジェル保育園上大岡園,0歳,5.0,0.0
令和8,港南区,スクルドエンジェル保育園上大岡園,1歳,2.5,0.5
令和8,港南区,スクルドエンジェル保育園上大岡園,2歳,5.0,0.0
令和8,港南区,スクルドエンジェル保育園上大岡園,3歳,5.0,0.0
令和8,港南区,スクルドエンジェル保育園上大岡園,4歳,5.0,0.0
令和8,港南区,スクルドエンジェル保育園上大岡園,5歳,5.0,0.0
令和8,港南区,チェリーガーデン保育園,0歳,5.0,0.0
令和8,港南区,チェリーガーデン保育園,1歳,5.0,0.0
令和8,港南区,チェリーガーデン保育園,2歳,5.0,0.0
令和8,港南区,チェリーガーデン保育園,3歳,2.0149253731343286,0.5970149253731343
令和8,港南区,チェリーガーデン保育園,4歳,5.0,0.0
令和8,港南区,チェリーガーデン保育園,5歳,5.0,0.0
令和8,港南区,ニコニコ保育園,0歳,1.666666666666667,0.6666666666666666
令和8,港南区,ニコニコ保育園,1歳,2.872340425531915,0.425531914893617
令和8,港南区,ニコニコ保育園,2歳,2.5,0.5
令和8,港南区,ニコニコ保育園,3歳,5.0,0.0
令和8,港南区,ニコニコ保育園,4歳,5.0,0.0
令和8,港南区,ニコニコ保育園,5歳,5.0,0.0
令和8,港南区,ハートフルキッズ港南台保育園,0歳,5.0,0.0
令和8,港南区,ハートフルキッズ港南台保育園,1歳,5.0,0.0
令和8,港南区,ハートフルキッズ港南台保育園,2歳,5.0,0.0
令和8,港南区,ハートフルキッズ港南台保育園,3歳,5.0,0.0
令和8,港南区,ハートフルキッズ港南台保育園,4歳,5.0,0.0
令和8,港南区,ハートフルキッズ港南台保育園,5歳,5.0,0.0
令和8,港南区,ベネッセ 上大岡保育園,0歳,5.0,0.0
令和8,港南区,ベネッセ 上大岡保育園,1歳,5.0,0.0
令和8,港南区,ベネッセ 上大岡保育園,2歳,5.0,0.0
令和8,港南区,ベネッセ 上大岡保育園,3歳,5.0,0.0
令和8,港南区,ベネッセ 上大岡保育園,4歳,5.0,0.0
令和8,港南区,ベネッセ 上大岡保育園,5歳,0.4545454545454547,0.9090909090909091
令和8,港南区,上大岡はるかぜ保育園,0歳,5.0,0.0
令和8,港南区,上大岡はるかぜ保育園,1歳,5.0,0.0
令和8,港南区,上大岡はるかぜ保育園,2歳,5.0,0.0
令和8,港南区,上大岡はるかぜ保育園,3歳,5.0,0.0
令和8,港南区,上大岡はるかぜ保育園,4歳,5.0,0.0
令和8,港南区,上大岡はるかぜ保育園,5歳,5.0,0.0
令和8,港南区,上大岡ゆう保育園,0歳,5.0,0.0
令和8,港南区,上大岡ゆう保育園,1歳,5.0,0.0
令和8,港南区,上大岡ゆう保育園,2歳,5.0,0.0
令和8,港南区,上大岡ゆう保育園,3歳,5.0,0.0
令和8,港南区,上大岡ゆう保育園,4歳,5.0,0.0
令和8,港南区,上大岡ゆう保育園,5歳,2.5,0.5
令和8,港南区,上大岡ラビット保育園ＴＷＩＮＳ,0歳,5.0,0.0
令和8,港南区,上大岡ラビット保育園ＴＷＩＮＳ,1歳,5.0,0.0
令和8,港南区,上大岡ラビット保育園ＴＷＩＮＳ,2歳,5.0,0.0
令和8,港南区,上大岡ラビット保育園ＴＷＩＮＳ,3歳,5.0,0.0
令和8,港南区,上大岡ラビット保育園ＴＷＩＮＳ,4歳,5.0,0.0
令和8,港南区,上大岡ラビット保育園ＴＷＩＮＳ,5歳,5.0,0.0
令和8,港南区,上永谷保育園,0歳,5.0,0.0
令和8,港南区,上永谷保育園,1歳,5.0,0.0
令和8,港南区,上永谷保育園,2歳,5.0,0.0
令和8,港南区,上永谷保育園,3歳,5.0,0.0
令和8,港南区,上永谷保育園,4歳,5.0,0.0
令和8,港南区,上永谷保育園,5歳,5.0,0.0
令和8,港南区,上永谷西保育園,0歳,5.0,0.0
令和8,港南区,上永谷西保育園,1歳,5.0,0.0
令和8,港南区,上永谷西保育園,2歳,5.0,0.0
令和8,港南区,上永谷西保育園,3歳,5.0,0.0
令和8,港南区,上永谷西保育園,4歳,5.0,0.0
令和8,港南区,上永谷西保育園,5歳,5.0,0.0
令和8,港南区,丸山台保育園,0歳,2.5,0.5
令和8,港南区,丸山台保育園,1歳,5.0,0.0
令和8,港南区,丸山台保育園,2歳,5.0,0.0
令和8,港南区,丸山台保育園,3歳,1.25,0.75
令和8,港南区,丸山台保育園,4歳,5.0,0.0
令和8,港南区,丸山台保育園,5歳,2.5,0.5
令和8,港南区,京急キッズランド上大岡保育園,0歳,5.0,0.0
令和8,港南区,京急キッズランド上大岡保育園,1歳,5.0,0.0
令和8,港南区,京急キッズランド上大岡保育園,2歳,5.0,0.0
令和8,港南区,京急キッズランド上大岡保育園,3歳,5.0,0.0
令和8,港南区,京急キッズランド上大岡保育園,4歳,5.0,0.0
令和8,港南区,京急キッズランド上大岡保育園,5歳,5.0,0.0
令和8,港南区,京急キッズランド上永谷保育園,0歳,3.1481481481481484,0.37037037037037035
令和8,港南区,京急キッズランド上永谷保育園,1歳,5.0,0.0
令和8,港南区,京急キッズランド上永谷保育園,2歳,5.0,0.0
令和8,港南区,京急キッズランド上永谷保育園,3歳,2.5,0.5
令和8,港南区,京急キッズランド上永谷保育園,4歳,5.0,0.0
令和8,港南区,京急キッズランド上永谷保育園,5歳,5.0,0.0
令和8,港南区,保育室アーモ,0歳,5.0,0.0
令和8,港南区,保育室アーモ,1歳,5.0,0.0
令和8,港南区,保育室アーモ,2歳,5.0,0.0
令和8,港南区,保育室アーモ,3歳,5.0,0.0
令和8,港南区,保育室アーモ,4歳,5.0,0.0
令和8,港南区,保育室アーモ,5歳,5.0,0.0
令和8,港南区,太陽の子　港南台保育園,0歳,5.0,0.0
令和8,港南区,太陽の子　港南台保育園,1歳,5.0,0.0
令和8,港南区,太陽の子　港南台保育園,2歳,5.0,0.0
令和8,港南区,太陽の子　港南台保育園,3歳,5.0,0.0
令和8,港南区,太陽の子　港南台保育園,4歳,5.0,0.0
令和8,港南区,太陽の子　港南台保育園,5歳,2.5,0.5
令和8,港南区,小学館アカデミーかみおおおか保育園,0歳,5.0,0.0
令和8,港南区,小学館アカデミーかみおおおか保育園,1歳,5.0,0.0
令和8,港南区,小学館アカデミーかみおおおか保育園,2歳,5.0,0.0
令和8,港南区,小学館アカデミーかみおおおか保育園,3歳,2.872340425531915,0.425531914893617
令和8,港南区,小学館アカデミーかみおおおか保育園,4歳,5.0,0.0
令和8,港南区,小学館アカデミーかみおおおか保育園,5歳,5.0,0.0
令和8,港南区,小学館アカデミーかみながや保育園,0歳,5.0,0.0
令和8,港南区,小学館アカデミーかみながや保育園,1歳,5.0,0.0
令和8,港南区,小学館アカデミーかみながや保育園,2歳,5.0,0.0
令和8,港南区,小学館アカデミーかみながや保育園,3歳,5.0,0.0
令和8,港南区,小学館アカデミーかみながや保育園,4歳,5.0,0.0
令和8,港南区,小学館アカデミーかみながや保育園,5歳,5.0,0.0
令和8,港南区,日野保育園,0歳,2.872340425531915,0.425531914893617
令和8,港南区,日野保育園,1歳,5.0,0.0
令和8,港南区,日野保育園,2歳,5.0,0.0
令和8,港南区,日野保育園,3歳,5.0,0.0
令和8,港南区,日野保育園,4歳,2.5,0.5
令和8,港南区,日野保育園,5歳,5.0,0.0
令和8,港南区,横浜こども保育園,0歳,5.0,0.0
令和8,港南区,横浜こども保育園,1歳,0.5555555555555558,0.8888888888888888
令和8,港南区,横浜こども保育園,2歳,3.1481481481481484,0.37037037037037035
令和8,港南区,横浜こども保育園,3歳,5.0,0.0
令和8,港南区,横浜こども保育園,4歳,5.0,0.0
令和8,港南区,横浜こども保育園,5歳,5.0,0.0
令和8,港南区,横浜大谷保育園,0歳,5.0,0.0
令和8,港南区,横浜大谷保育園,1歳,5.0,0.0
令和8,港南区,横浜大谷保育園,2歳,5.0,0.0
令和8,港南区,横浜大谷保育園,3歳,5.0,0.0
令和8,港南区,横浜大谷保育園,4歳,5.0,0.0
令和8,港南区,横浜大谷保育園,5歳,5.0,0.0
令和8,港南区,横浜市大久保保育園,0歳,5.0,0.0
令和8,港南区,横浜市大久保保育園,1歳,5.0,0.0
令和8,港南区,横浜市大久保保育園,2歳,5.0,0.0
令和8,港南区,横浜市大久保保育園,3歳,5.0,0.0
令和8,港南区,横浜市大久保保育園,4歳,1.25,0.75
令和8,港南区,横浜市大久保保育園,5歳,0.625,0.875
令和8,港南区,横浜市港南台第二保育園,0歳,5.0,0.0
令和8,港南区,横浜市港南台第二保育園,1歳,5.0,0.0
令和8,港南区,横浜市港南台第二保育園,2歳,5.0,0.0
令和8,港南区,横浜市港南台第二保育園,3歳,2.5,0.5
令和8,港南区,横浜市港南台第二保育園,4歳,5.0,0.0
令和8,港南区,横浜市港南台第二保育園,5歳,5.0,0.0
令和8,港南区,横浜市野庭第二保育園,0歳,0.9999999999999998,0.8
令和8,港南区,横浜市野庭第二保育園,1歳,5.0,0.0
令和8,港南区,横浜市野庭第二保育園,2歳,2.5,0.5
令和8,港南区,横浜市野庭第二保育園,3歳,1.25,0.75
令和8,港南区,横浜市野庭第二保育園,4歳,0.9999999999999998,0.8
令和8,港南区,横浜市野庭第二保育園,5歳,5.0,0.0
令和8,港南区,港南あひる保育園,0歳,5.0,0.0
令和8,港南区,港南あひる保育園,1歳,5.0,0.0
令和8,港南区,港南あひる保育園,2歳,5.0,0.0
令和8,港南区,港南あひる保育園,3歳,5.0,0.0
令和8,港南区,港南あひる保育園,4歳,5.0,0.0
令和8,港南区,港南あひる保育園,5歳,5.0,0.0
令和8,港南区,港南つくしんぼ保育園,0歳,5.0,0.0
令和8,港南区,港南つくしんぼ保育園,1歳,5.0,0.0
令和8,港南区,港南つくしんぼ保育園,2歳,3.5294117647058822,0.29411764705882354
令和8,港南区,港南つくしんぼ保育園,3歳,5.0,0.0
令和8,港南区,港南つくしんぼ保育園,4歳,5.0,0.0
令和8,港南区,港南つくしんぼ保育園,5歳,5.0,0.0
令和8,港南区,港南はるかぜ保育園,0歳,5.0,0.0
令和8,港南区,港南はるかぜ保育園,1歳,5.0,0.0
令和8,港南区,港南はるかぜ保育園,2歳,5.0,0.0
令和8,港南区,港南はるかぜ保育園,3歳,5.0,0.0
令和8,港南区,港南はるかぜ保育園,4歳,5.0,0.0
令和8,港南区,港南はるかぜ保育園,5歳,5.0,0.0
令和8,港南区,港南ひまわり保育園,0歳,5.0,0.0
令和8,港南区,港南ひまわり保育園,1歳,5.0,0.0
令和8,港南区,港南ひまわり保育園,2歳,5.0,0.0
令和8,港南区,港南ひまわり保育園,3歳,5.0,0.0
令和8,港南区,港南ひまわり保育園,4歳,5.0,0.0
令和8,港南区,港南ひまわり保育園,5歳,5.0,0.0
令和8,港南区,港南中央サンフラワー保育園,0歳,5.0,0.0
令和8,港南区,港南中央サンフラワー保育園,1歳,5.0,0.0
令和8,港南区,港南中央サンフラワー保育園,2歳,2.5,0.5
令和8,港南区,港南中央サンフラワー保育園,3歳,5.0,0.0
令和8,港南区,港南中央サンフラワー保育園,4歳,5.0,0.0
令和8,港南区,港南中央サンフラワー保育園,5歳,5.0,0.0
令和8,港南区,港南台きらきら保育園,0歳,5.0,0.0
令和8,港南区,港南台きらきら保育園,1歳,5.0,0.0
令和8,港南区,港南台きらきら保育園,2歳,5.0,0.0
令和8,港南区,港南台きらきら保育園,3歳,5.0,0.0
令和8,港南区,港南台きらきら保育園,4歳,5.0,0.0
令和8,港南区,港南台きらきら保育園,5歳,5.0,0.0
令和8,港南区,港南台つばさ保育園,0歳,5.0,0.0
令和8,港南区,港南台つばさ保育園,1歳,5.0,0.0
令和8,港南区,港南台つばさ保育園,2歳,5.0,0.0
令和8,港南区,港南台つばさ保育園,3歳,5.0,0.0
令和8,港南区,港南台つばさ保育園,4歳,5.0,0.0
令和8,港南区,港南台つばさ保育園,5歳,5.0,0.0
令和8,港南区,港南台保育センター,0歳,5.0,0.0
令和8,港南区,港南台保育センター,1歳,5.0,0.0
令和8,港南区,港南台保育センター,2歳,3.360655737704918,0.3278688524590164
令和8,港南区,港南台保育センター,3歳,5.0,0.0
令和8,港南区,港南台保育センター,4歳,5.0,0.0
令和8,港南区,港南台保育センター,5歳,5.0,0.0
令和8,港南区,港南台保育園,0歳,5.0,0.0
令和8,港南区,港南台保育園,1歳,5.0,0.0
令和8,港南区,港南台保育園,2歳,5.0,0.0
令和8,港南区,港南台保育園,3歳,5.0,0.0
令和8,港南区,港南台保育園,4歳,5.0,0.0
令和8,港南区,港南台保育園,5歳,5.0,0.0
令和8,港南区,白峰保育園,0歳,5.0,0.0
令和8,港南区,白峰保育園,1歳,5.0,0.0
令和8,港南区,白峰保育園,2歳,5.0,0.0
令和8,港南区,白峰保育園,3歳,5.0,0.0
令和8,港南区,白峰保育園,4歳,5.0,0.0
令和8,港南区,白峰保育園,5歳,5.0,0.0
令和8,港南区,笹下保育園,0歳,2.5,0.5
令和8,港南区,笹下保育園,1歳,5.0,0.0
令和8,港南区,笹下保育園,2歳,2.5,0.5
令和8,港南区,笹下保育園,3歳,1.666666666666667,0.6666666666666666
令和8,港南区,笹下保育園,4歳,2.5,0.5
令和8,港南区,笹下保育園,5歳,2.5,0.5
令和8,港南区,笹下南つくしんぼ保育園,0歳,1.25,0.75
令和8,港南区,笹下南つくしんぼ保育園,1歳,5.0,0.0
令和8,港南区,笹下南つくしんぼ保育園,2歳,5.0,0.0
令和8,港南区,笹下南つくしんぼ保育園,3歳,5.0,0.0
令和8,港南区,笹下南つくしんぼ保育園,4歳,1.666666666666667,0.6666666666666666
令和8,港南区,笹下南つくしんぼ保育園,5歳,0.9999999999999998,0.8
令和8,港南区,芹が谷ぴよっこ保育園,0歳,5.0,0.0
令和8,港南区,芹が谷ぴよっこ保育園,1歳,5.0,0.0
令和8,港南区,芹が谷ぴよっこ保育園,2歳,5.0,0.0
令和8,港南区,芹が谷ぴよっこ保育園,3歳,5.0,0.0
令和8,港南区,芹が谷ぴよっこ保育園,4歳,5.0,0.0
令和8,港南区,芹が谷ぴよっこ保育園,5歳,5.0,0.0
令和8,港南区,認定こども園　大谷幼稚園,0歳,5.0,0.0
令和8,港南区,認定こども園　大谷幼稚園,1歳,5.0,0.0
令和8,港南区,認定こども園　大谷幼稚園,2歳,5.0,0.0
令和8,港南区,認定こども園　大谷幼稚園,3歳,2.872340425531915,0.425531914893617
令和8,港南区,認定こども園　大谷幼稚園,4歳,0.8333333333333331,0.8333333333333334
令和8,港南区,認定こども園　大谷幼稚園,5歳,0.8333333333333331,0.8333333333333334
令和8,港南区,認定こども園　日野幼稚園,0歳,5.0,0.0
令和8,港南区,認定こども園　日野幼稚園,1歳,5.0,0.0
令和8,港南区,認定こども園　日野幼稚園,2歳,5.0,0.0
令和8,港南区,認定こども園　日野幼稚園,3歳,2.5,0.5
令和8,港南区,認定こども園　日野幼稚園,4歳,5.0,0.0
令和8,港南区,認定こども園　日野幼稚園,5歳,2.5,0.5
令和8,港南区,認定こども園　森が丘幼稚園,0歳,5.0,0.0
令和8,港南区,認定こども園　森が丘幼稚園,1歳,5.0,0.0
令和8,港南区,認定こども園　森が丘幼稚園,2歳,2.5,0.5
令和8,港南区,認定こども園　森が丘幼稚園,3歳,5.0,0.0
令和8,港南区,認定こども園　森が丘幼稚園,4歳,2.5,0.5
令和8,港南区,認定こども園　森が丘幼稚園,5歳,5.0,0.0
令和8,港南区,認定こども園　竹の子幼稚園,0歳,5.0,0.0
令和8,港南区,認定こども園　竹の子幼稚園,1歳,5.0,0.0
令和8,港南区,認定こども園　竹の子幼稚園,2歳,5.0,0.0
令和8,港南区,認定こども園　竹の子幼稚園,3歳,5.0,0.0
令和8,港南区,認定こども園　竹の子幼稚園,4歳,5.0,0.0
令和8,港南区,認定こども園　竹の子幼稚園,5歳,2.5,0.5
令和8,港南区,認定こども園　野庭聖佳幼稚園,0歳,5.0,0.0
令和8,港南区,認定こども園　野庭聖佳幼稚園,1歳,5.0,0.0
令和8,港南区,認定こども園　野庭聖佳幼稚園,2歳,5.0,0.0
令和8,港南区,認定こども園　野庭聖佳幼稚園,3歳,3.7804878048780486,0.24390243902439027
令和8,港南区,認定こども園　野庭聖佳幼稚園,4歳,5.0,0.0
令和8,港南区,認定こども園　野庭聖佳幼稚園,5歳,2.5,0.5
令和8,港南区,認定こども園ムロノキッズ　室の木幼稚園・プリスクール室の木,0歳,5.0,0.0
令和8,港南区,認定こども園ムロノキッズ　室の木幼稚園・プリスクール室の木,1歳,5.0,0.0
令和8,港南区,認定こども園ムロノキッズ　室の木幼稚園・プリスクール室の木,2歳,5.0,0.0
令和8,港南区,認定こども園ムロノキッズ　室の木幼稚園・プリスクール室の木,3歳,5.0,0.0
令和8,港南区,認定こども園ムロノキッズ　室の木幼稚園・プリスクール室の木,4歳,5.0,0.0
令和8,港南区,認定こども園ムロノキッズ　室の木幼稚園・プリスクール室の木,5歳,5.0,0.0
令和8,港南区,認定こども園関東学院のびのびのば園,0歳,5.0,0.0
令和8,港南区,認定こども園関東学院のびのびのば園,1歳,5.0,0.0
令和8,港南区,認定こども園関東学院のびのびのば園,2歳,5.0,0.0
令和8,港南区,認定こども園関東学院のびのびのば園,3歳,0.8333333333333331,0.8333333333333334
令和8,港南区,認定こども園関東学院のびのびのば園,4歳,5.0,0.0
令和8,港南区,認定こども園関東学院のびのびのば園,5歳,5.0,0.0
令和8,港南区,赤い屋根保育園,0歳,5.0,0.0
令和8,港南区,赤い屋根保育園,1歳,5.0,0.0
令和8,港南区,赤い屋根保育園,2歳,5.0,0.0
令和8,港南区,赤い屋根保育園,3歳,5.0,0.0
令和8,港南区,赤い屋根保育園,4歳,2.5,0.5
令和8,港南区,赤い屋根保育園,5歳,5.0,0.0
令和8,港南区,野庭保育園,0歳,2.872340425531915,0.425531914893617
令和8,港南区,野庭保育園,1歳,0.8333333333333331,0.8333333333333334
令和8,港南区,野庭保育園,2歳,0.8333333333333331,0.8333333333333334
令和8,港南区,野庭保育園,3歳,0.8333333333333331,0.8333333333333334
令和8,港南区,野庭保育園,4歳,5.0,0.0
令和8,港南区,野庭保育園,5歳,5.0,0.0
令和8,港南区,風の丘・上大岡東保育園,0歳,5.0,0.0
令和8,港南区,風の丘・上大岡東保育園,1歳,5.0,0.0
令和8,港南区,風の丘・上大岡東保育園,2歳,5.0,0.0
令和8,港南区,風の丘・上大岡東保育園,3歳,2.5,0.5
令和8,港南区,風の丘・上大岡東保育園,4歳,2.5,0.5
令和8,港南区,風の丘・上大岡東保育園,5歳,5.0,0.0
令和8,港南区,ＣＯＳＭＯＳ保育園,0歳,5.0,0.0
令和8,港南区,ＣＯＳＭＯＳ保育園,1歳,5.0,0.0
令和8,港南区,ＣＯＳＭＯＳ保育園,2歳,1.666666666666667,0.6666666666666666
令和8,港南区,ＣＯＳＭＯＳ保育園,3歳,2.5,0.5
令和8,港南区,ＣＯＳＭＯＳ保育園,4歳,5.0,0.0
令和8,港南区,ＣＯＳＭＯＳ保育園,5歳,5.0,0.0
令和8,港南区,Ｐｏｃｏ　ａ　Ｐｏｃｏ保育園,0歳,1.666666666666667,0.6666666666666666
令和8,港南区,Ｐｏｃｏ　ａ　Ｐｏｃｏ保育園,1歳,5.0,0.0
令和8,港南区,Ｐｏｃｏ　ａ　Ｐｏｃｏ保育園,2歳,5.0,0.0
令和8,港南区,Ｐｏｃｏ　ａ　Ｐｏｃｏ保育園,3歳,5.0,0.0
令和8,港南区,Ｐｏｃｏ　ａ　Ｐｏｃｏ保育園,4歳,5.0,0.0
令和8,港南区,Ｐｏｃｏ　ａ　Ｐｏｃｏ保育園,5歳,5.0,0.0
令和8,港南区,ＳＵＮはるかぜ保育園,0歳,5.0,0.0
令和8,港南区,ＳＵＮはるかぜ保育園,1歳,5.0,0.0
令和8,港南区,ＳＵＮはるかぜ保育園,2歳,5.0,0.0
令和8,港南区,ＳＵＮはるかぜ保育園,3歳,5.0,0.0
令和8,港南区,ＳＵＮはるかぜ保育園,4歳,5.0,0.0
令和8,港南区,ＳＵＮはるかぜ保育園,5歳,5.0,0.0
令和8,瀬谷区,Gakkenほいくえん二ツ橋,0歳,5.0,0.0
令和8,瀬谷区,Gakkenほいくえん二ツ橋,1歳,5.0,0.0
令和8,瀬谷区,Gakkenほいくえん二ツ橋,2歳,5.0,0.0
令和8,瀬谷区,Gakkenほいくえん二ツ橋,3歳,5.0,0.0
令和8,瀬谷区,Gakkenほいくえん二ツ橋,4歳,1.25,0.75
令和8,瀬谷区,Gakkenほいくえん二ツ橋,5歳,2.5,0.5
令和8,瀬谷区,NPO法人ちびっこハウス,0歳,5.0,0.0
令和8,瀬谷区,NPO法人ちびっこハウス,1歳,5.0,0.0
令和8,瀬谷区,NPO法人ちびっこハウス,2歳,2.5,0.5
令和8,瀬谷区,NPO法人ちびっこハウス,3歳,5.0,0.0
令和8,瀬谷区,NPO法人ちびっこハウス,4歳,5.0,0.0
令和8,瀬谷区,NPO法人ちびっこハウス,5歳,5.0,0.0
令和8,瀬谷区,preschool COCO ALICE,0歳,5.0,0.0
令和8,瀬谷区,preschool COCO ALICE,1歳,5.0,0.0
令和8,瀬谷区,preschool COCO ALICE,2歳,5.0,0.0
令和8,瀬谷区,preschool COCO ALICE,3歳,5.0,0.0
令和8,瀬谷区,preschool COCO ALICE,4歳,5.0,0.0
令和8,瀬谷区,preschool COCO ALICE,5歳,5.0,0.0
令和8,瀬谷区,stellar education garden阿久和小規模保育園,0歳,5.0,0.0
令和8,瀬谷区,stellar education garden阿久和小規模保育園,1歳,2.727272727272727,0.45454545454545453
令和8,瀬谷区,stellar education garden阿久和小規模保育園,2歳,5.0,0.0
令和8,瀬谷区,stellar education garden阿久和小規模保育園,3歳,5.0,0.0
令和8,瀬谷区,stellar education garden阿久和小規模保育園,4歳,5.0,0.0
令和8,瀬谷区,stellar education garden阿久和小規模保育園,5歳,5.0,0.0
令和8,瀬谷区,てぃんく２＠ねすと,0歳,5.0,0.0
令和8,瀬谷区,てぃんく２＠ねすと,1歳,5.0,0.0
令和8,瀬谷区,てぃんく２＠ねすと,2歳,5.0,0.0
令和8,瀬谷区,てぃんく２＠ねすと,3歳,5.0,0.0
令和8,瀬谷区,てぃんく２＠ねすと,4歳,5.0,0.0
令和8,瀬谷区,てぃんく２＠ねすと,5歳,5.0,0.0
令和8,瀬谷区,はぐ＠ねすと,0歳,5.0,0.0
令和8,瀬谷区,はぐ＠ねすと,1歳,5.0,0.0
令和8,瀬谷区,はぐ＠ねすと,2歳,5.0,0.0
令和8,瀬谷区,はぐ＠ねすと,3歳,5.0,0.0
令和8,瀬谷区,はぐ＠ねすと,4歳,5.0,0.0
令和8,瀬谷区,はぐ＠ねすと,5歳,5.0,0.0
令和8,瀬谷区,ほうゆう保育園,0歳,5.0,0.0
令和8,瀬谷区,ほうゆう保育園,1歳,5.0,0.0
令和8,瀬谷区,ほうゆう保育園,2歳,5.0,0.0
令和8,瀬谷区,ほうゆう保育園,3歳,5.0,0.0
令和8,瀬谷区,ほうゆう保育園,4歳,5.0,0.0
令和8,瀬谷区,ほうゆう保育園,5歳,5.0,0.0
令和8,瀬谷区,ゆたか保育園,0歳,5.0,0.0
令和8,瀬谷区,ゆたか保育園,1歳,5.0,0.0
令和8,瀬谷区,ゆたか保育園,2歳,5.0,0.0
令和8,瀬谷区,ゆたか保育園,3歳,5.0,0.0
令和8,瀬谷区,ゆたか保育園,4歳,5.0,0.0
令和8,瀬谷区,ゆたか保育園,5歳,5.0,0.0
令和8,瀬谷区,わらべ細谷戸保育園,0歳,5.0,0.0
令和8,瀬谷区,わらべ細谷戸保育園,1歳,5.0,0.0
令和8,瀬谷区,わらべ細谷戸保育園,2歳,5.0,0.0
令和8,瀬谷区,わらべ細谷戸保育園,3歳,2.5,0.5
令和8,瀬谷区,わらべ細谷戸保育園,4歳,5.0,0.0
令和8,瀬谷区,わらべ細谷戸保育園,5歳,2.5,0.5
令和8,瀬谷区,グローバルキッズ三ツ境園,0歳,5.0,0.0
令和8,瀬谷区,グローバルキッズ三ツ境園,1歳,5.0,0.0
令和8,瀬谷区,グローバルキッズ三ツ境園,2歳,5.0,0.0
令和8,瀬谷区,グローバルキッズ三ツ境園,3歳,5.0,0.0
令和8,瀬谷区,グローバルキッズ三ツ境園,4歳,1.25,0.75
令和8,瀬谷区,グローバルキッズ三ツ境園,5歳,5.0,0.0
令和8,瀬谷区,シャローム三育保育園,0歳,5.0,0.0
令和8,瀬谷区,シャローム三育保育園,1歳,5.0,0.0
令和8,瀬谷区,シャローム三育保育園,2歳,5.0,0.0
令和8,瀬谷区,シャローム三育保育園,3歳,5.0,0.0
令和8,瀬谷区,シャローム三育保育園,4歳,2.5,0.5
令和8,瀬谷区,シャローム三育保育園,5歳,5.0,0.0
令和8,瀬谷区,ティンクル瀬谷保育園,0歳,5.0,0.0
令和8,瀬谷区,ティンクル瀬谷保育園,1歳,5.0,0.0
令和8,瀬谷区,ティンクル瀬谷保育園,2歳,5.0,0.0
令和8,瀬谷区,ティンクル瀬谷保育園,3歳,1.666666666666667,0.6666666666666666
令和8,瀬谷区,ティンクル瀬谷保育園,4歳,5.0,0.0
令和8,瀬谷区,ティンクル瀬谷保育園,5歳,5.0,0.0
令和8,瀬谷区,ネストうーたん,0歳,2.872340425531915,0.425531914893617
令和8,瀬谷区,ネストうーたん,1歳,5.0,0.0
令和8,瀬谷区,ネストうーたん,2歳,3.5294117647058822,0.29411764705882354
令和8,瀬谷区,ネストうーたん,3歳,5.0,0.0
令和8,瀬谷区,ネストうーたん,4歳,5.0,0.0
令和8,瀬谷区,ネストうーたん,5歳,5.0,0.0
令和8,瀬谷区,ネストぽぽ,0歳,5.0,0.0
令和8,瀬谷区,ネストぽぽ,1歳,5.0,0.0
令和8,瀬谷区,ネストぽぽ,2歳,5.0,0.0
令和8,瀬谷区,ネストぽぽ,3歳,5.0,0.0
令和8,瀬谷区,ネストぽぽ,4歳,5.0,0.0
令和8,瀬谷区,ネストぽぽ,5歳,5.0,0.0
令和8,瀬谷区,ネスト瀬谷,0歳,5.0,0.0
令和8,瀬谷区,ネスト瀬谷,1歳,5.0,0.0
令和8,瀬谷区,ネスト瀬谷,2歳,5.0,0.0
令和8,瀬谷区,ネスト瀬谷,3歳,5.0,0.0
令和8,瀬谷区,ネスト瀬谷,4歳,5.0,0.0
令和8,瀬谷区,ネスト瀬谷,5歳,5.0,0.0
令和8,瀬谷区,下瀬谷保育園,0歳,5.0,0.0
令和8,瀬谷区,下瀬谷保育園,1歳,3.5294117647058822,0.29411764705882354
令和8,瀬谷区,下瀬谷保育園,2歳,5.0,0.0
令和8,瀬谷区,下瀬谷保育園,3歳,5.0,0.0
令和8,瀬谷区,下瀬谷保育園,4歳,5.0,0.0
令和8,瀬谷区,下瀬谷保育園,5歳,2.5,0.5
令和8,瀬谷区,保育室「ネスト」,0歳,5.0,0.0
令和8,瀬谷区,保育室「ネスト」,1歳,5.0,0.0
令和8,瀬谷区,保育室「ネスト」,2歳,5.0,0.0
令和8,瀬谷区,保育室「ネスト」,3歳,5.0,0.0
令和8,瀬谷区,保育室「ネスト」,4歳,1.25,0.75
令和8,瀬谷区,保育室「ネスト」,5歳,5.0,0.0
令和8,瀬谷区,小規模保育事業　のぞみせや保育園,0歳,5.0,0.0
令和8,瀬谷区,小規模保育事業　のぞみせや保育園,1歳,5.0,0.0
令和8,瀬谷区,小規模保育事業　のぞみせや保育園,2歳,5.0,0.0
令和8,瀬谷区,小規模保育事業　のぞみせや保育園,3歳,5.0,0.0
令和8,瀬谷区,小規模保育事業　のぞみせや保育園,4歳,5.0,0.0
令和8,瀬谷区,小規模保育事業　のぞみせや保育園,5歳,5.0,0.0
令和8,瀬谷区,横浜市中屋敷保育園,0歳,1.25,0.75
令和8,瀬谷区,横浜市中屋敷保育園,1歳,5.0,0.0
令和8,瀬谷区,横浜市中屋敷保育園,2歳,3.1481481481481484,0.37037037037037035
令和8,瀬谷区,横浜市中屋敷保育園,3歳,2.5,0.5
令和8,瀬谷区,横浜市中屋敷保育園,4歳,1.25,0.75
令和8,瀬谷区,横浜市中屋敷保育園,5歳,5.0,0.0
令和8,瀬谷区,横浜市二ツ橋保育園,0歳,5.0,0.0
令和8,瀬谷区,横浜市二ツ橋保育園,1歳,5.0,0.0
令和8,瀬谷区,横浜市二ツ橋保育園,2歳,5.0,0.0
令和8,瀬谷区,横浜市二ツ橋保育園,3歳,2.5,0.5
令和8,瀬谷区,横浜市二ツ橋保育園,4歳,5.0,0.0
令和8,瀬谷区,横浜市二ツ橋保育園,5歳,5.0,0.0
令和8,瀬谷区,横浜市瀬谷第二保育園,0歳,5.0,0.0
令和8,瀬谷区,横浜市瀬谷第二保育園,1歳,5.0,0.0
令和8,瀬谷区,横浜市瀬谷第二保育園,2歳,5.0,0.0
令和8,瀬谷区,横浜市瀬谷第二保育園,3歳,2.5,0.5
令和8,瀬谷区,横浜市瀬谷第二保育園,4歳,5.0,0.0
令和8,瀬谷区,横浜市瀬谷第二保育園,5歳,5.0,0.0
令和8,瀬谷区,瀬谷すくすく保育園,0歳,5.0,0.0
令和8,瀬谷区,瀬谷すくすく保育園,1歳,5.0,0.0
令和8,瀬谷区,瀬谷すくすく保育園,2歳,5.0,0.0
令和8,瀬谷区,瀬谷すくすく保育園,3歳,5.0,0.0
令和8,瀬谷区,瀬谷すくすく保育園,4歳,5.0,0.0
令和8,瀬谷区,瀬谷すくすく保育園,5歳,5.0,0.0
令和8,瀬谷区,瀬谷そらいろ保育園,0歳,2.872340425531915,0.425531914893617
令和8,瀬谷区,瀬谷そらいろ保育園,1歳,5.0,0.0
令和8,瀬谷区,瀬谷そらいろ保育園,2歳,3.5294117647058822,0.29411764705882354
令和8,瀬谷区,瀬谷そらいろ保育園,3歳,5.0,0.0
令和8,瀬谷区,瀬谷そらいろ保育園,4歳,5.0,0.0
令和8,瀬谷区,瀬谷そらいろ保育園,5歳,5.0,0.0
令和8,瀬谷区,瀬谷みらい保育園,0歳,5.0,0.0
令和8,瀬谷区,瀬谷みらい保育園,1歳,5.0,0.0
令和8,瀬谷区,瀬谷みらい保育園,2歳,5.0,0.0
令和8,瀬谷区,瀬谷みらい保育園,3歳,5.0,0.0
令和8,瀬谷区,瀬谷みらい保育園,4歳,5.0,0.0
令和8,瀬谷区,瀬谷みらい保育園,5歳,5.0,0.0
令和8,瀬谷区,瀬谷中央保育園,0歳,5.0,0.0
令和8,瀬谷区,瀬谷中央保育園,1歳,5.0,0.0
令和8,瀬谷区,瀬谷中央保育園,2歳,5.0,0.0
令和8,瀬谷区,瀬谷中央保育園,3歳,5.0,0.0
令和8,瀬谷区,瀬谷中央保育園,4歳,5.0,0.0
令和8,瀬谷区,瀬谷中央保育園,5歳,5.0,0.0
令和8,瀬谷区,瀬谷愛児園,0歳,5.0,0.0
令和8,瀬谷区,瀬谷愛児園,1歳,5.0,0.0
令和8,瀬谷区,瀬谷愛児園,2歳,3.1481481481481484,0.37037037037037035
令和8,瀬谷区,瀬谷愛児園,3歳,0.625,0.875
令和8,瀬谷区,瀬谷愛児園,4歳,0.7142857142857145,0.8571428571428571
令和8,瀬谷区,瀬谷愛児園,5歳,1.25,0.75
令和8,瀬谷区,瀬谷駅前保育園,0歳,5.0,0.0
令和8,瀬谷区,瀬谷駅前保育園,1歳,5.0,0.0
令和8,瀬谷区,瀬谷駅前保育園,2歳,5.0,0.0
令和8,瀬谷区,瀬谷駅前保育園,3歳,5.0,0.0
令和8,瀬谷区,瀬谷駅前保育園,4歳,5.0,0.0
令和8,瀬谷区,瀬谷駅前保育園,5歳,5.0,0.0
令和8,瀬谷区,認定こども園　あづまの幼稚園・あづまのナーサリー,0歳,5.0,0.0
令和8,瀬谷区,認定こども園　あづまの幼稚園・あづまのナーサリー,1歳,3.958333333333333,0.20833333333333334
令和8,瀬谷区,認定こども園　あづまの幼稚園・あづまのナーサリー,2歳,5.0,0.0
令和8,瀬谷区,認定こども園　あづまの幼稚園・あづまのナーサリー,3歳,5.0,0.0
令和8,瀬谷区,認定こども園　あづまの幼稚園・あづまのナーサリー,4歳,5.0,0.0
令和8,瀬谷区,認定こども園　あづまの幼稚園・あづまのナーサリー,5歳,5.0,0.0
令和8,瀬谷区,認定こども園　みなみ幼稚園,0歳,5.0,0.0
令和8,瀬谷区,認定こども園　みなみ幼稚園,1歳,5.0,0.0
令和8,瀬谷区,認定こども園　みなみ幼稚園,2歳,5.0,0.0
令和8,瀬谷区,認定こども園　みなみ幼稚園,3歳,5.0,0.0
令和8,瀬谷区,認定こども園　みなみ幼稚園,4歳,1.666666666666667,0.6666666666666666
令和8,瀬谷区,認定こども園　みなみ幼稚園,5歳,2.5,0.5
令和8,瀬谷区,認定こども園はらのこ　原幼稚園,0歳,5.0,0.0
令和8,瀬谷区,認定こども園はらのこ　原幼稚園,1歳,5.0,0.0
令和8,瀬谷区,認定こども園はらのこ　原幼稚園,2歳,5.0,0.0
令和8,瀬谷区,認定こども園はらのこ　原幼稚園,3歳,5.0,0.0
令和8,瀬谷区,認定こども園はらのこ　原幼稚園,4歳,5.0,0.0
令和8,瀬谷区,認定こども園はらのこ　原幼稚園,5歳,5.0,0.0
令和8,瀬谷区,認定こども園二ツ橋あいりん幼稚園,0歳,5.0,0.0
令和8,瀬谷区,認定こども園二ツ橋あいりん幼稚園,1歳,5.0,0.0
令和8,瀬谷区,認定こども園二ツ橋あいりん幼稚園,2歳,5.0,0.0
令和8,瀬谷区,認定こども園二ツ橋あいりん幼稚園,3歳,5.0,0.0
令和8,瀬谷区,認定こども園二ツ橋あいりん幼稚園,4歳,5.0,0.0
令和8,瀬谷区,認定こども園二ツ橋あいりん幼稚園,5歳,5.0,0.0
令和8,瀬谷区,阿久和キッズ,0歳,5.0,0.0
令和8,瀬谷区,阿久和キッズ,1歳,5.0,0.0
令和8,瀬谷区,阿久和キッズ,2歳,5.0,0.0
令和8,瀬谷区,阿久和キッズ,3歳,5.0,0.0
令和8,瀬谷区,阿久和キッズ,4歳,5.0,0.0
令和8,瀬谷区,阿久和キッズ,5歳,5.0,0.0
令和8,瀬谷区,阿久和保育園,0歳,5.0,0.0
令和8,瀬谷区,阿久和保育園,1歳,5.0,0.0
令和8,瀬谷区,阿久和保育園,2歳,5.0,0.0
令和8,瀬谷区,阿久和保育園,3歳,3.360655737704918,0.3278688524590164
令和8,瀬谷区,阿久和保育園,4歳,5.0,0.0
令和8,瀬谷区,阿久和保育園,5歳,5.0,0.0
令和8,瀬谷区,鳩の森愛の詩　宮沢保育園,0歳,5.0,0.0
令和8,瀬谷区,鳩の森愛の詩　宮沢保育園,1歳,5.0,0.0
令和8,瀬谷区,鳩の森愛の詩　宮沢保育園,2歳,5.0,0.0
令和8,瀬谷区,鳩の森愛の詩　宮沢保育園,3歳,5.0,0.0
令和8,瀬谷区,鳩の森愛の詩　宮沢保育園,4歳,5.0,0.0
令和8,瀬谷区,鳩の森愛の詩　宮沢保育園,5歳,2.5,0.5
令和8,瀬谷区,鳩の森愛の詩瀬谷保育園,0歳,5.0,0.0
令和8,瀬谷区,鳩の森愛の詩瀬谷保育園,1歳,5.0,0.0
令和8,瀬谷区,鳩の森愛の詩瀬谷保育園,2歳,5.0,0.0
令和8,瀬谷区,鳩の森愛の詩瀬谷保育園,3歳,5.0,0.0
令和8,瀬谷区,鳩の森愛の詩瀬谷保育園,4歳,5.0,0.0
令和8,瀬谷区,鳩の森愛の詩瀬谷保育園,5歳,5.0,0.0
令和8,瀬谷区,ＧＥＮＫＩＤＳ瀬谷保育園,0歳,5.0,0.0
令和8,瀬谷区,ＧＥＮＫＩＤＳ瀬谷保育園,1歳,4.576271186440678,0.08474576271186442
令和8,瀬谷区,ＧＥＮＫＩＤＳ瀬谷保育園,2歳,5.0,0.0
令和8,瀬谷区,ＧＥＮＫＩＤＳ瀬谷保育園,3歳,5.0,0.0
令和8,瀬谷区,ＧＥＮＫＩＤＳ瀬谷保育園,4歳,5.0,0.0
令和8,瀬谷区,ＧＥＮＫＩＤＳ瀬谷保育園,5歳,5.0,0.0
令和8,磯子区,あっぷる滝頭保育園,0歳,5.0,0.0
令和8,磯子区,あっぷる滝頭保育園,1歳,5.0,0.0
令和8,磯子区,あっぷる滝頭保育園,2歳,3.1481481481481484,0.37037037037037035
令和8,磯子区,あっぷる滝頭保育園,3歳,2.872340425531915,0.425531914893617
令和8,磯子区,あっぷる滝頭保育園,4歳,5.0,0.0
令和8,磯子区,あっぷる滝頭保育園,5歳,1.25,0.75
令和8,磯子区,つくしんぼ保育園,0歳,5.0,0.0
令和8,磯子区,つくしんぼ保育園,1歳,1.2616822429906538,0.7476635514018692
令和8,磯子区,つくしんぼ保育園,2歳,5.0,0.0
令和8,磯子区,つくしんぼ保育園,3歳,5.0,0.0
令和8,磯子区,つくしんぼ保育園,4歳,5.0,0.0
令和8,磯子区,つくしんぼ保育園,5歳,5.0,0.0
令和8,磯子区,にじいろ保育園　新杉田,0歳,5.0,0.0
令和8,磯子区,にじいろ保育園　新杉田,1歳,5.0,0.0
令和8,磯子区,にじいろ保育園　新杉田,2歳,5.0,0.0
令和8,磯子区,にじいろ保育園　新杉田,3歳,5.0,0.0
令和8,磯子区,にじいろ保育園　新杉田,4歳,5.0,0.0
令和8,磯子区,にじいろ保育園　新杉田,5歳,5.0,0.0
令和8,磯子区,にじいろ保育園　洋光台,0歳,5.0,0.0
令和8,磯子区,にじいろ保育園　洋光台,1歳,5.0,0.0
令和8,磯子区,にじいろ保育園　洋光台,2歳,5.0,0.0
令和8,磯子区,にじいろ保育園　洋光台,3歳,5.0,0.0
令和8,磯子区,にじいろ保育園　洋光台,4歳,5.0,0.0
令和8,磯子区,にじいろ保育園　洋光台,5歳,5.0,0.0
令和8,磯子区,にじいろ保育園　磯子,0歳,0.7142857142857145,0.8571428571428571
令和8,磯子区,にじいろ保育園　磯子,1歳,5.0,0.0
令和8,磯子区,にじいろ保育園　磯子,2歳,5.0,0.0
令和8,磯子区,にじいろ保育園　磯子,3歳,5.0,0.0
令和8,磯子区,にじいろ保育園　磯子,4歳,5.0,0.0
令和8,磯子区,にじいろ保育園　磯子,5歳,1.666666666666667,0.6666666666666666
令和8,磯子区,みらいつばさ新杉田保育園,0歳,0.9999999999999998,0.8
令和8,磯子区,みらいつばさ新杉田保育園,1歳,2.5,0.5
令和8,磯子区,みらいつばさ新杉田保育園,2歳,5.0,0.0
令和8,磯子区,みらいつばさ新杉田保育園,3歳,5.0,0.0
令和8,磯子区,みらいつばさ新杉田保育園,4歳,5.0,0.0
令和8,磯子区,みらいつばさ新杉田保育園,5歳,5.0,0.0
令和8,磯子区,やべのファミリールーム,0歳,5.0,0.0
令和8,磯子区,やべのファミリールーム,1歳,5.0,0.0
令和8,磯子区,やべのファミリールーム,2歳,5.0,0.0
令和8,磯子区,やべのファミリールーム,3歳,5.0,0.0
令和8,磯子区,やべのファミリールーム,4歳,2.5,0.5
令和8,磯子区,やべのファミリールーム,5歳,5.0,0.0
令和8,磯子区,アスクバイリンガル保育園 新杉田,0歳,2.872340425531915,0.425531914893617
令和8,磯子区,アスクバイリンガル保育園 新杉田,1歳,5.0,0.0
令和8,磯子区,アスクバイリンガル保育園 新杉田,2歳,5.0,0.0
令和8,磯子区,アスクバイリンガル保育園 新杉田,3歳,5.0,0.0
令和8,磯子区,アスクバイリンガル保育園 新杉田,4歳,1.666666666666667,0.6666666666666666
令和8,磯子区,アスクバイリンガル保育園 新杉田,5歳,2.5,0.5
令和8,磯子区,アスク新杉田駅前保育園,0歳,5.0,0.0
令和8,磯子区,アスク新杉田駅前保育園,1歳,5.0,0.0
令和8,磯子区,アスク新杉田駅前保育園,2歳,5.0,0.0
令和8,磯子区,アスク新杉田駅前保育園,3歳,5.0,0.0
令和8,磯子区,アスク新杉田駅前保育園,4歳,5.0,0.0
令和8,磯子区,アスク新杉田駅前保育園,5歳,5.0,0.0
令和8,磯子区,キッズガーデン横浜磯子,0歳,5.0,0.0
令和8,磯子区,キッズガーデン横浜磯子,1歳,2.5,0.5
令和8,磯子区,キッズガーデン横浜磯子,2歳,2.5,0.5
令和8,磯子区,キッズガーデン横浜磯子,3歳,2.5,0.5
令和8,磯子区,キッズガーデン横浜磯子,4歳,5.0,0.0
令和8,磯子区,キッズガーデン横浜磯子,5歳,0.8333333333333331,0.8333333333333334
令和8,磯子区,キッズパートナー磯子中原,0歳,5.0,0.0
令和8,磯子区,キッズパートナー磯子中原,1歳,5.0,0.0
令和8,磯子区,キッズパートナー磯子中原,2歳,5.0,0.0
令和8,磯子区,キッズパートナー磯子中原,3歳,5.0,0.0
令和8,磯子区,キッズパートナー磯子中原,4歳,3.1481481481481484,0.37037037037037035
令和8,磯子区,キッズパートナー磯子中原,5歳,5.0,0.0
令和8,磯子区,グローバルキッズ磯子保育園,0歳,5.0,0.0
令和8,磯子区,グローバルキッズ磯子保育園,1歳,5.0,0.0
令和8,磯子区,グローバルキッズ磯子保育園,2歳,2.5,0.5
令和8,磯子区,グローバルキッズ磯子保育園,3歳,5.0,0.0
令和8,磯子区,グローバルキッズ磯子保育園,4歳,5.0,0.0
令和8,磯子区,グローバルキッズ磯子保育園,5歳,5.0,0.0
令和8,磯子区,スターチャイルド≪洋光台ナーサリー≫,0歳,5.0,0.0
令和8,磯子区,スターチャイルド≪洋光台ナーサリー≫,1歳,5.0,0.0
令和8,磯子区,スターチャイルド≪洋光台ナーサリー≫,2歳,5.0,0.0
令和8,磯子区,スターチャイルド≪洋光台ナーサリー≫,3歳,2.5,0.5
令和8,磯子区,スターチャイルド≪洋光台ナーサリー≫,4歳,5.0,0.0
令和8,磯子区,スターチャイルド≪洋光台ナーサリー≫,5歳,5.0,0.0
令和8,磯子区,スターチャイルド≪洋光台六丁目ナーサリー≫,0歳,5.0,0.0
令和8,磯子区,スターチャイルド≪洋光台六丁目ナーサリー≫,1歳,5.0,0.0
令和8,磯子区,スターチャイルド≪洋光台六丁目ナーサリー≫,2歳,5.0,0.0
令和8,磯子区,スターチャイルド≪洋光台六丁目ナーサリー≫,3歳,2.5,0.5
令和8,磯子区,スターチャイルド≪洋光台六丁目ナーサリー≫,4歳,1.666666666666667,0.6666666666666666
令和8,磯子区,スターチャイルド≪洋光台六丁目ナーサリー≫,5歳,0.357142857142857,0.9285714285714286
令和8,磯子区,チームナーサリーＢｉｇ Ｈｕｇ洋光台,0歳,5.0,0.0
令和8,磯子区,チームナーサリーＢｉｇ Ｈｕｇ洋光台,1歳,5.0,0.0
令和8,磯子区,チームナーサリーＢｉｇ Ｈｕｇ洋光台,2歳,5.0,0.0
令和8,磯子区,チームナーサリーＢｉｇ Ｈｕｇ洋光台,3歳,5.0,0.0
令和8,磯子区,チームナーサリーＢｉｇ Ｈｕｇ洋光台,4歳,5.0,0.0
令和8,磯子区,チームナーサリーＢｉｇ Ｈｕｇ洋光台,5歳,5.0,0.0
令和8,磯子区,チームナーサリーＢｉｇ Ｈｕｇ洋光台２,0歳,5.0,0.0
令和8,磯子区,チームナーサリーＢｉｇ Ｈｕｇ洋光台２,1歳,5.0,0.0
令和8,磯子区,チームナーサリーＢｉｇ Ｈｕｇ洋光台２,2歳,5.0,0.0
令和8,磯子区,チームナーサリーＢｉｇ Ｈｕｇ洋光台２,3歳,5.0,0.0
令和8,磯子区,チームナーサリーＢｉｇ Ｈｕｇ洋光台２,4歳,5.0,0.0
令和8,磯子区,チームナーサリーＢｉｇ Ｈｕｇ洋光台２,5歳,5.0,0.0
令和8,磯子区,ピノキオ幼児舎 新杉田園,0歳,2.5,0.5
令和8,磯子区,ピノキオ幼児舎 新杉田園,1歳,5.0,0.0
令和8,磯子区,ピノキオ幼児舎 新杉田園,2歳,1.666666666666667,0.6666666666666666
令和8,磯子区,ピノキオ幼児舎 新杉田園,3歳,5.0,0.0
令和8,磯子区,ピノキオ幼児舎 新杉田園,4歳,5.0,0.0
令和8,磯子区,ピノキオ幼児舎 新杉田園,5歳,5.0,0.0
令和8,磯子区,ベイキッズなのはな保育園,0歳,2.5,0.5
令和8,磯子区,ベイキッズなのはな保育園,1歳,0.8333333333333331,0.8333333333333334
令和8,磯子区,ベイキッズなのはな保育園,2歳,1.666666666666667,0.6666666666666666
令和8,磯子区,ベイキッズなのはな保育園,3歳,5.0,0.0
令和8,磯子区,ベイキッズなのはな保育園,4歳,5.0,0.0
令和8,磯子区,ベイキッズなのはな保育園,5歳,5.0,0.0
令和8,磯子区,ペガサスわくわくランド,0歳,5.0,0.0
令和8,磯子区,ペガサスわくわくランド,1歳,2.5,0.5
令和8,磯子区,ペガサスわくわくランド,2歳,2.5,0.5
令和8,磯子区,ペガサスわくわくランド,3歳,2.5,0.5
令和8,磯子区,ペガサスわくわくランド,4歳,5.0,0.0
令和8,磯子区,ペガサスわくわくランド,5歳,2.5,0.5
令和8,磯子区,ヨコハマみらい保育園,0歳,5.0,0.0
令和8,磯子区,ヨコハマみらい保育園,1歳,5.0,0.0
令和8,磯子区,ヨコハマみらい保育園,2歳,5.0,0.0
令和8,磯子区,ヨコハマみらい保育園,3歳,1.666666666666667,0.6666666666666666
令和8,磯子区,ヨコハマみらい保育園,4歳,5.0,0.0
令和8,磯子区,ヨコハマみらい保育園,5歳,2.5,0.5
令和8,磯子区,太陽の子　磯子保育園,0歳,5.0,0.0
令和8,磯子区,太陽の子　磯子保育園,1歳,5.0,0.0
令和8,磯子区,太陽の子　磯子保育園,2歳,2.5,0.5
令和8,磯子区,太陽の子　磯子保育園,3歳,5.0,0.0
令和8,磯子区,太陽の子　磯子保育園,4歳,2.5,0.5
令和8,磯子区,太陽の子　磯子保育園,5歳,5.0,0.0
令和8,磯子区,太陽の子　磯子第二保育園,0歳,1.666666666666667,0.6666666666666666
令和8,磯子区,太陽の子　磯子第二保育園,1歳,5.0,0.0
令和8,磯子区,太陽の子　磯子第二保育園,2歳,5.0,0.0
令和8,磯子区,太陽の子　磯子第二保育園,3歳,1.666666666666667,0.6666666666666666
令和8,磯子区,太陽の子　磯子第二保育園,4歳,5.0,0.0
令和8,磯子区,太陽の子　磯子第二保育園,5歳,5.0,0.0
令和8,磯子区,屏風ゆめの森保育園,0歳,5.0,0.0
令和8,磯子区,屏風ゆめの森保育園,1歳,5.0,0.0
令和8,磯子区,屏風ゆめの森保育園,2歳,5.0,0.0
令和8,磯子区,屏風ゆめの森保育園,3歳,5.0,0.0
令和8,磯子区,屏風ゆめの森保育園,4歳,5.0,0.0
令和8,磯子区,屏風ゆめの森保育園,5歳,5.0,0.0
令和8,磯子区,屏風ヶ浦はるかぜ保育園,0歳,5.0,0.0
令和8,磯子区,屏風ヶ浦はるかぜ保育園,1歳,5.0,0.0
令和8,磯子区,屏風ヶ浦はるかぜ保育園,2歳,5.0,0.0
令和8,磯子区,屏風ヶ浦はるかぜ保育園,3歳,5.0,0.0
令和8,磯子区,屏風ヶ浦はるかぜ保育園,4歳,5.0,0.0
令和8,磯子区,屏風ヶ浦はるかぜ保育園,5歳,2.872340425531915,0.425531914893617
令和8,磯子区,屏風ヶ浦保育園,0歳,5.0,0.0
令和8,磯子区,屏風ヶ浦保育園,1歳,5.0,0.0
令和8,磯子区,屏風ヶ浦保育園,2歳,1.25,0.75
令和8,磯子区,屏風ヶ浦保育園,3歳,5.0,0.0
令和8,磯子区,屏風ヶ浦保育園,4歳,5.0,0.0
令和8,磯子区,屏風ヶ浦保育園,5歳,5.0,0.0
令和8,磯子区,岡村幼児園,0歳,5.0,0.0
令和8,磯子区,岡村幼児園,1歳,0.7142857142857145,0.8571428571428571
令和8,磯子区,岡村幼児園,2歳,5.0,0.0
令和8,磯子区,岡村幼児園,3歳,0.9999999999999998,0.8
令和8,磯子区,岡村幼児園,4歳,2.5,0.5
令和8,磯子区,岡村幼児園,5歳,2.5,0.5
令和8,磯子区,岩原保育室,0歳,5.0,0.0
令和8,磯子区,岩原保育室,1歳,5.0,0.0
令和8,磯子区,岩原保育室,2歳,5.0,0.0
令和8,磯子区,岩原保育室,3歳,5.0,0.0
令和8,磯子区,岩原保育室,4歳,5.0,0.0
令和8,磯子区,岩原保育室,5歳,5.0,0.0
令和8,磯子区,幼保連携型認定こども園　かおり幼稚園,0歳,5.0,0.0
令和8,磯子区,幼保連携型認定こども園　かおり幼稚園,1歳,5.0,0.0
令和8,磯子区,幼保連携型認定こども園　かおり幼稚園,2歳,5.0,0.0
令和8,磯子区,幼保連携型認定こども園　かおり幼稚園,3歳,0.4545454545454547,0.9090909090909091
令和8,磯子区,幼保連携型認定こども園　かおり幼稚園,4歳,0.41666666666666685,0.9166666666666666
令和8,磯子区,幼保連携型認定こども園　かおり幼稚園,5歳,0.357142857142857,0.9285714285714286
令和8,磯子区,新杉田のびのび保育園,0歳,5.0,0.0
令和8,磯子区,新杉田のびのび保育園,1歳,5.0,0.0
令和8,磯子区,新杉田のびのび保育園,2歳,5.0,0.0
令和8,磯子区,新杉田のびのび保育園,3歳,5.0,0.0
令和8,磯子区,新杉田のびのび保育園,4歳,5.0,0.0
令和8,磯子区,新杉田のびのび保育園,5歳,5.0,0.0
令和8,磯子区,新杉田りあん保育園,0歳,5.0,0.0
令和8,磯子区,新杉田りあん保育園,1歳,5.0,0.0
令和8,磯子区,新杉田りあん保育園,2歳,5.0,0.0
令和8,磯子区,新杉田りあん保育園,3歳,5.0,0.0
令和8,磯子区,新杉田りあん保育園,4歳,5.0,0.0
令和8,磯子区,新杉田りあん保育園,5歳,5.0,0.0
令和8,磯子区,日枝幼児園,0歳,5.0,0.0
令和8,磯子区,日枝幼児園,1歳,1.25,0.75
令和8,磯子区,日枝幼児園,2歳,5.0,0.0
令和8,磯子区,日枝幼児園,3歳,0.8333333333333331,0.8333333333333334
令和8,磯子区,日枝幼児園,4歳,2.5,0.5
令和8,磯子区,日枝幼児園,5歳,1.666666666666667,0.6666666666666666
令和8,磯子区,杉田保育園,0歳,5.0,0.0
令和8,磯子区,杉田保育園,1歳,5.0,0.0
令和8,磯子区,杉田保育園,2歳,5.0,0.0
令和8,磯子区,杉田保育園,3歳,5.0,0.0
令和8,磯子区,杉田保育園,4歳,2.5,0.5
令和8,磯子区,杉田保育園,5歳,2.5,0.5
令和8,磯子区,杉田幼児園,0歳,5.0,0.0
令和8,磯子区,杉田幼児園,1歳,5.0,0.0
令和8,磯子区,杉田幼児園,2歳,5.0,0.0
令和8,磯子区,杉田幼児園,3歳,5.0,0.0
令和8,磯子区,杉田幼児園,4歳,5.0,0.0
令和8,磯子区,杉田幼児園,5歳,5.0,0.0
令和8,磯子区,東滝頭保育園　分園,0歳,5.0,0.0
令和8,磯子区,東滝頭保育園　分園,1歳,5.0,0.0
令和8,磯子区,東滝頭保育園　分園,2歳,5.0,0.0
令和8,磯子区,東滝頭保育園　分園,3歳,5.0,0.0
令和8,磯子区,東滝頭保育園　分園,4歳,5.0,0.0
令和8,磯子区,東滝頭保育園　分園,5歳,5.0,0.0
令和8,磯子区,根岸すみれ保育園,0歳,5.0,0.0
令和8,磯子区,根岸すみれ保育園,1歳,5.0,0.0
令和8,磯子区,根岸すみれ保育園,2歳,5.0,0.0
令和8,磯子区,根岸すみれ保育園,3歳,5.0,0.0
令和8,磯子区,根岸すみれ保育園,4歳,5.0,0.0
令和8,磯子区,根岸すみれ保育園,5歳,5.0,0.0
令和8,磯子区,根岸サンフラワー保育園,0歳,5.0,0.0
令和8,磯子区,根岸サンフラワー保育園,1歳,1.666666666666667,0.6666666666666666
令和8,磯子区,根岸サンフラワー保育園,2歳,2.5,0.5
令和8,磯子区,根岸サンフラワー保育園,3歳,5.0,0.0
令和8,磯子区,根岸サンフラワー保育園,4歳,5.0,0.0
令和8,磯子区,根岸サンフラワー保育園,5歳,5.0,0.0
令和8,磯子区,根岸星の子保育園,0歳,5.0,0.0
令和8,磯子区,根岸星の子保育園,1歳,5.0,0.0
令和8,磯子区,根岸星の子保育園,2歳,3.1481481481481484,0.37037037037037035
令和8,磯子区,根岸星の子保育園,3歳,5.0,0.0
令和8,磯子区,根岸星の子保育園,4歳,5.0,0.0
令和8,磯子区,根岸星の子保育園,5歳,5.0,0.0
令和8,磯子区,根岸第二サンフラワー保育園,0歳,5.0,0.0
令和8,磯子区,根岸第二サンフラワー保育園,1歳,0.8333333333333331,0.8333333333333334
令和8,磯子区,根岸第二サンフラワー保育園,2歳,5.0,0.0
令和8,磯子区,根岸第二サンフラワー保育園,3歳,5.0,0.0
令和8,磯子区,根岸第二サンフラワー保育園,4歳,5.0,0.0
令和8,磯子区,根岸第二サンフラワー保育園,5歳,5.0,0.0
令和8,磯子区,森おひさま保育園,0歳,5.0,0.0
令和8,磯子区,森おひさま保育園,1歳,1.666666666666667,0.6666666666666666
令和8,磯子区,森おひさま保育園,2歳,2.5,0.5
令和8,磯子区,森おひさま保育園,3歳,5.0,0.0
令和8,磯子区,森おひさま保育園,4歳,5.0,0.0
令和8,磯子区,森おひさま保育園,5歳,5.0,0.0
令和8,磯子区,森幼児園,0歳,0.9999999999999998,0.8
令和8,磯子区,森幼児園,1歳,0.9999999999999998,0.8
令和8,磯子区,森幼児園,2歳,0.9999999999999998,0.8
令和8,磯子区,森幼児園,3歳,2.5,0.5
令和8,磯子区,森幼児園,4歳,2.5,0.5
令和8,磯子区,森幼児園,5歳,2.5,0.5
令和8,磯子区,横浜おひさま保育園,0歳,5.0,0.0
令和8,磯子区,横浜おひさま保育園,1歳,2.5,0.5
令和8,磯子区,横浜おひさま保育園,2歳,5.0,0.0
令和8,磯子区,横浜おひさま保育園,3歳,1.666666666666667,0.6666666666666666
令和8,磯子区,横浜おひさま保育園,4歳,5.0,0.0
令和8,磯子区,横浜おひさま保育園,5歳,5.0,0.0
令和8,磯子区,横浜ナーサリー,0歳,0.7142857142857145,0.8571428571428571
令和8,磯子区,横浜ナーサリー,1歳,3.360655737704918,0.3278688524590164
令和8,磯子区,横浜ナーサリー,2歳,5.0,0.0
令和8,磯子区,横浜ナーサリー,3歳,5.0,0.0
令和8,磯子区,横浜ナーサリー,4歳,5.0,0.0
令和8,磯子区,横浜ナーサリー,5歳,1.666666666666667,0.6666666666666666
令和8,磯子区,横浜市東滝頭保育園,0歳,2.5,0.5
令和8,磯子区,横浜市東滝頭保育園,1歳,5.0,0.0
令和8,磯子区,横浜市東滝頭保育園,2歳,5.0,0.0
令和8,磯子区,横浜市東滝頭保育園,3歳,5.0,0.0
令和8,磯子区,横浜市東滝頭保育園,4歳,5.0,0.0
令和8,磯子区,横浜市東滝頭保育園,5歳,2.5,0.5
令和8,磯子区,横浜市洋光台第二保育園,0歳,5.0,0.0
令和8,磯子区,横浜市洋光台第二保育園,1歳,5.0,0.0
令和8,磯子区,横浜市洋光台第二保育園,2歳,5.0,0.0
令和8,磯子区,横浜市洋光台第二保育園,3歳,2.5,0.5
令和8,磯子区,横浜市洋光台第二保育園,4歳,5.0,0.0
令和8,磯子区,横浜市洋光台第二保育園,5歳,5.0,0.0
令和8,磯子区,汐見台愛育園,0歳,5.0,0.0
令和8,磯子区,汐見台愛育園,1歳,1.25,0.75
令和8,磯子区,汐見台愛育園,2歳,5.0,0.0
令和8,磯子区,汐見台愛育園,3歳,1.25,0.75
令和8,磯子区,汐見台愛育園,4歳,1.25,0.75
令和8,磯子区,汐見台愛育園,5歳,1.666666666666667,0.6666666666666666
令和8,磯子区,汐見台第二愛育園,0歳,5.0,0.0
令和8,磯子区,汐見台第二愛育園,1歳,5.0,0.0
令和8,磯子区,汐見台第二愛育園,2歳,5.0,0.0
令和8,磯子区,汐見台第二愛育園,3歳,5.0,0.0
令和8,磯子区,汐見台第二愛育園,4歳,5.0,0.0
令和8,磯子区,汐見台第二愛育園,5歳,5.0,0.0
令和8,磯子区,洋光台中央福澤保育センター,0歳,5.0,0.0
令和8,磯子区,洋光台中央福澤保育センター,1歳,5.0,0.0
令和8,磯子区,洋光台中央福澤保育センター,2歳,5.0,0.0
令和8,磯子区,洋光台中央福澤保育センター,3歳,5.0,0.0
令和8,磯子区,洋光台中央福澤保育センター,4歳,2.872340425531915,0.425531914893617
令和8,磯子区,洋光台中央福澤保育センター,5歳,5.0,0.0
令和8,磯子区,洋光台保育園,0歳,5.0,0.0
令和8,磯子区,洋光台保育園,1歳,5.0,0.0
令和8,磯子区,洋光台保育園,2歳,5.0,0.0
令和8,磯子区,洋光台保育園,3歳,5.0,0.0
令和8,磯子区,洋光台保育園,4歳,5.0,0.0
令和8,磯子区,洋光台保育園,5歳,5.0,0.0
令和8,磯子区,磯子おひさま保育園,0歳,0.9999999999999998,0.8
令和8,磯子区,磯子おひさま保育園,1歳,5.0,0.0
令和8,磯子区,磯子おひさま保育園,2歳,2.5,0.5
令和8,磯子区,磯子おひさま保育園,3歳,2.5,0.5
令和8,磯子区,磯子おひさま保育園,4歳,1.666666666666667,0.6666666666666666
令和8,磯子区,磯子おひさま保育園,5歳,1.666666666666667,0.6666666666666666
令和8,磯子区,西町星の子保育園,0歳,5.0,0.0
令和8,磯子区,西町星の子保育園,1歳,5.0,0.0
令和8,磯子区,西町星の子保育園,2歳,5.0,0.0
令和8,磯子区,西町星の子保育園,3歳,5.0,0.0
令和8,磯子区,西町星の子保育園,4歳,5.0,0.0
令和8,磯子区,西町星の子保育園,5歳,5.0,0.0
令和8,磯子区,金剛保育園,0歳,3.1481481481481484,0.37037037037037035
令和8,磯子区,金剛保育園,1歳,5.0,0.0
令和8,磯子区,金剛保育園,2歳,0.9999999999999998,0.8
令和8,磯子区,金剛保育園,3歳,2.5,0.5
令和8,磯子区,金剛保育園,4歳,0.8333333333333331,0.8333333333333334
令和8,磯子区,金剛保育園,5歳,5.0,0.0
令和8,神奈川区,Gakkenほいくえん反町,0歳,5.0,0.0
令和8,神奈川区,Gakkenほいくえん反町,1歳,0.9999999999999998,0.8
令和8,神奈川区,Gakkenほいくえん反町,2歳,2.5,0.5
令和8,神奈川区,Gakkenほいくえん反町,3歳,1.25,0.75
令和8,神奈川区,Gakkenほいくえん反町,4歳,0.8333333333333331,0.8333333333333334
令和8,神奈川区,Gakkenほいくえん反町,5歳,2.5,0.5
令和8,神奈川区,Gakkenほいくえん片倉,0歳,5.0,0.0
令和8,神奈川区,Gakkenほいくえん片倉,1歳,5.0,0.0
令和8,神奈川区,Gakkenほいくえん片倉,2歳,5.0,0.0
令和8,神奈川区,Gakkenほいくえん片倉,3歳,2.5,0.5
令和8,神奈川区,Gakkenほいくえん片倉,4歳,5.0,0.0
令和8,神奈川区,Gakkenほいくえん片倉,5歳,2.5,0.5
令和8,神奈川区,Yokohama Front Mutsumi Nursery,0歳,1.666666666666667,0.6666666666666666
令和8,神奈川区,Yokohama Front Mutsumi Nursery,1歳,5.0,0.0
令和8,神奈川区,Yokohama Front Mutsumi Nursery,2歳,5.0,0.0
令和8,神奈川区,Yokohama Front Mutsumi Nursery,3歳,5.0,0.0
令和8,神奈川区,Yokohama Front Mutsumi Nursery,4歳,5.0,0.0
令和8,神奈川区,Yokohama Front Mutsumi Nursery,5歳,5.0,0.0
令和8,神奈川区,あおぞら保育園,0歳,2.5,0.5
令和8,神奈川区,あおぞら保育園,1歳,5.0,0.0
令和8,神奈川区,あおぞら保育園,2歳,5.0,0.0
令和8,神奈川区,あおぞら保育園,3歳,2.5,0.5
令和8,神奈川区,あおぞら保育園,4歳,5.0,0.0
令和8,神奈川区,あおぞら保育園,5歳,5.0,0.0
令和8,神奈川区,あおぞら第２保育園,0歳,5.0,0.0
令和8,神奈川区,あおぞら第２保育園,1歳,2.5,0.5
令和8,神奈川区,あおぞら第２保育園,2歳,5.0,0.0
令和8,神奈川区,あおぞら第２保育園,3歳,5.0,0.0
令和8,神奈川区,あおぞら第２保育園,4歳,1.25,0.75
令和8,神奈川区,あおぞら第２保育園,5歳,5.0,0.0
令和8,神奈川区,あおぞら菅田保育園,0歳,5.0,0.0
令和8,神奈川区,あおぞら菅田保育園,1歳,5.0,0.0
令和8,神奈川区,あおぞら菅田保育園,2歳,5.0,0.0
令和8,神奈川区,あおぞら菅田保育園,3歳,5.0,0.0
令和8,神奈川区,あおぞら菅田保育園,4歳,1.25,0.75
令和8,神奈川区,あおぞら菅田保育園,5歳,1.25,0.75
令和8,神奈川区,いずみ反町保育園,0歳,1.25,0.75
令和8,神奈川区,いずみ反町保育園,1歳,5.0,0.0
令和8,神奈川区,いずみ反町保育園,2歳,5.0,0.0
令和8,神奈川区,いずみ反町保育園,3歳,5.0,0.0
令和8,神奈川区,いずみ反町保育園,4歳,1.25,0.75
令和8,神奈川区,いずみ反町保育園,5歳,5.0,0.0
令和8,神奈川区,いずみ反町公園保育園,0歳,5.0,0.0
令和8,神奈川区,いずみ反町公園保育園,1歳,2.5,0.5
令和8,神奈川区,いずみ反町公園保育園,2歳,1.25,0.75
令和8,神奈川区,いずみ反町公園保育園,3歳,1.666666666666667,0.6666666666666666
令和8,神奈川区,いずみ反町公園保育園,4歳,5.0,0.0
令和8,神奈川区,いずみ反町公園保育園,5歳,1.25,0.75
令和8,神奈川区,いずみ東白楽保育園,0歳,5.0,0.0
令和8,神奈川区,いずみ東白楽保育園,1歳,5.0,0.0
令和8,神奈川区,いずみ東白楽保育園,2歳,0.9999999999999998,0.8
令和8,神奈川区,いずみ東白楽保育園,3歳,1.666666666666667,0.6666666666666666
令和8,神奈川区,いずみ東白楽保育園,4歳,2.5,0.5
令和8,神奈川区,いずみ東白楽保育園,5歳,5.0,0.0
令和8,神奈川区,いずみ松本町保育園,0歳,5.0,0.0
令和8,神奈川区,いずみ松本町保育園,1歳,2.872340425531915,0.425531914893617
令和8,神奈川区,いずみ松本町保育園,2歳,5.0,0.0
令和8,神奈川区,いずみ松本町保育園,3歳,5.0,0.0
令和8,神奈川区,いずみ松本町保育園,4歳,2.5,0.5
令和8,神奈川区,いずみ松本町保育園,5歳,5.0,0.0
令和8,神奈川区,うちゅうこども園たんまち,0歳,5.0,0.0
令和8,神奈川区,うちゅうこども園たんまち,1歳,5.0,0.0
令和8,神奈川区,うちゅうこども園たんまち,2歳,5.0,0.0
令和8,神奈川区,うちゅうこども園たんまち,3歳,5.0,0.0
令和8,神奈川区,うちゅうこども園たんまち,4歳,5.0,0.0
令和8,神奈川区,うちゅうこども園たんまち,5歳,5.0,0.0
令和8,神奈川区,おれんじハウス横浜駅前保育園,0歳,1.25,0.75
令和8,神奈川区,おれんじハウス横浜駅前保育園,1歳,5.0,0.0
令和8,神奈川区,おれんじハウス横浜駅前保育園,2歳,5.0,0.0
令和8,神奈川区,おれんじハウス横浜駅前保育園,3歳,5.0,0.0
令和8,神奈川区,おれんじハウス横浜駅前保育園,4歳,5.0,0.0
令和8,神奈川区,おれんじハウス横浜駅前保育園,5歳,5.0,0.0
令和8,神奈川区,かながわ保育園,0歳,5.0,0.0
令和8,神奈川区,かながわ保育園,1歳,5.0,0.0
令和8,神奈川区,かながわ保育園,2歳,5.0,0.0
令和8,神奈川区,かながわ保育園,3歳,5.0,0.0
令和8,神奈川区,かながわ保育園,4歳,0.8333333333333331,0.8333333333333334
令和8,神奈川区,かながわ保育園,5歳,5.0,0.0
令和8,神奈川区,きゃんばす子安台保育園,0歳,5.0,0.0
令和8,神奈川区,きゃんばす子安台保育園,1歳,5.0,0.0
令和8,神奈川区,きゃんばす子安台保育園,2歳,1.666666666666667,0.6666666666666666
令和8,神奈川区,きゃんばす子安台保育園,3歳,5.0,0.0
令和8,神奈川区,きゃんばす子安台保育園,4歳,5.0,0.0
令和8,神奈川区,きゃんばす子安台保育園,5歳,1.666666666666667,0.6666666666666666
令和8,神奈川区,きゃんばす東神奈川保育園,0歳,5.0,0.0
令和8,神奈川区,きゃんばす東神奈川保育園,1歳,2.5,0.5
令和8,神奈川区,きゃんばす東神奈川保育園,2歳,5.0,0.0
令和8,神奈川区,きゃんばす東神奈川保育園,3歳,1.666666666666667,0.6666666666666666
令和8,神奈川区,きゃんばす東神奈川保育園,4歳,1.666666666666667,0.6666666666666666
令和8,神奈川区,きゃんばす東神奈川保育園,5歳,1.666666666666667,0.6666666666666666
令和8,神奈川区,こころキッズ,0歳,5.0,0.0
令和8,神奈川区,こころキッズ,1歳,5.0,0.0
令和8,神奈川区,こころキッズ,2歳,5.0,0.0
令和8,神奈川区,こころキッズ,3歳,5.0,0.0
令和8,神奈川区,こころキッズ,4歳,0.9999999999999998,0.8
令和8,神奈川区,こころキッズ,5歳,5.0,0.0
令和8,神奈川区,こころベイビー,0歳,5.0,0.0
令和8,神奈川区,こころベイビー,1歳,5.0,0.0
令和8,神奈川区,こころベイビー,2歳,5.0,0.0
令和8,神奈川区,こころベイビー,3歳,5.0,0.0
令和8,神奈川区,こころベイビー,4歳,5.0,0.0
令和8,神奈川区,こころベイビー,5歳,5.0,0.0
令和8,神奈川区,こまつな保育園,0歳,1.666666666666667,0.6666666666666666
令和8,神奈川区,こまつな保育園,1歳,1.666666666666667,0.6666666666666666
令和8,神奈川区,こまつな保育園,2歳,2.5,0.5
令和8,神奈川区,こまつな保育園,3歳,5.0,0.0
令和8,神奈川区,こまつな保育園,4歳,5.0,0.0
令和8,神奈川区,こまつな保育園,5歳,5.0,0.0
令和8,神奈川区,たいせつ保育園,0歳,0.7142857142857145,0.8571428571428571
令和8,神奈川区,たいせつ保育園,1歳,0.9999999999999998,0.8
令和8,神奈川区,たいせつ保育園,2歳,5.0,0.0
令和8,神奈川区,たいせつ保育園,3歳,5.0,0.0
令和8,神奈川区,たいせつ保育園,4歳,5.0,0.0
令和8,神奈川区,たいせつ保育園,5歳,5.0,0.0
令和8,神奈川区,たいせつ横浜ポートサイド保育園,0歳,5.0,0.0
令和8,神奈川区,たいせつ横浜ポートサイド保育園,1歳,5.0,0.0
令和8,神奈川区,たいせつ横浜ポートサイド保育園,2歳,2.5,0.5
令和8,神奈川区,たいせつ横浜ポートサイド保育園,3歳,5.0,0.0
令和8,神奈川区,たいせつ横浜ポートサイド保育園,4歳,5.0,0.0
令和8,神奈川区,たいせつ横浜ポートサイド保育園,5歳,5.0,0.0
令和8,神奈川区,なないろきっど保育園,0歳,2.5,0.5
令和8,神奈川区,なないろきっど保育園,1歳,1.666666666666667,0.6666666666666666
令和8,神奈川区,なないろきっど保育園,2歳,2.5,0.5
令和8,神奈川区,なないろきっど保育園,3歳,5.0,0.0
令和8,神奈川区,なないろきっど保育園,4歳,5.0,0.0
令和8,神奈川区,なないろきっど保育園,5歳,2.5,0.5
令和8,神奈川区,ひびき保育園,0歳,5.0,0.0
令和8,神奈川区,ひびき保育園,1歳,5.0,0.0
令和8,神奈川区,ひびき保育園,2歳,5.0,0.0
令和8,神奈川区,ひびき保育園,3歳,5.0,0.0
令和8,神奈川区,ひびき保育園,4歳,5.0,0.0
令和8,神奈川区,ひびき保育園,5歳,5.0,0.0
令和8,神奈川区,ひびき金港町保育園,0歳,5.0,0.0
令和8,神奈川区,ひびき金港町保育園,1歳,5.0,0.0
令和8,神奈川区,ひびき金港町保育園,2歳,5.0,0.0
令和8,神奈川区,ひびき金港町保育園,3歳,2.5,0.5
令和8,神奈川区,ひびき金港町保育園,4歳,5.0,0.0
令和8,神奈川区,ひびき金港町保育園,5歳,5.0,0.0
令和8,神奈川区,みらいつばさ片倉町保育園,0歳,5.0,0.0
令和8,神奈川区,みらいつばさ片倉町保育園,1歳,5.0,0.0
令和8,神奈川区,みらいつばさ片倉町保育園,2歳,5.0,0.0
令和8,神奈川区,みらいつばさ片倉町保育園,3歳,5.0,0.0
令和8,神奈川区,みらいつばさ片倉町保育園,4歳,5.0,0.0
令和8,神奈川区,みらいつばさ片倉町保育園,5歳,5.0,0.0
令和8,神奈川区,めばえ横浜保育園,0歳,5.0,0.0
令和8,神奈川区,めばえ横浜保育園,1歳,2.5,0.5
令和8,神奈川区,めばえ横浜保育園,2歳,1.25,0.75
令和8,神奈川区,めばえ横浜保育園,3歳,0.7142857142857145,0.8571428571428571
令和8,神奈川区,めばえ横浜保育園,4歳,0.8333333333333331,0.8333333333333334
令和8,神奈川区,めばえ横浜保育園,5歳,0.9999999999999998,0.8
令和8,神奈川区,ゆうゆうきっず新子安,0歳,3.7804878048780486,0.24390243902439027
令和8,神奈川区,ゆうゆうきっず新子安,1歳,3.666666666666667,0.26666666666666666
令和8,神奈川区,ゆうゆうきっず新子安,2歳,5.0,0.0
令和8,神奈川区,ゆうゆうきっず新子安,3歳,5.0,0.0
令和8,神奈川区,ゆうゆうきっず新子安,4歳,5.0,0.0
令和8,神奈川区,ゆうゆうきっず新子安,5歳,2.5,0.5
令和8,神奈川区,ゆうゆうきっず横浜,0歳,0.8333333333333331,0.8333333333333334
令和8,神奈川区,ゆうゆうきっず横浜,1歳,5.0,0.0
令和8,神奈川区,ゆうゆうきっず横浜,2歳,5.0,0.0
令和8,神奈川区,ゆうゆうきっず横浜,3歳,2.5,0.5
令和8,神奈川区,ゆうゆうきっず横浜,4歳,1.666666666666667,0.6666666666666666
令和8,神奈川区,ゆうゆうきっず横浜,5歳,2.5,0.5
令和8,神奈川区,アイン三枚町保育園,0歳,5.0,0.0
令和8,神奈川区,アイン三枚町保育園,1歳,5.0,0.0
令和8,神奈川区,アイン三枚町保育園,2歳,5.0,0.0
令和8,神奈川区,アイン三枚町保育園,3歳,5.0,0.0
令和8,神奈川区,アイン三枚町保育園,4歳,2.5,0.5
令和8,神奈川区,アイン三枚町保育園,5歳,5.0,0.0
令和8,神奈川区,アイン松本町保育園,0歳,3.1481481481481484,0.37037037037037035
令和8,神奈川区,アイン松本町保育園,1歳,5.0,0.0
令和8,神奈川区,アイン松本町保育園,2歳,1.25,0.75
令和8,神奈川区,アイン松本町保育園,3歳,0.9999999999999998,0.8
令和8,神奈川区,アイン松本町保育園,4歳,1.666666666666667,0.6666666666666666
令和8,神奈川区,アイン松本町保育園,5歳,1.25,0.75
令和8,神奈川区,アイン高島台保育園,0歳,2.872340425531915,0.425531914893617
令和8,神奈川区,アイン高島台保育園,1歳,5.0,0.0
令和8,神奈川区,アイン高島台保育園,2歳,5.0,0.0
令和8,神奈川区,アイン高島台保育園,3歳,1.666666666666667,0.6666666666666666
令和8,神奈川区,アイン高島台保育園,4歳,5.0,0.0
令和8,神奈川区,アイン高島台保育園,5歳,5.0,0.0
令和8,神奈川区,ウィズブック保育園青木町,0歳,2.5,0.5
令和8,神奈川区,ウィズブック保育園青木町,1歳,5.0,0.0
令和8,神奈川区,ウィズブック保育園青木町,2歳,2.5,0.5
令和8,神奈川区,ウィズブック保育園青木町,3歳,5.0,0.0
令和8,神奈川区,ウィズブック保育園青木町,4歳,0.9999999999999998,0.8
令和8,神奈川区,ウィズブック保育園青木町,5歳,1.666666666666667,0.6666666666666666
令和8,神奈川区,エンゼル保育園,0歳,5.0,0.0
令和8,神奈川区,エンゼル保育園,1歳,5.0,0.0
令和8,神奈川区,エンゼル保育園,2歳,2.5,0.5
令和8,神奈川区,エンゼル保育園,3歳,2.5,0.5
令和8,神奈川区,エンゼル保育園,4歳,2.5,0.5
令和8,神奈川区,エンゼル保育園,5歳,2.5,0.5
令和8,神奈川区,キッズパートナー六角橋,0歳,2.5,0.5
令和8,神奈川区,キッズパートナー六角橋,1歳,5.0,0.0
令和8,神奈川区,キッズパートナー六角橋,2歳,5.0,0.0
令和8,神奈川区,キッズパートナー六角橋,3歳,2.5,0.5
令和8,神奈川区,キッズパートナー六角橋,4歳,0.625,0.875
令和8,神奈川区,キッズパートナー六角橋,5歳,0.8333333333333331,0.8333333333333334
令和8,神奈川区,キッズパートナー妙蓮寺,0歳,5.0,0.0
令和8,神奈川区,キッズパートナー妙蓮寺,1歳,5.0,0.0
令和8,神奈川区,キッズパートナー妙蓮寺,2歳,5.0,0.0
令和8,神奈川区,キッズパートナー妙蓮寺,3歳,0.9999999999999998,0.8
令和8,神奈川区,キッズパートナー妙蓮寺,4歳,0.9999999999999998,0.8
令和8,神奈川区,キッズパートナー妙蓮寺,5歳,2.5,0.5
令和8,神奈川区,キッズパートナー新子安,0歳,1.666666666666667,0.6666666666666666
令和8,神奈川区,キッズパートナー新子安,1歳,5.0,0.0
令和8,神奈川区,キッズパートナー新子安,2歳,2.5,0.5
令和8,神奈川区,キッズパートナー新子安,3歳,5.0,0.0
令和8,神奈川区,キッズパートナー新子安,4歳,5.0,0.0
令和8,神奈川区,キッズパートナー新子安,5歳,5.0,0.0
令和8,神奈川区,キッズパートナー東白楽,0歳,1.25,0.75
令和8,神奈川区,キッズパートナー東白楽,1歳,1.666666666666667,0.6666666666666666
令和8,神奈川区,キッズパートナー東白楽,2歳,1.666666666666667,0.6666666666666666
令和8,神奈川区,キッズパートナー東白楽,3歳,5.0,0.0
令和8,神奈川区,キッズパートナー東白楽,4歳,5.0,0.0
令和8,神奈川区,キッズパートナー東白楽,5歳,5.0,0.0
令和8,神奈川区,キッズラボ白楽園,0歳,0.8333333333333331,0.8333333333333334
令和8,神奈川区,キッズラボ白楽園,1歳,5.0,0.0
令和8,神奈川区,キッズラボ白楽園,2歳,5.0,0.0
令和8,神奈川区,キッズラボ白楽園,3歳,0.8333333333333331,0.8333333333333334
令和8,神奈川区,キッズラボ白楽園,4歳,1.666666666666667,0.6666666666666666
令和8,神奈川区,キッズラボ白楽園,5歳,1.25,0.75
令和8,神奈川区,クルミ保育園,0歳,5.0,0.0
令和8,神奈川区,クルミ保育園,1歳,5.0,0.0
令和8,神奈川区,クルミ保育園,2歳,2.5,0.5
令和8,神奈川区,クルミ保育園,3歳,1.666666666666667,0.6666666666666666
令和8,神奈川区,クルミ保育園,4歳,1.666666666666667,0.6666666666666666
令和8,神奈川区,クルミ保育園,5歳,0.4545454545454547,0.9090909090909091
令和8,神奈川区,グローバルキッズ大口園,0歳,5.0,0.0
令和8,神奈川区,グローバルキッズ大口園,1歳,5.0,0.0
令和8,神奈川区,グローバルキッズ大口園,2歳,5.0,0.0
令和8,神奈川区,グローバルキッズ大口園,3歳,1.666666666666667,0.6666666666666666
令和8,神奈川区,グローバルキッズ大口園,4歳,5.0,0.0
令和8,神奈川区,グローバルキッズ大口園,5歳,5.0,0.0
令和8,神奈川区,グローバルキッズ子安駅前保育園,0歳,2.5,0.5
令和8,神奈川区,グローバルキッズ子安駅前保育園,1歳,0.625,0.875
令和8,神奈川区,グローバルキッズ子安駅前保育園,2歳,1.666666666666667,0.6666666666666666
令和8,神奈川区,グローバルキッズ子安駅前保育園,3歳,1.666666666666667,0.6666666666666666
令和8,神奈川区,グローバルキッズ子安駅前保育園,4歳,0.8333333333333331,0.8333333333333334
令和8,神奈川区,グローバルキッズ子安駅前保育園,5歳,0.9999999999999998,0.8
令和8,神奈川区,グローバルキッズ新子安保育園,0歳,2.5,0.5
令和8,神奈川区,グローバルキッズ新子安保育園,1歳,5.0,0.0
令和8,神奈川区,グローバルキッズ新子安保育園,2歳,5.0,0.0
令和8,神奈川区,グローバルキッズ新子安保育園,3歳,5.0,0.0
令和8,神奈川区,グローバルキッズ新子安保育園,4歳,5.0,0.0
令和8,神奈川区,グローバルキッズ新子安保育園,5歳,5.0,0.0
令和8,神奈川区,グローバルキッズ新子安第二保育園,0歳,5.0,0.0
令和8,神奈川区,グローバルキッズ新子安第二保育園,1歳,5.0,0.0
令和8,神奈川区,グローバルキッズ新子安第二保育園,2歳,5.0,0.0
令和8,神奈川区,グローバルキッズ新子安第二保育園,3歳,1.25,0.75
令和8,神奈川区,グローバルキッズ新子安第二保育園,4歳,5.0,0.0
令和8,神奈川区,グローバルキッズ新子安第二保育園,5歳,5.0,0.0
令和8,神奈川区,グローバルキッズ白楽園,0歳,1.666666666666667,0.6666666666666666
令和8,神奈川区,グローバルキッズ白楽園,1歳,5.0,0.0
令和8,神奈川区,グローバルキッズ白楽園,2歳,5.0,0.0
令和8,神奈川区,グローバルキッズ白楽園,3歳,2.5,0.5
令和8,神奈川区,グローバルキッズ白楽園,4歳,5.0,0.0
令和8,神奈川区,グローバルキッズ白楽園,5歳,2.5,0.5
令和8,神奈川区,コビープリスクールかたくら,0歳,5.0,0.0
令和8,神奈川区,コビープリスクールかたくら,1歳,5.0,0.0
令和8,神奈川区,コビープリスクールかたくら,2歳,5.0,0.0
令和8,神奈川区,コビープリスクールかたくら,3歳,1.666666666666667,0.6666666666666666
令和8,神奈川区,コビープリスクールかたくら,4歳,5.0,0.0
令和8,神奈川区,コビープリスクールかたくら,5歳,5.0,0.0
令和8,神奈川区,スターチャイルド≪三ッ沢上町ナーサリー≫,0歳,5.0,0.0
令和8,神奈川区,スターチャイルド≪三ッ沢上町ナーサリー≫,1歳,5.0,0.0
令和8,神奈川区,スターチャイルド≪三ッ沢上町ナーサリー≫,2歳,5.0,0.0
令和8,神奈川区,スターチャイルド≪三ッ沢上町ナーサリー≫,3歳,5.0,0.0
令和8,神奈川区,スターチャイルド≪三ッ沢上町ナーサリー≫,4歳,5.0,0.0
令和8,神奈川区,スターチャイルド≪三ッ沢上町ナーサリー≫,5歳,5.0,0.0
令和8,神奈川区,スターチャイルド≪岸根公園ナーサリー≫,0歳,2.5,0.5
令和8,神奈川区,スターチャイルド≪岸根公園ナーサリー≫,1歳,5.0,0.0
令和8,神奈川区,スターチャイルド≪岸根公園ナーサリー≫,2歳,5.0,0.0
令和8,神奈川区,スターチャイルド≪岸根公園ナーサリー≫,3歳,1.666666666666667,0.6666666666666666
令和8,神奈川区,スターチャイルド≪岸根公園ナーサリー≫,4歳,2.5,0.5
令和8,神奈川区,スターチャイルド≪岸根公園ナーサリー≫,5歳,1.666666666666667,0.6666666666666666
令和8,神奈川区,スターチャイルド≪横浜ステーションナーサリー≫,0歳,2.5,0.5
令和8,神奈川区,スターチャイルド≪横浜ステーションナーサリー≫,1歳,3.360655737704918,0.3278688524590164
令和8,神奈川区,スターチャイルド≪横浜ステーションナーサリー≫,2歳,2.5,0.5
令和8,神奈川区,スターチャイルド≪横浜ステーションナーサリー≫,3歳,5.0,0.0
令和8,神奈川区,スターチャイルド≪横浜ステーションナーサリー≫,4歳,5.0,0.0
令和8,神奈川区,スターチャイルド≪横浜ステーションナーサリー≫,5歳,5.0,0.0
令和8,神奈川区,スターチャイルド≪片倉町ナーサリー≫,0歳,5.0,0.0
令和8,神奈川区,スターチャイルド≪片倉町ナーサリー≫,1歳,5.0,0.0
令和8,神奈川区,スターチャイルド≪片倉町ナーサリー≫,2歳,5.0,0.0
令和8,神奈川区,スターチャイルド≪片倉町ナーサリー≫,3歳,2.5,0.5
令和8,神奈川区,スターチャイルド≪片倉町ナーサリー≫,4歳,5.0,0.0
令和8,神奈川区,スターチャイルド≪片倉町ナーサリー≫,5歳,2.5,0.5
令和8,神奈川区,スターチャイルド≪白楽ナーサリー≫,0歳,1.666666666666667,0.6666666666666666
令和8,神奈川区,スターチャイルド≪白楽ナーサリー≫,1歳,5.0,0.0
令和8,神奈川区,スターチャイルド≪白楽ナーサリー≫,2歳,5.0,0.0
令和8,神奈川区,スターチャイルド≪白楽ナーサリー≫,3歳,1.25,0.75
令和8,神奈川区,スターチャイルド≪白楽ナーサリー≫,4歳,5.0,0.0
令和8,神奈川区,スターチャイルド≪白楽ナーサリー≫,5歳,2.5,0.5
令和8,神奈川区,ナーサリー横浜ポートサイド,0歳,5.0,0.0
令和8,神奈川区,ナーサリー横浜ポートサイド,1歳,5.0,0.0
令和8,神奈川区,ナーサリー横浜ポートサイド,2歳,5.0,0.0
令和8,神奈川区,ナーサリー横浜ポートサイド,3歳,2.5,0.5
令和8,神奈川区,ナーサリー横浜ポートサイド,4歳,1.25,0.75
令和8,神奈川区,ナーサリー横浜ポートサイド,5歳,5.0,0.0
令和8,神奈川区,フレール保育園,0歳,2.5,0.5
令和8,神奈川区,フレール保育園,1歳,5.0,0.0
令和8,神奈川区,フレール保育園,2歳,5.0,0.0
令和8,神奈川区,フレール保育園,3歳,2.5,0.5
令和8,神奈川区,フレール保育園,4歳,5.0,0.0
令和8,神奈川区,フレール保育園,5歳,5.0,0.0
令和8,神奈川区,ブライト保育園横浜松見町,0歳,0.9999999999999998,0.8
令和8,神奈川区,ブライト保育園横浜松見町,1歳,5.0,0.0
令和8,神奈川区,ブライト保育園横浜松見町,2歳,5.0,0.0
令和8,神奈川区,ブライト保育園横浜松見町,3歳,5.0,0.0
令和8,神奈川区,ブライト保育園横浜松見町,4歳,5.0,0.0
令和8,神奈川区,ブライト保育園横浜松見町,5歳,5.0,0.0
令和8,神奈川区,ポピンズナーサリースクール片倉町,0歳,5.0,0.0
令和8,神奈川区,ポピンズナーサリースクール片倉町,1歳,5.0,0.0
令和8,神奈川区,ポピンズナーサリースクール片倉町,2歳,5.0,0.0
令和8,神奈川区,ポピンズナーサリースクール片倉町,3歳,5.0,0.0
令和8,神奈川区,ポピンズナーサリースクール片倉町,4歳,5.0,0.0
令和8,神奈川区,ポピンズナーサリースクール片倉町,5歳,5.0,0.0
令和8,神奈川区,ポピンズナーサリースクール片倉町駅前,0歳,5.0,0.0
令和8,神奈川区,ポピンズナーサリースクール片倉町駅前,1歳,5.0,0.0
令和8,神奈川区,ポピンズナーサリースクール片倉町駅前,2歳,5.0,0.0
令和8,神奈川区,ポピンズナーサリースクール片倉町駅前,3歳,5.0,0.0
令和8,神奈川区,ポピンズナーサリースクール片倉町駅前,4歳,5.0,0.0
令和8,神奈川区,ポピンズナーサリースクール片倉町駅前,5歳,5.0,0.0
令和8,神奈川区,ポートサイド野ばな保育園,0歳,5.0,0.0
令和8,神奈川区,ポートサイド野ばな保育園,1歳,0.8333333333333331,0.8333333333333334
令和8,神奈川区,ポートサイド野ばな保育園,2歳,1.25,0.75
令和8,神奈川区,ポートサイド野ばな保育園,3歳,5.0,0.0
令和8,神奈川区,ポートサイド野ばな保育園,4歳,5.0,0.0
令和8,神奈川区,ポートサイド野ばな保育園,5歳,5.0,0.0
令和8,神奈川区,マフィス白楽ナーサリー,0歳,5.0,0.0
令和8,神奈川区,マフィス白楽ナーサリー,1歳,5.0,0.0
令和8,神奈川区,マフィス白楽ナーサリー,2歳,5.0,0.0
令和8,神奈川区,マフィス白楽ナーサリー,3歳,1.25,0.75
令和8,神奈川区,マフィス白楽ナーサリー,4歳,1.25,0.75
令和8,神奈川区,マフィス白楽ナーサリー,5歳,1.25,0.75
令和8,神奈川区,ミアヘルサ保育園ひびき羽沢横浜国大,0歳,5.0,0.0
令和8,神奈川区,ミアヘルサ保育園ひびき羽沢横浜国大,1歳,5.0,0.0
令和8,神奈川区,ミアヘルサ保育園ひびき羽沢横浜国大,2歳,5.0,0.0
令和8,神奈川区,ミアヘルサ保育園ひびき羽沢横浜国大,3歳,5.0,0.0
令和8,神奈川区,ミアヘルサ保育園ひびき羽沢横浜国大,4歳,5.0,0.0
令和8,神奈川区,ミアヘルサ保育園ひびき羽沢横浜国大,5歳,0.5555555555555558,0.8888888888888888
令和8,神奈川区,メリー★ポピンズ東神奈川ルーム,0歳,5.0,0.0
令和8,神奈川区,メリー★ポピンズ東神奈川ルーム,1歳,2.5,0.5
令和8,神奈川区,メリー★ポピンズ東神奈川ルーム,2歳,5.0,0.0
令和8,神奈川区,メリー★ポピンズ東神奈川ルーム,3歳,2.5,0.5
令和8,神奈川区,メリー★ポピンズ東神奈川ルーム,4歳,2.5,0.5
令和8,神奈川区,メリー★ポピンズ東神奈川ルーム,5歳,5.0,0.0
令和8,神奈川区,リトルスカラー新子安保育園,0歳,2.5,0.5
令和8,神奈川区,リトルスカラー新子安保育園,1歳,2.5,0.5
令和8,神奈川区,リトルスカラー新子安保育園,2歳,2.5,0.5
令和8,神奈川区,リトルスカラー新子安保育園,3歳,5.0,0.0
令和8,神奈川区,リトルスカラー新子安保育園,4歳,5.0,0.0
令和8,神奈川区,リトルスカラー新子安保育園,5歳,5.0,0.0
令和8,神奈川区,三ツ沢保育園,0歳,5.0,0.0
令和8,神奈川区,三ツ沢保育園,1歳,5.0,0.0
令和8,神奈川区,三ツ沢保育園,2歳,5.0,0.0
令和8,神奈川区,三ツ沢保育園,3歳,1.666666666666667,0.6666666666666666
令和8,神奈川区,三ツ沢保育園,4歳,2.5,0.5
令和8,神奈川区,三ツ沢保育園,5歳,5.0,0.0
令和8,神奈川区,京浜保育園パステル,0歳,1.666666666666667,0.6666666666666666
令和8,神奈川区,京浜保育園パステル,1歳,5.0,0.0
令和8,神奈川区,京浜保育園パステル,2歳,5.0,0.0
令和8,神奈川区,京浜保育園パステル,3歳,5.0,0.0
令和8,神奈川区,京浜保育園パステル,4歳,5.0,0.0
令和8,神奈川区,京浜保育園パステル,5歳,5.0,0.0
令和8,神奈川区,京進のほいくえんＨＯＰＰＡ反町園,0歳,2.5,0.5
令和8,神奈川区,京進のほいくえんＨＯＰＰＡ反町園,1歳,1.25,0.75
令和8,神奈川区,京進のほいくえんＨＯＰＰＡ反町園,2歳,5.0,0.0
令和8,神奈川区,京進のほいくえんＨＯＰＰＡ反町園,3歳,5.0,0.0
令和8,神奈川区,京進のほいくえんＨＯＰＰＡ反町園,4歳,5.0,0.0
令和8,神奈川区,京進のほいくえんＨＯＰＰＡ反町園,5歳,5.0,0.0
令和8,神奈川区,保育ルーム　岸根公園前,0歳,5.0,0.0
令和8,神奈川区,保育ルーム　岸根公園前,1歳,5.0,0.0
令和8,神奈川区,保育ルーム　岸根公園前,2歳,5.0,0.0
令和8,神奈川区,保育ルーム　岸根公園前,3歳,5.0,0.0
令和8,神奈川区,保育ルーム　岸根公園前,4歳,5.0,0.0
令和8,神奈川区,保育ルーム　岸根公園前,5歳,5.0,0.0
令和8,神奈川区,保育園こりす,0歳,5.0,0.0
令和8,神奈川区,保育園こりす,1歳,5.0,0.0
令和8,神奈川区,保育園こりす,2歳,5.0,0.0
令和8,神奈川区,保育園こりす,3歳,5.0,0.0
令和8,神奈川区,保育園こりす,4歳,5.0,0.0
令和8,神奈川区,保育園こりす,5歳,5.0,0.0
令和8,神奈川区,反町ひかり保育園,0歳,5.0,0.0
令和8,神奈川区,反町ひかり保育園,1歳,5.0,0.0
令和8,神奈川区,反町ひかり保育園,2歳,1.666666666666667,0.6666666666666666
令和8,神奈川区,反町ひかり保育園,3歳,1.25,0.75
令和8,神奈川区,反町ひかり保育園,4歳,0.9999999999999998,0.8
令和8,神奈川区,反町ひかり保育園,5歳,0.625,0.875
令和8,神奈川区,太陽の子　新子安保育園,0歳,1.666666666666667,0.6666666666666666
令和8,神奈川区,太陽の子　新子安保育園,1歳,5.0,0.0
令和8,神奈川区,太陽の子　新子安保育園,2歳,5.0,0.0
令和8,神奈川区,太陽の子　新子安保育園,3歳,5.0,0.0
令和8,神奈川区,太陽の子　新子安保育園,4歳,5.0,0.0
令和8,神奈川区,太陽の子　新子安保育園,5歳,1.666666666666667,0.6666666666666666
令和8,神奈川区,小鳩保育園,0歳,1.25,0.75
令和8,神奈川区,小鳩保育園,1歳,1.25,0.75
令和8,神奈川区,小鳩保育園,2歳,1.25,0.75
令和8,神奈川区,小鳩保育園,3歳,0.625,0.875
令和8,神奈川区,小鳩保育園,4歳,1.666666666666667,0.6666666666666666
令和8,神奈川区,小鳩保育園,5歳,1.25,0.75
令和8,神奈川区,小鳩保育園分園,0歳,0.8333333333333331,0.8333333333333334
令和8,神奈川区,小鳩保育園分園,1歳,1.666666666666667,0.6666666666666666
令和8,神奈川区,小鳩保育園分園,2歳,5.0,0.0
令和8,神奈川区,小鳩保育園分園,3歳,0.7142857142857145,0.8571428571428571
令和8,神奈川区,小鳩保育園分園,4歳,0.9999999999999998,0.8
令和8,神奈川区,小鳩保育園分園,5歳,0.9999999999999998,0.8
令和8,神奈川区,東神奈川ひかり保育園,0歳,1.25,0.75
令和8,神奈川区,東神奈川ひかり保育園,1歳,1.666666666666667,0.6666666666666666
令和8,神奈川区,東神奈川ひかり保育園,2歳,1.25,0.75
令和8,神奈川区,東神奈川ひかり保育園,3歳,5.0,0.0
令和8,神奈川区,東神奈川ひかり保育園,4歳,5.0,0.0
令和8,神奈川区,東神奈川ひかり保育園,5歳,5.0,0.0
令和8,神奈川区,横浜すきっぷ保育園,0歳,5.0,0.0
令和8,神奈川区,横浜すきっぷ保育園,1歳,5.0,0.0
令和8,神奈川区,横浜すきっぷ保育園,2歳,2.5,0.5
令和8,神奈川区,横浜すきっぷ保育園,3歳,0.9999999999999998,0.8
令和8,神奈川区,横浜すきっぷ保育園,4歳,1.25,0.75
令和8,神奈川区,横浜すきっぷ保育園,5歳,2.5,0.5
令和8,神奈川区,横浜シュタイナー保育園,0歳,5.0,0.0
令和8,神奈川区,横浜シュタイナー保育園,1歳,5.0,0.0
令和8,神奈川区,横浜シュタイナー保育園,2歳,5.0,0.0
令和8,神奈川区,横浜シュタイナー保育園,3歳,5.0,0.0
令和8,神奈川区,横浜シュタイナー保育園,4歳,5.0,0.0
令和8,神奈川区,横浜シュタイナー保育園,5歳,5.0,0.0
令和8,神奈川区,横浜ノーベル保育園,0歳,5.0,0.0
令和8,神奈川区,横浜ノーベル保育園,1歳,2.5,0.5
令和8,神奈川区,横浜ノーベル保育園,2歳,1.666666666666667,0.6666666666666666
令和8,神奈川区,横浜ノーベル保育園,3歳,5.0,0.0
令和8,神奈川区,横浜ノーベル保育園,4歳,5.0,0.0
令和8,神奈川区,横浜ノーベル保育園,5歳,5.0,0.0
令和8,神奈川区,横浜大口雲母保育園,0歳,1.25,0.75
令和8,神奈川区,横浜大口雲母保育園,1歳,5.0,0.0
令和8,神奈川区,横浜大口雲母保育園,2歳,2.5,0.5
令和8,神奈川区,横浜大口雲母保育園,3歳,0.9999999999999998,0.8
令和8,神奈川区,横浜大口雲母保育園,4歳,5.0,0.0
令和8,神奈川区,横浜大口雲母保育園,5歳,5.0,0.0
令和8,神奈川区,横浜市松見保育園,0歳,2.5,0.5
令和8,神奈川区,横浜市松見保育園,1歳,5.0,0.0
令和8,神奈川区,横浜市松見保育園,2歳,5.0,0.0
令和8,神奈川区,横浜市松見保育園,3歳,1.666666666666667,0.6666666666666666
令和8,神奈川区,横浜市松見保育園,4歳,1.666666666666667,0.6666666666666666
令和8,神奈川区,横浜市松見保育園,5歳,1.25,0.75
令和8,神奈川区,横浜市神大寺保育園,0歳,5.0,0.0
令和8,神奈川区,横浜市神大寺保育園,1歳,5.0,0.0
令和8,神奈川区,横浜市神大寺保育園,2歳,5.0,0.0
令和8,神奈川区,横浜市神大寺保育園,3歳,5.0,0.0
令和8,神奈川区,横浜市神大寺保育園,4歳,0.8333333333333331,0.8333333333333334
令和8,神奈川区,横浜市神大寺保育園,5歳,0.5555555555555558,0.8888888888888888
令和8,神奈川区,横浜市西菅田保育園,0歳,5.0,0.0
令和8,神奈川区,横浜市西菅田保育園,1歳,5.0,0.0
令和8,神奈川区,横浜市西菅田保育園,2歳,5.0,0.0
令和8,神奈川区,横浜市西菅田保育園,3歳,1.666666666666667,0.6666666666666666
令和8,神奈川区,横浜市西菅田保育園,4歳,1.666666666666667,0.6666666666666666
令和8,神奈川区,横浜市西菅田保育園,5歳,2.5,0.5
令和8,神奈川区,浦島保育園,0歳,2.297297297297298,0.5405405405405405
令和8,神奈川区,浦島保育園,1歳,5.0,0.0
令和8,神奈川区,浦島保育園,2歳,1.666666666666667,0.6666666666666666
令和8,神奈川区,浦島保育園,3歳,1.25,0.75
令和8,神奈川区,浦島保育園,4歳,2.5,0.5
令和8,神奈川区,浦島保育園,5歳,1.25,0.75
令和8,神奈川区,白幡フレール保育園,0歳,5.0,0.0
令和8,神奈川区,白幡フレール保育園,1歳,5.0,0.0
令和8,神奈川区,白幡フレール保育園,2歳,5.0,0.0
令和8,神奈川区,白幡フレール保育園,3歳,0.4545454545454547,0.9090909090909091
令和8,神奈川区,白幡フレール保育園,4歳,1.666666666666667,0.6666666666666666
令和8,神奈川区,白幡フレール保育園,5歳,5.0,0.0
令和8,神奈川区,白幡保育園,0歳,0.4999999999999999,0.9
令和8,神奈川区,白幡保育園,1歳,5.0,0.0
令和8,神奈川区,白幡保育園,2歳,5.0,0.0
令和8,神奈川区,白幡保育園,3歳,2.5,0.5
令和8,神奈川区,白幡保育園,4歳,2.5,0.5
令和8,神奈川区,白幡保育園,5歳,5.0,0.0
令和8,神奈川区,白楽あいいく保育園,0歳,5.0,0.0
令和8,神奈川区,白楽あいいく保育園,1歳,5.0,0.0
令和8,神奈川区,白楽あいいく保育園,2歳,1.666666666666667,0.6666666666666666
令和8,神奈川区,白楽あいいく保育園,3歳,0.8333333333333331,0.8333333333333334
令和8,神奈川区,白楽あいいく保育園,4歳,0.625,0.875
令和8,神奈川区,白楽あいいく保育園,5歳,5.0,0.0
令和8,神奈川区,白百合乳児保育園,0歳,1.666666666666667,0.6666666666666666
令和8,神奈川区,白百合乳児保育園,1歳,1.25,0.75
令和8,神奈川区,白百合乳児保育園,2歳,0.4999999999999999,0.9
令和8,神奈川区,白百合乳児保育園,3歳,1.666666666666667,0.6666666666666666
令和8,神奈川区,白百合乳児保育園,4歳,2.5,0.5
令和8,神奈川区,白百合乳児保育園,5歳,1.25,0.75
令和8,神奈川区,神ノ木保育園,0歳,5.0,0.0
令和8,神奈川区,神ノ木保育園,1歳,5.0,0.0
令和8,神奈川区,神ノ木保育園,2歳,5.0,0.0
令和8,神奈川区,神ノ木保育園,3歳,1.666666666666667,0.6666666666666666
令和8,神奈川区,神ノ木保育園,4歳,0.9999999999999998,0.8
令和8,神奈川区,神ノ木保育園,5歳,2.5,0.5
令和8,神奈川区,空と杜の保育園かんだいじ,0歳,5.0,0.0
令和8,神奈川区,空と杜の保育園かんだいじ,1歳,5.0,0.0
令和8,神奈川区,空と杜の保育園かんだいじ,2歳,5.0,0.0
令和8,神奈川区,空と杜の保育園かんだいじ,3歳,1.25,0.75
令和8,神奈川区,空と杜の保育園かんだいじ,4歳,1.25,0.75
令和8,神奈川区,空と杜の保育園かんだいじ,5歳,5.0,0.0
令和8,神奈川区,第二白百合乳児保育園,0歳,1.25,0.75
令和8,神奈川区,第二白百合乳児保育園,1歳,5.0,0.0
令和8,神奈川区,第二白百合乳児保育園,2歳,0.9999999999999998,0.8
令和8,神奈川区,第二白百合乳児保育園,3歳,5.0,0.0
令和8,神奈川区,第二白百合乳児保育園,4歳,1.666666666666667,0.6666666666666666
令和8,神奈川区,第二白百合乳児保育園,5歳,5.0,0.0
令和8,神奈川区,羽沢保育園,0歳,5.0,0.0
令和8,神奈川区,羽沢保育園,1歳,5.0,0.0
令和8,神奈川区,羽沢保育園,2歳,5.0,0.0
令和8,神奈川区,羽沢保育園,3歳,2.5,0.5
令和8,神奈川区,羽沢保育園,4歳,5.0,0.0
令和8,神奈川区,羽沢保育園,5歳,5.0,0.0
令和8,神奈川区,聖徳保育園,0歳,1.666666666666667,0.6666666666666666
令和8,神奈川区,聖徳保育園,1歳,5.0,0.0
令和8,神奈川区,聖徳保育園,2歳,0.625,0.875
令和8,神奈川区,聖徳保育園,3歳,0.9999999999999998,0.8
令和8,神奈川区,聖徳保育園,4歳,0.4999999999999999,0.9
令和8,神奈川区,聖徳保育園,5歳,0.625,0.875
令和8,神奈川区,西寺尾チューリップルーム,0歳,5.0,0.0
令和8,神奈川区,西寺尾チューリップルーム,1歳,5.0,0.0
令和8,神奈川区,西寺尾チューリップルーム,2歳,5.0,0.0
令和8,神奈川区,西寺尾チューリップルーム,3歳,5.0,0.0
令和8,神奈川区,西寺尾チューリップルーム,4歳,5.0,0.0
令和8,神奈川区,西寺尾チューリップルーム,5歳,5.0,0.0
令和8,神奈川区,西寺尾保育園,0歳,0.8333333333333331,0.8333333333333334
令和8,神奈川区,西寺尾保育園,1歳,5.0,0.0
令和8,神奈川区,西寺尾保育園,2歳,5.0,0.0
令和8,神奈川区,西寺尾保育園,3歳,1.666666666666667,0.6666666666666666
令和8,神奈川区,西寺尾保育園,4歳,2.5,0.5
令和8,神奈川区,西寺尾保育園,5歳,5.0,0.0
令和8,神奈川区,認定こども園捜真幼稚園,0歳,5.0,0.0
令和8,神奈川区,認定こども園捜真幼稚園,1歳,5.0,0.0
令和8,神奈川区,認定こども園捜真幼稚園,2歳,5.0,0.0
令和8,神奈川区,認定こども園捜真幼稚園,3歳,5.0,0.0
令和8,神奈川区,認定こども園捜真幼稚園,4歳,5.0,0.0
令和8,神奈川区,認定こども園捜真幼稚園,5歳,5.0,0.0
令和8,神奈川区,ＧＥＮＫＩＤＳバイリンガル保育園新子安,0歳,2.5,0.5
令和8,神奈川区,ＧＥＮＫＩＤＳバイリンガル保育園新子安,1歳,5.0,0.0
令和8,神奈川区,ＧＥＮＫＩＤＳバイリンガル保育園新子安,2歳,1.666666666666667,0.6666666666666666
令和8,神奈川区,ＧＥＮＫＩＤＳバイリンガル保育園新子安,3歳,2.5,0.5
令和8,神奈川区,ＧＥＮＫＩＤＳバイリンガル保育園新子安,4歳,5.0,0.0
令和8,神奈川区,ＧＥＮＫＩＤＳバイリンガル保育園新子安,5歳,2.5,0.5
令和8,神奈川区,ＳＵＮＮＹ　ＫＩＤ保育園,0歳,1.25,0.75
令和8,神奈川区,ＳＵＮＮＹ　ＫＩＤ保育園,1歳,5.0,0.0
令和8,神奈川区,ＳＵＮＮＹ　ＫＩＤ保育園,2歳,5.0,0.0
令和8,神奈川区,ＳＵＮＮＹ　ＫＩＤ保育園,3歳,5.0,0.0
令和8,神奈川区,ＳＵＮＮＹ　ＫＩＤ保育園,4歳,5.0,0.0
令和8,神奈川区,ＳＵＮＮＹ　ＫＩＤ保育園,5歳,5.0,0.0
令和8,神奈川区,ＹＭＣＡ東かながわ保育園,0歳,0.8333333333333331,0.8333333333333334
令和8,神奈川区,ＹＭＣＡ東かながわ保育園,1歳,5.0,0.0
令和8,神奈川区,ＹＭＣＡ東かながわ保育園,2歳,5.0,0.0
令和8,神奈川区,ＹＭＣＡ東かながわ保育園,3歳,5.0,0.0
令和8,神奈川区,ＹＭＣＡ東かながわ保育園,4歳,5.0,0.0
令和8,神奈川区,ＹＭＣＡ東かながわ保育園,5歳,5.0,0.0
令和8,緑区,おひさますまいる保育園,0歳,5.0,0.0
令和8,緑区,おひさますまいる保育園,1歳,5.0,0.0
令和8,緑区,おひさますまいる保育園,2歳,5.0,0.0
令和8,緑区,おひさますまいる保育園,3歳,5.0,0.0
令和8,緑区,おひさますまいる保育園,4歳,5.0,0.0
令和8,緑区,おひさますまいる保育園,5歳,2.5,0.5
令和8,緑区,さくらの郷みらい保育園,0歳,5.0,0.0
令和8,緑区,さくらの郷みらい保育園,1歳,5.0,0.0
令和8,緑区,さくらの郷みらい保育園,2歳,5.0,0.0
令和8,緑区,さくらの郷みらい保育園,3歳,5.0,0.0
令和8,緑区,さくらの郷みらい保育園,4歳,5.0,0.0
令和8,緑区,さくらの郷みらい保育園,5歳,1.666666666666667,0.6666666666666666
令和8,緑区,すまいる保育園,0歳,2.5,0.5
令和8,緑区,すまいる保育園,1歳,5.0,0.0
令和8,緑区,すまいる保育園,2歳,5.0,0.0
令和8,緑区,すまいる保育園,3歳,5.0,0.0
令和8,緑区,すまいる保育園,4歳,5.0,0.0
令和8,緑区,すまいる保育園,5歳,5.0,0.0
令和8,緑区,すまいる十日市場保育園,0歳,5.0,0.0
令和8,緑区,すまいる十日市場保育園,1歳,5.0,0.0
令和8,緑区,すまいる十日市場保育園,2歳,2.5,0.5
令和8,緑区,すまいる十日市場保育園,3歳,5.0,0.0
令和8,緑区,すまいる十日市場保育園,4歳,5.0,0.0
令和8,緑区,すまいる十日市場保育園,5歳,5.0,0.0
令和8,緑区,そよかぜ保育園,0歳,2.727272727272727,0.45454545454545453
令和8,緑区,そよかぜ保育園,1歳,5.0,0.0
令和8,緑区,そよかぜ保育園,2歳,5.0,0.0
令和8,緑区,そよかぜ保育園,3歳,5.0,0.0
令和8,緑区,そよかぜ保育園,4歳,5.0,0.0
令和8,緑区,そよかぜ保育園,5歳,5.0,0.0
令和8,緑区,たけやまの森保育園,0歳,5.0,0.0
令和8,緑区,たけやまの森保育園,1歳,5.0,0.0
令和8,緑区,たけやまの森保育園,2歳,5.0,0.0
令和8,緑区,たけやまの森保育園,3歳,5.0,0.0
令和8,緑区,たけやまの森保育園,4歳,2.5,0.5
令和8,緑区,たけやまの森保育園,5歳,1.25,0.75
令和8,緑区,といろきっず中山保育園,0歳,2.5,0.5
令和8,緑区,といろきっず中山保育園,1歳,5.0,0.0
令和8,緑区,といろきっず中山保育園,2歳,5.0,0.0
令和8,緑区,といろきっず中山保育園,3歳,5.0,0.0
令和8,緑区,といろきっず中山保育園,4歳,5.0,0.0
令和8,緑区,といろきっず中山保育園,5歳,5.0,0.0
令和8,緑区,にこにこすまいる園,0歳,2.5,0.5
令和8,緑区,にこにこすまいる園,1歳,2.5,0.5
令和8,緑区,にこにこすまいる園,2歳,5.0,0.0
令和8,緑区,にこにこすまいる園,3歳,5.0,0.0
令和8,緑区,にこにこすまいる園,4歳,5.0,0.0
令和8,緑区,にこにこすまいる園,5歳,5.0,0.0
令和8,緑区,にじいろ保育園中山,0歳,5.0,0.0
令和8,緑区,にじいろ保育園中山,1歳,5.0,0.0
令和8,緑区,にじいろ保育園中山,2歳,5.0,0.0
令和8,緑区,にじいろ保育園中山,3歳,2.5,0.5
令和8,緑区,にじいろ保育園中山,4歳,5.0,0.0
令和8,緑区,にじいろ保育園中山,5歳,5.0,0.0
令和8,緑区,にじいろ保育園鴨居,0歳,5.0,0.0
令和8,緑区,にじいろ保育園鴨居,1歳,5.0,0.0
令和8,緑区,にじいろ保育園鴨居,2歳,5.0,0.0
令和8,緑区,にじいろ保育園鴨居,3歳,1.666666666666667,0.6666666666666666
令和8,緑区,にじいろ保育園鴨居,4歳,5.0,0.0
令和8,緑区,にじいろ保育園鴨居,5歳,5.0,0.0
令和8,緑区,ひまわり中山駅前保育園,0歳,5.0,0.0
令和8,緑区,ひまわり中山駅前保育園,1歳,5.0,0.0
令和8,緑区,ひまわり中山駅前保育園,2歳,5.0,0.0
令和8,緑区,ひまわり中山駅前保育園,3歳,5.0,0.0
令和8,緑区,ひまわり中山駅前保育園,4歳,5.0,0.0
令和8,緑区,ひまわり中山駅前保育園,5歳,5.0,0.0
令和8,緑区,まなびの森　ヴィラ十日市場こども園,0歳,5.0,0.0
令和8,緑区,まなびの森　ヴィラ十日市場こども園,1歳,5.0,0.0
令和8,緑区,まなびの森　ヴィラ十日市場こども園,2歳,5.0,0.0
令和8,緑区,まなびの森　ヴィラ十日市場こども園,3歳,5.0,0.0
令和8,緑区,まなびの森　ヴィラ十日市場こども園,4歳,5.0,0.0
令和8,緑区,まなびの森　ヴィラ十日市場こども園,5歳,5.0,0.0
令和8,緑区,まなびの森　中山こども園,0歳,5.0,0.0
令和8,緑区,まなびの森　中山こども園,1歳,5.0,0.0
令和8,緑区,まなびの森　中山こども園,2歳,5.0,0.0
令和8,緑区,まなびの森　中山こども園,3歳,5.0,0.0
令和8,緑区,まなびの森　中山こども園,4歳,2.5,0.5
令和8,緑区,まなびの森　中山こども園,5歳,1.666666666666667,0.6666666666666666
令和8,緑区,まなびの森　十日市場こども園,0歳,5.0,0.0
令和8,緑区,まなびの森　十日市場こども園,1歳,5.0,0.0
令和8,緑区,まなびの森　十日市場こども園,2歳,5.0,0.0
令和8,緑区,まなびの森　十日市場こども園,3歳,5.0,0.0
令和8,緑区,まなびの森　十日市場こども園,4歳,5.0,0.0
令和8,緑区,まなびの森　十日市場こども園,5歳,5.0,0.0
令和8,緑区,まなびの森　長津田こども園,0歳,5.0,0.0
令和8,緑区,まなびの森　長津田こども園,1歳,5.0,0.0
令和8,緑区,まなびの森　長津田こども園,2歳,5.0,0.0
令和8,緑区,まなびの森　長津田こども園,3歳,5.0,0.0
令和8,緑区,まなびの森　長津田こども園,4歳,5.0,0.0
令和8,緑区,まなびの森　長津田こども園,5歳,5.0,0.0
令和8,緑区,まなびの森　鴨居こども園,0歳,5.0,0.0
令和8,緑区,まなびの森　鴨居こども園,1歳,5.0,0.0
令和8,緑区,まなびの森　鴨居こども園,2歳,5.0,0.0
令和8,緑区,まなびの森　鴨居こども園,3歳,5.0,0.0
令和8,緑区,まなびの森　鴨居こども園,4歳,5.0,0.0
令和8,緑区,まなびの森　鴨居こども園,5歳,5.0,0.0
令和8,緑区,みどりさくら保育園,0歳,5.0,0.0
令和8,緑区,みどりさくら保育園,1歳,5.0,0.0
令和8,緑区,みどりさくら保育園,2歳,2.5,0.5
令和8,緑区,みどりさくら保育園,3歳,5.0,0.0
令和8,緑区,みどりさくら保育園,4歳,5.0,0.0
令和8,緑区,みどりさくら保育園,5歳,5.0,0.0
令和8,緑区,みどりひよこ園,0歳,2.5,0.5
令和8,緑区,みどりひよこ園,1歳,2.5,0.5
令和8,緑区,みどりひよこ園,2歳,5.0,0.0
令和8,緑区,みどりひよこ園,3歳,5.0,0.0
令和8,緑区,みどりひよこ園,4歳,5.0,0.0
令和8,緑区,みどりひよこ園,5歳,5.0,0.0
令和8,緑区,みどり寺山保育園,0歳,5.0,0.0
令和8,緑区,みどり寺山保育園,1歳,5.0,0.0
令和8,緑区,みどり寺山保育園,2歳,5.0,0.0
令和8,緑区,みどり寺山保育園,3歳,5.0,0.0
令和8,緑区,みどり寺山保育園,4歳,0.8333333333333331,0.8333333333333334
令和8,緑区,みどり寺山保育園,5歳,0.9999999999999998,0.8
令和8,緑区,みなみ台保育園,0歳,1.666666666666667,0.6666666666666666
令和8,緑区,みなみ台保育園,1歳,5.0,0.0
令和8,緑区,みなみ台保育園,2歳,5.0,0.0
令和8,緑区,みなみ台保育園,3歳,2.5,0.5
令和8,緑区,みなみ台保育園,4歳,5.0,0.0
令和8,緑区,みなみ台保育園,5歳,2.5,0.5
令和8,緑区,みもざ保育園,0歳,0.9999999999999998,0.8
令和8,緑区,みもざ保育園,1歳,2.5,0.5
令和8,緑区,みもざ保育園,2歳,5.0,0.0
令和8,緑区,みもざ保育園,3歳,1.25,0.75
令和8,緑区,みもざ保育園,4歳,1.666666666666667,0.6666666666666666
令和8,緑区,みもざ保育園,5歳,2.5,0.5
令和8,緑区,みらいつぼみ保育園,0歳,5.0,0.0
令和8,緑区,みらいつぼみ保育園,1歳,3.7804878048780486,0.24390243902439027
令和8,緑区,みらいつぼみ保育園,2歳,5.0,0.0
令和8,緑区,みらいつぼみ保育園,3歳,5.0,0.0
令和8,緑区,みらいつぼみ保育園,4歳,5.0,0.0
令和8,緑区,みらいつぼみ保育園,5歳,5.0,0.0
令和8,緑区,もみの木保育園,0歳,5.0,0.0
令和8,緑区,もみの木保育園,1歳,5.0,0.0
令和8,緑区,もみの木保育園,2歳,5.0,0.0
令和8,緑区,もみの木保育園,3歳,5.0,0.0
令和8,緑区,もみの木保育園,4歳,2.5,0.5
令和8,緑区,もみの木保育園,5歳,5.0,0.0
令和8,緑区,もりの風保育園,0歳,1.0629921259842519,0.7874015748031497
令和8,緑区,もりの風保育園,1歳,5.0,0.0
令和8,緑区,もりの風保育園,2歳,5.0,0.0
令和8,緑区,もりの風保育園,3歳,0.625,0.875
令和8,緑区,もりの風保育園,4歳,1.25,0.75
令和8,緑区,もりの風保育園,5歳,1.25,0.75
令和8,緑区,やまゆり中山保育園,0歳,5.0,0.0
令和8,緑区,やまゆり中山保育園,1歳,5.0,0.0
令和8,緑区,やまゆり中山保育園,2歳,5.0,0.0
令和8,緑区,やまゆり中山保育園,3歳,2.5,0.5
令和8,緑区,やまゆり中山保育園,4歳,2.5,0.5
令和8,緑区,やまゆり中山保育園,5歳,5.0,0.0
令和8,緑区,ゆめの実保育園,0歳,5.0,0.0
令和8,緑区,ゆめの実保育園,1歳,1.25,0.75
令和8,緑区,ゆめの実保育園,2歳,2.5,0.5
令和8,緑区,ゆめの実保育園,3歳,5.0,0.0
令和8,緑区,ゆめの実保育園,4歳,5.0,0.0
令和8,緑区,ゆめの実保育園,5歳,5.0,0.0
令和8,緑区,わらべうた中山保育園,0歳,5.0,0.0
令和8,緑区,わらべうた中山保育園,1歳,5.0,0.0
令和8,緑区,わらべうた中山保育園,2歳,5.0,0.0
令和8,緑区,わらべうた中山保育園,3歳,5.0,0.0
令和8,緑区,わらべうた中山保育園,4歳,5.0,0.0
令和8,緑区,わらべうた中山保育園,5歳,5.0,0.0
令和8,緑区,キッズフォレ長津田,0歳,2.872340425531915,0.425531914893617
令和8,緑区,キッズフォレ長津田,1歳,5.0,0.0
令和8,緑区,キッズフォレ長津田,2歳,5.0,0.0
令和8,緑区,キッズフォレ長津田,3歳,5.0,0.0
令和8,緑区,キッズフォレ長津田,4歳,5.0,0.0
令和8,緑区,キッズフォレ長津田,5歳,2.5,0.5
令和8,緑区,グローバルキッズ十日市場園,0歳,1.25,0.75
令和8,緑区,グローバルキッズ十日市場園,1歳,5.0,0.0
令和8,緑区,グローバルキッズ十日市場園,2歳,5.0,0.0
令和8,緑区,グローバルキッズ十日市場園,3歳,1.666666666666667,0.6666666666666666
令和8,緑区,グローバルキッズ十日市場園,4歳,2.5,0.5
令和8,緑区,グローバルキッズ十日市場園,5歳,1.666666666666667,0.6666666666666666
令和8,緑区,シャルール保育園,0歳,1.666666666666667,0.6666666666666666
令和8,緑区,シャルール保育園,1歳,5.0,0.0
令和8,緑区,シャルール保育園,2歳,5.0,0.0
令和8,緑区,シャルール保育園,3歳,1.666666666666667,0.6666666666666666
令和8,緑区,シャルール保育園,4歳,2.5,0.5
令和8,緑区,シャルール保育園,5歳,2.5,0.5
令和8,緑区,スターチャイルド≪中山ナーサリー≫,0歳,5.0,0.0
令和8,緑区,スターチャイルド≪中山ナーサリー≫,1歳,5.0,0.0
令和8,緑区,スターチャイルド≪中山ナーサリー≫,2歳,5.0,0.0
令和8,緑区,スターチャイルド≪中山ナーサリー≫,3歳,2.5,0.5
令和8,緑区,スターチャイルド≪中山ナーサリー≫,4歳,5.0,0.0
令和8,緑区,スターチャイルド≪中山ナーサリー≫,5歳,1.666666666666667,0.6666666666666666
令和8,緑区,スターチャイルド≪長津田ナーサリー≫,0歳,5.0,0.0
令和8,緑区,スターチャイルド≪長津田ナーサリー≫,1歳,5.0,0.0
令和8,緑区,スターチャイルド≪長津田ナーサリー≫,2歳,5.0,0.0
令和8,緑区,スターチャイルド≪長津田ナーサリー≫,3歳,5.0,0.0
令和8,緑区,スターチャイルド≪長津田ナーサリー≫,4歳,0.8333333333333331,0.8333333333333334
令和8,緑区,スターチャイルド≪長津田ナーサリー≫,5歳,1.666666666666667,0.6666666666666666
令和8,緑区,スターチャイルド≪長津田駅前ナーサリー≫,0歳,5.0,0.0
令和8,緑区,スターチャイルド≪長津田駅前ナーサリー≫,1歳,5.0,0.0
令和8,緑区,スターチャイルド≪長津田駅前ナーサリー≫,2歳,5.0,0.0
令和8,緑区,スターチャイルド≪長津田駅前ナーサリー≫,3歳,5.0,0.0
令和8,緑区,スターチャイルド≪長津田駅前ナーサリー≫,4歳,1.25,0.75
令和8,緑区,スターチャイルド≪長津田駅前ナーサリー≫,5歳,2.5,0.5
令和8,緑区,スターチャイルド≪鴨居ナーサリー≫,0歳,5.0,0.0
令和8,緑区,スターチャイルド≪鴨居ナーサリー≫,1歳,5.0,0.0
令和8,緑区,スターチャイルド≪鴨居ナーサリー≫,2歳,5.0,0.0
令和8,緑区,スターチャイルド≪鴨居ナーサリー≫,3歳,5.0,0.0
令和8,緑区,スターチャイルド≪鴨居ナーサリー≫,4歳,5.0,0.0
令和8,緑区,スターチャイルド≪鴨居ナーサリー≫,5歳,1.666666666666667,0.6666666666666666
令和8,緑区,スターチャイルド≪鴨居駅前ナーサリー≫,0歳,5.0,0.0
令和8,緑区,スターチャイルド≪鴨居駅前ナーサリー≫,1歳,5.0,0.0
令和8,緑区,スターチャイルド≪鴨居駅前ナーサリー≫,2歳,5.0,0.0
令和8,緑区,スターチャイルド≪鴨居駅前ナーサリー≫,3歳,5.0,0.0
令和8,緑区,スターチャイルド≪鴨居駅前ナーサリー≫,4歳,0.4999999999999999,0.9
令和8,緑区,スターチャイルド≪鴨居駅前ナーサリー≫,5歳,0.4545454545454547,0.9090909090909091
令和8,緑区,ハッピーシーズくるみ園,0歳,5.0,0.0
令和8,緑区,ハッピーシーズくるみ園,1歳,1.666666666666667,0.6666666666666666
令和8,緑区,ハッピーシーズくるみ園,2歳,5.0,0.0
令和8,緑区,ハッピーシーズくるみ園,3歳,5.0,0.0
令和8,緑区,ハッピーシーズくるみ園,4歳,5.0,0.0
令和8,緑区,ハッピーシーズくるみ園,5歳,5.0,0.0
令和8,緑区,ハッピーシーズりんご園,0歳,5.0,0.0
令和8,緑区,ハッピーシーズりんご園,1歳,2.5,0.5
令和8,緑区,ハッピーシーズりんご園,2歳,5.0,0.0
令和8,緑区,ハッピーシーズりんご園,3歳,5.0,0.0
令和8,緑区,ハッピーシーズりんご園,4歳,5.0,0.0
令和8,緑区,ハッピーシーズりんご園,5歳,5.0,0.0
令和8,緑区,ハッピーシーズ保育園,0歳,5.0,0.0
令和8,緑区,ハッピーシーズ保育園,1歳,1.666666666666667,0.6666666666666666
令和8,緑区,ハッピーシーズ保育園,2歳,5.0,0.0
令和8,緑区,ハッピーシーズ保育園,3歳,5.0,0.0
令和8,緑区,ハッピーシーズ保育園,4歳,5.0,0.0
令和8,緑区,ハッピーシーズ保育園,5歳,5.0,0.0
令和8,緑区,バオバブ霧が丘保育園,0歳,1.666666666666667,0.6666666666666666
令和8,緑区,バオバブ霧が丘保育園,1歳,5.0,0.0
令和8,緑区,バオバブ霧が丘保育園,2歳,5.0,0.0
令和8,緑区,バオバブ霧が丘保育園,3歳,5.0,0.0
令和8,緑区,バオバブ霧が丘保育園,4歳,1.666666666666667,0.6666666666666666
令和8,緑区,バオバブ霧が丘保育園,5歳,1.2616822429906538,0.7476635514018692
令和8,緑区,パレット保育園・長津田,0歳,5.0,0.0
令和8,緑区,パレット保育園・長津田,1歳,5.0,0.0
令和8,緑区,パレット保育園・長津田,2歳,5.0,0.0
令和8,緑区,パレット保育園・長津田,3歳,5.0,0.0
令和8,緑区,パレット保育園・長津田,4歳,1.666666666666667,0.6666666666666666
令和8,緑区,パレット保育園・長津田,5歳,5.0,0.0
令和8,緑区,ピノキオ保育園十日市場園,0歳,5.0,0.0
令和8,緑区,ピノキオ保育園十日市場園,1歳,0.625,0.875
令和8,緑区,ピノキオ保育園十日市場園,2歳,2.5,0.5
令和8,緑区,ピノキオ保育園十日市場園,3歳,5.0,0.0
令和8,緑区,ピノキオ保育園十日市場園,4歳,5.0,0.0
令和8,緑区,ピノキオ保育園十日市場園,5歳,5.0,0.0
令和8,緑区,ポピンズナーサリースクール十日市場駅前,0歳,1.25,0.75
令和8,緑区,ポピンズナーサリースクール十日市場駅前,1歳,5.0,0.0
令和8,緑区,ポピンズナーサリースクール十日市場駅前,2歳,5.0,0.0
令和8,緑区,ポピンズナーサリースクール十日市場駅前,3歳,5.0,0.0
令和8,緑区,ポピンズナーサリースクール十日市場駅前,4歳,5.0,0.0
令和8,緑区,ポピンズナーサリースクール十日市場駅前,5歳,2.5,0.5
令和8,緑区,ポピンズナーサリースクール横浜十日市場,0歳,1.666666666666667,0.6666666666666666
令和8,緑区,ポピンズナーサリースクール横浜十日市場,1歳,5.0,0.0
令和8,緑区,ポピンズナーサリースクール横浜十日市場,2歳,5.0,0.0
令和8,緑区,ポピンズナーサリースクール横浜十日市場,3歳,5.0,0.0
令和8,緑区,ポピンズナーサリースクール横浜十日市場,4歳,2.5,0.5
令和8,緑区,ポピンズナーサリースクール横浜十日市場,5歳,2.5,0.5
令和8,緑区,マームゆりかご　かもい保育園,0歳,5.0,0.0
令和8,緑区,マームゆりかご　かもい保育園,1歳,5.0,0.0
令和8,緑区,マームゆりかご　かもい保育園,2歳,5.0,0.0
令和8,緑区,マームゆりかご　かもい保育園,3歳,5.0,0.0
令和8,緑区,マームゆりかご　かもい保育園,4歳,5.0,0.0
令和8,緑区,マームゆりかご　かもい保育園,5歳,5.0,0.0
令和8,緑区,マームゆりかご　ながつた保育園,0歳,5.0,0.0
令和8,緑区,マームゆりかご　ながつた保育園,1歳,5.0,0.0
令和8,緑区,マームゆりかご　ながつた保育園,2歳,2.5,0.5
令和8,緑区,マームゆりかご　ながつた保育園,3歳,5.0,0.0
令和8,緑区,マームゆりかご　ながつた保育園,4歳,5.0,0.0
令和8,緑区,マームゆりかご　ながつた保育園,5歳,5.0,0.0
令和8,緑区,保育所マナマナハウス,0歳,5.0,0.0
令和8,緑区,保育所マナマナハウス,1歳,5.0,0.0
令和8,緑区,保育所マナマナハウス,2歳,5.0,0.0
令和8,緑区,保育所マナマナハウス,3歳,5.0,0.0
令和8,緑区,保育所マナマナハウス,4歳,5.0,0.0
令和8,緑区,保育所マナマナハウス,5歳,5.0,0.0
令和8,緑区,倉山保育室,0歳,5.0,0.0
令和8,緑区,倉山保育室,1歳,5.0,0.0
令和8,緑区,倉山保育室,2歳,5.0,0.0
令和8,緑区,倉山保育室,3歳,5.0,0.0
令和8,緑区,倉山保育室,4歳,5.0,0.0
令和8,緑区,倉山保育室,5歳,5.0,0.0
令和8,緑区,太陽の子　長津田北保育園,0歳,2.872340425531915,0.425531914893617
令和8,緑区,太陽の子　長津田北保育園,1歳,5.0,0.0
令和8,緑区,太陽の子　長津田北保育園,2歳,5.0,0.0
令和8,緑区,太陽の子　長津田北保育園,3歳,1.666666666666667,0.6666666666666666
令和8,緑区,太陽の子　長津田北保育園,4歳,5.0,0.0
令和8,緑区,太陽の子　長津田北保育園,5歳,5.0,0.0
令和8,緑区,太陽の子　鴨居駅前保育園,0歳,5.0,0.0
令和8,緑区,太陽の子　鴨居駅前保育園,1歳,5.0,0.0
令和8,緑区,太陽の子　鴨居駅前保育園,2歳,5.0,0.0
令和8,緑区,太陽の子　鴨居駅前保育園,3歳,2.5,0.5
令和8,緑区,太陽の子　鴨居駅前保育園,4歳,2.5,0.5
令和8,緑区,太陽の子　鴨居駅前保育園,5歳,1.666666666666667,0.6666666666666666
令和8,緑区,寺山保育園,0歳,5.0,0.0
令和8,緑区,寺山保育園,1歳,5.0,0.0
令和8,緑区,寺山保育園,2歳,5.0,0.0
令和8,緑区,寺山保育園,3歳,5.0,0.0
令和8,緑区,寺山保育園,4歳,5.0,0.0
令和8,緑区,寺山保育園,5歳,5.0,0.0
令和8,緑区,小さな保育園　ままのて,0歳,5.0,0.0
令和8,緑区,小さな保育園　ままのて,1歳,5.0,0.0
令和8,緑区,小さな保育園　ままのて,2歳,5.0,0.0
令和8,緑区,小さな保育園　ままのて,3歳,5.0,0.0
令和8,緑区,小さな保育園　ままのて,4歳,5.0,0.0
令和8,緑区,小さな保育園　ままのて,5歳,5.0,0.0
令和8,緑区,小学館アカデミーなかやま保育園,0歳,5.0,0.0
令和8,緑区,小学館アカデミーなかやま保育園,1歳,5.0,0.0
令和8,緑区,小学館アカデミーなかやま保育園,2歳,5.0,0.0
令和8,緑区,小学館アカデミーなかやま保育園,3歳,5.0,0.0
令和8,緑区,小学館アカデミーなかやま保育園,4歳,5.0,0.0
令和8,緑区,小学館アカデミーなかやま保育園,5歳,5.0,0.0
令和8,緑区,小山保育園,0歳,5.0,0.0
令和8,緑区,小山保育園,1歳,5.0,0.0
令和8,緑区,小山保育園,2歳,5.0,0.0
令和8,緑区,小山保育園,3歳,1.666666666666667,0.6666666666666666
令和8,緑区,小山保育園,4歳,5.0,0.0
令和8,緑区,小山保育園,5歳,2.5,0.5
令和8,緑区,新治保育園,0歳,1.666666666666667,0.6666666666666666
令和8,緑区,新治保育園,1歳,2.5,0.5
令和8,緑区,新治保育園,2歳,5.0,0.0
令和8,緑区,新治保育園,3歳,1.25,0.75
令和8,緑区,新治保育園,4歳,5.0,0.0
令和8,緑区,新治保育園,5歳,5.0,0.0
令和8,緑区,明日葉保育園長津田園,0歳,5.0,0.0
令和8,緑区,明日葉保育園長津田園,1歳,5.0,0.0
令和8,緑区,明日葉保育園長津田園,2歳,5.0,0.0
令和8,緑区,明日葉保育園長津田園,3歳,5.0,0.0
令和8,緑区,明日葉保育園長津田園,4歳,5.0,0.0
令和8,緑区,明日葉保育園長津田園,5歳,5.0,0.0
令和8,緑区,森の台保育園,0歳,5.0,0.0
令和8,緑区,森の台保育園,1歳,5.0,0.0
令和8,緑区,森の台保育園,2歳,2.5,0.5
令和8,緑区,森の台保育園,3歳,2.5,0.5
令和8,緑区,森の台保育園,4歳,5.0,0.0
令和8,緑区,森の台保育園,5歳,5.0,0.0
令和8,緑区,横浜市十日市場保育園,0歳,0.8333333333333331,0.8333333333333334
令和8,緑区,横浜市十日市場保育園,1歳,5.0,0.0
令和8,緑区,横浜市十日市場保育園,2歳,5.0,0.0
令和8,緑区,横浜市十日市場保育園,3歳,5.0,0.0
令和8,緑区,横浜市十日市場保育園,4歳,0.4545454545454547,0.9090909090909091
令和8,緑区,横浜市十日市場保育園,5歳,0.41666666666666685,0.9166666666666666
令和8,緑区,横浜市長津田保育園,0歳,0.625,0.875
令和8,緑区,横浜市長津田保育園,1歳,5.0,0.0
令和8,緑区,横浜市長津田保育園,2歳,5.0,0.0
令和8,緑区,横浜市長津田保育園,3歳,0.8333333333333331,0.8333333333333334
令和8,緑区,横浜市長津田保育園,4歳,0.9999999999999998,0.8
令和8,緑区,横浜市長津田保育園,5歳,0.41666666666666685,0.9166666666666666
令和8,緑区,横浜市鴨居保育園,0歳,5.0,0.0
令和8,緑区,横浜市鴨居保育園,1歳,5.0,0.0
令和8,緑区,横浜市鴨居保育園,2歳,5.0,0.0
令和8,緑区,横浜市鴨居保育園,3歳,5.0,0.0
令和8,緑区,横浜市鴨居保育園,4歳,0.8333333333333331,0.8333333333333334
令和8,緑区,横浜市鴨居保育園,5歳,1.666666666666667,0.6666666666666666
令和8,緑区,福澤保育センター,0歳,5.0,0.0
令和8,緑区,福澤保育センター,1歳,5.0,0.0
令和8,緑区,福澤保育センター,2歳,5.0,0.0
令和8,緑区,福澤保育センター,3歳,5.0,0.0
令和8,緑区,福澤保育センター,4歳,0.4545454545454547,0.9090909090909091
令和8,緑区,福澤保育センター,5歳,0.4999999999999999,0.9
令和8,緑区,認可保育所どうぞのひろば,0歳,5.0,0.0
令和8,緑区,認可保育所どうぞのひろば,1歳,5.0,0.0
令和8,緑区,認可保育所どうぞのひろば,2歳,2.5,0.5
令和8,緑区,認可保育所どうぞのひろば,3歳,5.0,0.0
令和8,緑区,認可保育所どうぞのひろば,4歳,5.0,0.0
令和8,緑区,認可保育所どうぞのひろば,5歳,5.0,0.0
令和8,緑区,認定こども園　横浜あすか幼稚園,0歳,5.0,0.0
令和8,緑区,認定こども園　横浜あすか幼稚園,1歳,5.0,0.0
令和8,緑区,認定こども園　横浜あすか幼稚園,2歳,5.0,0.0
令和8,緑区,認定こども園　横浜あすか幼稚園,3歳,5.0,0.0
令和8,緑区,認定こども園　横浜あすか幼稚園,4歳,5.0,0.0
令和8,緑区,認定こども園　横浜あすか幼稚園,5歳,2.5,0.5
令和8,緑区,認定こども園　横浜マドカ幼稚園,0歳,5.0,0.0
令和8,緑区,認定こども園　横浜マドカ幼稚園,1歳,5.0,0.0
令和8,緑区,認定こども園　横浜マドカ幼稚園,2歳,5.0,0.0
令和8,緑区,認定こども園　横浜マドカ幼稚園,3歳,0.9999999999999998,0.8
令和8,緑区,認定こども園　横浜マドカ幼稚園,4歳,2.5,0.5
令和8,緑区,認定こども園　横浜マドカ幼稚園,5歳,5.0,0.0
令和8,緑区,青砥どんぐり保育園,0歳,2.5,0.5
令和8,緑区,青砥どんぐり保育園,1歳,5.0,0.0
令和8,緑区,青砥どんぐり保育園,2歳,1.666666666666667,0.6666666666666666
令和8,緑区,青砥どんぐり保育園,3歳,5.0,0.0
令和8,緑区,青砥どんぐり保育園,4歳,1.666666666666667,0.6666666666666666
令和8,緑区,青砥どんぐり保育園,5歳,1.666666666666667,0.6666666666666666
令和8,西区,Maple Nursery WEST,0歳,5.0,0.0
令和8,西区,Maple Nursery WEST,1歳,5.0,0.0
令和8,西区,Maple Nursery WEST,2歳,5.0,0.0
令和8,西区,Maple Nursery WEST,3歳,5.0,0.0
令和8,西区,Maple Nursery WEST,4歳,5.0,0.0
令和8,西区,Maple Nursery WEST,5歳,5.0,0.0
令和8,西区,Maple Nursery 横浜,0歳,5.0,0.0
令和8,西区,Maple Nursery 横浜,1歳,5.0,0.0
令和8,西区,Maple Nursery 横浜,2歳,5.0,0.0
令和8,西区,Maple Nursery 横浜,3歳,5.0,0.0
令和8,西区,Maple Nursery 横浜,4歳,5.0,0.0
令和8,西区,Maple Nursery 横浜,5歳,2.5,0.5
令和8,西区,あそびの杜保育園（分園含む）,0歳,5.0,0.0
令和8,西区,あそびの杜保育園（分園含む）,1歳,5.0,0.0
令和8,西区,あそびの杜保育園（分園含む）,2歳,5.0,0.0
令和8,西区,あそびの杜保育園（分園含む）,3歳,0.9999999999999998,0.8
令和8,西区,あそびの杜保育園（分園含む）,4歳,5.0,0.0
令和8,西区,あそびの杜保育園（分園含む）,5歳,2.5,0.5
令和8,西区,おはよう保育園　花咲町,0歳,5.0,0.0
令和8,西区,おはよう保育園　花咲町,1歳,5.0,0.0
令和8,西区,おはよう保育園　花咲町,2歳,2.5,0.5
令和8,西区,おはよう保育園　花咲町,3歳,1.666666666666667,0.6666666666666666
令和8,西区,おはよう保育園　花咲町,4歳,2.5,0.5
令和8,西区,おはよう保育園　花咲町,5歳,5.0,0.0
令和8,西区,おれんじハウス西戸部保育園,0歳,5.0,0.0
令和8,西区,おれんじハウス西戸部保育園,1歳,2.5,0.5
令和8,西区,おれんじハウス西戸部保育園,2歳,5.0,0.0
令和8,西区,おれんじハウス西戸部保育園,3歳,5.0,0.0
令和8,西区,おれんじハウス西戸部保育園,4歳,5.0,0.0
令和8,西区,おれんじハウス西戸部保育園,5歳,5.0,0.0
令和8,西区,すぎやま家庭保育室,0歳,1.666666666666667,0.6666666666666666
令和8,西区,すぎやま家庭保育室,1歳,5.0,0.0
令和8,西区,すぎやま家庭保育室,2歳,5.0,0.0
令和8,西区,すぎやま家庭保育室,3歳,5.0,0.0
令和8,西区,すぎやま家庭保育室,4歳,5.0,0.0
令和8,西区,すぎやま家庭保育室,5歳,5.0,0.0
令和8,西区,つくし愛児園,0歳,5.0,0.0
令和8,西区,つくし愛児園,1歳,5.0,0.0
令和8,西区,つくし愛児園,2歳,0.7142857142857145,0.8571428571428571
令和8,西区,つくし愛児園,3歳,0.4545454545454547,0.9090909090909091
令和8,西区,つくし愛児園,4歳,0.38461538461538436,0.9230769230769231
令和8,西区,つくし愛児園,5歳,0.38461538461538436,0.9230769230769231
令和8,西区,にじいろ保育園みなとみらい,0歳,1.25,0.75
令和8,西区,にじいろ保育園みなとみらい,1歳,5.0,0.0
令和8,西区,にじいろ保育園みなとみらい,2歳,5.0,0.0
令和8,西区,にじいろ保育園みなとみらい,3歳,2.5,0.5
令和8,西区,にじいろ保育園みなとみらい,4歳,5.0,0.0
令和8,西区,にじいろ保育園みなとみらい,5歳,1.25,0.75
令和8,西区,にじいろ保育園平沼,0歳,5.0,0.0
令和8,西区,にじいろ保育園平沼,1歳,5.0,0.0
令和8,西区,にじいろ保育園平沼,2歳,1.25,0.75
令和8,西区,にじいろ保育園平沼,3歳,0.9999999999999998,0.8
令和8,西区,にじいろ保育園平沼,4歳,5.0,0.0
令和8,西区,にじいろ保育園平沼,5歳,5.0,0.0
令和8,西区,ほっぺるランド横浜岡野,0歳,5.0,0.0
令和8,西区,ほっぺるランド横浜岡野,1歳,2.872340425531915,0.425531914893617
令和8,西区,ほっぺるランド横浜岡野,2歳,5.0,0.0
令和8,西区,ほっぺるランド横浜岡野,3歳,5.0,0.0
令和8,西区,ほっぺるランド横浜岡野,4歳,5.0,0.0
令和8,西区,ほっぺるランド横浜岡野,5歳,1.666666666666667,0.6666666666666666
令和8,西区,みなとみらいくばがさ保育園,0歳,1.666666666666667,0.6666666666666666
令和8,西区,みなとみらいくばがさ保育園,1歳,3.1481481481481484,0.37037037037037035
令和8,西区,みなとみらいくばがさ保育園,2歳,2.5,0.5
令和8,西区,みなとみらいくばがさ保育園,3歳,5.0,0.0
令和8,西区,みなとみらいくばがさ保育園,4歳,2.5,0.5
令和8,西区,みなとみらいくばがさ保育園,5歳,2.5,0.5
令和8,西区,むつみ愛児園,0歳,5.0,0.0
令和8,西区,むつみ愛児園,1歳,5.0,0.0
令和8,西区,むつみ愛児園,2歳,1.25,0.75
令和8,西区,むつみ愛児園,3歳,5.0,0.0
令和8,西区,むつみ愛児園,4歳,1.25,0.75
令和8,西区,むつみ愛児園,5歳,0.7142857142857145,0.8571428571428571
令和8,西区,ろぜっと保育園,0歳,5.0,0.0
令和8,西区,ろぜっと保育園,1歳,5.0,0.0
令和8,西区,ろぜっと保育園,2歳,5.0,0.0
令和8,西区,ろぜっと保育園,3歳,1.666666666666667,0.6666666666666666
令和8,西区,ろぜっと保育園,4歳,5.0,0.0
令和8,西区,ろぜっと保育園,5歳,2.5,0.5
令和8,西区,アミー保育園高島園,0歳,5.0,0.0
令和8,西区,アミー保育園高島園,1歳,2.872340425531915,0.425531914893617
令和8,西区,アミー保育園高島園,2歳,2.5,0.5
令和8,西区,アミー保育園高島園,3歳,1.666666666666667,0.6666666666666666
令和8,西区,アミー保育園高島園,4歳,5.0,0.0
令和8,西区,アミー保育園高島園,5歳,0.9999999999999998,0.8
令和8,西区,ウィズブック保育園戸部,0歳,5.0,0.0
令和8,西区,ウィズブック保育園戸部,1歳,5.0,0.0
令和8,西区,ウィズブック保育園戸部,2歳,5.0,0.0
令和8,西区,ウィズブック保育園戸部,3歳,5.0,0.0
令和8,西区,ウィズブック保育園戸部,4歳,5.0,0.0
令和8,西区,ウィズブック保育園戸部,5歳,2.5,0.5
令和8,西区,キッズパートナーみなとみらい,0歳,5.0,0.0
令和8,西区,キッズパートナーみなとみらい,1歳,2.5,0.5
令和8,西区,キッズパートナーみなとみらい,2歳,5.0,0.0
令和8,西区,キッズパートナーみなとみらい,3歳,0.9999999999999998,0.8
令和8,西区,キッズパートナーみなとみらい,4歳,1.25,0.75
令和8,西区,キッズパートナーみなとみらい,5歳,1.666666666666667,0.6666666666666666
令和8,西区,キッズパートナーみなとみらい第２,0歳,5.0,0.0
令和8,西区,キッズパートナーみなとみらい第２,1歳,0.7142857142857145,0.8571428571428571
令和8,西区,キッズパートナーみなとみらい第２,2歳,1.25,0.75
令和8,西区,キッズパートナーみなとみらい第２,3歳,5.0,0.0
令和8,西区,キッズパートナーみなとみらい第２,4歳,5.0,0.0
令和8,西区,キッズパートナーみなとみらい第２,5歳,5.0,0.0
令和8,西区,キッズパートナー平沼橋,0歳,5.0,0.0
令和8,西区,キッズパートナー平沼橋,1歳,5.0,0.0
令和8,西区,キッズパートナー平沼橋,2歳,1.666666666666667,0.6666666666666666
令和8,西区,キッズパートナー平沼橋,3歳,5.0,0.0
令和8,西区,キッズパートナー平沼橋,4歳,5.0,0.0
令和8,西区,キッズパートナー平沼橋,5歳,5.0,0.0
令和8,西区,キッズパートナー横浜楠町,0歳,2.5,0.5
令和8,西区,キッズパートナー横浜楠町,1歳,5.0,0.0
令和8,西区,キッズパートナー横浜楠町,2歳,2.5,0.5
令和8,西区,キッズパートナー横浜楠町,3歳,5.0,0.0
令和8,西区,キッズパートナー横浜楠町,4歳,5.0,0.0
令和8,西区,キッズパートナー横浜楠町,5歳,5.0,0.0
令和8,西区,キッズポケット保育園,0歳,5.0,0.0
令和8,西区,キッズポケット保育園,1歳,5.0,0.0
令和8,西区,キッズポケット保育園,2歳,2.5,0.5
令和8,西区,キッズポケット保育園,3歳,5.0,0.0
令和8,西区,キッズポケット保育園,4歳,5.0,0.0
令和8,西区,キッズポケット保育園,5歳,5.0,0.0
令和8,西区,キッズポケット木の葉保育園,0歳,3.5294117647058822,0.29411764705882354
令和8,西区,キッズポケット木の葉保育園,1歳,5.0,0.0
令和8,西区,キッズポケット木の葉保育園,2歳,5.0,0.0
令和8,西区,キッズポケット木の葉保育園,3歳,5.0,0.0
令和8,西区,キッズポケット木の葉保育園,4歳,5.0,0.0
令和8,西区,キッズポケット木の葉保育園,5歳,5.0,0.0
令和8,西区,キャリー保育園　桜木町,0歳,3.1481481481481484,0.37037037037037035
令和8,西区,キャリー保育園　桜木町,1歳,5.0,0.0
令和8,西区,キャリー保育園　桜木町,2歳,5.0,0.0
令和8,西区,キャリー保育園　桜木町,3歳,5.0,0.0
令和8,西区,キャリー保育園　桜木町,4歳,5.0,0.0
令和8,西区,キャリー保育園　桜木町,5歳,5.0,0.0
令和8,西区,グリーンポート桜木町保育園,0歳,5.0,0.0
令和8,西区,グリーンポート桜木町保育園,1歳,5.0,0.0
令和8,西区,グリーンポート桜木町保育園,2歳,2.5,0.5
令和8,西区,グリーンポート桜木町保育園,3歳,1.25,0.75
令和8,西区,グリーンポート桜木町保育園,4歳,2.5,0.5
令和8,西区,グリーンポート桜木町保育園,5歳,0.625,0.875
令和8,西区,トキワ保育園,0歳,5.0,0.0
令和8,西区,トキワ保育園,1歳,5.0,0.0
令和8,西区,トキワ保育園,2歳,5.0,0.0
令和8,西区,トキワ保育園,3歳,1.666666666666667,0.6666666666666666
令和8,西区,トキワ保育園,4歳,5.0,0.0
令和8,西区,トキワ保育園,5歳,5.0,0.0
令和8,西区,ポピンズナーサリースクールみなとみらい,0歳,5.0,0.0
令和8,西区,ポピンズナーサリースクールみなとみらい,1歳,5.0,0.0
令和8,西区,ポピンズナーサリースクールみなとみらい,2歳,5.0,0.0
令和8,西区,ポピンズナーサリースクールみなとみらい,3歳,5.0,0.0
令和8,西区,ポピンズナーサリースクールみなとみらい,4歳,5.0,0.0
令和8,西区,ポピンズナーサリースクールみなとみらい,5歳,5.0,0.0
令和8,西区,ポピンズナーサリースクール平沼橋,0歳,5.0,0.0
令和8,西区,ポピンズナーサリースクール平沼橋,1歳,5.0,0.0
令和8,西区,ポピンズナーサリースクール平沼橋,2歳,5.0,0.0
令和8,西区,ポピンズナーサリースクール平沼橋,3歳,1.666666666666667,0.6666666666666666
令和8,西区,ポピンズナーサリースクール平沼橋,4歳,5.0,0.0
令和8,西区,ポピンズナーサリースクール平沼橋,5歳,1.25,0.75
令和8,西区,ポピンズナーサリースクール横浜,0歳,1.25,0.75
令和8,西区,ポピンズナーサリースクール横浜,1歳,5.0,0.0
令和8,西区,ポピンズナーサリースクール横浜,2歳,5.0,0.0
令和8,西区,ポピンズナーサリースクール横浜,3歳,5.0,0.0
令和8,西区,ポピンズナーサリースクール横浜,4歳,2.5,0.5
令和8,西区,ポピンズナーサリースクール横浜,5歳,2.5,0.5
令和8,西区,マイ・ハート紅葉ヶ丘保育園,0歳,5.0,0.0
令和8,西区,マイ・ハート紅葉ヶ丘保育園,1歳,5.0,0.0
令和8,西区,マイ・ハート紅葉ヶ丘保育園,2歳,5.0,0.0
令和8,西区,マイ・ハート紅葉ヶ丘保育園,3歳,2.5,0.5
令和8,西区,マイ・ハート紅葉ヶ丘保育園,4歳,5.0,0.0
令和8,西区,マイ・ハート紅葉ヶ丘保育園,5歳,5.0,0.0
令和8,西区,ムーミン保育園,0歳,1.666666666666667,0.6666666666666666
令和8,西区,ムーミン保育園,1歳,5.0,0.0
令和8,西区,ムーミン保育園,2歳,5.0,0.0
令和8,西区,ムーミン保育園,3歳,2.5,0.5
令和8,西区,ムーミン保育園,4歳,0.9999999999999998,0.8
令和8,西区,ムーミン保育園,5歳,1.666666666666667,0.6666666666666666
令和8,西区,京急キッズランド新高島保育園,0歳,2.5,0.5
令和8,西区,京急キッズランド新高島保育園,1歳,5.0,0.0
令和8,西区,京急キッズランド新高島保育園,2歳,5.0,0.0
令和8,西区,京急キッズランド新高島保育園,3歳,2.5,0.5
令和8,西区,京急キッズランド新高島保育園,4歳,5.0,0.0
令和8,西区,京急キッズランド新高島保育園,5歳,5.0,0.0
令和8,西区,利正寺保育園,0歳,5.0,0.0
令和8,西区,利正寺保育園,1歳,5.0,0.0
令和8,西区,利正寺保育園,2歳,0.625,0.875
令和8,西区,利正寺保育園,3歳,0.4999999999999999,0.9
令和8,西区,利正寺保育園,4歳,2.5,0.5
令和8,西区,利正寺保育園,5歳,0.8333333333333331,0.8333333333333334
令和8,西区,平沼保育園,0歳,5.0,0.0
令和8,西区,平沼保育園,1歳,5.0,0.0
令和8,西区,平沼保育園,2歳,2.5,0.5
令和8,西区,平沼保育園,3歳,0.9999999999999998,0.8
令和8,西区,平沼保育園,4歳,1.25,0.75
令和8,西区,平沼保育園,5歳,2.5,0.5
令和8,西区,戸部みつばち保育園,0歳,5.0,0.0
令和8,西区,戸部みつばち保育園,1歳,5.0,0.0
令和8,西区,戸部みつばち保育園,2歳,5.0,0.0
令和8,西区,戸部みつばち保育園,3歳,5.0,0.0
令和8,西区,戸部みつばち保育園,4歳,5.0,0.0
令和8,西区,戸部みつばち保育園,5歳,5.0,0.0
令和8,西区,桃の木保育園,0歳,5.0,0.0
令和8,西区,桃の木保育園,1歳,5.0,0.0
令和8,西区,桃の木保育園,2歳,5.0,0.0
令和8,西区,桃の木保育園,3歳,5.0,0.0
令和8,西区,桃の木保育園,4歳,5.0,0.0
令和8,西区,桃の木保育園,5歳,1.666666666666667,0.6666666666666666
令和8,西区,横浜そらいろ保育園,0歳,2.5,0.5
令和8,西区,横浜そらいろ保育園,1歳,3.5294117647058822,0.29411764705882354
令和8,西区,横浜そらいろ保育園,2歳,5.0,0.0
令和8,西区,横浜そらいろ保育園,3歳,2.5,0.5
令和8,西区,横浜そらいろ保育園,4歳,1.666666666666667,0.6666666666666666
令和8,西区,横浜そらいろ保育園,5歳,0.8333333333333331,0.8333333333333334
令和8,西区,横浜みなとみらい保育園,0歳,5.0,0.0
令和8,西区,横浜みなとみらい保育園,1歳,5.0,0.0
令和8,西区,横浜みなとみらい保育園,2歳,5.0,0.0
令和8,西区,横浜みなとみらい保育園,3歳,2.5,0.5
令和8,西区,横浜みなとみらい保育園,4歳,5.0,0.0
令和8,西区,横浜みなとみらい保育園,5歳,5.0,0.0
令和8,西区,横浜岡野すきっぷ保育園,0歳,5.0,0.0
令和8,西区,横浜岡野すきっぷ保育園,1歳,5.0,0.0
令和8,西区,横浜岡野すきっぷ保育園,2歳,5.0,0.0
令和8,西区,横浜岡野すきっぷ保育園,3歳,5.0,0.0
令和8,西区,横浜岡野すきっぷ保育園,4歳,5.0,0.0
令和8,西区,横浜岡野すきっぷ保育園,5歳,5.0,0.0
令和8,西区,横浜市南浅間保育園,0歳,2.5,0.5
令和8,西区,横浜市南浅間保育園,1歳,5.0,0.0
令和8,西区,横浜市南浅間保育園,2歳,1.666666666666667,0.6666666666666666
令和8,西区,横浜市南浅間保育園,3歳,0.9999999999999998,0.8
令和8,西区,横浜市南浅間保育園,4歳,1.25,0.75
令和8,西区,横浜市南浅間保育園,5歳,0.8333333333333331,0.8333333333333334
令和8,西区,横浜西口保育園,0歳,5.0,0.0
令和8,西区,横浜西口保育園,1歳,5.0,0.0
令和8,西区,横浜西口保育園,2歳,5.0,0.0
令和8,西区,横浜西口保育園,3歳,2.5,0.5
令和8,西区,横浜西口保育園,4歳,5.0,0.0
令和8,西区,横浜西口保育園,5歳,1.666666666666667,0.6666666666666666
令和8,西区,浅間幼育園,0歳,5.0,0.0
令和8,西区,浅間幼育園,1歳,0.4545454545454547,0.9090909090909091
令和8,西区,浅間幼育園,2歳,0.8333333333333331,0.8333333333333334
令和8,西区,浅間幼育園,3歳,5.0,0.0
令和8,西区,浅間幼育園,4歳,1.25,0.75
令和8,西区,浅間幼育園,5歳,0.9999999999999998,0.8
令和8,西区,西区中央もえぎ保育室,0歳,5.0,0.0
令和8,西区,西区中央もえぎ保育室,1歳,2.5,0.5
令和8,西区,西区中央もえぎ保育室,2歳,5.0,0.0
令和8,西区,西区中央もえぎ保育室,3歳,5.0,0.0
令和8,西区,西区中央もえぎ保育室,4歳,5.0,0.0
令和8,西区,西区中央もえぎ保育室,5歳,5.0,0.0
令和8,都筑区,さくら保育室,0歳,5.0,0.0
令和8,都筑区,さくら保育室,1歳,0.5555555555555558,0.8888888888888888
令和8,都筑区,さくら保育室,2歳,2.5,0.5
令和8,都筑区,さくら保育室,3歳,5.0,0.0
令和8,都筑区,さくら保育室,4歳,5.0,0.0
令和8,都筑区,さくら保育室,5歳,5.0,0.0
令和8,都筑区,さんさん森の保育園センター南,0歳,0.9999999999999998,0.8
令和8,都筑区,さんさん森の保育園センター南,1歳,5.0,0.0
令和8,都筑区,さんさん森の保育園センター南,2歳,5.0,0.0
令和8,都筑区,さんさん森の保育園センター南,3歳,2.5,0.5
令和8,都筑区,さんさん森の保育園センター南,4歳,2.5,0.5
令和8,都筑区,さんさん森の保育園センター南,5歳,5.0,0.0
令和8,都筑区,すくすく保育園,0歳,0.9183673469387754,0.8163265306122449
令和8,都筑区,すくすく保育園,1歳,5.0,0.0
令和8,都筑区,すくすく保育園,2歳,5.0,0.0
令和8,都筑区,すくすく保育園,3歳,1.25,0.75
令和8,都筑区,すくすく保育園,4歳,2.5,0.5
令和8,都筑区,すくすく保育園,5歳,5.0,0.0
令和8,都筑区,すまいるセンターみなみ保育園,0歳,5.0,0.0
令和8,都筑区,すまいるセンターみなみ保育園,1歳,1.666666666666667,0.6666666666666666
令和8,都筑区,すまいるセンターみなみ保育園,2歳,2.5,0.5
令和8,都筑区,すまいるセンターみなみ保育園,3歳,5.0,0.0
令和8,都筑区,すまいるセンターみなみ保育園,4歳,5.0,0.0
令和8,都筑区,すまいるセンターみなみ保育園,5歳,5.0,0.0
令和8,都筑区,つくし保育園　センター南,0歳,5.0,0.0
令和8,都筑区,つくし保育園　センター南,1歳,5.0,0.0
令和8,都筑区,つくし保育園　センター南,2歳,1.666666666666667,0.6666666666666666
令和8,都筑区,つくし保育園　センター南,3歳,1.666666666666667,0.6666666666666666
令和8,都筑区,つくし保育園　センター南,4歳,5.0,0.0
令和8,都筑区,つくし保育園　センター南,5歳,1.666666666666667,0.6666666666666666
令和8,都筑区,つづきルーテル保育園,0歳,0.8333333333333331,0.8333333333333334
令和8,都筑区,つづきルーテル保育園,1歳,5.0,0.0
令和8,都筑区,つづきルーテル保育園,2歳,5.0,0.0
令和8,都筑区,つづきルーテル保育園,3歳,2.872340425531915,0.425531914893617
令和8,都筑区,つづきルーテル保育園,4歳,2.5,0.5
令和8,都筑区,つづきルーテル保育園,5歳,5.0,0.0
令和8,都筑区,つづき保育園,0歳,2.5,0.5
令和8,都筑区,つづき保育園,1歳,5.0,0.0
令和8,都筑区,つづき保育園,2歳,1.666666666666667,0.6666666666666666
令和8,都筑区,つづき保育園,3歳,2.5,0.5
令和8,都筑区,つづき保育園,4歳,1.666666666666667,0.6666666666666666
令和8,都筑区,つづき保育園,5歳,5.0,0.0
令和8,都筑区,どんぐり保育室,0歳,5.0,0.0
令和8,都筑区,どんぐり保育室,1歳,5.0,0.0
令和8,都筑区,どんぐり保育室,2歳,5.0,0.0
令和8,都筑区,どんぐり保育室,3歳,5.0,0.0
令和8,都筑区,どんぐり保育室,4歳,5.0,0.0
令和8,都筑区,どんぐり保育室,5歳,5.0,0.0
令和8,都筑区,なかまちっこ　じゃんぷ園,0歳,2.5,0.5
令和8,都筑区,なかまちっこ　じゃんぷ園,1歳,5.0,0.0
令和8,都筑区,なかまちっこ　じゃんぷ園,2歳,2.5,0.5
令和8,都筑区,なかまちっこ　じゃんぷ園,3歳,1.25,0.75
令和8,都筑区,なかまちっこ　じゃんぷ園,4歳,0.9999999999999998,0.8
令和8,都筑区,なかまちっこ　じゃんぷ園,5歳,1.666666666666667,0.6666666666666666
令和8,都筑区,なかまちっこ園,0歳,1.25,0.75
令和8,都筑区,なかまちっこ園,1歳,5.0,0.0
令和8,都筑区,なかまちっこ園,2歳,5.0,0.0
令和8,都筑区,なかまちっこ園,3歳,5.0,0.0
令和8,都筑区,なかまちっこ園,4歳,2.5,0.5
令和8,都筑区,なかまちっこ園,5歳,5.0,0.0
令和8,都筑区,まなびの森　中川こども園,0歳,5.0,0.0
令和8,都筑区,まなびの森　中川こども園,1歳,0.4999999999999999,0.9
令和8,都筑区,まなびの森　中川こども園,2歳,2.5,0.5
令和8,都筑区,まなびの森　中川こども園,3歳,1.25,0.75
令和8,都筑区,まなびの森　中川こども園,4歳,2.5,0.5
令和8,都筑区,まなびの森　中川こども園,5歳,2.5,0.5
令和8,都筑区,まなびの森　鴨居北こども園,0歳,5.0,0.0
令和8,都筑区,まなびの森　鴨居北こども園,1歳,5.0,0.0
令和8,都筑区,まなびの森　鴨居北こども園,2歳,5.0,0.0
令和8,都筑区,まなびの森　鴨居北こども園,3歳,5.0,0.0
令和8,都筑区,まなびの森　鴨居北こども園,4歳,5.0,0.0
令和8,都筑区,まなびの森　鴨居北こども園,5歳,5.0,0.0
令和8,都筑区,むらき家庭保育室,0歳,5.0,0.0
令和8,都筑区,むらき家庭保育室,1歳,5.0,0.0
令和8,都筑区,むらき家庭保育室,2歳,5.0,0.0
令和8,都筑区,むらき家庭保育室,3歳,5.0,0.0
令和8,都筑区,むらき家庭保育室,4歳,5.0,0.0
令和8,都筑区,むらき家庭保育室,5歳,5.0,0.0
令和8,都筑区,やまた保育園,0歳,2.5,0.5
令和8,都筑区,やまた保育園,1歳,5.0,0.0
令和8,都筑区,やまた保育園,2歳,5.0,0.0
令和8,都筑区,やまた保育園,3歳,5.0,0.0
令和8,都筑区,やまた保育園,4歳,5.0,0.0
令和8,都筑区,やまた保育園,5歳,5.0,0.0
令和8,都筑区,ゆうぽーと保育園,0歳,5.0,0.0
令和8,都筑区,ゆうぽーと保育園,1歳,5.0,0.0
令和8,都筑区,ゆうぽーと保育園,2歳,5.0,0.0
令和8,都筑区,ゆうぽーと保育園,3歳,5.0,0.0
令和8,都筑区,ゆうぽーと保育園,4歳,5.0,0.0
令和8,都筑区,ゆうぽーと保育園,5歳,2.5,0.5
令和8,都筑区,ゆうゆうのもり幼保園,0歳,5.0,0.0
令和8,都筑区,ゆうゆうのもり幼保園,1歳,5.0,0.0
令和8,都筑区,ゆうゆうのもり幼保園,2歳,5.0,0.0
令和8,都筑区,ゆうゆうのもり幼保園,3歳,5.0,0.0
令和8,都筑区,ゆうゆうのもり幼保園,4歳,5.0,0.0
令和8,都筑区,ゆうゆうのもり幼保園,5歳,5.0,0.0
令和8,都筑区,よこはま・もあな保育園,0歳,5.0,0.0
令和8,都筑区,よこはま・もあな保育園,1歳,5.0,0.0
令和8,都筑区,よこはま・もあな保育園,2歳,2.5,0.5
令和8,都筑区,よこはま・もあな保育園,3歳,0.8333333333333331,0.8333333333333334
令和8,都筑区,よこはま・もあな保育園,4歳,5.0,0.0
令和8,都筑区,よこはま・もあな保育園,5歳,5.0,0.0
令和8,都筑区,よこはま夢保育園,0歳,5.0,0.0
令和8,都筑区,よこはま夢保育園,1歳,5.0,0.0
令和8,都筑区,よこはま夢保育園,2歳,5.0,0.0
令和8,都筑区,よこはま夢保育園,3歳,5.0,0.0
令和8,都筑区,よこはま夢保育園,4歳,5.0,0.0
令和8,都筑区,よこはま夢保育園,5歳,2.5,0.5
令和8,都筑区,わおわおセンター北保育園,0歳,1.25,0.75
令和8,都筑区,わおわおセンター北保育園,1歳,5.0,0.0
令和8,都筑区,わおわおセンター北保育園,2歳,2.5,0.5
令和8,都筑区,わおわおセンター北保育園,3歳,2.5,0.5
令和8,都筑区,わおわおセンター北保育園,4歳,2.5,0.5
令和8,都筑区,わおわおセンター北保育園,5歳,2.5,0.5
令和8,都筑区,わおわお仲町台保育園,0歳,2.5,0.5
令和8,都筑区,わおわお仲町台保育園,1歳,5.0,0.0
令和8,都筑区,わおわお仲町台保育園,2歳,5.0,0.0
令和8,都筑区,わおわお仲町台保育園,3歳,5.0,0.0
令和8,都筑区,わおわお仲町台保育園,4歳,1.25,0.75
令和8,都筑区,わおわお仲町台保育園,5歳,5.0,0.0
令和8,都筑区,アスクセンター北保育園,0歳,2.5,0.5
令和8,都筑区,アスクセンター北保育園,1歳,5.0,0.0
令和8,都筑区,アスクセンター北保育園,2歳,5.0,0.0
令和8,都筑区,アスクセンター北保育園,3歳,5.0,0.0
令和8,都筑区,アスクセンター北保育園,4歳,1.666666666666667,0.6666666666666666
令和8,都筑区,アスクセンター北保育園,5歳,5.0,0.0
令和8,都筑区,アスクセンター南保育園,0歳,1.666666666666667,0.6666666666666666
令和8,都筑区,アスクセンター南保育園,1歳,5.0,0.0
令和8,都筑区,アスクセンター南保育園,2歳,5.0,0.0
令和8,都筑区,アスクセンター南保育園,3歳,2.5,0.5
令和8,都筑区,アスクセンター南保育園,4歳,1.666666666666667,0.6666666666666666
令和8,都筑区,アスクセンター南保育園,5歳,5.0,0.0
令和8,都筑区,アスク北山田保育園,0歳,5.0,0.0
令和8,都筑区,アスク北山田保育園,1歳,5.0,0.0
令和8,都筑区,アスク北山田保育園,2歳,5.0,0.0
令和8,都筑区,アスク北山田保育園,3歳,1.666666666666667,0.6666666666666666
令和8,都筑区,アスク北山田保育園,4歳,2.5,0.5
令和8,都筑区,アスク北山田保育園,5歳,5.0,0.0
令和8,都筑区,アソシエふれあいの丘保育園,0歳,1.25,0.75
令和8,都筑区,アソシエふれあいの丘保育園,1歳,5.0,0.0
令和8,都筑区,アソシエふれあいの丘保育園,2歳,5.0,0.0
令和8,都筑区,アソシエふれあいの丘保育園,3歳,5.0,0.0
令和8,都筑区,アソシエふれあいの丘保育園,4歳,5.0,0.0
令和8,都筑区,アソシエふれあいの丘保育園,5歳,5.0,0.0
令和8,都筑区,アリス保育園,0歳,2.5,0.5
令和8,都筑区,アリス保育園,1歳,1.666666666666667,0.6666666666666666
令和8,都筑区,アリス保育園,2歳,1.25,0.75
令和8,都筑区,アリス保育園,3歳,5.0,0.0
令和8,都筑区,アリス保育園,4歳,5.0,0.0
令和8,都筑区,アリス保育園,5歳,5.0,0.0
令和8,都筑区,エクレスすみれ保育園,0歳,5.0,0.0
令和8,都筑区,エクレスすみれ保育園,1歳,2.872340425531915,0.425531914893617
令和8,都筑区,エクレスすみれ保育園,2歳,5.0,0.0
令和8,都筑区,エクレスすみれ保育園,3歳,5.0,0.0
令和8,都筑区,エクレスすみれ保育園,4歳,5.0,0.0
令和8,都筑区,エクレスすみれ保育園,5歳,5.0,0.0
令和8,都筑区,エンジェルプラネット中川園,0歳,5.0,0.0
令和8,都筑区,エンジェルプラネット中川園,1歳,5.0,0.0
令和8,都筑区,エンジェルプラネット中川園,2歳,2.5,0.5
令和8,都筑区,エンジェルプラネット中川園,3歳,1.666666666666667,0.6666666666666666
令和8,都筑区,エンジェルプラネット中川園,4歳,1.666666666666667,0.6666666666666666
令和8,都筑区,エンジェルプラネット中川園,5歳,5.0,0.0
令和8,都筑区,エンジェルプラネット仲町台園,0歳,2.5,0.5
令和8,都筑区,エンジェルプラネット仲町台園,1歳,5.0,0.0
令和8,都筑区,エンジェルプラネット仲町台園,2歳,1.666666666666667,0.6666666666666666
令和8,都筑区,エンジェルプラネット仲町台園,3歳,5.0,0.0
令和8,都筑区,エンジェルプラネット仲町台園,4歳,5.0,0.0
令和8,都筑区,エンジェルプラネット仲町台園,5歳,5.0,0.0
令和8,都筑区,キッズフォレセンター北,0歳,5.0,0.0
令和8,都筑区,キッズフォレセンター北,1歳,4.610894941634242,0.07782101167315175
令和8,都筑区,キッズフォレセンター北,2歳,2.5,0.5
令和8,都筑区,キッズフォレセンター北,3歳,5.0,0.0
令和8,都筑区,キッズフォレセンター北,4歳,2.5,0.5
令和8,都筑区,キッズフォレセンター北,5歳,2.5,0.5
令和8,都筑区,キッズフォレ東山田,0歳,2.872340425531915,0.425531914893617
令和8,都筑区,キッズフォレ東山田,1歳,5.0,0.0
令和8,都筑区,キッズフォレ東山田,2歳,5.0,0.0
令和8,都筑区,キッズフォレ東山田,3歳,5.0,0.0
令和8,都筑区,キッズフォレ東山田,4歳,2.5,0.5
令和8,都筑区,キッズフォレ東山田,5歳,5.0,0.0
令和8,都筑区,キャリー保育園なかまちだい,0歳,5.0,0.0
令和8,都筑区,キャリー保育園なかまちだい,1歳,5.0,0.0
令和8,都筑区,キャリー保育園なかまちだい,2歳,2.5,0.5
令和8,都筑区,キャリー保育園なかまちだい,3歳,5.0,0.0
令和8,都筑区,キャリー保育園なかまちだい,4歳,5.0,0.0
令和8,都筑区,キャリー保育園なかまちだい,5歳,5.0,0.0
令和8,都筑区,クオリスキッズ鴨居駅前保育園,0歳,2.872340425531915,0.425531914893617
令和8,都筑区,クオリスキッズ鴨居駅前保育園,1歳,5.0,0.0
令和8,都筑区,クオリスキッズ鴨居駅前保育園,2歳,5.0,0.0
令和8,都筑区,クオリスキッズ鴨居駅前保育園,3歳,5.0,0.0
令和8,都筑区,クオリスキッズ鴨居駅前保育園,4歳,5.0,0.0
令和8,都筑区,クオリスキッズ鴨居駅前保育園,5歳,5.0,0.0
令和8,都筑区,グローバルキッズ都筑ふれあいの丘園,0歳,2.5,0.5
令和8,都筑区,グローバルキッズ都筑ふれあいの丘園,1歳,2.5,0.5
令和8,都筑区,グローバルキッズ都筑ふれあいの丘園,2歳,1.25,0.75
令和8,都筑区,グローバルキッズ都筑ふれあいの丘園,3歳,1.25,0.75
令和8,都筑区,グローバルキッズ都筑ふれあいの丘園,4歳,5.0,0.0
令和8,都筑区,グローバルキッズ都筑ふれあいの丘園,5歳,2.5,0.5
令和8,都筑区,コビープリスクールなかまちだい,0歳,1.666666666666667,0.6666666666666666
令和8,都筑区,コビープリスクールなかまちだい,1歳,5.0,0.0
令和8,都筑区,コビープリスクールなかまちだい,2歳,5.0,0.0
令和8,都筑区,コビープリスクールなかまちだい,3歳,2.872340425531915,0.425531914893617
令和8,都筑区,コビープリスクールなかまちだい,4歳,5.0,0.0
令和8,都筑区,コビープリスクールなかまちだい,5歳,5.0,0.0
令和8,都筑区,シープ保育所,0歳,5.0,0.0
令和8,都筑区,シープ保育所,1歳,5.0,0.0
令和8,都筑区,シープ保育所,2歳,5.0,0.0
令和8,都筑区,シープ保育所,3歳,5.0,0.0
令和8,都筑区,シープ保育所,4歳,5.0,0.0
令和8,都筑区,シープ保育所,5歳,5.0,0.0
令和8,都筑区,スターチャイルド≪川和ナーサリー≫,0歳,5.0,0.0
令和8,都筑区,スターチャイルド≪川和ナーサリー≫,1歳,1.666666666666667,0.6666666666666666
令和8,都筑区,スターチャイルド≪川和ナーサリー≫,2歳,2.5,0.5
令和8,都筑区,スターチャイルド≪川和ナーサリー≫,3歳,5.0,0.0
令和8,都筑区,スターチャイルド≪川和ナーサリー≫,4歳,5.0,0.0
令和8,都筑区,スターチャイルド≪川和ナーサリー≫,5歳,5.0,0.0
令和8,都筑区,ナーサリーつづき,0歳,0.8333333333333331,0.8333333333333334
令和8,都筑区,ナーサリーつづき,1歳,0.38461538461538436,0.9230769230769231
令和8,都筑区,ナーサリーつづき,2歳,5.0,0.0
令和8,都筑区,ナーサリーつづき,3歳,0.8333333333333331,0.8333333333333334
令和8,都筑区,ナーサリーつづき,4歳,2.0149253731343286,0.5970149253731343
令和8,都筑区,ナーサリーつづき,5歳,2.0149253731343286,0.5970149253731343
令和8,都筑区,パレット保育園・センター南,0歳,2.5,0.5
令和8,都筑区,パレット保育園・センター南,1歳,4.397590361445784,0.12048192771084336
令和8,都筑区,パレット保育園・センター南,2歳,5.0,0.0
令和8,都筑区,パレット保育園・センター南,3歳,5.0,0.0
令和8,都筑区,パレット保育園・センター南,4歳,5.0,0.0
令和8,都筑区,パレット保育園・センター南,5歳,5.0,0.0
令和8,都筑区,パレット保育園・牛久保西,0歳,1.666666666666667,0.6666666666666666
令和8,都筑区,パレット保育園・牛久保西,1歳,2.0149253731343286,0.5970149253731343
令和8,都筑区,パレット保育園・牛久保西,2歳,1.666666666666667,0.6666666666666666
令和8,都筑区,パレット保育園・牛久保西,3歳,1.666666666666667,0.6666666666666666
令和8,都筑区,パレット保育園・牛久保西,4歳,5.0,0.0
令和8,都筑区,パレット保育園・牛久保西,5歳,5.0,0.0
令和8,都筑区,ピッコリーノ保育園,0歳,2.5,0.5
令和8,都筑区,ピッコリーノ保育園,1歳,0.9999999999999998,0.8
令和8,都筑区,ピッコリーノ保育園,2歳,0.8333333333333331,0.8333333333333334
令和8,都筑区,ピッコリーノ保育園,3歳,5.0,0.0
令和8,都筑区,ピッコリーノ保育園,4歳,5.0,0.0
令和8,都筑区,ピッコリーノ保育園,5歳,5.0,0.0
令和8,都筑区,ピノキオ幼児舎センター南園,0歳,0.8333333333333331,0.8333333333333334
令和8,都筑区,ピノキオ幼児舎センター南園,1歳,5.0,0.0
令和8,都筑区,ピノキオ幼児舎センター南園,2歳,5.0,0.0
令和8,都筑区,ピノキオ幼児舎センター南園,3歳,5.0,0.0
令和8,都筑区,ピノキオ幼児舎センター南園,4歳,5.0,0.0
令和8,都筑区,ピノキオ幼児舎センター南園,5歳,5.0,0.0
令和8,都筑区,ブライト保育園横浜佐江戸,0歳,1.666666666666667,0.6666666666666666
令和8,都筑区,ブライト保育園横浜佐江戸,1歳,5.0,0.0
令和8,都筑区,ブライト保育園横浜佐江戸,2歳,5.0,0.0
令和8,都筑区,ブライト保育園横浜佐江戸,3歳,5.0,0.0
令和8,都筑区,ブライト保育園横浜佐江戸,4歳,2.5,0.5
令和8,都筑区,ブライト保育園横浜佐江戸,5歳,1.666666666666667,0.6666666666666666
令和8,都筑区,ベイキッズ　あおぞら保育園,0歳,5.0,0.0
令和8,都筑区,ベイキッズ　あおぞら保育園,1歳,5.0,0.0
令和8,都筑区,ベイキッズ　あおぞら保育園,2歳,5.0,0.0
令和8,都筑区,ベイキッズ　あおぞら保育園,3歳,5.0,0.0
令和8,都筑区,ベイキッズ　あおぞら保育園,4歳,5.0,0.0
令和8,都筑区,ベイキッズ　あおぞら保育園,5歳,5.0,0.0
令和8,都筑区,ポピンズナーサリースクールセンター南,0歳,0.8333333333333331,0.8333333333333334
令和8,都筑区,ポピンズナーサリースクールセンター南,1歳,5.0,0.0
令和8,都筑区,ポピンズナーサリースクールセンター南,2歳,5.0,0.0
令和8,都筑区,ポピンズナーサリースクールセンター南,3歳,2.5,0.5
令和8,都筑区,ポピンズナーサリースクールセンター南,4歳,2.5,0.5
令和8,都筑区,ポピンズナーサリースクールセンター南,5歳,1.25,0.75
令和8,都筑区,マーマセンター北保育園,0歳,2.5,0.5
令和8,都筑区,マーマセンター北保育園,1歳,2.872340425531915,0.425531914893617
令和8,都筑区,マーマセンター北保育園,2歳,5.0,0.0
令和8,都筑区,マーマセンター北保育園,3歳,2.872340425531915,0.425531914893617
令和8,都筑区,マーマセンター北保育園,4歳,5.0,0.0
令和8,都筑区,マーマセンター北保育園,5歳,5.0,0.0
令和8,都筑区,中川保育園,0歳,5.0,0.0
令和8,都筑区,中川保育園,1歳,3.1481481481481484,0.37037037037037035
令和8,都筑区,中川保育園,2歳,2.5,0.5
令和8,都筑区,中川保育園,3歳,5.0,0.0
令和8,都筑区,中川保育園,4歳,2.5,0.5
令和8,都筑区,中川保育園,5歳,5.0,0.0
令和8,都筑区,中川小桜愛児園,0歳,5.0,0.0
令和8,都筑区,中川小桜愛児園,1歳,0.9999999999999998,0.8
令和8,都筑区,中川小桜愛児園,2歳,5.0,0.0
令和8,都筑区,中川小桜愛児園,3歳,1.666666666666667,0.6666666666666666
令和8,都筑区,中川小桜愛児園,4歳,2.5,0.5
令和8,都筑区,中川小桜愛児園,5歳,5.0,0.0
令和8,都筑区,仲町台もみのき保育室,0歳,5.0,0.0
令和8,都筑区,仲町台もみのき保育室,1歳,5.0,0.0
令和8,都筑区,仲町台もみのき保育室,2歳,5.0,0.0
令和8,都筑区,仲町台もみのき保育室,3歳,5.0,0.0
令和8,都筑区,仲町台もみのき保育室,4歳,5.0,0.0
令和8,都筑区,仲町台もみのき保育室,5歳,5.0,0.0
令和8,都筑区,保育ルームキューティーユー,0歳,5.0,0.0
令和8,都筑区,保育ルームキューティーユー,1歳,5.0,0.0
令和8,都筑区,保育ルームキューティーユー,2歳,5.0,0.0
令和8,都筑区,保育ルームキューティーユー,3歳,5.0,0.0
令和8,都筑区,保育ルームキューティーユー,4歳,5.0,0.0
令和8,都筑区,保育ルームキューティーユー,5歳,5.0,0.0
令和8,都筑区,保育ルームキューティー北山田,0歳,5.0,0.0
令和8,都筑区,保育ルームキューティー北山田,1歳,5.0,0.0
令和8,都筑区,保育ルームキューティー北山田,2歳,5.0,0.0
令和8,都筑区,保育ルームキューティー北山田,3歳,5.0,0.0
令和8,都筑区,保育ルームキューティー北山田,4歳,5.0,0.0
令和8,都筑区,保育ルームキューティー北山田,5歳,5.0,0.0
令和8,都筑区,保育園みんなのおうち,0歳,5.0,0.0
令和8,都筑区,保育園みんなのおうち,1歳,5.0,0.0
令和8,都筑区,保育園みんなのおうち,2歳,5.0,0.0
令和8,都筑区,保育園みんなのおうち,3歳,5.0,0.0
令和8,都筑区,保育園みんなのおうち,4歳,5.0,0.0
令和8,都筑区,保育園みんなのおうち,5歳,5.0,0.0
令和8,都筑区,勝田保育園,0歳,0.8333333333333331,0.8333333333333334
令和8,都筑区,勝田保育園,1歳,5.0,0.0
令和8,都筑区,勝田保育園,2歳,2.5,0.5
令和8,都筑区,勝田保育園,3歳,5.0,0.0
令和8,都筑区,勝田保育園,4歳,2.5,0.5
令和8,都筑区,勝田保育園,5歳,5.0,0.0
令和8,都筑区,川和保育園,0歳,5.0,0.0
令和8,都筑区,川和保育園,1歳,5.0,0.0
令和8,都筑区,川和保育園,2歳,5.0,0.0
令和8,都筑区,川和保育園,3歳,5.0,0.0
令和8,都筑区,川和保育園,4歳,5.0,0.0
令和8,都筑区,川和保育園,5歳,5.0,0.0
令和8,都筑区,川和町ぶるーべる保育園,0歳,5.0,0.0
令和8,都筑区,川和町ぶるーべる保育園,1歳,5.0,0.0
令和8,都筑区,川和町ぶるーべる保育園,2歳,0.5555555555555558,0.8888888888888888
令和8,都筑区,川和町ぶるーべる保育園,3歳,5.0,0.0
令和8,都筑区,川和町ぶるーべる保育園,4歳,5.0,0.0
令和8,都筑区,川和町ぶるーべる保育園,5歳,5.0,0.0
令和8,都筑区,木下の保育園　センター南,0歳,0.8333333333333331,0.8333333333333334
令和8,都筑区,木下の保育園　センター南,1歳,0.7142857142857145,0.8571428571428571
令和8,都筑区,木下の保育園　センター南,2歳,2.5,0.5
令和8,都筑区,木下の保育園　センター南,3歳,0.9999999999999998,0.8
令和8,都筑区,木下の保育園　センター南,4歳,1.25,0.75
令和8,都筑区,木下の保育園　センター南,5歳,1.25,0.75
令和8,都筑区,横浜市みどり保育園,0歳,1.25,0.75
令和8,都筑区,横浜市みどり保育園,1歳,5.0,0.0
令和8,都筑区,横浜市みどり保育園,2歳,5.0,0.0
令和8,都筑区,横浜市みどり保育園,3歳,1.666666666666667,0.6666666666666666
令和8,都筑区,横浜市みどり保育園,4歳,1.25,0.75
令和8,都筑区,横浜市みどり保育園,5歳,5.0,0.0
令和8,都筑区,横浜市中川西保育園,0歳,0.5555555555555558,0.8888888888888888
令和8,都筑区,横浜市中川西保育園,1歳,5.0,0.0
令和8,都筑区,横浜市中川西保育園,2歳,5.0,0.0
令和8,都筑区,横浜市中川西保育園,3歳,2.5,0.5
令和8,都筑区,横浜市中川西保育園,4歳,2.5,0.5
令和8,都筑区,横浜市中川西保育園,5歳,5.0,0.0
令和8,都筑区,横浜市大熊保育園,0歳,5.0,0.0
令和8,都筑区,横浜市大熊保育園,1歳,5.0,0.0
令和8,都筑区,横浜市大熊保育園,2歳,2.872340425531915,0.425531914893617
令和8,都筑区,横浜市大熊保育園,3歳,5.0,0.0
令和8,都筑区,横浜市大熊保育園,4歳,1.666666666666667,0.6666666666666666
令和8,都筑区,横浜市大熊保育園,5歳,1.25,0.75
令和8,都筑区,横浜市茅ケ崎南保育園,0歳,0.7142857142857145,0.8571428571428571
令和8,都筑区,横浜市茅ケ崎南保育園,1歳,5.0,0.0
令和8,都筑区,横浜市茅ケ崎南保育園,2歳,5.0,0.0
令和8,都筑区,横浜市茅ケ崎南保育園,3歳,1.666666666666667,0.6666666666666666
令和8,都筑区,横浜市茅ケ崎南保育園,4歳,1.25,0.75
令和8,都筑区,横浜市茅ケ崎南保育園,5歳,5.0,0.0
令和8,都筑区,横浜茅ケ崎保育園,0歳,1.666666666666667,0.6666666666666666
令和8,都筑区,横浜茅ケ崎保育園,1歳,5.0,0.0
令和8,都筑区,横浜茅ケ崎保育園,2歳,1.666666666666667,0.6666666666666666
令和8,都筑区,横浜茅ケ崎保育園,3歳,2.5,0.5
令和8,都筑区,横浜茅ケ崎保育園,4歳,1.25,0.75
令和8,都筑区,横浜茅ケ崎保育園,5歳,1.666666666666667,0.6666666666666666
令和8,都筑区,池辺おひさま保育園,0歳,5.0,0.0
令和8,都筑区,池辺おひさま保育園,1歳,5.0,0.0
令和8,都筑区,池辺おひさま保育園,2歳,5.0,0.0
令和8,都筑区,池辺おひさま保育園,3歳,5.0,0.0
令和8,都筑区,池辺おひさま保育園,4歳,5.0,0.0
令和8,都筑区,池辺おひさま保育園,5歳,5.0,0.0
令和8,都筑区,池辺保育園,0歳,2.5,0.5
令和8,都筑区,池辺保育園,1歳,5.0,0.0
令和8,都筑区,池辺保育園,2歳,5.0,0.0
令和8,都筑区,池辺保育園,3歳,2.5,0.5
令和8,都筑区,池辺保育園,4歳,5.0,0.0
令和8,都筑区,池辺保育園,5歳,5.0,0.0
令和8,都筑区,滝ヶ谷保育園,0歳,5.0,0.0
令和8,都筑区,滝ヶ谷保育園,1歳,5.0,0.0
令和8,都筑区,滝ヶ谷保育園,2歳,5.0,0.0
令和8,都筑区,滝ヶ谷保育園,3歳,1.666666666666667,0.6666666666666666
令和8,都筑区,滝ヶ谷保育園,4歳,5.0,0.0
令和8,都筑区,滝ヶ谷保育園,5歳,5.0,0.0
令和8,都筑区,第二しらとり台保育園,0歳,0.7142857142857145,0.8571428571428571
令和8,都筑区,第二しらとり台保育園,1歳,1.25,0.75
令和8,都筑区,第二しらとり台保育園,2歳,2.5,0.5
令和8,都筑区,第二しらとり台保育園,3歳,1.25,0.75
令和8,都筑区,第二しらとり台保育園,4歳,2.5,0.5
令和8,都筑区,第二しらとり台保育園,5歳,5.0,0.0
令和8,都筑区,認定こども園　横浜黎明幼稚園,0歳,5.0,0.0
令和8,都筑区,認定こども園　横浜黎明幼稚園,1歳,5.0,0.0
令和8,都筑区,認定こども園　横浜黎明幼稚園,2歳,5.0,0.0
令和8,都筑区,認定こども園　横浜黎明幼稚園,3歳,5.0,0.0
令和8,都筑区,認定こども園　横浜黎明幼稚園,4歳,5.0,0.0
令和8,都筑区,認定こども園　横浜黎明幼稚園,5歳,5.0,0.0
令和8,都筑区,認定こども園やまゆりキッズ　横浜みずほ幼稚園,0歳,5.0,0.0
令和8,都筑区,認定こども園やまゆりキッズ　横浜みずほ幼稚園,1歳,5.0,0.0
令和8,都筑区,認定こども園やまゆりキッズ　横浜みずほ幼稚園,2歳,5.0,0.0
令和8,都筑区,認定こども園やまゆりキッズ　横浜みずほ幼稚園,3歳,5.0,0.0
令和8,都筑区,認定こども園やまゆりキッズ　横浜みずほ幼稚園,4歳,5.0,0.0
令和8,都筑区,認定こども園やまゆりキッズ　横浜みずほ幼稚園,5歳,2.5,0.5
令和8,都筑区,認定こども園エクレス,0歳,1.666666666666667,0.6666666666666666
令和8,都筑区,認定こども園エクレス,1歳,5.0,0.0
令和8,都筑区,認定こども園エクレス,2歳,5.0,0.0
令和8,都筑区,認定こども園エクレス,3歳,5.0,0.0
令和8,都筑区,認定こども園エクレス,4歳,5.0,0.0
令和8,都筑区,認定こども園エクレス,5歳,5.0,0.0
令和8,都筑区,都筑ひよこ保育園,0歳,1.666666666666667,0.6666666666666666
令和8,都筑区,都筑ひよこ保育園,1歳,5.0,0.0
令和8,都筑区,都筑ひよこ保育園,2歳,2.5,0.5
令和8,都筑区,都筑ひよこ保育園,3歳,5.0,0.0
令和8,都筑区,都筑ひよこ保育園,4歳,1.25,0.75
令和8,都筑区,都筑ひよこ保育園,5歳,5.0,0.0
令和8,都筑区,ＫＩＤＳＦＯＲＥ　ＡＣＡＤＥＭＹ,0歳,5.0,0.0
令和8,都筑区,ＫＩＤＳＦＯＲＥ　ＡＣＡＤＥＭＹ,1歳,5.0,0.0
令和8,都筑区,ＫＩＤＳＦＯＲＥ　ＡＣＡＤＥＭＹ,2歳,5.0,0.0
令和8,都筑区,ＫＩＤＳＦＯＲＥ　ＡＣＡＤＥＭＹ,3歳,5.0,0.0
令和8,都筑区,ＫＩＤＳＦＯＲＥ　ＡＣＡＤＥＭＹ,4歳,5.0,0.0
令和8,都筑区,ＫＩＤＳＦＯＲＥ　ＡＣＡＤＥＭＹ,5歳,2.5,0.5
令和8,金沢区,あおぞら谷津保育園,0歳,2.5,0.5
令和8,金沢区,あおぞら谷津保育園,1歳,5.0,0.0
令和8,金沢区,あおぞら谷津保育園,2歳,5.0,0.0
令和8,金沢区,あおぞら谷津保育園,3歳,5.0,0.0
令和8,金沢区,あおぞら谷津保育園,4歳,5.0,0.0
令和8,金沢区,あおぞら谷津保育園,5歳,5.0,0.0
令和8,金沢区,おひさま保育室,0歳,5.0,0.0
令和8,金沢区,おひさま保育室,1歳,5.0,0.0
令和8,金沢区,おひさま保育室,2歳,5.0,0.0
令和8,金沢区,おひさま保育室,3歳,5.0,0.0
令和8,金沢区,おひさま保育室,4歳,5.0,0.0
令和8,金沢区,おひさま保育室,5歳,5.0,0.0
令和8,金沢区,かぜのねこども園,0歳,5.0,0.0
令和8,金沢区,かぜのねこども園,1歳,0.8333333333333331,0.8333333333333334
令和8,金沢区,かぜのねこども園,2歳,2.5,0.5
令和8,金沢区,かぜのねこども園,3歳,0.8333333333333331,0.8333333333333334
令和8,金沢区,かぜのねこども園,4歳,5.0,0.0
令和8,金沢区,かぜのねこども園,5歳,5.0,0.0
令和8,金沢区,かのん保育園,0歳,5.0,0.0
令和8,金沢区,かのん保育園,1歳,5.0,0.0
令和8,金沢区,かのん保育園,2歳,5.0,0.0
令和8,金沢区,かのん保育園,3歳,2.5,0.5
令和8,金沢区,かのん保育園,4歳,5.0,0.0
令和8,金沢区,かのん保育園,5歳,5.0,0.0
令和8,金沢区,かまりや保育園,0歳,5.0,0.0
令和8,金沢区,かまりや保育園,1歳,5.0,0.0
令和8,金沢区,かまりや保育園,2歳,5.0,0.0
令和8,金沢区,かまりや保育園,3歳,2.5,0.5
令和8,金沢区,かまりや保育園,4歳,2.5,0.5
令和8,金沢区,かまりや保育園,5歳,5.0,0.0
令和8,金沢区,きらら保育園,0歳,5.0,0.0
令和8,金沢区,きらら保育園,1歳,5.0,0.0
令和8,金沢区,きらら保育園,2歳,5.0,0.0
令和8,金沢区,きらら保育園,3歳,5.0,0.0
令和8,金沢区,きらら保育園,4歳,5.0,0.0
令和8,金沢区,きらら保育園,5歳,5.0,0.0
令和8,金沢区,きらら子どもの家,0歳,5.0,0.0
令和8,金沢区,きらら子どもの家,1歳,5.0,0.0
令和8,金沢区,きらら子どもの家,2歳,5.0,0.0
令和8,金沢区,きらら子どもの家,3歳,5.0,0.0
令和8,金沢区,きらら子どもの家,4歳,5.0,0.0
令和8,金沢区,きらら子どもの家,5歳,5.0,0.0
令和8,金沢区,しののめ並木保育園,0歳,1.25,0.75
令和8,金沢区,しののめ並木保育園,1歳,0.8333333333333331,0.8333333333333334
令和8,金沢区,しののめ並木保育園,2歳,1.666666666666667,0.6666666666666666
令和8,金沢区,しののめ並木保育園,3歳,0.9999999999999998,0.8
令和8,金沢区,しののめ並木保育園,4歳,1.666666666666667,0.6666666666666666
令和8,金沢区,しののめ並木保育園,5歳,2.5,0.5
令和8,金沢区,しののめ保育園,0歳,5.0,0.0
令和8,金沢区,しののめ保育園,1歳,5.0,0.0
令和8,金沢区,しののめ保育園,2歳,5.0,0.0
令和8,金沢区,しののめ保育園,3歳,5.0,0.0
令和8,金沢区,しののめ保育園,4歳,5.0,0.0
令和8,金沢区,しののめ保育園,5歳,5.0,0.0
令和8,金沢区,すくすくキッズとらまる保育園,0歳,5.0,0.0
令和8,金沢区,すくすくキッズとらまる保育園,1歳,5.0,0.0
令和8,金沢区,すくすくキッズとらまる保育園,2歳,5.0,0.0
令和8,金沢区,すくすくキッズとらまる保育園,3歳,5.0,0.0
令和8,金沢区,すくすくキッズとらまる保育園,4歳,5.0,0.0
令和8,金沢区,すくすくキッズとらまる保育園,5歳,5.0,0.0
令和8,金沢区,ちゃいれっく並木二丁目保育室,0歳,5.0,0.0
令和8,金沢区,ちゃいれっく並木二丁目保育室,1歳,0.9999999999999998,0.8
令和8,金沢区,ちゃいれっく並木二丁目保育室,2歳,1.25,0.75
令和8,金沢区,ちゃいれっく並木二丁目保育室,3歳,5.0,0.0
令和8,金沢区,ちゃいれっく並木二丁目保育室,4歳,5.0,0.0
令和8,金沢区,ちゃいれっく並木二丁目保育室,5歳,5.0,0.0
令和8,金沢区,とみおかスマイル保育園,0歳,5.0,0.0
令和8,金沢区,とみおかスマイル保育園,1歳,5.0,0.0
令和8,金沢区,とみおかスマイル保育園,2歳,5.0,0.0
令和8,金沢区,とみおかスマイル保育園,3歳,5.0,0.0
令和8,金沢区,とみおかスマイル保育園,4歳,5.0,0.0
令和8,金沢区,とみおかスマイル保育園,5歳,5.0,0.0
令和8,金沢区,にじいろ保育園金沢文庫,0歳,0.8333333333333331,0.8333333333333334
令和8,金沢区,にじいろ保育園金沢文庫,1歳,5.0,0.0
令和8,金沢区,にじいろ保育園金沢文庫,2歳,5.0,0.0
令和8,金沢区,にじいろ保育園金沢文庫,3歳,1.666666666666667,0.6666666666666666
令和8,金沢区,にじいろ保育園金沢文庫,4歳,2.5,0.5
令和8,金沢区,にじいろ保育園金沢文庫,5歳,2.5,0.5
令和8,金沢区,にじいろ保育園釜利谷,0歳,5.0,0.0
令和8,金沢区,にじいろ保育園釜利谷,1歳,5.0,0.0
令和8,金沢区,にじいろ保育園釜利谷,2歳,3.360655737704918,0.3278688524590164
令和8,金沢区,にじいろ保育園釜利谷,3歳,2.5,0.5
令和8,金沢区,にじいろ保育園釜利谷,4歳,5.0,0.0
令和8,金沢区,にじいろ保育園釜利谷,5歳,5.0,0.0
令和8,金沢区,ひかりとたねの保育園,0歳,1.666666666666667,0.6666666666666666
令和8,金沢区,ひかりとたねの保育園,1歳,5.0,0.0
令和8,金沢区,ひかりとたねの保育園,2歳,5.0,0.0
令和8,金沢区,ひかりとたねの保育園,3歳,5.0,0.0
令和8,金沢区,ひかりとたねの保育園,4歳,5.0,0.0
令和8,金沢区,ひかりとたねの保育園,5歳,5.0,0.0
令和8,金沢区,ゆめ和ほいくえん,0歳,2.5,0.5
令和8,金沢区,ゆめ和ほいくえん,1歳,5.0,0.0
令和8,金沢区,ゆめ和ほいくえん,2歳,5.0,0.0
令和8,金沢区,ゆめ和ほいくえん,3歳,2.5,0.5
令和8,金沢区,ゆめ和ほいくえん,4歳,5.0,0.0
令和8,金沢区,ゆめ和ほいくえん,5歳,5.0,0.0
令和8,金沢区,ゆめ和柳町ほいくえん,0歳,5.0,0.0
令和8,金沢区,ゆめ和柳町ほいくえん,1歳,5.0,0.0
令和8,金沢区,ゆめ和柳町ほいくえん,2歳,5.0,0.0
令和8,金沢区,ゆめ和柳町ほいくえん,3歳,5.0,0.0
令和8,金沢区,ゆめ和柳町ほいくえん,4歳,5.0,0.0
令和8,金沢区,ゆめ和柳町ほいくえん,5歳,2.5,0.5
令和8,金沢区,わかくさ保育園,0歳,1.666666666666667,0.6666666666666666
令和8,金沢区,わかくさ保育園,1歳,0.9999999999999998,0.8
令和8,金沢区,わかくさ保育園,2歳,5.0,0.0
令和8,金沢区,わかくさ保育園,3歳,2.5,0.5
令和8,金沢区,わかくさ保育園,4歳,5.0,0.0
令和8,金沢区,わかくさ保育園,5歳,1.666666666666667,0.6666666666666666
令和8,金沢区,わらべシーサイド保育園,0歳,1.666666666666667,0.6666666666666666
令和8,金沢区,わらべシーサイド保育園,1歳,2.5,0.5
令和8,金沢区,わらべシーサイド保育園,2歳,0.9999999999999998,0.8
令和8,金沢区,わらべシーサイド保育園,3歳,0.625,0.875
令和8,金沢区,わらべシーサイド保育園,4歳,0.9999999999999998,0.8
令和8,金沢区,わらべシーサイド保育園,5歳,5.0,0.0
令和8,金沢区,アイグラン保育園富岡東,0歳,2.872340425531915,0.425531914893617
令和8,金沢区,アイグラン保育園富岡東,1歳,5.0,0.0
令和8,金沢区,アイグラン保育園富岡東,2歳,5.0,0.0
令和8,金沢区,アイグラン保育園富岡東,3歳,5.0,0.0
令和8,金沢区,アイグラン保育園富岡東,4歳,5.0,0.0
令和8,金沢区,アイグラン保育園富岡東,5歳,5.0,0.0
令和8,金沢区,アイン能見台駅前保育園,0歳,1.666666666666667,0.6666666666666666
令和8,金沢区,アイン能見台駅前保育園,1歳,3.666666666666667,0.26666666666666666
令和8,金沢区,アイン能見台駅前保育園,2歳,2.5,0.5
令和8,金沢区,アイン能見台駅前保育園,3歳,5.0,0.0
令和8,金沢区,アイン能見台駅前保育園,4歳,5.0,0.0
令和8,金沢区,アイン能見台駅前保育園,5歳,2.5,0.5
令和8,金沢区,アイン金沢文庫保育園,0歳,5.0,0.0
令和8,金沢区,アイン金沢文庫保育園,1歳,5.0,0.0
令和8,金沢区,アイン金沢文庫保育園,2歳,5.0,0.0
令和8,金沢区,アイン金沢文庫保育園,3歳,5.0,0.0
令和8,金沢区,アイン金沢文庫保育園,4歳,5.0,0.0
令和8,金沢区,アイン金沢文庫保育園,5歳,1.25,0.75
令和8,金沢区,コンビプラザレイディアント保育園,0歳,0.9999999999999998,0.8
令和8,金沢区,コンビプラザレイディアント保育園,1歳,5.0,0.0
令和8,金沢区,コンビプラザレイディアント保育園,2歳,2.5,0.5
令和8,金沢区,コンビプラザレイディアント保育園,3歳,5.0,0.0
令和8,金沢区,コンビプラザレイディアント保育園,4歳,2.5,0.5
令和8,金沢区,コンビプラザレイディアント保育園,5歳,5.0,0.0
令和8,金沢区,スターチャイルド≪金沢文庫ナーサリー≫,0歳,5.0,0.0
令和8,金沢区,スターチャイルド≪金沢文庫ナーサリー≫,1歳,5.0,0.0
令和8,金沢区,スターチャイルド≪金沢文庫ナーサリー≫,2歳,5.0,0.0
令和8,金沢区,スターチャイルド≪金沢文庫ナーサリー≫,3歳,1.25,0.75
令和8,金沢区,スターチャイルド≪金沢文庫ナーサリー≫,4歳,5.0,0.0
令和8,金沢区,スターチャイルド≪金沢文庫ナーサリー≫,5歳,5.0,0.0
令和8,金沢区,ビアレ横浜スマイル保育園,0歳,1.666666666666667,0.6666666666666666
令和8,金沢区,ビアレ横浜スマイル保育園,1歳,5.0,0.0
令和8,金沢区,ビアレ横浜スマイル保育園,2歳,5.0,0.0
令和8,金沢区,ビアレ横浜スマイル保育園,3歳,5.0,0.0
令和8,金沢区,ビアレ横浜スマイル保育園,4歳,5.0,0.0
令和8,金沢区,ビアレ横浜スマイル保育園,5歳,5.0,0.0
令和8,金沢区,フレンド金沢文庫保育園,0歳,1.25,0.75
令和8,金沢区,フレンド金沢文庫保育園,1歳,5.0,0.0
令和8,金沢区,フレンド金沢文庫保育園,2歳,5.0,0.0
令和8,金沢区,フレンド金沢文庫保育園,3歳,5.0,0.0
令和8,金沢区,フレンド金沢文庫保育園,4歳,5.0,0.0
令和8,金沢区,フレンド金沢文庫保育園,5歳,5.0,0.0
令和8,金沢区,マミングステーション,0歳,2.5,0.5
令和8,金沢区,マミングステーション,1歳,0.8333333333333331,0.8333333333333334
令和8,金沢区,マミングステーション,2歳,2.5,0.5
令和8,金沢区,マミングステーション,3歳,5.0,0.0
令和8,金沢区,マミングステーション,4歳,5.0,0.0
令和8,金沢区,マミングステーション,5歳,5.0,0.0
令和8,金沢区,マミーズエンジェル金沢文庫駅前保育園,0歳,5.0,0.0
令和8,金沢区,マミーズエンジェル金沢文庫駅前保育園,1歳,5.0,0.0
令和8,金沢区,マミーズエンジェル金沢文庫駅前保育園,2歳,5.0,0.0
令和8,金沢区,マミーズエンジェル金沢文庫駅前保育園,3歳,5.0,0.0
令和8,金沢区,マミーズエンジェル金沢文庫駅前保育園,4歳,5.0,0.0
令和8,金沢区,マミーズエンジェル金沢文庫駅前保育園,5歳,5.0,0.0
令和8,金沢区,京急キッズランド金沢文庫保育園,0歳,5.0,0.0
令和8,金沢区,京急キッズランド金沢文庫保育園,1歳,2.5,0.5
令和8,金沢区,京急キッズランド金沢文庫保育園,2歳,5.0,0.0
令和8,金沢区,京急キッズランド金沢文庫保育園,3歳,2.5,0.5
令和8,金沢区,京急キッズランド金沢文庫保育園,4歳,5.0,0.0
令和8,金沢区,京急キッズランド金沢文庫保育園,5歳,5.0,0.0
令和8,金沢区,北六浦いちい保育園,0歳,5.0,0.0
令和8,金沢区,北六浦いちい保育園,1歳,3.1481481481481484,0.37037037037037035
令和8,金沢区,北六浦いちい保育園,2歳,5.0,0.0
令和8,金沢区,北六浦いちい保育園,3歳,2.5,0.5
令和8,金沢区,北六浦いちい保育園,4歳,2.5,0.5
令和8,金沢区,北六浦いちい保育園,5歳,2.5,0.5
令和8,金沢区,家庭的保育室マリン,0歳,5.0,0.0
令和8,金沢区,家庭的保育室マリン,1歳,5.0,0.0
令和8,金沢区,家庭的保育室マリン,2歳,5.0,0.0
令和8,金沢区,家庭的保育室マリン,3歳,5.0,0.0
令和8,金沢区,家庭的保育室マリン,4歳,5.0,0.0
令和8,金沢区,家庭的保育室マリン,5歳,5.0,0.0
令和8,金沢区,明徳釜利谷保育園,0歳,5.0,0.0
令和8,金沢区,明徳釜利谷保育園,1歳,5.0,0.0
令和8,金沢区,明徳釜利谷保育園,2歳,5.0,0.0
令和8,金沢区,明徳釜利谷保育園,3歳,2.5,0.5
令和8,金沢区,明徳釜利谷保育園,4歳,5.0,0.0
令和8,金沢区,明徳釜利谷保育園,5歳,5.0,0.0
令和8,金沢区,明日葉保育園金沢文庫園,0歳,5.0,0.0
令和8,金沢区,明日葉保育園金沢文庫園,1歳,5.0,0.0
令和8,金沢区,明日葉保育園金沢文庫園,2歳,5.0,0.0
令和8,金沢区,明日葉保育園金沢文庫園,3歳,5.0,0.0
令和8,金沢区,明日葉保育園金沢文庫園,4歳,5.0,0.0
令和8,金沢区,明日葉保育園金沢文庫園,5歳,5.0,0.0
令和8,金沢区,横浜市並木保育園,0歳,0.7142857142857145,0.8571428571428571
令和8,金沢区,横浜市並木保育園,1歳,0.5555555555555558,0.8888888888888888
令和8,金沢区,横浜市並木保育園,2歳,1.25,0.75
令和8,金沢区,横浜市並木保育園,3歳,1.666666666666667,0.6666666666666666
令和8,金沢区,横浜市並木保育園,4歳,0.8333333333333331,0.8333333333333334
令和8,金沢区,横浜市並木保育園,5歳,0.5555555555555558,0.8888888888888888
令和8,金沢区,横浜市南六浦保育園,0歳,1.666666666666667,0.6666666666666666
令和8,金沢区,横浜市南六浦保育園,1歳,5.0,0.0
令和8,金沢区,横浜市南六浦保育園,2歳,5.0,0.0
令和8,金沢区,横浜市南六浦保育園,3歳,1.666666666666667,0.6666666666666666
令和8,金沢区,横浜市南六浦保育園,4歳,1.666666666666667,0.6666666666666666
令和8,金沢区,横浜市南六浦保育園,5歳,1.25,0.75
令和8,金沢区,横浜市金沢さくら保育園,0歳,5.0,0.0
令和8,金沢区,横浜市金沢さくら保育園,1歳,5.0,0.0
令和8,金沢区,横浜市金沢さくら保育園,2歳,5.0,0.0
令和8,金沢区,横浜市金沢さくら保育園,3歳,5.0,0.0
令和8,金沢区,横浜市金沢さくら保育園,4歳,1.25,0.75
令和8,金沢区,横浜市金沢さくら保育園,5歳,5.0,0.0
令和8,金沢区,聖星保育園,0歳,1.666666666666667,0.6666666666666666
令和8,金沢区,聖星保育園,1歳,1.666666666666667,0.6666666666666666
令和8,金沢区,聖星保育園,2歳,1.666666666666667,0.6666666666666666
令和8,金沢区,聖星保育園,3歳,1.666666666666667,0.6666666666666666
令和8,金沢区,聖星保育園,4歳,1.666666666666667,0.6666666666666666
令和8,金沢区,聖星保育園,5歳,5.0,0.0
令和8,金沢区,西柴保育園,0歳,1.25,0.75
令和8,金沢区,西柴保育園,1歳,5.0,0.0
令和8,金沢区,西柴保育園,2歳,5.0,0.0
令和8,金沢区,西柴保育園,3歳,5.0,0.0
令和8,金沢区,西柴保育園,4歳,1.25,0.75
令和8,金沢区,西柴保育園,5歳,5.0,0.0
令和8,金沢区,金沢ぴよっこ保育園,0歳,2.5,0.5
令和8,金沢区,金沢ぴよっこ保育園,1歳,5.0,0.0
令和8,金沢区,金沢ぴよっこ保育園,2歳,5.0,0.0
令和8,金沢区,金沢ぴよっこ保育園,3歳,5.0,0.0
令和8,金沢区,金沢ぴよっこ保育園,4歳,5.0,0.0
令和8,金沢区,金沢ぴよっこ保育園,5歳,5.0,0.0
令和8,金沢区,金沢ふたば保育園,0歳,5.0,0.0
令和8,金沢区,金沢ふたば保育園,1歳,5.0,0.0
令和8,金沢区,金沢ふたば保育園,2歳,5.0,0.0
令和8,金沢区,金沢ふたば保育園,3歳,5.0,0.0
令和8,金沢区,金沢ふたば保育園,4歳,5.0,0.0
令和8,金沢区,金沢ふたば保育園,5歳,5.0,0.0
令和8,金沢区,金沢八景ＹＭＣＡ保育園,0歳,2.5,0.5
令和8,金沢区,金沢八景ＹＭＣＡ保育園,1歳,5.0,0.0
令和8,金沢区,金沢八景ＹＭＣＡ保育園,2歳,5.0,0.0
令和8,金沢区,金沢八景ＹＭＣＡ保育園,3歳,2.5,0.5
令和8,金沢区,金沢八景ＹＭＣＡ保育園,4歳,5.0,0.0
令和8,金沢区,金沢八景ＹＭＣＡ保育園,5歳,5.0,0.0
令和8,金沢区,金沢愛児園,0歳,1.25,0.75
令和8,金沢区,金沢愛児園,1歳,5.0,0.0
令和8,金沢区,金沢愛児園,2歳,5.0,0.0
令和8,金沢区,金沢愛児園,3歳,5.0,0.0
令和8,金沢区,金沢愛児園,4歳,5.0,0.0
令和8,金沢区,金沢愛児園,5歳,5.0,0.0
令和8,金沢区,金沢白百合幼稚園,0歳,5.0,0.0
令和8,金沢区,金沢白百合幼稚園,1歳,5.0,0.0
令和8,金沢区,金沢白百合幼稚園,2歳,5.0,0.0
令和8,金沢区,金沢白百合幼稚園,3歳,5.0,0.0
令和8,金沢区,金沢白百合幼稚園,4歳,5.0,0.0
令和8,金沢区,金沢白百合幼稚園,5歳,5.0,0.0
令和8,金沢区,関東学院六浦こども園,0歳,5.0,0.0
令和8,金沢区,関東学院六浦こども園,1歳,5.0,0.0
令和8,金沢区,関東学院六浦こども園,2歳,5.0,0.0
令和8,金沢区,関東学院六浦こども園,3歳,2.5,0.5
令和8,金沢区,関東学院六浦こども園,4歳,2.5,0.5
令和8,金沢区,関東学院六浦こども園,5歳,2.5,0.5
令和8,金沢区,ＹＭＣＡマナ保育園,0歳,2.5,0.5
令和8,金沢区,ＹＭＣＡマナ保育園,1歳,5.0,0.0
令和8,金沢区,ＹＭＣＡマナ保育園,2歳,5.0,0.0
令和8,金沢区,ＹＭＣＡマナ保育園,3歳,2.5,0.5
令和8,金沢区,ＹＭＣＡマナ保育園,4歳,2.5,0.5
令和8,金沢区,ＹＭＣＡマナ保育園,5歳,5.0,0.0
令和8,青葉区,ChaCha Children Kakinokidai,0歳,1.2616822429906538,0.7476635514018692
令和8,青葉区,ChaCha Children Kakinokidai,1歳,5.0,0.0
令和8,青葉区,ChaCha Children Kakinokidai,2歳,5.0,0.0
令和8,青葉区,ChaCha Children Kakinokidai,3歳,0.8333333333333331,0.8333333333333334
令和8,青葉区,ChaCha Children Kakinokidai,4歳,5.0,0.0
令和8,青葉区,ChaCha Children Kakinokidai,5歳,1.666666666666667,0.6666666666666666
令和8,青葉区,あざみ野ひだまり保育園,0歳,5.0,0.0
令和8,青葉区,あざみ野ひだまり保育園,1歳,5.0,0.0
令和8,青葉区,あざみ野ひだまり保育園,2歳,5.0,0.0
令和8,青葉区,あざみ野ひだまり保育園,3歳,5.0,0.0
令和8,青葉区,あざみ野ひだまり保育園,4歳,5.0,0.0
令和8,青葉区,あざみ野ひだまり保育園,5歳,5.0,0.0
令和8,青葉区,あっぷるキッズ青葉台,0歳,5.0,0.0
令和8,青葉区,あっぷるキッズ青葉台,1歳,2.297297297297298,0.5405405405405405
令和8,青葉区,あっぷるキッズ青葉台,2歳,5.0,0.0
令和8,青葉区,あっぷるキッズ青葉台,3歳,2.5,0.5
令和8,青葉区,あっぷるキッズ青葉台,4歳,1.666666666666667,0.6666666666666666
令和8,青葉区,あっぷるキッズ青葉台,5歳,1.25,0.75
令和8,青葉区,あゆみ保育園 藤が丘,0歳,2.5,0.5
令和8,青葉区,あゆみ保育園 藤が丘,1歳,5.0,0.0
令和8,青葉区,あゆみ保育園 藤が丘,2歳,2.5,0.5
令和8,青葉区,あゆみ保育園 藤が丘,3歳,2.5,0.5
令和8,青葉区,あゆみ保育園 藤が丘,4歳,1.666666666666667,0.6666666666666666
令和8,青葉区,あゆみ保育園 藤が丘,5歳,0.9999999999999998,0.8
令和8,青葉区,いずみ青葉台保育園,0歳,5.0,0.0
令和8,青葉区,いずみ青葉台保育園,1歳,5.0,0.0
令和8,青葉区,いずみ青葉台保育園,2歳,5.0,0.0
令和8,青葉区,いずみ青葉台保育園,3歳,5.0,0.0
令和8,青葉区,いずみ青葉台保育園,4歳,5.0,0.0
令和8,青葉区,いずみ青葉台保育園,5歳,5.0,0.0
令和8,青葉区,こどもの国ほしぞら保育園,0歳,5.0,0.0
令和8,青葉区,こどもの国ほしぞら保育園,1歳,5.0,0.0
令和8,青葉区,こどもの国ほしぞら保育園,2歳,2.5,0.5
令和8,青葉区,こどもの国ほしぞら保育園,3歳,5.0,0.0
令和8,青葉区,こどもの国ほしぞら保育園,4歳,5.0,0.0
令和8,青葉区,こどもの国ほしぞら保育園,5歳,5.0,0.0
令和8,青葉区,しらとり台保育園,0歳,0.7142857142857145,0.8571428571428571
令和8,青葉区,しらとり台保育園,1歳,5.0,0.0
令和8,青葉区,しらとり台保育園,2歳,5.0,0.0
令和8,青葉区,しらとり台保育園,3歳,2.872340425531915,0.425531914893617
令和8,青葉区,しらとり台保育園,4歳,2.5,0.5
令和8,青葉区,しらとり台保育園,5歳,5.0,0.0
令和8,青葉区,しらとり台保育園　青葉台,0歳,2.5,0.5
令和8,青葉区,しらとり台保育園　青葉台,1歳,5.0,0.0
令和8,青葉区,しらとり台保育園　青葉台,2歳,5.0,0.0
令和8,青葉区,しらとり台保育園　青葉台,3歳,1.25,0.75
令和8,青葉区,しらとり台保育園　青葉台,4歳,5.0,0.0
令和8,青葉区,しらとり台保育園　青葉台,5歳,5.0,0.0
令和8,青葉区,しらとり台保育園さつきが丘,0歳,2.5,0.5
令和8,青葉区,しらとり台保育園さつきが丘,1歳,5.0,0.0
令和8,青葉区,しらとり台保育園さつきが丘,2歳,5.0,0.0
令和8,青葉区,しらとり台保育園さつきが丘,3歳,5.0,0.0
令和8,青葉区,しらとり台保育園さつきが丘,4歳,5.0,0.0
令和8,青葉区,しらとり台保育園さつきが丘,5歳,5.0,0.0
令和8,青葉区,しらとり台保育園つつじが丘,0歳,5.0,0.0
令和8,青葉区,しらとり台保育園つつじが丘,1歳,5.0,0.0
令和8,青葉区,しらとり台保育園つつじが丘,2歳,5.0,0.0
令和8,青葉区,しらとり台保育園つつじが丘,3歳,5.0,0.0
令和8,青葉区,しらとり台保育園つつじが丘,4歳,5.0,0.0
令和8,青葉区,しらとり台保育園つつじが丘,5歳,2.5,0.5
令和8,青葉区,たまプラーザ　こどもの詩保育園,0歳,5.0,0.0
令和8,青葉区,たまプラーザ　こどもの詩保育園,1歳,5.0,0.0
令和8,青葉区,たまプラーザ　こどもの詩保育園,2歳,2.5,0.5
令和8,青葉区,たまプラーザ　こどもの詩保育園,3歳,5.0,0.0
令和8,青葉区,たまプラーザ　こどもの詩保育園,4歳,2.5,0.5
令和8,青葉区,たまプラーザ　こどもの詩保育園,5歳,5.0,0.0
令和8,青葉区,たまプラーザぽんた保育園,0歳,1.666666666666667,0.6666666666666666
令和8,青葉区,たまプラーザぽんた保育園,1歳,1.25,0.75
令和8,青葉区,たまプラーザぽんた保育園,2歳,2.5,0.5
令和8,青葉区,たまプラーザぽんた保育園,3歳,5.0,0.0
令和8,青葉区,たまプラーザぽんた保育園,4歳,5.0,0.0
令和8,青葉区,たまプラーザぽんた保育園,5歳,5.0,0.0
令和8,青葉区,たまプラーザもみじ保育園,0歳,5.0,0.0
令和8,青葉区,たまプラーザもみじ保育園,1歳,5.0,0.0
令和8,青葉区,たまプラーザもみじ保育園,2歳,5.0,0.0
令和8,青葉区,たまプラーザもみじ保育園,3歳,5.0,0.0
令和8,青葉区,たまプラーザもみじ保育園,4歳,5.0,0.0
令和8,青葉区,たまプラーザもみじ保育園,5歳,5.0,0.0
令和8,青葉区,たまプラーザベビーリー乳幼児室,0歳,1.25,0.75
令和8,青葉区,たまプラーザベビーリー乳幼児室,1歳,0.9999999999999998,0.8
令和8,青葉区,たまプラーザベビーリー乳幼児室,2歳,5.0,0.0
令和8,青葉区,たまプラーザベビーリー乳幼児室,3歳,5.0,0.0
令和8,青葉区,たまプラーザベビーリー乳幼児室,4歳,5.0,0.0
令和8,青葉区,たまプラーザベビーリー乳幼児室,5歳,5.0,0.0
令和8,青葉区,たまプラーザ小桜愛児園,0歳,5.0,0.0
令和8,青葉区,たまプラーザ小桜愛児園,1歳,3.5294117647058822,0.29411764705882354
令和8,青葉区,たまプラーザ小桜愛児園,2歳,1.666666666666667,0.6666666666666666
令和8,青葉区,たまプラーザ小桜愛児園,3歳,1.25,0.75
令和8,青葉区,たまプラーザ小桜愛児園,4歳,0.7142857142857145,0.8571428571428571
令和8,青葉区,たまプラーザ小桜愛児園,5歳,1.25,0.75
令和8,青葉区,ちぐさのもり保育園,0歳,5.0,0.0
令和8,青葉区,ちぐさのもり保育園,1歳,5.0,0.0
令和8,青葉区,ちぐさのもり保育園,2歳,5.0,0.0
令和8,青葉区,ちぐさのもり保育園,3歳,5.0,0.0
令和8,青葉区,ちぐさのもり保育園,4歳,5.0,0.0
令和8,青葉区,ちぐさのもり保育園,5歳,5.0,0.0
令和8,青葉区,つどいの森もみの木こども園,0歳,5.0,0.0
令和8,青葉区,つどいの森もみの木こども園,1歳,5.0,0.0
令和8,青葉区,つどいの森もみの木こども園,2歳,1.666666666666667,0.6666666666666666
令和8,青葉区,つどいの森もみの木こども園,3歳,5.0,0.0
令和8,青葉区,つどいの森もみの木こども園,4歳,1.666666666666667,0.6666666666666666
令和8,青葉区,つどいの森もみの木こども園,5歳,2.5,0.5
令和8,青葉区,といろきっずたまプラーザ保育園,0歳,5.0,0.0
令和8,青葉区,といろきっずたまプラーザ保育園,1歳,5.0,0.0
令和8,青葉区,といろきっずたまプラーザ保育園,2歳,5.0,0.0
令和8,青葉区,といろきっずたまプラーザ保育園,3歳,5.0,0.0
令和8,青葉区,といろきっずたまプラーザ保育園,4歳,5.0,0.0
令和8,青葉区,といろきっずたまプラーザ保育園,5歳,5.0,0.0
令和8,青葉区,といろきっず田奈保育園,0歳,5.0,0.0
令和8,青葉区,といろきっず田奈保育園,1歳,5.0,0.0
令和8,青葉区,といろきっず田奈保育園,2歳,5.0,0.0
令和8,青葉区,といろきっず田奈保育園,3歳,5.0,0.0
令和8,青葉区,といろきっず田奈保育園,4歳,5.0,0.0
令和8,青葉区,といろきっず田奈保育園,5歳,5.0,0.0
令和8,青葉区,といろきっず美しが丘保育園,0歳,5.0,0.0
令和8,青葉区,といろきっず美しが丘保育園,1歳,2.5,0.5
令和8,青葉区,といろきっず美しが丘保育園,2歳,5.0,0.0
令和8,青葉区,といろきっず美しが丘保育園,3歳,5.0,0.0
令和8,青葉区,といろきっず美しが丘保育園,4歳,5.0,0.0
令和8,青葉区,といろきっず美しが丘保育園,5歳,5.0,0.0
令和8,青葉区,といろきっず青葉台保育園,0歳,5.0,0.0
令和8,青葉区,といろきっず青葉台保育園,1歳,5.0,0.0
令和8,青葉区,といろきっず青葉台保育園,2歳,5.0,0.0
令和8,青葉区,といろきっず青葉台保育園,3歳,5.0,0.0
令和8,青葉区,といろきっず青葉台保育園,4歳,5.0,0.0
令和8,青葉区,といろきっず青葉台保育園,5歳,5.0,0.0
令和8,青葉区,なかがわ家庭保育室,0歳,5.0,0.0
令和8,青葉区,なかがわ家庭保育室,1歳,5.0,0.0
令和8,青葉区,なかがわ家庭保育室,2歳,1.666666666666667,0.6666666666666666
令和8,青葉区,なかがわ家庭保育室,3歳,5.0,0.0
令和8,青葉区,なかがわ家庭保育室,4歳,5.0,0.0
令和8,青葉区,なかがわ家庭保育室,5歳,5.0,0.0
令和8,青葉区,にじいろ保育園江田,0歳,2.872340425531915,0.425531914893617
令和8,青葉区,にじいろ保育園江田,1歳,5.0,0.0
令和8,青葉区,にじいろ保育園江田,2歳,5.0,0.0
令和8,青葉区,にじいろ保育園江田,3歳,0.9999999999999998,0.8
令和8,青葉区,にじいろ保育園江田,4歳,5.0,0.0
令和8,青葉区,にじいろ保育園江田,5歳,0.9999999999999998,0.8
令和8,青葉区,にじいろ保育園青葉台,0歳,5.0,0.0
令和8,青葉区,にじいろ保育園青葉台,1歳,5.0,0.0
令和8,青葉区,にじいろ保育園青葉台,2歳,3.5294117647058822,0.29411764705882354
令和8,青葉区,にじいろ保育園青葉台,3歳,5.0,0.0
令和8,青葉区,にじいろ保育園青葉台,4歳,1.666666666666667,0.6666666666666666
令和8,青葉区,にじいろ保育園青葉台,5歳,5.0,0.0
令和8,青葉区,ぱぷりか保育園青葉台,0歳,5.0,0.0
令和8,青葉区,ぱぷりか保育園青葉台,1歳,1.666666666666667,0.6666666666666666
令和8,青葉区,ぱぷりか保育園青葉台,2歳,0.8333333333333331,0.8333333333333334
令和8,青葉区,ぱぷりか保育園青葉台,3歳,5.0,0.0
令和8,青葉区,ぱぷりか保育園青葉台,4歳,5.0,0.0
令和8,青葉区,ぱぷりか保育園青葉台,5歳,5.0,0.0
令和8,青葉区,ぽれぽれ保育園藤が丘,0歳,5.0,0.0
令和8,青葉区,ぽれぽれ保育園藤が丘,1歳,5.0,0.0
令和8,青葉区,ぽれぽれ保育園藤が丘,2歳,2.0149253731343286,0.5970149253731343
令和8,青葉区,ぽれぽれ保育園藤が丘,3歳,2.5,0.5
令和8,青葉区,ぽれぽれ保育園藤が丘,4歳,5.0,0.0
令和8,青葉区,ぽれぽれ保育園藤が丘,5歳,2.5,0.5
令和8,青葉区,みどり乳児園,0歳,5.0,0.0
令和8,青葉区,みどり乳児園,1歳,5.0,0.0
令和8,青葉区,みどり乳児園,2歳,5.0,0.0
令和8,青葉区,みどり乳児園,3歳,5.0,0.0
令和8,青葉区,みどり乳児園,4歳,5.0,0.0
令和8,青葉区,みどり乳児園,5歳,5.0,0.0
令和8,青葉区,もみじ保育園,0歳,5.0,0.0
令和8,青葉区,もみじ保育園,1歳,3.360655737704918,0.3278688524590164
令和8,青葉区,もみじ保育園,2歳,0.8333333333333331,0.8333333333333334
令和8,青葉区,もみじ保育園,3歳,0.9999999999999998,0.8
令和8,青葉区,もみじ保育園,4歳,1.25,0.75
令和8,青葉区,もみじ保育園,5歳,2.5,0.5
令和8,青葉区,もみじ第二保育園,0歳,5.0,0.0
令和8,青葉区,もみじ第二保育園,1歳,2.5,0.5
令和8,青葉区,もみじ第二保育園,2歳,2.5,0.5
令和8,青葉区,もみじ第二保育園,3歳,1.666666666666667,0.6666666666666666
令和8,青葉区,もみじ第二保育園,4歳,0.7142857142857145,0.8571428571428571
令和8,青葉区,もみじ第二保育園,5歳,2.5,0.5
令和8,青葉区,りとる・ピッピ,0歳,5.0,0.0
令和8,青葉区,りとる・ピッピ,1歳,3.876404494382022,0.22471910112359555
令和8,青葉区,りとる・ピッピ,2歳,5.0,0.0
令和8,青葉区,りとる・ピッピ,3歳,5.0,0.0
令和8,青葉区,りとる・ピッピ,4歳,5.0,0.0
令和8,青葉区,りとる・ピッピ,5歳,5.0,0.0
令和8,青葉区,りんどう保育園,0歳,5.0,0.0
令和8,青葉区,りんどう保育園,1歳,5.0,0.0
令和8,青葉区,りんどう保育園,2歳,5.0,0.0
令和8,青葉区,りんどう保育園,3歳,1.666666666666667,0.6666666666666666
令和8,青葉区,りんどう保育園,4歳,5.0,0.0
令和8,青葉区,りんどう保育園,5歳,5.0,0.0
令和8,青葉区,わいわいＫｉｄｓつつじが丘保育室,0歳,5.0,0.0
令和8,青葉区,わいわいＫｉｄｓつつじが丘保育室,1歳,1.25,0.75
令和8,青葉区,わいわいＫｉｄｓつつじが丘保育室,2歳,5.0,0.0
令和8,青葉区,わいわいＫｉｄｓつつじが丘保育室,3歳,5.0,0.0
令和8,青葉区,わいわいＫｉｄｓつつじが丘保育室,4歳,5.0,0.0
令和8,青葉区,わいわいＫｉｄｓつつじが丘保育室,5歳,5.0,0.0
令和8,青葉区,わいわいＫｉｄｓ青葉台,0歳,5.0,0.0
令和8,青葉区,わいわいＫｉｄｓ青葉台,1歳,1.666666666666667,0.6666666666666666
令和8,青葉区,わいわいＫｉｄｓ青葉台,2歳,0.9999999999999998,0.8
令和8,青葉区,わいわいＫｉｄｓ青葉台,3歳,5.0,0.0
令和8,青葉区,わいわいＫｉｄｓ青葉台,4歳,5.0,0.0
令和8,青葉区,わいわいＫｉｄｓ青葉台,5歳,5.0,0.0
令和8,青葉区,アスクあざみ野保育園,0歳,4.397590361445784,0.12048192771084336
令和8,青葉区,アスクあざみ野保育園,1歳,5.0,0.0
令和8,青葉区,アスクあざみ野保育園,2歳,5.0,0.0
令和8,青葉区,アスクあざみ野保育園,3歳,5.0,0.0
令和8,青葉区,アスクあざみ野保育園,4歳,1.666666666666667,0.6666666666666666
令和8,青葉区,アスクあざみ野保育園,5歳,2.5,0.5
令和8,青葉区,アスク藤が丘保育園,0歳,1.25,0.75
令和8,青葉区,アスク藤が丘保育園,1歳,5.0,0.0
令和8,青葉区,アスク藤が丘保育園,2歳,5.0,0.0
令和8,青葉区,アスク藤が丘保育園,3歳,2.5,0.5
令和8,青葉区,アスク藤が丘保育園,4歳,5.0,0.0
令和8,青葉区,アスク藤が丘保育園,5歳,5.0,0.0
令和8,青葉区,アートチャイルドケアろりぽっぷたまプラーザ,0歳,2.5,0.5
令和8,青葉区,アートチャイルドケアろりぽっぷたまプラーザ,1歳,0.8333333333333331,0.8333333333333334
令和8,青葉区,アートチャイルドケアろりぽっぷたまプラーザ,2歳,0.9999999999999998,0.8
令和8,青葉区,アートチャイルドケアろりぽっぷたまプラーザ,3歳,5.0,0.0
令和8,青葉区,アートチャイルドケアろりぽっぷたまプラーザ,4歳,2.5,0.5
令和8,青葉区,アートチャイルドケアろりぽっぷたまプラーザ,5歳,0.625,0.875
令和8,青葉区,エンゼルベアあざみ野保育園,0歳,5.0,0.0
令和8,青葉区,エンゼルベアあざみ野保育園,1歳,5.0,0.0
令和8,青葉区,エンゼルベアあざみ野保育園,2歳,5.0,0.0
令和8,青葉区,エンゼルベアあざみ野保育園,3歳,1.666666666666667,0.6666666666666666
令和8,青葉区,エンゼルベアあざみ野保育園,4歳,2.5,0.5
令和8,青葉区,エンゼルベアあざみ野保育園,5歳,2.5,0.5
令和8,青葉区,エンゼルベア青葉台保育園,0歳,5.0,0.0
令和8,青葉区,エンゼルベア青葉台保育園,1歳,5.0,0.0
令和8,青葉区,エンゼルベア青葉台保育園,2歳,5.0,0.0
令和8,青葉区,エンゼルベア青葉台保育園,3歳,0.8333333333333331,0.8333333333333334
令和8,青葉区,エンゼルベア青葉台保育園,4歳,5.0,0.0
令和8,青葉区,エンゼルベア青葉台保育園,5歳,1.25,0.75
令和8,青葉区,オルタスそらいろ,0歳,5.0,0.0
令和8,青葉区,オルタスそらいろ,1歳,5.0,0.0
令和8,青葉区,オルタスそらいろ,2歳,5.0,0.0
令和8,青葉区,オルタスそらいろ,3歳,5.0,0.0
令和8,青葉区,オルタスそらいろ,4歳,5.0,0.0
令和8,青葉区,オルタスそらいろ,5歳,2.5,0.5
令和8,青葉区,グローバルキッズあざみ野園,0歳,5.0,0.0
令和8,青葉区,グローバルキッズあざみ野園,1歳,5.0,0.0
令和8,青葉区,グローバルキッズあざみ野園,2歳,5.0,0.0
令和8,青葉区,グローバルキッズあざみ野園,3歳,2.5,0.5
令和8,青葉区,グローバルキッズあざみ野園,4歳,0.5555555555555558,0.8888888888888888
令和8,青葉区,グローバルキッズあざみ野園,5歳,2.5,0.5
令和8,青葉区,グローバルキッズたまプラーザ保育園,0歳,5.0,0.0
令和8,青葉区,グローバルキッズたまプラーザ保育園,1歳,1.666666666666667,0.6666666666666666
令和8,青葉区,グローバルキッズたまプラーザ保育園,2歳,2.5,0.5
令和8,青葉区,グローバルキッズたまプラーザ保育園,3歳,1.25,0.75
令和8,青葉区,グローバルキッズたまプラーザ保育園,4歳,0.8333333333333331,0.8333333333333334
令和8,青葉区,グローバルキッズたまプラーザ保育園,5歳,0.5555555555555558,0.8888888888888888
令和8,青葉区,グローバルキッズ市が尾園,0歳,5.0,0.0
令和8,青葉区,グローバルキッズ市が尾園,1歳,5.0,0.0
令和8,青葉区,グローバルキッズ市が尾園,2歳,5.0,0.0
令和8,青葉区,グローバルキッズ市が尾園,3歳,2.5,0.5
令和8,青葉区,グローバルキッズ市が尾園,4歳,2.5,0.5
令和8,青葉区,グローバルキッズ市が尾園,5歳,2.5,0.5
令和8,青葉区,グローバルキッズ美しが丘保育園,0歳,5.0,0.0
令和8,青葉区,グローバルキッズ美しが丘保育園,1歳,5.0,0.0
令和8,青葉区,グローバルキッズ美しが丘保育園,2歳,1.666666666666667,0.6666666666666666
令和8,青葉区,グローバルキッズ美しが丘保育園,3歳,5.0,0.0
令和8,青葉区,グローバルキッズ美しが丘保育園,4歳,1.25,0.75
令和8,青葉区,グローバルキッズ美しが丘保育園,5歳,2.5,0.5
令和8,青葉区,グローバルキッズ藤が丘一丁目園,0歳,5.0,0.0
令和8,青葉区,グローバルキッズ藤が丘一丁目園,1歳,3.1481481481481484,0.37037037037037035
令和8,青葉区,グローバルキッズ藤が丘一丁目園,2歳,2.5,0.5
令和8,青葉区,グローバルキッズ藤が丘一丁目園,3歳,2.5,0.5
令和8,青葉区,グローバルキッズ藤が丘一丁目園,4歳,1.666666666666667,0.6666666666666666
令和8,青葉区,グローバルキッズ藤が丘一丁目園,5歳,2.5,0.5
令和8,青葉区,サンキッズ荏田西保育園,0歳,5.0,0.0
令和8,青葉区,サンキッズ荏田西保育園,1歳,5.0,0.0
令和8,青葉区,サンキッズ荏田西保育園,2歳,5.0,0.0
令和8,青葉区,サンキッズ荏田西保育園,3歳,5.0,0.0
令和8,青葉区,サンキッズ荏田西保育園,4歳,5.0,0.0
令和8,青葉区,サンキッズ荏田西保育園,5歳,5.0,0.0
令和8,青葉区,シャローム保育園,0歳,5.0,0.0
令和8,青葉区,シャローム保育園,1歳,0.7142857142857145,0.8571428571428571
令和8,青葉区,シャローム保育園,2歳,0.9999999999999998,0.8
令和8,青葉区,シャローム保育園,3歳,1.666666666666667,0.6666666666666666
令和8,青葉区,シャローム保育園,4歳,1.666666666666667,0.6666666666666666
令和8,青葉区,シャローム保育園,5歳,0.9999999999999998,0.8
令和8,青葉区,スターチャイルド≪たまプラーザナーサリー≫,0歳,5.0,0.0
令和8,青葉区,スターチャイルド≪たまプラーザナーサリー≫,1歳,5.0,0.0
令和8,青葉区,スターチャイルド≪たまプラーザナーサリー≫,2歳,5.0,0.0
令和8,青葉区,スターチャイルド≪たまプラーザナーサリー≫,3歳,5.0,0.0
令和8,青葉区,スターチャイルド≪たまプラーザナーサリー≫,4歳,2.5,0.5
令和8,青葉区,スターチャイルド≪たまプラーザナーサリー≫,5歳,2.5,0.5
令和8,青葉区,スターチャイルド≪江田ナーサリー≫,0歳,5.0,0.0
令和8,青葉区,スターチャイルド≪江田ナーサリー≫,1歳,5.0,0.0
令和8,青葉区,スターチャイルド≪江田ナーサリー≫,2歳,5.0,0.0
令和8,青葉区,スターチャイルド≪江田ナーサリー≫,3歳,5.0,0.0
令和8,青葉区,スターチャイルド≪江田ナーサリー≫,4歳,2.5,0.5
令和8,青葉区,スターチャイルド≪江田ナーサリー≫,5歳,5.0,0.0
令和8,青葉区,スターチャイルド≪荏田北ナーサリー≫,0歳,5.0,0.0
令和8,青葉区,スターチャイルド≪荏田北ナーサリー≫,1歳,5.0,0.0
令和8,青葉区,スターチャイルド≪荏田北ナーサリー≫,2歳,5.0,0.0
令和8,青葉区,スターチャイルド≪荏田北ナーサリー≫,3歳,5.0,0.0
令和8,青葉区,スターチャイルド≪荏田北ナーサリー≫,4歳,2.5,0.5
令和8,青葉区,スターチャイルド≪荏田北ナーサリー≫,5歳,1.666666666666667,0.6666666666666666
令和8,青葉区,スターチャイルド≪藤が丘ナーサリー≫,0歳,5.0,0.0
令和8,青葉区,スターチャイルド≪藤が丘ナーサリー≫,1歳,5.0,0.0
令和8,青葉区,スターチャイルド≪藤が丘ナーサリー≫,2歳,5.0,0.0
令和8,青葉区,スターチャイルド≪藤が丘ナーサリー≫,3歳,5.0,0.0
令和8,青葉区,スターチャイルド≪藤が丘ナーサリー≫,4歳,2.5,0.5
令和8,青葉区,スターチャイルド≪藤が丘ナーサリー≫,5歳,1.25,0.75
令和8,青葉区,スターチャイルド≪藤が丘小規模保育所≫,0歳,5.0,0.0
令和8,青葉区,スターチャイルド≪藤が丘小規模保育所≫,1歳,2.5,0.5
令和8,青葉区,スターチャイルド≪藤が丘小規模保育所≫,2歳,5.0,0.0
令和8,青葉区,スターチャイルド≪藤が丘小規模保育所≫,3歳,5.0,0.0
令和8,青葉区,スターチャイルド≪藤が丘小規模保育所≫,4歳,5.0,0.0
令和8,青葉区,スターチャイルド≪藤が丘小規模保育所≫,5歳,5.0,0.0
令和8,青葉区,ニチイキッズ美しが丘保育園,0歳,5.0,0.0
令和8,青葉区,ニチイキッズ美しが丘保育園,1歳,5.0,0.0
令和8,青葉区,ニチイキッズ美しが丘保育園,2歳,1.666666666666667,0.6666666666666666
令和8,青葉区,ニチイキッズ美しが丘保育園,3歳,5.0,0.0
令和8,青葉区,ニチイキッズ美しが丘保育園,4歳,2.5,0.5
令和8,青葉区,ニチイキッズ美しが丘保育園,5歳,0.7142857142857145,0.8571428571428571
令和8,青葉区,パレット保育園・たまプラーザ,0歳,5.0,0.0
令和8,青葉区,パレット保育園・たまプラーザ,1歳,1.8085106382978728,0.6382978723404255
令和8,青葉区,パレット保育園・たまプラーザ,2歳,5.0,0.0
令和8,青葉区,パレット保育園・たまプラーザ,3歳,5.0,0.0
令和8,青葉区,パレット保育園・たまプラーザ,4歳,1.666666666666667,0.6666666666666666
令和8,青葉区,パレット保育園・たまプラーザ,5歳,5.0,0.0
令和8,青葉区,ピッピみんなの保育園,0歳,2.5,0.5
令和8,青葉区,ピッピみんなの保育園,1歳,5.0,0.0
令和8,青葉区,ピッピみんなの保育園,2歳,5.0,0.0
令和8,青葉区,ピッピみんなの保育園,3歳,5.0,0.0
令和8,青葉区,ピッピみんなの保育園,4歳,2.5,0.5
令和8,青葉区,ピッピみんなの保育園,5歳,5.0,0.0
令和8,青葉区,プレスクールあおば,0歳,5.0,0.0
令和8,青葉区,プレスクールあおば,1歳,5.0,0.0
令和8,青葉区,プレスクールあおば,2歳,5.0,0.0
令和8,青葉区,プレスクールあおば,3歳,5.0,0.0
令和8,青葉区,プレスクールあおば,4歳,5.0,0.0
令和8,青葉区,プレスクールあおば,5歳,5.0,0.0
令和8,青葉区,ベネッセ　市ヶ尾駅前保育園,0歳,5.0,0.0
令和8,青葉区,ベネッセ　市ヶ尾駅前保育園,1歳,5.0,0.0
令和8,青葉区,ベネッセ　市ヶ尾駅前保育園,2歳,2.5,0.5
令和8,青葉区,ベネッセ　市ヶ尾駅前保育園,3歳,5.0,0.0
令和8,青葉区,ベネッセ　市ヶ尾駅前保育園,4歳,1.25,0.75
令和8,青葉区,ベネッセ　市ヶ尾駅前保育園,5歳,2.5,0.5
令和8,青葉区,ベネッセ　青葉台保育園,0歳,5.0,0.0
令和8,青葉区,ベネッセ　青葉台保育園,1歳,5.0,0.0
令和8,青葉区,ベネッセ　青葉台保育園,2歳,5.0,0.0
令和8,青葉区,ベネッセ　青葉台保育園,3歳,5.0,0.0
令和8,青葉区,ベネッセ　青葉台保育園,4歳,1.666666666666667,0.6666666666666666
令和8,青葉区,ベネッセ　青葉台保育園,5歳,5.0,0.0
令和8,青葉区,ベビーぽけっと松風台,0歳,2.5,0.5
令和8,青葉区,ベビーぽけっと松風台,1歳,5.0,0.0
令和8,青葉区,ベビーぽけっと松風台,2歳,1.666666666666667,0.6666666666666666
令和8,青葉区,ベビーぽけっと松風台,3歳,5.0,0.0
令和8,青葉区,ベビーぽけっと松風台,4歳,5.0,0.0
令和8,青葉区,ベビーぽけっと松風台,5歳,5.0,0.0
令和8,青葉区,ポピンズナーサリースクールあざみ野,0歳,5.0,0.0
令和8,青葉区,ポピンズナーサリースクールあざみ野,1歳,5.0,0.0
令和8,青葉区,ポピンズナーサリースクールあざみ野,2歳,5.0,0.0
令和8,青葉区,ポピンズナーサリースクールあざみ野,3歳,5.0,0.0
令和8,青葉区,ポピンズナーサリースクールあざみ野,4歳,0.625,0.875
令和8,青葉区,ポピンズナーサリースクールあざみ野,5歳,2.5,0.5
令和8,青葉区,ポピンズナーサリースクールたまプラーザ,0歳,5.0,0.0
令和8,青葉区,ポピンズナーサリースクールたまプラーザ,1歳,1.666666666666667,0.6666666666666666
令和8,青葉区,ポピンズナーサリースクールたまプラーザ,2歳,5.0,0.0
令和8,青葉区,ポピンズナーサリースクールたまプラーザ,3歳,5.0,0.0
令和8,青葉区,ポピンズナーサリースクールたまプラーザ,4歳,5.0,0.0
令和8,青葉区,ポピンズナーサリースクールたまプラーザ,5歳,5.0,0.0
令和8,青葉区,ミアヘルサ保育園ひびき市が尾,0歳,5.0,0.0
令和8,青葉区,ミアヘルサ保育園ひびき市が尾,1歳,5.0,0.0
令和8,青葉区,ミアヘルサ保育園ひびき市が尾,2歳,5.0,0.0
令和8,青葉区,ミアヘルサ保育園ひびき市が尾,3歳,5.0,0.0
令和8,青葉区,ミアヘルサ保育園ひびき市が尾,4歳,5.0,0.0
令和8,青葉区,ミアヘルサ保育園ひびき市が尾,5歳,5.0,0.0
令和8,青葉区,ミアヘルサ保育園ひびき江田,0歳,2.5,0.5
令和8,青葉区,ミアヘルサ保育園ひびき江田,1歳,5.0,0.0
令和8,青葉区,ミアヘルサ保育園ひびき江田,2歳,5.0,0.0
令和8,青葉区,ミアヘルサ保育園ひびき江田,3歳,5.0,0.0
令和8,青葉区,ミアヘルサ保育園ひびき江田,4歳,5.0,0.0
令和8,青葉区,ミアヘルサ保育園ひびき江田,5歳,5.0,0.0
令和8,青葉区,京進のほいくえんＨＯＰＰＡたまプラーザ,0歳,2.5,0.5
令和8,青葉区,京進のほいくえんＨＯＰＰＡたまプラーザ,1歳,3.1481481481481484,0.37037037037037035
令和8,青葉区,京進のほいくえんＨＯＰＰＡたまプラーザ,2歳,5.0,0.0
令和8,青葉区,京進のほいくえんＨＯＰＰＡたまプラーザ,3歳,2.5,0.5
令和8,青葉区,京進のほいくえんＨＯＰＰＡたまプラーザ,4歳,0.9999999999999998,0.8
令和8,青葉区,京進のほいくえんＨＯＰＰＡたまプラーザ,5歳,1.666666666666667,0.6666666666666666
令和8,青葉区,京進のほいくえんＨＯＰＰＡ青葉台園,0歳,5.0,0.0
令和8,青葉区,京進のほいくえんＨＯＰＰＡ青葉台園,1歳,2.5,0.5
令和8,青葉区,京進のほいくえんＨＯＰＰＡ青葉台園,2歳,2.5,0.5
令和8,青葉区,京進のほいくえんＨＯＰＰＡ青葉台園,3歳,5.0,0.0
令和8,青葉区,京進のほいくえんＨＯＰＰＡ青葉台園,4歳,5.0,0.0
令和8,青葉区,京進のほいくえんＨＯＰＰＡ青葉台園,5歳,5.0,0.0
令和8,青葉区,保育所まぁむあざみ野園,0歳,1.666666666666667,0.6666666666666666
令和8,青葉区,保育所まぁむあざみ野園,1歳,2.5,0.5
令和8,青葉区,保育所まぁむあざみ野園,2歳,5.0,0.0
令和8,青葉区,保育所まぁむあざみ野園,3歳,5.0,0.0
令和8,青葉区,保育所まぁむあざみ野園,4歳,5.0,0.0
令和8,青葉区,保育所まぁむあざみ野園,5歳,5.0,0.0
令和8,青葉区,大場りとる・ピッピ,0歳,5.0,0.0
令和8,青葉区,大場りとる・ピッピ,1歳,2.5,0.5
令和8,青葉区,大場りとる・ピッピ,2歳,5.0,0.0
令和8,青葉区,大場りとる・ピッピ,3歳,5.0,0.0
令和8,青葉区,大場りとる・ピッピ,4歳,5.0,0.0
令和8,青葉区,大場りとる・ピッピ,5歳,5.0,0.0
令和8,青葉区,天才キッズクラブ楽学館あざみ野園,0歳,5.0,0.0
令和8,青葉区,天才キッズクラブ楽学館あざみ野園,1歳,5.0,0.0
令和8,青葉区,天才キッズクラブ楽学館あざみ野園,2歳,2.5,0.5
令和8,青葉区,天才キッズクラブ楽学館あざみ野園,3歳,2.5,0.5
令和8,青葉区,天才キッズクラブ楽学館あざみ野園,4歳,2.5,0.5
令和8,青葉区,天才キッズクラブ楽学館あざみ野園,5歳,5.0,0.0
令和8,青葉区,太陽の子　桜台保育園,0歳,5.0,0.0
令和8,青葉区,太陽の子　桜台保育園,1歳,5.0,0.0
令和8,青葉区,太陽の子　桜台保育園,2歳,5.0,0.0
令和8,青葉区,太陽の子　桜台保育園,3歳,5.0,0.0
令和8,青葉区,太陽の子　桜台保育園,4歳,2.5,0.5
令和8,青葉区,太陽の子　桜台保育園,5歳,5.0,0.0
令和8,青葉区,太陽の子　桜台第二保育園,0歳,5.0,0.0
令和8,青葉区,太陽の子　桜台第二保育園,1歳,5.0,0.0
令和8,青葉区,太陽の子　桜台第二保育園,2歳,5.0,0.0
令和8,青葉区,太陽の子　桜台第二保育園,3歳,5.0,0.0
令和8,青葉区,太陽の子　桜台第二保育園,4歳,5.0,0.0
令和8,青葉区,太陽の子　桜台第二保育園,5歳,5.0,0.0
令和8,青葉区,小学館アカデミーたまプラーザ保育園,0歳,5.0,0.0
令和8,青葉区,小学館アカデミーたまプラーザ保育園,1歳,0.7142857142857145,0.8571428571428571
令和8,青葉区,小学館アカデミーたまプラーザ保育園,2歳,5.0,0.0
令和8,青葉区,小学館アカデミーたまプラーザ保育園,3歳,0.9999999999999998,0.8
令和8,青葉区,小学館アカデミーたまプラーザ保育園,4歳,1.666666666666667,0.6666666666666666
令和8,青葉区,小学館アカデミーたまプラーザ保育園,5歳,0.8333333333333331,0.8333333333333334
令和8,青葉区,小桜愛児園,0歳,5.0,0.0
令和8,青葉区,小桜愛児園,1歳,2.872340425531915,0.425531914893617
令和8,青葉区,小桜愛児園,2歳,5.0,0.0
令和8,青葉区,小桜愛児園,3歳,5.0,0.0
令和8,青葉区,小桜愛児園,4歳,2.0149253731343286,0.5970149253731343
令和8,青葉区,小桜愛児園,5歳,5.0,0.0
令和8,青葉区,市が尾こどものいえ保育園,0歳,1.666666666666667,0.6666666666666666
令和8,青葉区,市が尾こどものいえ保育園,1歳,5.0,0.0
令和8,青葉区,市が尾こどものいえ保育園,2歳,5.0,0.0
令和8,青葉区,市が尾こどものいえ保育園,3歳,5.0,0.0
令和8,青葉区,市が尾こどものいえ保育園,4歳,5.0,0.0
令和8,青葉区,市が尾こどものいえ保育園,5歳,1.666666666666667,0.6666666666666666
令和8,青葉区,市ヶ尾保育園,0歳,5.0,0.0
令和8,青葉区,市ヶ尾保育園,1歳,5.0,0.0
令和8,青葉区,市ヶ尾保育園,2歳,5.0,0.0
令和8,青葉区,市ヶ尾保育園,3歳,5.0,0.0
令和8,青葉区,市ヶ尾保育園,4歳,2.5,0.5
令和8,青葉区,市ヶ尾保育園,5歳,5.0,0.0
令和8,青葉区,幼保連携型認定こども園青葉台幼稚園,0歳,5.0,0.0
令和8,青葉区,幼保連携型認定こども園青葉台幼稚園,1歳,3.958333333333333,0.20833333333333334
令和8,青葉区,幼保連携型認定こども園青葉台幼稚園,2歳,3.666666666666667,0.26666666666666666
令和8,青葉区,幼保連携型認定こども園青葉台幼稚園,3歳,5.0,0.0
令和8,青葉区,幼保連携型認定こども園青葉台幼稚園,4歳,5.0,0.0
令和8,青葉区,幼保連携型認定こども園青葉台幼稚園,5歳,5.0,0.0
令和8,青葉区,明日葉保育園青葉台園,0歳,5.0,0.0
令和8,青葉区,明日葉保育園青葉台園,1歳,5.0,0.0
令和8,青葉区,明日葉保育園青葉台園,2歳,3.1481481481481484,0.37037037037037035
令和8,青葉区,明日葉保育園青葉台園,3歳,5.0,0.0
令和8,青葉区,明日葉保育園青葉台園,4歳,5.0,0.0
令和8,青葉区,明日葉保育園青葉台園,5歳,5.0,0.0
令和8,青葉区,木下の保育園　たまプラーザ,0歳,1.666666666666667,0.6666666666666666
令和8,青葉区,木下の保育園　たまプラーザ,1歳,5.0,0.0
令和8,青葉区,木下の保育園　たまプラーザ,2歳,2.5,0.5
令和8,青葉区,木下の保育園　たまプラーザ,3歳,1.25,0.75
令和8,青葉区,木下の保育園　たまプラーザ,4歳,1.25,0.75
令和8,青葉区,木下の保育園　たまプラーザ,5歳,5.0,0.0
令和8,青葉区,横浜ナザレ保育園,0歳,5.0,0.0
令和8,青葉区,横浜ナザレ保育園,1歳,5.0,0.0
令和8,青葉区,横浜ナザレ保育園,2歳,5.0,0.0
令和8,青葉区,横浜ナザレ保育園,3歳,1.666666666666667,0.6666666666666666
令和8,青葉区,横浜ナザレ保育園,4歳,1.5517241379310343,0.6896551724137931
令和8,青葉区,横浜ナザレ保育園,5歳,2.5,0.5
令和8,青葉区,横浜市すすき野保育園,0歳,0.7142857142857145,0.8571428571428571
令和8,青葉区,横浜市すすき野保育園,1歳,5.0,0.0
令和8,青葉区,横浜市すすき野保育園,2歳,0.9999999999999998,0.8
令和8,青葉区,横浜市すすき野保育園,3歳,0.4999999999999999,0.9
令和8,青葉区,横浜市すすき野保育園,4歳,0.8333333333333331,0.8333333333333334
令和8,青葉区,横浜市すすき野保育園,5歳,0.7142857142857145,0.8571428571428571
令和8,青葉区,横浜市奈良保育園,0歳,5.0,0.0
令和8,青葉区,横浜市奈良保育園,1歳,5.0,0.0
令和8,青葉区,横浜市奈良保育園,2歳,1.25,0.75
令和8,青葉区,横浜市奈良保育園,3歳,5.0,0.0
令和8,青葉区,横浜市奈良保育園,4歳,0.5555555555555558,0.8888888888888888
令和8,青葉区,横浜市奈良保育園,5歳,0.8333333333333331,0.8333333333333334
令和8,青葉区,横浜市美しが丘保育園,0歳,1.25,0.75
令和8,青葉区,横浜市美しが丘保育園,1歳,5.0,0.0
令和8,青葉区,横浜市美しが丘保育園,2歳,2.5,0.5
令和8,青葉区,横浜市美しが丘保育園,3歳,0.625,0.875
令和8,青葉区,横浜市美しが丘保育園,4歳,0.5555555555555558,0.8888888888888888
令和8,青葉区,横浜市美しが丘保育園,5歳,0.4545454545454547,0.9090909090909091
令和8,青葉区,横浜市荏田保育園,0歳,0.8333333333333331,0.8333333333333334
令和8,青葉区,横浜市荏田保育園,1歳,5.0,0.0
令和8,青葉区,横浜市荏田保育園,2歳,1.666666666666667,0.6666666666666666
令和8,青葉区,横浜市荏田保育園,3歳,1.666666666666667,0.6666666666666666
令和8,青葉区,横浜市荏田保育園,4歳,5.0,0.0
令和8,青葉区,横浜市荏田保育園,5歳,5.0,0.0
令和8,青葉区,江田ひまわり保育園,0歳,2.5,0.5
令和8,青葉区,江田ひまわり保育園,1歳,5.0,0.0
令和8,青葉区,江田ひまわり保育園,2歳,1.666666666666667,0.6666666666666666
令和8,青葉区,江田ひまわり保育園,3歳,5.0,0.0
令和8,青葉区,江田ひまわり保育園,4歳,5.0,0.0
令和8,青葉区,江田ひまわり保育園,5歳,5.0,0.0
令和8,青葉区,美しが丘どろんこ保育園,0歳,2.5,0.5
令和8,青葉区,美しが丘どろんこ保育園,1歳,5.0,0.0
令和8,青葉区,美しが丘どろんこ保育園,2歳,5.0,0.0
令和8,青葉区,美しが丘どろんこ保育園,3歳,2.5,0.5
令和8,青葉区,美しが丘どろんこ保育園,4歳,2.5,0.5
令和8,青葉区,美しが丘どろんこ保育園,5歳,5.0,0.0
令和8,青葉区,荏田北幼保連携型認定こども園,0歳,5.0,0.0
令和8,青葉区,荏田北幼保連携型認定こども園,1歳,5.0,0.0
令和8,青葉区,荏田北幼保連携型認定こども園,2歳,1.25,0.75
令和8,青葉区,荏田北幼保連携型認定こども園,3歳,2.872340425531915,0.425531914893617
令和8,青葉区,荏田北幼保連携型認定こども園,4歳,1.666666666666667,0.6666666666666666
令和8,青葉区,荏田北幼保連携型認定こども園,5歳,2.5,0.5
令和8,青葉区,認定こども園あざみ野白ゆり幼稚園,0歳,5.0,0.0
令和8,青葉区,認定こども園あざみ野白ゆり幼稚園,1歳,5.0,0.0
令和8,青葉区,認定こども園あざみ野白ゆり幼稚園,2歳,1.666666666666667,0.6666666666666666
令和8,青葉区,認定こども園あざみ野白ゆり幼稚園,3歳,0.4999999999999999,0.9
令和8,青葉区,認定こども園あざみ野白ゆり幼稚園,4歳,1.666666666666667,0.6666666666666666
令和8,青葉区,認定こども園あざみ野白ゆり幼稚園,5歳,0.625,0.875
令和8,青葉区,認定こども園ナザレ幼稚園,0歳,5.0,0.0
令和8,青葉区,認定こども園ナザレ幼稚園,1歳,5.0,0.0
令和8,青葉区,認定こども園ナザレ幼稚園,2歳,5.0,0.0
令和8,青葉区,認定こども園ナザレ幼稚園,3歳,5.0,0.0
令和8,青葉区,認定こども園ナザレ幼稚園,4歳,5.0,0.0
令和8,青葉区,認定こども園ナザレ幼稚園,5歳,5.0,0.0
令和8,青葉区,認定こども園三陽幼稚園・三陽保育園,0歳,5.0,0.0
令和8,青葉区,認定こども園三陽幼稚園・三陽保育園,1歳,5.0,0.0
令和8,青葉区,認定こども園三陽幼稚園・三陽保育園,2歳,5.0,0.0
令和8,青葉区,認定こども園三陽幼稚園・三陽保育園,3歳,5.0,0.0
令和8,青葉区,認定こども園三陽幼稚園・三陽保育園,4歳,5.0,0.0
令和8,青葉区,認定こども園三陽幼稚園・三陽保育園,5歳,5.0,0.0
令和8,青葉区,認定こども園大場白ゆり幼稚園,0歳,5.0,0.0
令和8,青葉区,認定こども園大場白ゆり幼稚園,1歳,5.0,0.0
令和8,青葉区,認定こども園大場白ゆり幼稚園,2歳,5.0,0.0
令和8,青葉区,認定こども園大場白ゆり幼稚園,3歳,1.25,0.75
令和8,青葉区,認定こども園大場白ゆり幼稚園,4歳,1.666666666666667,0.6666666666666666
令和8,青葉区,認定こども園大場白ゆり幼稚園,5歳,1.25,0.75
令和8,青葉区,青葉ぽかぽか保育室,0歳,5.0,0.0
令和8,青葉区,青葉ぽかぽか保育室,1歳,5.0,0.0
令和8,青葉区,青葉ぽかぽか保育室,2歳,5.0,0.0
令和8,青葉区,青葉ぽかぽか保育室,3歳,5.0,0.0
令和8,青葉区,青葉ぽかぽか保育室,4歳,5.0,0.0
令和8,青葉区,青葉ぽかぽか保育室,5歳,5.0,0.0
令和8,青葉区,青葉フレール保育園,0歳,5.0,0.0
令和8,青葉区,青葉フレール保育園,1歳,5.0,0.0
令和8,青葉区,青葉フレール保育園,2歳,5.0,0.0
令和8,青葉区,青葉フレール保育園,3歳,5.0,0.0
令和8,青葉区,青葉フレール保育園,4歳,5.0,0.0
令和8,青葉区,青葉フレール保育園,5歳,5.0,0.0
令和8,青葉区,青葉保育園,0歳,1.25,0.75
令和8,青葉区,青葉保育園,1歳,3.360655737704918,0.3278688524590164
令和8,青葉区,青葉保育園,2歳,5.0,0.0
令和8,青葉区,青葉保育園,3歳,0.625,0.875
令和8,青葉区,青葉保育園,4歳,5.0,0.0
令和8,青葉区,青葉保育園,5歳,1.666666666666667,0.6666666666666666
令和8,青葉区,ＭＩＷＡあかね台光の子保育園,0歳,5.0,0.0
令和8,青葉区,ＭＩＷＡあかね台光の子保育園,1歳,5.0,0.0
令和8,青葉区,ＭＩＷＡあかね台光の子保育園,2歳,5.0,0.0
令和8,青葉区,ＭＩＷＡあかね台光の子保育園,3歳,2.5,0.5
令和8,青葉区,ＭＩＷＡあかね台光の子保育園,4歳,5.0,0.0
令和8,青葉区,ＭＩＷＡあかね台光の子保育園,5歳,2.872340425531915,0.425531914893617
令和8,鶴見区,Gakkenほいくえん矢向,0歳,5.0,0.0
令和8,鶴見区,Gakkenほいくえん矢向,1歳,0.8333333333333331,0.8333333333333334
令和8,鶴見区,Gakkenほいくえん矢向,2歳,5.0,0.0
令和8,鶴見区,Gakkenほいくえん矢向,3歳,0.7142857142857145,0.8571428571428571
令和8,鶴見区,Gakkenほいくえん矢向,4歳,1.666666666666667,0.6666666666666666
令和8,鶴見区,Gakkenほいくえん矢向,5歳,1.25,0.75
令和8,鶴見区,あゆみ保育園　鶴見,0歳,1.25,0.75
令和8,鶴見区,あゆみ保育園　鶴見,1歳,5.0,0.0
令和8,鶴見区,あゆみ保育園　鶴見,2歳,5.0,0.0
令和8,鶴見区,あゆみ保育園　鶴見,3歳,2.5,0.5
令和8,鶴見区,あゆみ保育園　鶴見,4歳,5.0,0.0
令和8,鶴見区,あゆみ保育園　鶴見,5歳,5.0,0.0
令和8,鶴見区,あーす保育園鶴見中央,0歳,5.0,0.0
令和8,鶴見区,あーす保育園鶴見中央,1歳,5.0,0.0
令和8,鶴見区,あーす保育園鶴見中央,2歳,5.0,0.0
令和8,鶴見区,あーす保育園鶴見中央,3歳,0.7142857142857145,0.8571428571428571
令和8,鶴見区,あーす保育園鶴見中央,4歳,5.0,0.0
令和8,鶴見区,あーす保育園鶴見中央,5歳,5.0,0.0
令和8,鶴見区,えみ保育園,0歳,2.5,0.5
令和8,鶴見区,えみ保育園,1歳,5.0,0.0
令和8,鶴見区,えみ保育園,2歳,5.0,0.0
令和8,鶴見区,えみ保育園,3歳,5.0,0.0
令和8,鶴見区,えみ保育園,4歳,2.5,0.5
令和8,鶴見区,えみ保育園,5歳,5.0,0.0
令和8,鶴見区,おれんじハウス鶴見保育園,0歳,5.0,0.0
令和8,鶴見区,おれんじハウス鶴見保育園,1歳,5.0,0.0
令和8,鶴見区,おれんじハウス鶴見保育園,2歳,5.0,0.0
令和8,鶴見区,おれんじハウス鶴見保育園,3歳,5.0,0.0
令和8,鶴見区,おれんじハウス鶴見保育園,4歳,5.0,0.0
令和8,鶴見区,おれんじハウス鶴見保育園,5歳,5.0,0.0
令和8,鶴見区,かもめ保育園,0歳,1.25,0.75
令和8,鶴見区,かもめ保育園,1歳,5.0,0.0
令和8,鶴見区,かもめ保育園,2歳,5.0,0.0
令和8,鶴見区,かもめ保育園,3歳,5.0,0.0
令和8,鶴見区,かもめ保育園,4歳,5.0,0.0
令和8,鶴見区,かもめ保育園,5歳,5.0,0.0
令和8,鶴見区,きくなハート保育園,0歳,5.0,0.0
令和8,鶴見区,きくなハート保育園,1歳,3.5294117647058822,0.29411764705882354
令和8,鶴見区,きくなハート保育園,2歳,5.0,0.0
令和8,鶴見区,きくなハート保育園,3歳,2.872340425531915,0.425531914893617
令和8,鶴見区,きくなハート保育園,4歳,5.0,0.0
令和8,鶴見区,きくなハート保育園,5歳,2.5,0.5
令和8,鶴見区,きらぼし保育園,0歳,1.666666666666667,0.6666666666666666
令和8,鶴見区,きらぼし保育園,1歳,2.0149253731343286,0.5970149253731343
令和8,鶴見区,きらぼし保育園,2歳,5.0,0.0
令和8,鶴見区,きらぼし保育園,3歳,5.0,0.0
令和8,鶴見区,きらぼし保育園,4歳,5.0,0.0
令和8,鶴見区,きらぼし保育園,5歳,5.0,0.0
令和8,鶴見区,こあらっこはうす　ル・ソレイユ,0歳,2.5,0.5
令和8,鶴見区,こあらっこはうす　ル・ソレイユ,1歳,5.0,0.0
令和8,鶴見区,こあらっこはうす　ル・ソレイユ,2歳,5.0,0.0
令和8,鶴見区,こあらっこはうす　ル・ソレイユ,3歳,5.0,0.0
令和8,鶴見区,こあらっこはうす　ル・ソレイユ,4歳,5.0,0.0
令和8,鶴見区,こあらっこはうす　ル・ソレイユ,5歳,5.0,0.0
令和8,鶴見区,しおつるばしハート保育園,0歳,5.0,0.0
令和8,鶴見区,しおつるばしハート保育園,1歳,1.666666666666667,0.6666666666666666
令和8,鶴見区,しおつるばしハート保育園,2歳,5.0,0.0
令和8,鶴見区,しおつるばしハート保育園,3歳,5.0,0.0
令和8,鶴見区,しおつるばしハート保育園,4歳,5.0,0.0
令和8,鶴見区,しおつるばしハート保育園,5歳,5.0,0.0
令和8,鶴見区,にじいろ保育園駒岡,0歳,5.0,0.0
令和8,鶴見区,にじいろ保育園駒岡,1歳,5.0,0.0
令和8,鶴見区,にじいろ保育園駒岡,2歳,2.5,0.5
令和8,鶴見区,にじいろ保育園駒岡,3歳,5.0,0.0
令和8,鶴見区,にじいろ保育園駒岡,4歳,5.0,0.0
令和8,鶴見区,にじいろ保育園駒岡,5歳,5.0,0.0
令和8,鶴見区,にじいろ保育園駒岡四丁目,0歳,5.0,0.0
令和8,鶴見区,にじいろ保育園駒岡四丁目,1歳,5.0,0.0
令和8,鶴見区,にじいろ保育園駒岡四丁目,2歳,2.5,0.5
令和8,鶴見区,にじいろ保育園駒岡四丁目,3歳,0.5555555555555558,0.8888888888888888
令和8,鶴見区,にじいろ保育園駒岡四丁目,4歳,0.625,0.875
令和8,鶴見区,にじいろ保育園駒岡四丁目,5歳,1.25,0.75
令和8,鶴見区,にじの風保育園,0歳,2.5,0.5
令和8,鶴見区,にじの風保育園,1歳,5.0,0.0
令和8,鶴見区,にじの風保育園,2歳,5.0,0.0
令和8,鶴見区,にじの風保育園,3歳,1.666666666666667,0.6666666666666666
令和8,鶴見区,にじの風保育園,4歳,2.5,0.5
令和8,鶴見区,にじの風保育園,5歳,5.0,0.0
令和8,鶴見区,ねむの樹　元宮保育園,0歳,5.0,0.0
令和8,鶴見区,ねむの樹　元宮保育園,1歳,5.0,0.0
令和8,鶴見区,ねむの樹　元宮保育園,2歳,5.0,0.0
令和8,鶴見区,ねむの樹　元宮保育園,3歳,5.0,0.0
令和8,鶴見区,ねむの樹　元宮保育園,4歳,0.9999999999999998,0.8
令和8,鶴見区,ねむの樹　元宮保育園,5歳,5.0,0.0
令和8,鶴見区,ねむの樹　北寺尾保育園,0歳,5.0,0.0
令和8,鶴見区,ねむの樹　北寺尾保育園,1歳,5.0,0.0
令和8,鶴見区,ねむの樹　北寺尾保育園,2歳,5.0,0.0
令和8,鶴見区,ねむの樹　北寺尾保育園,3歳,2.5,0.5
令和8,鶴見区,ねむの樹　北寺尾保育園,4歳,5.0,0.0
令和8,鶴見区,ねむの樹　北寺尾保育園,5歳,5.0,0.0
令和8,鶴見区,ひだまりの保育園,0歳,5.0,0.0
令和8,鶴見区,ひだまりの保育園,1歳,5.0,0.0
令和8,鶴見区,ひだまりの保育園,2歳,5.0,0.0
令和8,鶴見区,ひだまりの保育園,3歳,5.0,0.0
令和8,鶴見区,ひだまりの保育園,4歳,5.0,0.0
令和8,鶴見区,ひだまりの保育園,5歳,5.0,0.0
令和8,鶴見区,ひまわりニコニコ保育園,0歳,5.0,0.0
令和8,鶴見区,ひまわりニコニコ保育園,1歳,5.0,0.0
令和8,鶴見区,ひまわりニコニコ保育園,2歳,2.0149253731343286,0.5970149253731343
令和8,鶴見区,ひまわりニコニコ保育園,3歳,5.0,0.0
令和8,鶴見区,ひまわりニコニコ保育園,4歳,5.0,0.0
令和8,鶴見区,ひまわりニコニコ保育園,5歳,5.0,0.0
令和8,鶴見区,ぶれすと尻手ほいくえん,0歳,1.4912280701754388,0.7017543859649122
令和8,鶴見区,ぶれすと尻手ほいくえん,1歳,2.0149253731343286,0.5970149253731343
令和8,鶴見区,ぶれすと尻手ほいくえん,2歳,5.0,0.0
令和8,鶴見区,ぶれすと尻手ほいくえん,3歳,0.9999999999999998,0.8
令和8,鶴見区,ぶれすと尻手ほいくえん,4歳,2.5,0.5
令和8,鶴見区,ぶれすと尻手ほいくえん,5歳,0.7142857142857145,0.8571428571428571
令和8,鶴見区,ぶれすと尻手ほいくえん附属元宮,0歳,2.5,0.5
令和8,鶴見区,ぶれすと尻手ほいくえん附属元宮,1歳,5.0,0.0
令和8,鶴見区,ぶれすと尻手ほいくえん附属元宮,2歳,5.0,0.0
令和8,鶴見区,ぶれすと尻手ほいくえん附属元宮,3歳,5.0,0.0
令和8,鶴見区,ぶれすと尻手ほいくえん附属元宮,4歳,5.0,0.0
令和8,鶴見区,ぶれすと尻手ほいくえん附属元宮,5歳,5.0,0.0
令和8,鶴見区,まなびの森　駒岡こども園,0歳,5.0,0.0
令和8,鶴見区,まなびの森　駒岡こども園,1歳,5.0,0.0
令和8,鶴見区,まなびの森　駒岡こども園,2歳,5.0,0.0
令和8,鶴見区,まなびの森　駒岡こども園,3歳,5.0,0.0
令和8,鶴見区,まなびの森　駒岡こども園,4歳,5.0,0.0
令和8,鶴見区,まなびの森　駒岡こども園,5歳,5.0,0.0
令和8,鶴見区,みつばち保育園,0歳,5.0,0.0
令和8,鶴見区,みつばち保育園,1歳,2.872340425531915,0.425531914893617
令和8,鶴見区,みつばち保育園,2歳,5.0,0.0
令和8,鶴見区,みつばち保育園,3歳,1.666666666666667,0.6666666666666666
令和8,鶴見区,みつばち保育園,4歳,5.0,0.0
令和8,鶴見区,みつばち保育園,5歳,5.0,0.0
令和8,鶴見区,みつる保育園,0歳,5.0,0.0
令和8,鶴見区,みつる保育園,1歳,5.0,0.0
令和8,鶴見区,みつる保育園,2歳,5.0,0.0
令和8,鶴見区,みつる保育園,3歳,5.0,0.0
令和8,鶴見区,みつる保育園,4歳,5.0,0.0
令和8,鶴見区,みつる保育園,5歳,5.0,0.0
令和8,鶴見区,みゆさと保育園,0歳,1.666666666666667,0.6666666666666666
令和8,鶴見区,みゆさと保育園,1歳,5.0,0.0
令和8,鶴見区,みゆさと保育園,2歳,2.5,0.5
令和8,鶴見区,みゆさと保育園,3歳,1.666666666666667,0.6666666666666666
令和8,鶴見区,みゆさと保育園,4歳,2.5,0.5
令和8,鶴見区,みゆさと保育園,5歳,5.0,0.0
令和8,鶴見区,みんなのいえ東寺尾,0歳,5.0,0.0
令和8,鶴見区,みんなのいえ東寺尾,1歳,5.0,0.0
令和8,鶴見区,みんなのいえ東寺尾,2歳,5.0,0.0
令和8,鶴見区,みんなのいえ東寺尾,3歳,5.0,0.0
令和8,鶴見区,みんなのいえ東寺尾,4歳,5.0,0.0
令和8,鶴見区,みんなのいえ東寺尾,5歳,5.0,0.0
令和8,鶴見区,ゆめいろ保育園,0歳,5.0,0.0
令和8,鶴見区,ゆめいろ保育園,1歳,5.0,0.0
令和8,鶴見区,ゆめいろ保育園,2歳,5.0,0.0
令和8,鶴見区,ゆめいろ保育園,3歳,0.9999999999999998,0.8
令和8,鶴見区,ゆめいろ保育園,4歳,2.5,0.5
令和8,鶴見区,ゆめいろ保育園,5歳,2.5,0.5
令和8,鶴見区,わおわお保育園,0歳,1.25,0.75
令和8,鶴見区,わおわお保育園,1歳,5.0,0.0
令和8,鶴見区,わおわお保育園,2歳,5.0,0.0
令和8,鶴見区,わおわお保育園,3歳,5.0,0.0
令和8,鶴見区,わおわお保育園,4歳,2.5,0.5
令和8,鶴見区,わおわお保育園,5歳,5.0,0.0
令和8,鶴見区,わおわお東寺尾保育園,0歳,5.0,0.0
令和8,鶴見区,わおわお東寺尾保育園,1歳,5.0,0.0
令和8,鶴見区,わおわお東寺尾保育園,2歳,5.0,0.0
令和8,鶴見区,わおわお東寺尾保育園,3歳,5.0,0.0
令和8,鶴見区,わおわお東寺尾保育園,4歳,5.0,0.0
令和8,鶴見区,わおわお東寺尾保育園,5歳,5.0,0.0
令和8,鶴見区,わおわお江ヶ崎保育園,0歳,5.0,0.0
令和8,鶴見区,わおわお江ヶ崎保育園,1歳,5.0,0.0
令和8,鶴見区,わおわお江ヶ崎保育園,2歳,5.0,0.0
令和8,鶴見区,わおわお江ヶ崎保育園,3歳,1.666666666666667,0.6666666666666666
令和8,鶴見区,わおわお江ヶ崎保育園,4歳,5.0,0.0
令和8,鶴見区,わおわお江ヶ崎保育園,5歳,5.0,0.0
令和8,鶴見区,わくわくの森保育園,0歳,2.5,0.5
令和8,鶴見区,わくわくの森保育園,1歳,5.0,0.0
令和8,鶴見区,わくわくの森保育園,2歳,5.0,0.0
令和8,鶴見区,わくわくの森保育園,3歳,2.5,0.5
令和8,鶴見区,わくわくの森保育園,4歳,2.5,0.5
令和8,鶴見区,わくわくの森保育園,5歳,5.0,0.0
令和8,鶴見区,オハナ鶴見保育園,0歳,5.0,0.0
令和8,鶴見区,オハナ鶴見保育園,1歳,5.0,0.0
令和8,鶴見区,オハナ鶴見保育園,2歳,5.0,0.0
令和8,鶴見区,オハナ鶴見保育園,3歳,5.0,0.0
令和8,鶴見区,オハナ鶴見保育園,4歳,5.0,0.0
令和8,鶴見区,オハナ鶴見保育園,5歳,5.0,0.0
令和8,鶴見区,スターチャイルド≪生麦ナーサリー≫,0歳,5.0,0.0
令和8,鶴見区,スターチャイルド≪生麦ナーサリー≫,1歳,5.0,0.0
令和8,鶴見区,スターチャイルド≪生麦ナーサリー≫,2歳,5.0,0.0
令和8,鶴見区,スターチャイルド≪生麦ナーサリー≫,3歳,1.666666666666667,0.6666666666666666
令和8,鶴見区,スターチャイルド≪生麦ナーサリー≫,4歳,5.0,0.0
令和8,鶴見区,スターチャイルド≪生麦ナーサリー≫,5歳,2.5,0.5
令和8,鶴見区,スターチャイルド≪矢向ナーサリー≫,0歳,5.0,0.0
令和8,鶴見区,スターチャイルド≪矢向ナーサリー≫,1歳,5.0,0.0
令和8,鶴見区,スターチャイルド≪矢向ナーサリー≫,2歳,5.0,0.0
令和8,鶴見区,スターチャイルド≪矢向ナーサリー≫,3歳,5.0,0.0
令和8,鶴見区,スターチャイルド≪矢向ナーサリー≫,4歳,5.0,0.0
令和8,鶴見区,スターチャイルド≪矢向ナーサリー≫,5歳,5.0,0.0
令和8,鶴見区,トライアングル　スマイル,0歳,0.9999999999999998,0.8
令和8,鶴見区,トライアングル　スマイル,1歳,5.0,0.0
令和8,鶴見区,トライアングル　スマイル,2歳,5.0,0.0
令和8,鶴見区,トライアングル　スマイル,3歳,5.0,0.0
令和8,鶴見区,トライアングル　スマイル,4歳,5.0,0.0
令和8,鶴見区,トライアングル　スマイル,5歳,2.5,0.5
令和8,鶴見区,ナーサリーつるみ,0歳,2.5,0.5
令和8,鶴見区,ナーサリーつるみ,1歳,5.0,0.0
令和8,鶴見区,ナーサリーつるみ,2歳,2.5,0.5
令和8,鶴見区,ナーサリーつるみ,3歳,0.4999999999999999,0.9
令和8,鶴見区,ナーサリーつるみ,4歳,1.666666666666667,0.6666666666666666
令和8,鶴見区,ナーサリーつるみ,5歳,5.0,0.0
令和8,鶴見区,ビーンズ保育園,0歳,1.25,0.75
令和8,鶴見区,ビーンズ保育園,1歳,5.0,0.0
令和8,鶴見区,ビーンズ保育園,2歳,5.0,0.0
令和8,鶴見区,ビーンズ保育園,3歳,1.666666666666667,0.6666666666666666
令和8,鶴見区,ビーンズ保育園,4歳,5.0,0.0
令和8,鶴見区,ビーンズ保育園,5歳,1.25,0.75
令和8,鶴見区,フェアリーテイルつばさ,0歳,5.0,0.0
令和8,鶴見区,フェアリーテイルつばさ,1歳,5.0,0.0
令和8,鶴見区,フェアリーテイルつばさ,2歳,5.0,0.0
令和8,鶴見区,フェアリーテイルつばさ,3歳,5.0,0.0
令和8,鶴見区,フェアリーテイルつばさ,4歳,5.0,0.0
令和8,鶴見区,フェアリーテイルつばさ,5歳,5.0,0.0
令和8,鶴見区,フェアリーテイルみらい,0歳,5.0,0.0
令和8,鶴見区,フェアリーテイルみらい,1歳,5.0,0.0
令和8,鶴見区,フェアリーテイルみらい,2歳,5.0,0.0
令和8,鶴見区,フェアリーテイルみらい,3歳,5.0,0.0
令和8,鶴見区,フェアリーテイルみらい,4歳,5.0,0.0
令和8,鶴見区,フェアリーテイルみらい,5歳,5.0,0.0
令和8,鶴見区,フラッフィー小規模保育園,0歳,5.0,0.0
令和8,鶴見区,フラッフィー小規模保育園,1歳,5.0,0.0
令和8,鶴見区,フラッフィー小規模保育園,2歳,5.0,0.0
令和8,鶴見区,フラッフィー小規模保育園,3歳,5.0,0.0
令和8,鶴見区,フラッフィー小規模保育園,4歳,5.0,0.0
令和8,鶴見区,フラッフィー小規模保育園,5歳,5.0,0.0
令和8,鶴見区,ベネッセ　矢向保育園,0歳,1.25,0.75
令和8,鶴見区,ベネッセ　矢向保育園,1歳,5.0,0.0
令和8,鶴見区,ベネッセ　矢向保育園,2歳,2.5,0.5
令和8,鶴見区,ベネッセ　矢向保育園,3歳,1.25,0.75
令和8,鶴見区,ベネッセ　矢向保育園,4歳,5.0,0.0
令和8,鶴見区,ベネッセ　矢向保育園,5歳,1.666666666666667,0.6666666666666666
令和8,鶴見区,ベネッセ菊名保育園,0歳,5.0,0.0
令和8,鶴見区,ベネッセ菊名保育園,1歳,5.0,0.0
令和8,鶴見区,ベネッセ菊名保育園,2歳,5.0,0.0
令和8,鶴見区,ベネッセ菊名保育園,3歳,5.0,0.0
令和8,鶴見区,ベネッセ菊名保育園,4歳,5.0,0.0
令和8,鶴見区,ベネッセ菊名保育園,5歳,5.0,0.0
令和8,鶴見区,ポピンズナーサリースクール鶴見,0歳,0.9999999999999998,0.8
令和8,鶴見区,ポピンズナーサリースクール鶴見,1歳,5.0,0.0
令和8,鶴見区,ポピンズナーサリースクール鶴見,2歳,2.5,0.5
令和8,鶴見区,ポピンズナーサリースクール鶴見,3歳,0.9999999999999998,0.8
令和8,鶴見区,ポピンズナーサリースクール鶴見,4歳,2.5,0.5
令和8,鶴見区,ポピンズナーサリースクール鶴見,5歳,2.5,0.5
令和8,鶴見区,ミアヘルサ保育園ひびき矢向,0歳,0.7142857142857145,0.8571428571428571
令和8,鶴見区,ミアヘルサ保育園ひびき矢向,1歳,1.25,0.75
令和8,鶴見区,ミアヘルサ保育園ひびき矢向,2歳,5.0,0.0
令和8,鶴見区,ミアヘルサ保育園ひびき矢向,3歳,2.5,0.5
令和8,鶴見区,ミアヘルサ保育園ひびき矢向,4歳,5.0,0.0
令和8,鶴見区,ミアヘルサ保育園ひびき矢向,5歳,1.666666666666667,0.6666666666666666
令和8,鶴見区,ユニコーン・キッズクラブ,0歳,2.5,0.5
令和8,鶴見区,ユニコーン・キッズクラブ,1歳,5.0,0.0
令和8,鶴見区,ユニコーン・キッズクラブ,2歳,5.0,0.0
令和8,鶴見区,ユニコーン・キッズクラブ,3歳,5.0,0.0
令和8,鶴見区,ユニコーン・キッズクラブ,4歳,5.0,0.0
令和8,鶴見区,ユニコーン・キッズクラブ,5歳,5.0,0.0
令和8,鶴見区,ヨコハマさくら保育園,0歳,2.297297297297298,0.5405405405405405
令和8,鶴見区,ヨコハマさくら保育園,1歳,5.0,0.0
令和8,鶴見区,ヨコハマさくら保育園,2歳,2.5,0.5
令和8,鶴見区,ヨコハマさくら保育園,3歳,1.666666666666667,0.6666666666666666
令和8,鶴見区,ヨコハマさくら保育園,4歳,2.5,0.5
令和8,鶴見区,ヨコハマさくら保育園,5歳,5.0,0.0
令和8,鶴見区,リュミエール小規模保育園,0歳,5.0,0.0
令和8,鶴見区,リュミエール小規模保育園,1歳,5.0,0.0
令和8,鶴見区,リュミエール小規模保育園,2歳,5.0,0.0
令和8,鶴見区,リュミエール小規模保育園,3歳,5.0,0.0
令和8,鶴見区,リュミエール小規模保育園,4歳,5.0,0.0
令和8,鶴見区,リュミエール小規模保育園,5歳,5.0,0.0
令和8,鶴見区,ルーチェ保育園　鶴見,0歳,5.0,0.0
令和8,鶴見区,ルーチェ保育園　鶴見,1歳,5.0,0.0
令和8,鶴見区,ルーチェ保育園　鶴見,2歳,5.0,0.0
令和8,鶴見区,ルーチェ保育園　鶴見,3歳,5.0,0.0
令和8,鶴見区,ルーチェ保育園　鶴見,4歳,5.0,0.0
令和8,鶴見区,ルーチェ保育園　鶴見,5歳,5.0,0.0
令和8,鶴見区,三色えのぐの保育園,0歳,0.9999999999999998,0.8
令和8,鶴見区,三色えのぐの保育園,1歳,1.666666666666667,0.6666666666666666
令和8,鶴見区,三色えのぐの保育園,2歳,1.666666666666667,0.6666666666666666
令和8,鶴見区,三色えのぐの保育園,3歳,5.0,0.0
令和8,鶴見区,三色えのぐの保育園,4歳,5.0,0.0
令和8,鶴見区,三色えのぐの保育園,5歳,5.0,0.0
令和8,鶴見区,上末吉白百合保育園,0歳,1.25,0.75
令和8,鶴見区,上末吉白百合保育園,1歳,5.0,0.0
令和8,鶴見区,上末吉白百合保育園,2歳,5.0,0.0
令和8,鶴見区,上末吉白百合保育園,3歳,1.25,0.75
令和8,鶴見区,上末吉白百合保育園,4歳,2.5,0.5
令和8,鶴見区,上末吉白百合保育園,5歳,5.0,0.0
令和8,鶴見区,保育園スカイ・ウイング,0歳,5.0,0.0
令和8,鶴見区,保育園スカイ・ウイング,1歳,2.297297297297298,0.5405405405405405
令和8,鶴見区,保育園スカイ・ウイング,2歳,2.872340425531915,0.425531914893617
令和8,鶴見区,保育園スカイ・ウイング,3歳,1.25,0.75
令和8,鶴見区,保育園スカイ・ウイング,4歳,2.872340425531915,0.425531914893617
令和8,鶴見区,保育園スカイ・ウイング,5歳,5.0,0.0
令和8,鶴見区,入船の森保育園,0歳,5.0,0.0
令和8,鶴見区,入船の森保育園,1歳,5.0,0.0
令和8,鶴見区,入船の森保育園,2歳,5.0,0.0
令和8,鶴見区,入船の森保育園,3歳,5.0,0.0
令和8,鶴見区,入船の森保育園,4歳,5.0,0.0
令和8,鶴見区,入船の森保育園,5歳,5.0,0.0
令和8,鶴見区,北寺尾むつみ保育園,0歳,5.0,0.0
令和8,鶴見区,北寺尾むつみ保育園,1歳,5.0,0.0
令和8,鶴見区,北寺尾むつみ保育園,2歳,5.0,0.0
令和8,鶴見区,北寺尾むつみ保育園,3歳,5.0,0.0
令和8,鶴見区,北寺尾むつみ保育園,4歳,1.666666666666667,0.6666666666666666
令和8,鶴見区,北寺尾むつみ保育園,5歳,5.0,0.0
令和8,鶴見区,北寺尾むつみ小規模保育施設,0歳,5.0,0.0
令和8,鶴見区,北寺尾むつみ小規模保育施設,1歳,5.0,0.0
令和8,鶴見区,北寺尾むつみ小規模保育施設,2歳,5.0,0.0
令和8,鶴見区,北寺尾むつみ小規模保育施設,3歳,5.0,0.0
令和8,鶴見区,北寺尾むつみ小規模保育施設,4歳,5.0,0.0
令和8,鶴見区,北寺尾むつみ小規模保育施設,5歳,5.0,0.0
令和8,鶴見区,北寺尾第二むつみ保育園,0歳,5.0,0.0
令和8,鶴見区,北寺尾第二むつみ保育園,1歳,5.0,0.0
令和8,鶴見区,北寺尾第二むつみ保育園,2歳,2.5,0.5
令和8,鶴見区,北寺尾第二むつみ保育園,3歳,1.666666666666667,0.6666666666666666
令和8,鶴見区,北寺尾第二むつみ保育園,4歳,2.5,0.5
令和8,鶴見区,北寺尾第二むつみ保育園,5歳,5.0,0.0
令和8,鶴見区,北寺尾４丁目むつみ小規模保育施設,0歳,5.0,0.0
令和8,鶴見区,北寺尾４丁目むつみ小規模保育施設,1歳,5.0,0.0
令和8,鶴見区,北寺尾４丁目むつみ小規模保育施設,2歳,5.0,0.0
令和8,鶴見区,北寺尾４丁目むつみ小規模保育施設,3歳,5.0,0.0
令和8,鶴見区,北寺尾４丁目むつみ小規模保育施設,4歳,5.0,0.0
令和8,鶴見区,北寺尾４丁目むつみ小規模保育施設,5歳,5.0,0.0
令和8,鶴見区,太陽の子　尻手保育園,0歳,0.625,0.875
令和8,鶴見区,太陽の子　尻手保育園,1歳,5.0,0.0
令和8,鶴見区,太陽の子　尻手保育園,2歳,5.0,0.0
令和8,鶴見区,太陽の子　尻手保育園,3歳,2.5,0.5
令和8,鶴見区,太陽の子　尻手保育園,4歳,1.25,0.75
令和8,鶴見区,太陽の子　尻手保育園,5歳,0.9999999999999998,0.8
令和8,鶴見区,太陽の子　鶴見市場保育園,0歳,2.872340425531915,0.425531914893617
令和8,鶴見区,太陽の子　鶴見市場保育園,1歳,5.0,0.0
令和8,鶴見区,太陽の子　鶴見市場保育園,2歳,5.0,0.0
令和8,鶴見区,太陽の子　鶴見市場保育園,3歳,5.0,0.0
令和8,鶴見区,太陽の子　鶴見市場保育園,4歳,5.0,0.0
令和8,鶴見区,太陽の子　鶴見市場保育園,5歳,5.0,0.0
令和8,鶴見区,実遊中央保育園,0歳,0.9999999999999998,0.8
令和8,鶴見区,実遊中央保育園,1歳,5.0,0.0
令和8,鶴見区,実遊中央保育園,2歳,5.0,0.0
令和8,鶴見区,実遊中央保育園,3歳,1.25,0.75
令和8,鶴見区,実遊中央保育園,4歳,2.5,0.5
令和8,鶴見区,実遊中央保育園,5歳,1.666666666666667,0.6666666666666666
令和8,鶴見区,尻手すきっぷ保育園,0歳,1.25,0.75
令和8,鶴見区,尻手すきっぷ保育園,1歳,1.25,0.75
令和8,鶴見区,尻手すきっぷ保育園,2歳,5.0,0.0
令和8,鶴見区,尻手すきっぷ保育園,3歳,5.0,0.0
令和8,鶴見区,尻手すきっぷ保育園,4歳,2.5,0.5
令和8,鶴見区,尻手すきっぷ保育園,5歳,2.5,0.5
令和8,鶴見区,尻手スマイル保育園,0歳,2.5,0.5
令和8,鶴見区,尻手スマイル保育園,1歳,2.5,0.5
令和8,鶴見区,尻手スマイル保育園,2歳,1.25,0.75
令和8,鶴見区,尻手スマイル保育園,3歳,5.0,0.0
令和8,鶴見区,尻手スマイル保育園,4歳,5.0,0.0
令和8,鶴見区,尻手スマイル保育園,5歳,5.0,0.0
令和8,鶴見区,市場ポケット保育園,0歳,0.9999999999999998,0.8
令和8,鶴見区,市場ポケット保育園,1歳,5.0,0.0
令和8,鶴見区,市場ポケット保育園,2歳,1.25,0.75
令和8,鶴見区,市場ポケット保育園,3歳,5.0,0.0
令和8,鶴見区,市場ポケット保育園,4歳,5.0,0.0
令和8,鶴見区,市場ポケット保育園,5歳,2.5,0.5
令和8,鶴見区,市場保育園,0歳,1.25,0.75
令和8,鶴見区,市場保育園,1歳,2.5,0.5
令和8,鶴見区,市場保育園,2歳,5.0,0.0
令和8,鶴見区,市場保育園,3歳,0.8333333333333331,0.8333333333333334
令和8,鶴見区,市場保育園,4歳,5.0,0.0
令和8,鶴見区,市場保育園,5歳,5.0,0.0
令和8,鶴見区,幸いづみ保育園,0歳,5.0,0.0
令和8,鶴見区,幸いづみ保育園,1歳,1.666666666666667,0.6666666666666666
令和8,鶴見区,幸いづみ保育園,2歳,5.0,0.0
令和8,鶴見区,幸いづみ保育園,3歳,1.666666666666667,0.6666666666666666
令和8,鶴見区,幸いづみ保育園,4歳,5.0,0.0
令和8,鶴見区,幸いづみ保育園,5歳,2.5,0.5
令和8,鶴見区,幼保連携型認定こども園　あさひ台幼稚園,0歳,5.0,0.0
令和8,鶴見区,幼保連携型認定こども園　あさひ台幼稚園,1歳,5.0,0.0
令和8,鶴見区,幼保連携型認定こども園　あさひ台幼稚園,2歳,5.0,0.0
令和8,鶴見区,幼保連携型認定こども園　あさひ台幼稚園,3歳,5.0,0.0
令和8,鶴見区,幼保連携型認定こども園　あさひ台幼稚園,4歳,5.0,0.0
令和8,鶴見区,幼保連携型認定こども園　あさひ台幼稚園,5歳,5.0,0.0
令和8,鶴見区,新鶴見はなかご保育園,0歳,2.872340425531915,0.425531914893617
令和8,鶴見区,新鶴見はなかご保育園,1歳,5.0,0.0
令和8,鶴見区,新鶴見はなかご保育園,2歳,5.0,0.0
令和8,鶴見区,新鶴見はなかご保育園,3歳,2.5,0.5
令和8,鶴見区,新鶴見はなかご保育園,4歳,5.0,0.0
令和8,鶴見区,新鶴見はなかご保育園,5歳,5.0,0.0
令和8,鶴見区,明日葉保育園駒岡園,0歳,2.872340425531915,0.425531914893617
令和8,鶴見区,明日葉保育園駒岡園,1歳,5.0,0.0
令和8,鶴見区,明日葉保育園駒岡園,2歳,5.0,0.0
令和8,鶴見区,明日葉保育園駒岡園,3歳,5.0,0.0
令和8,鶴見区,明日葉保育園駒岡園,4歳,2.5,0.5
令和8,鶴見区,明日葉保育園駒岡園,5歳,5.0,0.0
令和8,鶴見区,明日葉保育園鶴見園,0歳,5.0,0.0
令和8,鶴見区,明日葉保育園鶴見園,1歳,0.9999999999999998,0.8
令和8,鶴見区,明日葉保育園鶴見園,2歳,5.0,0.0
令和8,鶴見区,明日葉保育園鶴見園,3歳,5.0,0.0
令和8,鶴見区,明日葉保育園鶴見園,4歳,2.5,0.5
令和8,鶴見区,明日葉保育園鶴見園,5歳,2.5,0.5
令和8,鶴見区,木下の保育園　江ヶ崎,0歳,2.5,0.5
令和8,鶴見区,木下の保育園　江ヶ崎,1歳,5.0,0.0
令和8,鶴見区,木下の保育園　江ヶ崎,2歳,1.666666666666667,0.6666666666666666
令和8,鶴見区,木下の保育園　江ヶ崎,3歳,2.5,0.5
令和8,鶴見区,木下の保育園　江ヶ崎,4歳,2.5,0.5
令和8,鶴見区,木下の保育園　江ヶ崎,5歳,2.5,0.5
令和8,鶴見区,末吉いづみ保育園,0歳,5.0,0.0
令和8,鶴見区,末吉いづみ保育園,1歳,5.0,0.0
令和8,鶴見区,末吉いづみ保育園,2歳,2.5,0.5
令和8,鶴見区,末吉いづみ保育園,3歳,5.0,0.0
令和8,鶴見区,末吉いづみ保育園,4歳,5.0,0.0
令和8,鶴見区,末吉いづみ保育園,5歳,5.0,0.0
令和8,鶴見区,末吉にこにこ保育園,0歳,2.0149253731343286,0.5970149253731343
令和8,鶴見区,末吉にこにこ保育園,1歳,5.0,0.0
令和8,鶴見区,末吉にこにこ保育園,2歳,5.0,0.0
令和8,鶴見区,末吉にこにこ保育園,3歳,5.0,0.0
令和8,鶴見区,末吉にこにこ保育園,4歳,5.0,0.0
令和8,鶴見区,末吉にこにこ保育園,5歳,5.0,0.0
令和8,鶴見区,東寺尾どろんこ保育園,0歳,5.0,0.0
令和8,鶴見区,東寺尾どろんこ保育園,1歳,5.0,0.0
令和8,鶴見区,東寺尾どろんこ保育園,2歳,5.0,0.0
令和8,鶴見区,東寺尾どろんこ保育園,3歳,5.0,0.0
令和8,鶴見区,東寺尾どろんこ保育園,4歳,2.5,0.5
令和8,鶴見区,東寺尾どろんこ保育園,5歳,1.666666666666667,0.6666666666666666
令和8,鶴見区,東漸保育園,0歳,2.5,0.5
令和8,鶴見区,東漸保育園,1歳,5.0,0.0
令和8,鶴見区,東漸保育園,2歳,5.0,0.0
令和8,鶴見区,東漸保育園,3歳,2.872340425531915,0.425531914893617
令和8,鶴見区,東漸保育園,4歳,2.5,0.5
令和8,鶴見区,東漸保育園,5歳,2.5,0.5
令和8,鶴見区,桑の実馬場保育園,0歳,5.0,0.0
令和8,鶴見区,桑の実馬場保育園,1歳,5.0,0.0
令和8,鶴見区,桑の実馬場保育園,2歳,5.0,0.0
令和8,鶴見区,桑の実馬場保育園,3歳,5.0,0.0
令和8,鶴見区,桑の実馬場保育園,4歳,5.0,0.0
令和8,鶴見区,桑の実馬場保育園,5歳,5.0,0.0
令和8,鶴見区,桑の実鶴見保育園,0歳,5.0,0.0
令和8,鶴見区,桑の実鶴見保育園,1歳,5.0,0.0
令和8,鶴見区,桑の実鶴見保育園,2歳,5.0,0.0
令和8,鶴見区,桑の実鶴見保育園,3歳,5.0,0.0
令和8,鶴見区,桑の実鶴見保育園,4歳,2.5,0.5
令和8,鶴見区,桑の実鶴見保育園,5歳,2.5,0.5
令和8,鶴見区,横浜山手モンテッソーリ保育園,0歳,5.0,0.0
令和8,鶴見区,横浜山手モンテッソーリ保育園,1歳,2.872340425531915,0.425531914893617
令和8,鶴見区,横浜山手モンテッソーリ保育園,2歳,5.0,0.0
令和8,鶴見区,横浜山手モンテッソーリ保育園,3歳,5.0,0.0
令和8,鶴見区,横浜山手モンテッソーリ保育園,4歳,5.0,0.0
令和8,鶴見区,横浜山手モンテッソーリ保育園,5歳,5.0,0.0
令和8,鶴見区,横浜市潮田保育園,0歳,5.0,0.0
令和8,鶴見区,横浜市潮田保育園,1歳,5.0,0.0
令和8,鶴見区,横浜市潮田保育園,2歳,5.0,0.0
令和8,鶴見区,横浜市潮田保育園,3歳,0.9999999999999998,0.8
令和8,鶴見区,横浜市潮田保育園,4歳,5.0,0.0
令和8,鶴見区,横浜市潮田保育園,5歳,5.0,0.0
令和8,鶴見区,横浜市芦穂崎保育園,0歳,0.625,0.875
令和8,鶴見区,横浜市芦穂崎保育園,1歳,5.0,0.0
令和8,鶴見区,横浜市芦穂崎保育園,2歳,2.5,0.5
令和8,鶴見区,横浜市芦穂崎保育園,3歳,0.9999999999999998,0.8
令和8,鶴見区,横浜市芦穂崎保育園,4歳,2.5,0.5
令和8,鶴見区,横浜市芦穂崎保育園,5歳,2.5,0.5
令和8,鶴見区,横浜市馬場保育園,0歳,5.0,0.0
令和8,鶴見区,横浜市馬場保育園,1歳,5.0,0.0
令和8,鶴見区,横浜市馬場保育園,2歳,5.0,0.0
令和8,鶴見区,横浜市馬場保育園,3歳,5.0,0.0
令和8,鶴見区,横浜市馬場保育園,4歳,1.666666666666667,0.6666666666666666
令和8,鶴見区,横浜市馬場保育園,5歳,1.666666666666667,0.6666666666666666
令和8,鶴見区,横浜市鶴見保育園,0歳,2.5,0.5
令和8,鶴見区,横浜市鶴見保育園,1歳,2.5,0.5
令和8,鶴見区,横浜市鶴見保育園,2歳,2.5,0.5
令和8,鶴見区,横浜市鶴見保育園,3歳,0.7142857142857145,0.8571428571428571
令和8,鶴見区,横浜市鶴見保育園,4歳,1.25,0.75
令和8,鶴見区,横浜市鶴見保育園,5歳,0.41666666666666685,0.9166666666666666
令和8,鶴見区,横浜矢向雲母保育園,0歳,5.0,0.0
令和8,鶴見区,横浜矢向雲母保育園,1歳,0.8333333333333331,0.8333333333333334
令和8,鶴見区,横浜矢向雲母保育園,2歳,5.0,0.0
令和8,鶴見区,横浜矢向雲母保育園,3歳,2.5,0.5
令和8,鶴見区,横浜矢向雲母保育園,4歳,1.666666666666667,0.6666666666666666
令和8,鶴見区,横浜矢向雲母保育園,5歳,1.666666666666667,0.6666666666666666
令和8,鶴見区,生麦ポケット保育園,0歳,5.0,0.0
令和8,鶴見区,生麦ポケット保育園,1歳,5.0,0.0
令和8,鶴見区,生麦ポケット保育園,2歳,2.872340425531915,0.425531914893617
令和8,鶴見区,生麦ポケット保育園,3歳,1.25,0.75
令和8,鶴見区,生麦ポケット保育園,4歳,2.0149253731343286,0.5970149253731343
令和8,鶴見区,生麦ポケット保育園,5歳,5.0,0.0
令和8,鶴見区,生麦保育園,0歳,5.0,0.0
令和8,鶴見区,生麦保育園,1歳,3.1481481481481484,0.37037037037037035
令和8,鶴見区,生麦保育園,2歳,1.666666666666667,0.6666666666666666
令和8,鶴見区,生麦保育園,3歳,0.8333333333333331,0.8333333333333334
令和8,鶴見区,生麦保育園,4歳,5.0,0.0
令和8,鶴見区,生麦保育園,5歳,5.0,0.0
令和8,鶴見区,矢向あけぼの保育園,0歳,0.9999999999999998,0.8
令和8,鶴見区,矢向あけぼの保育園,1歳,1.666666666666667,0.6666666666666666
令和8,鶴見区,矢向あけぼの保育園,2歳,5.0,0.0
令和8,鶴見区,矢向あけぼの保育園,3歳,2.5,0.5
令和8,鶴見区,矢向あけぼの保育園,4歳,5.0,0.0
令和8,鶴見区,矢向あけぼの保育園,5歳,5.0,0.0
令和8,鶴見区,矢向つぼみ保育園,0歳,1.666666666666667,0.6666666666666666
令和8,鶴見区,矢向つぼみ保育園,1歳,1.666666666666667,0.6666666666666666
令和8,鶴見区,矢向つぼみ保育園,2歳,1.25,0.75
令和8,鶴見区,矢向つぼみ保育園,3歳,5.0,0.0
令和8,鶴見区,矢向つぼみ保育園,4歳,5.0,0.0
令和8,鶴見区,矢向つぼみ保育園,5歳,5.0,0.0
令和8,鶴見区,矢向保育園,0歳,1.666666666666667,0.6666666666666666
令和8,鶴見区,矢向保育園,1歳,2.0149253731343286,0.5970149253731343
令和8,鶴見区,矢向保育園,2歳,5.0,0.0
令和8,鶴見区,矢向保育園,3歳,0.625,0.875
令和8,鶴見区,矢向保育園,4歳,1.666666666666667,0.6666666666666666
令和8,鶴見区,矢向保育園,5歳,0.9999999999999998,0.8
令和8,鶴見区,總持寺保育園,0歳,5.0,0.0
令和8,鶴見区,總持寺保育園,1歳,5.0,0.0
令和8,鶴見区,總持寺保育園,2歳,5.0,0.0
令和8,鶴見区,總持寺保育園,3歳,1.25,0.75
令和8,鶴見区,總持寺保育園,4歳,2.5,0.5
令和8,鶴見区,總持寺保育園,5歳,0.8333333333333331,0.8333333333333334
令和8,鶴見区,總持寺本町通保育園,0歳,5.0,0.0
令和8,鶴見区,總持寺本町通保育園,1歳,5.0,0.0
令和8,鶴見区,總持寺本町通保育園,2歳,5.0,0.0
令和8,鶴見区,總持寺本町通保育園,3歳,2.5,0.5
令和8,鶴見区,總持寺本町通保育園,4歳,5.0,0.0
令和8,鶴見区,總持寺本町通保育園,5歳,2.5,0.5
令和8,鶴見区,花園保育園ベビーホーム,0歳,5.0,0.0
令和8,鶴見区,花園保育園ベビーホーム,1歳,5.0,0.0
令和8,鶴見区,花園保育園ベビーホーム,2歳,5.0,0.0
令和8,鶴見区,花園保育園ベビーホーム,3歳,1.25,0.75
令和8,鶴見区,花園保育園ベビーホーム,4歳,5.0,0.0
令和8,鶴見区,花園保育園ベビーホーム,5歳,0.8333333333333331,0.8333333333333334
令和8,鶴見区,花月園前ここわ保育園,0歳,5.0,0.0
令和8,鶴見区,花月園前ここわ保育園,1歳,5.0,0.0
令和8,鶴見区,花月園前ここわ保育園,2歳,5.0,0.0
令和8,鶴見区,花月園前ここわ保育園,3歳,1.25,0.75
令和8,鶴見区,花月園前ここわ保育園,4歳,5.0,0.0
令和8,鶴見区,花月園前ここわ保育園,5歳,5.0,0.0
令和8,鶴見区,認定こども園　ＹＭＣＡつるみ保育園,0歳,5.0,0.0
令和8,鶴見区,認定こども園　ＹＭＣＡつるみ保育園,1歳,5.0,0.0
令和8,鶴見区,認定こども園　ＹＭＣＡつるみ保育園,2歳,5.0,0.0
令和8,鶴見区,認定こども園　ＹＭＣＡつるみ保育園,3歳,5.0,0.0
令和8,鶴見区,認定こども園　ＹＭＣＡつるみ保育園,4歳,5.0,0.0
令和8,鶴見区,認定こども園　ＹＭＣＡつるみ保育園,5歳,5.0,0.0
令和8,鶴見区,豊岡ひまわり保育園,0歳,1.25,0.75
令和8,鶴見区,豊岡ひまわり保育園,1歳,3.1481481481481484,0.37037037037037035
令和8,鶴見区,豊岡ひまわり保育園,2歳,5.0,0.0
令和8,鶴見区,豊岡ひまわり保育園,3歳,5.0,0.0
令和8,鶴見区,豊岡ひまわり保育園,4歳,5.0,0.0
令和8,鶴見区,豊岡ひまわり保育園,5歳,5.0,0.0
令和8,鶴見区,馬場どろんこ保育園,0歳,5.0,0.0
令和8,鶴見区,馬場どろんこ保育園,1歳,5.0,0.0
令和8,鶴見区,馬場どろんこ保育園,2歳,1.666666666666667,0.6666666666666666
令和8,鶴見区,馬場どろんこ保育園,3歳,5.0,0.0
令和8,鶴見区,馬場どろんこ保育園,4歳,5.0,0.0
令和8,鶴見区,馬場どろんこ保育園,5歳,5.0,0.0
令和8,鶴見区,駒岡げんきっず保育園,0歳,5.0,0.0
令和8,鶴見区,駒岡げんきっず保育園,1歳,5.0,0.0
令和8,鶴見区,駒岡げんきっず保育園,2歳,1.666666666666667,0.6666666666666666
令和8,鶴見区,駒岡げんきっず保育園,3歳,5.0,0.0
令和8,鶴見区,駒岡げんきっず保育園,4歳,5.0,0.0
令和8,鶴見区,駒岡げんきっず保育園,5歳,5.0,0.0
令和8,鶴見区,駒岡保育園,0歳,1.666666666666667,0.6666666666666666
令和8,鶴見区,駒岡保育園,1歳,5.0,0.0
令和8,鶴見区,駒岡保育園,2歳,5.0,0.0
令和8,鶴見区,駒岡保育園,3歳,5.0,0.0
令和8,鶴見区,駒岡保育園,4歳,5.0,0.0
令和8,鶴見区,駒岡保育園,5歳,5.0,0.0
令和8,鶴見区,鶴見あけぼの保育園,0歳,5.0,0.0
令和8,鶴見区,鶴見あけぼの保育園,1歳,2.872340425531915,0.425531914893617
令和8,鶴見区,鶴見あけぼの保育園,2歳,2.5,0.5
令和8,鶴見区,鶴見あけぼの保育園,3歳,5.0,0.0
令和8,鶴見区,鶴見あけぼの保育園,4歳,5.0,0.0
令和8,鶴見区,鶴見あけぼの保育園,5歳,5.0,0.0
令和8,鶴見区,鶴見すずらん保育園,0歳,0.9999999999999998,0.8
令和8,鶴見区,鶴見すずらん保育園,1歳,5.0,0.0
令和8,鶴見区,鶴見すずらん保育園,2歳,5.0,0.0
令和8,鶴見区,鶴見すずらん保育園,3歳,2.5,0.5
令和8,鶴見区,鶴見すずらん保育園,4歳,5.0,0.0
令和8,鶴見区,鶴見すずらん保育園,5歳,2.5,0.5
令和8,鶴見区,鶴見どろんこ保育園,0歳,5.0,0.0
令和8,鶴見区,鶴見どろんこ保育園,1歳,5.0,0.0
令和8,鶴見区,鶴見どろんこ保育園,2歳,5.0,0.0
令和8,鶴見区,鶴見どろんこ保育園,3歳,5.0,0.0
令和8,鶴見区,鶴見どろんこ保育園,4歳,5.0,0.0
令和8,鶴見区,鶴見どろんこ保育園,5歳,5.0,0.0
令和8,鶴見区,鶴見なのはな保育園,0歳,2.5,0.5
令和8,鶴見区,鶴見なのはな保育園,1歳,5.0,0.0
令和8,鶴見区,鶴見なのはな保育園,2歳,5.0,0.0
令和8,鶴見区,鶴見なのはな保育園,3歳,5.0,0.0
令和8,鶴見区,鶴見なのはな保育園,4歳,5.0,0.0
令和8,鶴見区,鶴見なのはな保育園,5歳,5.0,0.0
令和8,鶴見区,鶴見ぬくもり保育園,0歳,1.666666666666667,0.6666666666666666
令和8,鶴見区,鶴見ぬくもり保育園,1歳,5.0,0.0
令和8,鶴見区,鶴見ぬくもり保育園,2歳,5.0,0.0
令和8,鶴見区,鶴見ぬくもり保育園,3歳,5.0,0.0
令和8,鶴見区,鶴見ぬくもり保育園,4歳,5.0,0.0
令和8,鶴見区,鶴見ぬくもり保育園,5歳,5.0,0.0
令和8,鶴見区,鶴見サンフラワー保育園,0歳,1.666666666666667,0.6666666666666666
令和8,鶴見区,鶴見サンフラワー保育園,1歳,5.0,0.0
令和8,鶴見区,鶴見サンフラワー保育園,2歳,5.0,0.0
令和8,鶴見区,鶴見サンフラワー保育園,3歳,5.0,0.0
令和8,鶴見区,鶴見サンフラワー保育園,4歳,5.0,0.0
令和8,鶴見区,鶴見サンフラワー保育園,5歳,5.0,0.0
令和8,鶴見区,鶴見ポケット保育園,0歳,2.5,0.5
令和8,鶴見区,鶴見ポケット保育園,1歳,3.360655737704918,0.3278688524590164
令和8,鶴見区,鶴見ポケット保育園,2歳,1.666666666666667,0.6666666666666666
令和8,鶴見区,鶴見ポケット保育園,3歳,0.8333333333333331,0.8333333333333334
令和8,鶴見区,鶴見ポケット保育園,4歳,2.5,0.5
令和8,鶴見区,鶴見ポケット保育園,5歳,5.0,0.0
令和8,鶴見区,鶴見ルーナ保育園,0歳,2.5,0.5
令和8,鶴見区,鶴見ルーナ保育園,1歳,0.8333333333333331,0.8333333333333334
令和8,鶴見区,鶴見ルーナ保育園,2歳,2.5,0.5
令和8,鶴見区,鶴見ルーナ保育園,3歳,5.0,0.0
令和8,鶴見区,鶴見ルーナ保育園,4歳,5.0,0.0
令和8,鶴見区,鶴見ルーナ保育園,5歳,5.0,0.0
令和8,鶴見区,鶴見中央はなかご保育園,0歳,5.0,0.0
令和8,鶴見区,鶴見中央はなかご保育園,1歳,5.0,0.0
令和8,鶴見区,鶴見中央はなかご保育園,2歳,5.0,0.0
令和8,鶴見区,鶴見中央はなかご保育園,3歳,2.5,0.5
令和8,鶴見区,鶴見中央はなかご保育園,4歳,5.0,0.0
令和8,鶴見区,鶴見中央はなかご保育園,5歳,2.5,0.5
令和8,鶴見区,鶴見中央ハート保育園,0歳,1.666666666666667,0.6666666666666666
令和8,鶴見区,鶴見中央ハート保育園,1歳,5.0,0.0
令和8,鶴見区,鶴見中央ハート保育園,2歳,5.0,0.0
令和8,鶴見区,鶴見中央ハート保育園,3歳,5.0,0.0
令和8,鶴見区,鶴見中央ハート保育園,4歳,5.0,0.0
令和8,鶴見区,鶴見中央ハート保育園,5歳,5.0,0.0
令和8,鶴見区,鶴見乳幼児福祉センター保育園,0歳,5.0,0.0
令和8,鶴見区,鶴見乳幼児福祉センター保育園,1歳,5.0,0.0
令和8,鶴見区,鶴見乳幼児福祉センター保育園,2歳,5.0,0.0
令和8,鶴見区,鶴見乳幼児福祉センター保育園,3歳,5.0,0.0
令和8,鶴見区,鶴見乳幼児福祉センター保育園,4歳,1.666666666666667,0.6666666666666666
令和8,鶴見区,鶴見乳幼児福祉センター保育園,5歳,5.0,0.0
令和8,鶴見区,鶴見Ａｓａ保育園,0歳,1.25,0.75
令和8,鶴見区,鶴見Ａｓａ保育園,1歳,5.0,0.0
令和8,鶴見区,鶴見Ａｓａ保育園,2歳,5.0,0.0
令和8,鶴見区,鶴見Ａｓａ保育園,3歳,5.0,0.0
令和8,鶴見区,鶴見Ａｓａ保育園,4歳,5.0,0.0
令和8,鶴見区,鶴見Ａｓａ保育園,5歳,5.0,0.0
令和8,鶴見区,Ｊキッズプラネット鶴見保育園,0歳,5.0,0.0
令和8,鶴見区,Ｊキッズプラネット鶴見保育園,1歳,5.0,0.0
令和8,鶴見区,Ｊキッズプラネット鶴見保育園,2歳,5.0,0.0
令和8,鶴見区,Ｊキッズプラネット鶴見保育園,3歳,1.666666666666667,0.6666666666666666
令和8,鶴見区,Ｊキッズプラネット鶴見保育園,4歳,2.5,0.5
令和8,鶴見区,Ｊキッズプラネット鶴見保育園,5歳,2.5,0.5
令和8,鶴見区,Ｐ’ｓスマイル保育園,0歳,5.0,0.0
令和8,鶴見区,Ｐ’ｓスマイル保育園,1歳,5.0,0.0
令和8,鶴見区,Ｐ’ｓスマイル保育園,2歳,5.0,0.0
令和8,鶴見区,Ｐ’ｓスマイル保育園,3歳,1.666666666666667,0.6666666666666666
令和8,鶴見区,Ｐ’ｓスマイル保育園,4歳,5.0,0.0
令和8,鶴見区,Ｐ’ｓスマイル保育園,5歳,5.0,0.0
令和8,鶴見区,ＳＡＩＬ　ＫＩＤ保育園,0歳,2.5,0.5
令和8,鶴見区,ＳＡＩＬ　ＫＩＤ保育園,1歳,5.0,0.0
令和8,鶴見区,ＳＡＩＬ　ＫＩＤ保育園,2歳,5.0,0.0
令和8,鶴見区,ＳＡＩＬ　ＫＩＤ保育園,3歳,5.0,0.0
令和8,鶴見区,ＳＡＩＬ　ＫＩＤ保育園,4歳,5.0,0.0
令和8,鶴見区,ＳＡＩＬ　ＫＩＤ保育園,5歳,5.0,0.0
令和8,鶴見区,ＳＡＮＤＡ ＫＩＤ保育園,0歳,1.666666666666667,0.6666666666666666
令和8,鶴見区,ＳＡＮＤＡ ＫＩＤ保育園,1歳,5.0,0.0
令和8,鶴見区,ＳＡＮＤＡ ＫＩＤ保育園,2歳,5.0,0.0
令和8,鶴見区,ＳＡＮＤＡ ＫＩＤ保育園,3歳,1.666666666666667,0.6666666666666666
令和8,鶴見区,ＳＡＮＤＡ ＫＩＤ保育園,4歳,2.5,0.5
令和8,鶴見区,ＳＡＮＤＡ ＫＩＤ保育園,5歳,2.5,0.5
令和8,鶴見区,ＳＥＡ　ＫＩＤ保育園,0歳,5.0,0.0
令和8,鶴見区,ＳＥＡ　ＫＩＤ保育園,1歳,5.0,0.0
令和8,鶴見区,ＳＥＡ　ＫＩＤ保育園,2歳,5.0,0.0
令和8,鶴見区,ＳＥＡ　ＫＩＤ保育園,3歳,5.0,0.0
令和8,鶴見区,ＳＥＡ　ＫＩＤ保育園,4歳,5.0,0.0
令和8,鶴見区,ＳＥＡ　ＫＩＤ保育園,5歳,5.0,0.0
